half_band_pct	grid_count	policy	path	leverage	horizon_d	maint_rate	fee_rate	n	net_mean	net_p5	net_p25	net_median	net_p75	net_p95	net_ci_lo	net_ci_hi	liq_rate	pnl_grid_mean	pnl_inv_mean	pnl_fee_mean	scenario
1.5	40	close	auto	3	1	0.02	0.00011	12470	-0.00301244	-0.007014	-0.0057844	-0.00420322	-0.00145122	0.00510111	-0.00315807	-0.00286317	0			-0.0017014	main
1.5	40	close	auto	3	7	0.02	0.00011	12470	-0.00329402	-0.007014	-0.00578756	-0.0042621	-0.00182814	0.00361959	-0.00341677	-0.00316454	0			-0.00184046	main
1.5	40	close	auto	3	30	0.02	0.00011	12470	-0.00329402	-0.007014	-0.00578756	-0.0042621	-0.00182814	0.00361959	-0.00341677	-0.00316454	0			-0.00184046	main
1.5	40	close	auto	5	1	0.02	0.00011	12470	-0.00502073	-0.01169	-0.00964067	-0.00700537	-0.0024187	0.00850186	-0.00526346	-0.00477195	0			-0.00283567	main
1.5	40	close	auto	5	7	0.02	0.00011	12470	-0.00549003	-0.01169	-0.00964593	-0.0071035	-0.00304689	0.00603264	-0.00569462	-0.00527423	0			-0.00306743	main
1.5	40	close	auto	5	30	0.02	0.00011	12470	-0.00549003	-0.01169	-0.00964593	-0.0071035	-0.00304689	0.00603264	-0.00569462	-0.00527423	0			-0.00306743	main
1.5	40	close	auto	10	1	0.02	0.00011	12470	-0.0100415	-0.02338	-0.0192813	-0.0140107	-0.0048374	0.0170037	-0.0105269	-0.00954391	0			-0.00567134	main
1.5	40	close	auto	10	7	0.02	0.00011	12470	-0.0109801	-0.02338	-0.0192919	-0.014207	-0.00609379	0.0120653	-0.0113892	-0.0105485	0			-0.00613486	main
1.5	40	close	auto	10	30	0.02	0.00011	12470	-0.0109801	-0.02338	-0.0192919	-0.014207	-0.00609379	0.0120653	-0.0113892	-0.0105485	0			-0.00613486	main
1.5	40	close	auto	15	1	0.02	0.00011	12470	-0.0150622	-0.03507	-0.028922	-0.0210161	-0.0072561	0.0255056	-0.0157904	-0.0143159	0			-0.00850701	main
1.5	40	close	auto	15	7	0.02	0.00011	12470	-0.0164701	-0.03507	-0.0289378	-0.0213105	-0.00914068	0.0180979	-0.0170839	-0.0158227	0			-0.00920229	main
1.5	40	close	auto	15	30	0.02	0.00011	12470	-0.0164701	-0.03507	-0.0289378	-0.0213105	-0.00914068	0.0180979	-0.0170839	-0.0158227	0			-0.00920229	main
1.5	40	close	auto	30	1	0.02	0.00011	12470	-0.0301244	-0.07014	-0.057844	-0.0420322	-0.0145122	0.0510111	-0.0315807	-0.0286317	0			-0.017014	main
1.5	40	close	auto	30	7	0.02	0.00011	12470	-0.0329402	-0.07014	-0.0578756	-0.042621	-0.0182814	0.0361959	-0.0341677	-0.0316454	0			-0.0184046	main
1.5	40	close	auto	30	30	0.02	0.00011	12470	-0.0329402	-0.07014	-0.0578756	-0.042621	-0.0182814	0.0361959	-0.0341677	-0.0316454	0			-0.0184046	main
1.5	40	hold	auto	3	1	0.02	0.00011	12470	-0.0118374	-0.0700129	-0.0216617	-0.00184186	0.00683481	0.0182724	-0.0132811	-0.0104889	0	0.0140815	-0.0216995	-0.00421938	main
1.5	40	hold	auto	3	7	0.02	0.00011	12470	-0.0391348	-0.19466	-0.0749023	-0.0195942	0.0192037	0.0602493	-0.0459168	-0.0326468	0.00144346	0.0450751	-0.0694933	-0.0133184	main
1.5	40	hold	auto	3	30	0.02	0.00011	12470	-0.0967525	-0.438375	-0.178618	-0.0555747	0.0386812	0.13528	-0.11718	-0.0776835	0.0230152	0.0992004	-0.145465	-0.0289132	main
1.5	40	hold	auto	5	1	0.02	0.00011	12470	-0.0198409	-0.116688	-0.0361028	-0.00306977	0.0113913	0.030454	-0.0222332	-0.0175393	0.00032077	0.0234739	-0.0359666	-0.00703218	main
1.5	40	hold	auto	5	7	0.02	0.00011	12470	-0.0660091	-0.326373	-0.124837	-0.032657	0.0320062	0.100416	-0.0768779	-0.0552502	0.00785886	0.0753374	-0.111674	-0.0221969	main
1.5	40	hold	auto	5	30	0.02	0.00011	12470	-0.157054	-1	-0.301372	-0.0937129	0.0641557	0.225354	-0.186618	-0.128366	0.063352	0.168259	-0.218758	-0.0481525	main
1.5	40	hold	auto	10	1	0.02	0.00011	12470	-0.039853	-0.233376	-0.0722057	-0.00613954	0.0227827	0.0609081	-0.044819	-0.0351142	0.00272654	0.0470013	-0.0701463	-0.0140644	main
1.5	40	hold	auto	10	7	0.02	0.00011	12470	-0.134558	-1	-0.251207	-0.0654116	0.0639232	0.20063	-0.155897	-0.113221	0.0537289	0.153444	-0.193502	-0.0443645	main
1.5	40	hold	auto	10	30	0.02	0.00011	12470	-0.318072	-1	-1	-0.232339	0.118112	0.444513	-0.364021	-0.272066	0.295188	0.383951	-0.303433	-0.0943586	main
1.5	40	hold	auto	15	1	0.02	0.00011	12470	-0.0613577	-0.3538	-0.108397	-0.00926707	0.034149	0.0913475	-0.0690689	-0.0541786	0.0121091	0.0707605	-0.099414	-0.0210889	main
1.5	40	hold	auto	15	7	0.02	0.00011	12470	-0.211902	-1	-0.41339	-0.10664	0.0937899	0.298485	-0.243	-0.180682	0.153809	0.240224	-0.237894	-0.0658557	main
1.5	40	hold	auto	15	30	0.02	0.00011	12470	-0.467669	-1	-1	-1	0.0895503	0.643297	-0.518094	-0.414468	0.523978	0.645399	-0.337263	-0.130389	main
1.5	40	hold	auto	30	1	0.02	0.00011	12470	-0.129748	-1	-0.222711	-0.0197177	0.0677425	0.18218	-0.144226	-0.11545	0.0785886	0.1441	-0.156489	-0.0419257	main
1.5	40	hold	auto	30	7	0.02	0.00011	12470	-0.429338	-1	-1	-0.512062	0.124509	0.552848	-0.469612	-0.387738	0.480513	0.551621	-0.290318	-0.120558	main
1.5	40	hold	auto	30	30	0.02	0.00011	12470	-0.717255	-1	-1	-1	-1	0.948788	-0.761699	-0.670896	0.830072	1.55221	-0.431986	-0.1895	main
1.5	40	recover	auto	3	1	0.02	0.00011	12470	-0.00419374	-0.0398768	-0.00440573	0.00230754	0.00448229	0.00914092	-0.00500547	-0.00342335	0			-0.00167382	main
1.5	40	recover	auto	3	7	0.02	0.00011	12470	-0.00554972	-0.0712055	0.00192084	0.00350698	0.00592138	0.0116264	-0.0071657	-0.0038875	8.01925e-05			-0.00182953	main
1.5	40	recover	auto	3	30	0.02	0.00011	12470	-0.00749553	-0.0761442	0.00237038	0.00389273	0.00634045	0.0122209	-0.0109281	-0.00443859	0.00144346			-0.00183508	main
1.5	40	recover	auto	5	1	0.02	0.00011	12470	-0.00698001	-0.0664614	-0.00734288	0.0038459	0.00747048	0.0152349	-0.00833076	-0.00570142	0.000160385			-0.0027897	main
1.5	40	recover	auto	5	7	0.02	0.00011	12470	-0.00934617	-0.118676	0.0032014	0.00584497	0.00986896	0.0193773	-0.0120206	-0.0065591	0.000801925			-0.00304922	main
1.5	40	recover	auto	5	30	0.02	0.00011	12470	-0.012058	-0.128268	0.00394496	0.00648425	0.0105646	0.0203648	-0.0172543	-0.00731693	0.00368885			-0.00305842	main
1.5	40	recover	auto	10	1	0.02	0.00011	12470	-0.0139577	-0.132923	-0.0146858	0.00769179	0.014941	0.0304697	-0.0166003	-0.0114499	0.000801925			-0.0055794	main
1.5	40	recover	auto	10	7	0.02	0.00011	12470	-0.019331	-0.23783	0.00639896	0.0116876	0.0197348	0.0387351	-0.024926	-0.0134546	0.00689655			-0.00609838	main
1.5	40	recover	auto	10	30	0.02	0.00011	12470	-0.0250989	-0.287018	0.00785517	0.0129076	0.0210208	0.0406137	-0.0345932	-0.0161747	0.0234964			-0.00611594	main
1.5	40	recover	auto	15	1	0.02	0.00011	12470	-0.0214608	-0.199689	-0.022046	0.0115337	0.0224055	0.0457046	-0.0255737	-0.017512	0.00408982			-0.00836905	main
1.5	40	recover	auto	15	7	0.02	0.00011	12470	-0.031298	-0.376409	0.00955335	0.0174905	0.0295225	0.0580587	-0.0401966	-0.0220982	0.0221331			-0.00914649	main
1.5	40	recover	auto	15	30	0.02	0.00011	12470	-0.0373311	-0.681587	0.0115558	0.0191495	0.0313647	0.0607608	-0.0494784	-0.0255609	0.0471532			-0.0091698	main
1.5	40	recover	auto	30	1	0.02	0.00011	12470	-0.0438401	-0.41679	-0.0445097	0.023005	0.0447987	0.091371	-0.0511239	-0.0365679	0.0249399			-0.0167371	main
1.5	40	recover	auto	30	7	0.02	0.00011	12470	-0.0644873	-1	0.0181936	0.0343631	0.0584393	0.115273	-0.0784181	-0.050674	0.0851644			-0.0182774	main
1.5	40	recover	auto	30	30	0.02	0.00011	12470	-0.0716335	-1	0.0210533	0.0366368	0.0611314	0.118839	-0.0873956	-0.0557216	0.110666			-0.0183024	main
1.5	80	close	auto	3	1	0.02	0.00011	12470	-0.00522706	-0.00758577	-0.0069477	-0.00610344	-0.00469511	0.00134965	-0.00534224	-0.00510826	0			-0.00242946	main
1.5	80	close	auto	3	7	0.02	0.00011	12470	-0.00567029	-0.00758577	-0.00695201	-0.00613193	-0.004921	-0.00220914	-0.00573691	-0.0056047	0			-0.00265037	main
1.5	80	close	auto	3	30	0.02	0.00011	12470	-0.00567029	-0.00758577	-0.00695201	-0.00613193	-0.004921	-0.00220914	-0.00573691	-0.0056047	0			-0.00265037	main
1.5	80	close	auto	5	1	0.02	0.00011	12470	-0.00871177	-0.012643	-0.0115795	-0.0101724	-0.00782519	0.00224941	-0.00890373	-0.00851376	0			-0.00404909	main
1.5	80	close	auto	5	7	0.02	0.00011	12470	-0.00945049	-0.012643	-0.0115867	-0.0102199	-0.00820167	-0.0036819	-0.00956151	-0.00934117	0			-0.00441728	main
1.5	80	close	auto	5	30	0.02	0.00011	12470	-0.00945049	-0.012643	-0.0115867	-0.0102199	-0.00820167	-0.0036819	-0.00956151	-0.00934117	0			-0.00441728	main
1.5	80	close	auto	10	1	0.02	0.00011	12470	-0.0174235	-0.0252859	-0.023159	-0.0203448	-0.0156504	0.00449883	-0.0178075	-0.0170275	0			-0.00809819	main
1.5	80	close	auto	10	7	0.02	0.00011	12470	-0.018901	-0.0252859	-0.0231734	-0.0204398	-0.0164033	-0.0073638	-0.019123	-0.0186823	0			-0.00883457	main
1.5	80	close	auto	10	30	0.02	0.00011	12470	-0.018901	-0.0252859	-0.0231734	-0.0204398	-0.0164033	-0.0073638	-0.019123	-0.0186823	0			-0.00883457	main
1.5	80	close	auto	15	1	0.02	0.00011	12470	-0.0261353	-0.0379289	-0.0347385	-0.0305172	-0.0234756	0.00674824	-0.0267112	-0.0255413	0			-0.0121473	main
1.5	80	close	auto	15	7	0.02	0.00011	12470	-0.0283515	-0.0379289	-0.0347601	-0.0306596	-0.024605	-0.0110457	-0.0286845	-0.0280235	0			-0.0132519	main
1.5	80	close	auto	15	30	0.02	0.00011	12470	-0.0283515	-0.0379289	-0.0347601	-0.0306596	-0.024605	-0.0110457	-0.0286845	-0.0280235	0			-0.0132519	main
1.5	80	close	auto	30	1	0.02	0.00011	12470	-0.0522706	-0.0758577	-0.069477	-0.0610344	-0.0469511	0.0134965	-0.0534224	-0.0510826	0			-0.0242946	main
1.5	80	close	auto	30	7	0.02	0.00011	12470	-0.0567029	-0.0758577	-0.0695201	-0.0613193	-0.04921	-0.0220914	-0.0573691	-0.056047	0			-0.0265037	main
1.5	80	close	auto	30	30	0.02	0.00011	12470	-0.0567029	-0.0758577	-0.0695201	-0.0613193	-0.04921	-0.0220914	-0.0573691	-0.056047	0			-0.0265037	main
1.5	80	hold	auto	3	1	0.02	0.00011	12470	-0.0178536	-0.0745684	-0.0265071	-0.00742346	0.00158315	0.00640067	-0.0194034	-0.0163764	0	0.0098899	-0.0218526	-0.00589085	main
1.5	80	hold	auto	3	7	0.02	0.00011	12470	-0.0580877	-0.205716	-0.087512	-0.0351749	-0.000778221	0.0209913	-0.064652	-0.0519067	0.00160385	0.0317234	-0.0695817	-0.0187024	main
1.5	80	hold	auto	3	30	0.02	0.00011	12470	-0.137783	-0.464232	-0.203926	-0.0893119	-0.00901589	0.0470396	-0.156894	-0.12009	0.0245389	0.0696787	-0.144783	-0.0405452	main
1.5	80	hold	auto	5	1	0.02	0.00011	12470	-0.0298666	-0.124281	-0.0441785	-0.0123724	0.00263858	0.0106678	-0.0325241	-0.0273956	0.00032077	0.0164867	-0.0362218	-0.00981796	main
1.5	80	hold	auto	5	7	0.02	0.00011	12470	-0.097616	-0.345512	-0.145853	-0.0586248	-0.00129704	0.0349856	-0.108202	-0.0872196	0.00842021	0.0530238	-0.111694	-0.0311702	main
1.5	80	hold	auto	5	30	0.02	0.00011	12470	-0.225581	-1	-0.34447	-0.14994	-0.0153411	0.0782862	-0.252217	-0.199669	0.0696071	0.118219	-0.216325	-0.0675267	main
1.5	80	hold	auto	10	1	0.02	0.00011	12470	-0.0600531	-0.248788	-0.0884371	-0.0247522	0.00527715	0.0213356	-0.0654129	-0.0549961	0.00296712	0.0330141	-0.0706061	-0.0196359	main
1.5	80	hold	auto	10	7	0.02	0.00011	12470	-0.197949	-1	-0.293783	-0.117663	-0.00265791	0.0699346	-0.218988	-0.177442	0.0598236	0.108107	-0.191251	-0.0622759	main
1.5	80	hold	auto	10	30	0.02	0.00011	12470	-0.453398	-1	-1	-0.362617	-0.0442718	0.153788	-0.493173	-0.412867	0.343144	0.270734	-0.279402	-0.131893	main
1.5	80	hold	auto	15	1	0.02	0.00011	12470	-0.091355	-0.375904	-0.132742	-0.0371433	0.00791457	0.0319997	-0.099579	-0.0836323	0.0126704	0.0497228	-0.0998043	-0.0294452	main
1.5	80	hold	auto	15	7	0.02	0.00011	12470	-0.306087	-1	-0.489499	-0.185573	-0.00725344	0.103388	-0.335614	-0.27634	0.174098	0.169308	-0.229281	-0.0924585	main
1.5	80	hold	auto	15	30	0.02	0.00011	12470	-0.641705	-1	-1	-1	-0.178473	0.20955	-0.679617	-0.601657	0.599599	0.453645	-0.292149	-0.17871	main
1.5	80	hold	auto	30	1	0.02	0.00011	12470	-0.192042	-1	-0.275004	-0.0758245	0.0155378	0.0638827	-0.208368	-0.176357	0.0906977	0.101414	-0.152509	-0.0585362	main
1.5	80	hold	auto	30	7	0.02	0.00011	12470	-0.598635	-1	-1	-1	-0.106956	0.186065	-0.632666	-0.564493	0.561026	0.389939	-0.245911	-0.165627	main
1.5	80	hold	auto	30	30	0.02	0.00011	12470	-0.894276	-1	-1	-1	-1	0.117733	-0.914581	-0.873169	0.90842	1.10683	-0.302178	-0.240653	main
1.5	80	recover	auto	3	1	0.02	0.00011	12470	-0.00641756	-0.041793	-0.00640416	0.00113802	0.00222554	0.00432185	-0.00720342	-0.00566683	0			-0.00240208	main
1.5	80	recover	auto	3	7	0.02	0.00011	12470	-0.00793202	-0.0729257	0.00108657	0.00191596	0.00307039	0.00581437	-0.00949708	-0.00629731	8.01925e-05			-0.00263952	main
1.5	80	recover	auto	3	30	0.02	0.00011	12470	-0.00986442	-0.0774314	0.00136156	0.00212073	0.00330623	0.0062308	-0.0132482	-0.0068628	0.00144346			-0.00264503	main
1.5	80	recover	auto	5	1	0.02	0.00011	12470	-0.0106861	-0.069655	-0.0106736	0.0018967	0.00370923	0.00720308	-0.0119964	-0.00944369	0.000160385			-0.00400346	main
1.5	80	recover	auto	5	7	0.02	0.00011	12470	-0.0133142	-0.121543	0.00181096	0.00319327	0.00511732	0.00969062	-0.0159406	-0.0105815	0.000801925			-0.0043992	main
1.5	80	recover	auto	5	30	0.02	0.00011	12470	-0.0160528	-0.129784	0.00226863	0.00353414	0.00550966	0.0103824	-0.0211977	-0.0113286	0.00376905			-0.00440834	main
1.5	80	recover	auto	10	1	0.02	0.00011	12470	-0.0213643	-0.13931	-0.0213472	0.0037934	0.00741845	0.0144062	-0.0239395	-0.0189009	0.000801925			-0.00800692	main
1.5	80	recover	auto	10	7	0.02	0.00011	12470	-0.0271827	-0.24358	0.00362125	0.00638311	0.0102282	0.0193745	-0.0326737	-0.0214271	0.00681636			-0.00879835	main
1.5	80	recover	auto	10	30	0.02	0.00011	12470	-0.0327694	-0.285319	0.00450743	0.0070479	0.0109813	0.0207021	-0.0421141	-0.0239575	0.0232558			-0.0088158	main
1.5	80	recover	auto	15	1	0.02	0.00011	12470	-0.0325212	-0.209282	-0.0320467	0.00568912	0.0111259	0.0216092	-0.0365603	-0.0286552	0.00400962			-0.0120103	main
1.5	80	recover	auto	15	7	0.02	0.00011	12470	-0.0430477	-0.384031	0.00540741	0.00954934	0.0153027	0.0290017	-0.0516891	-0.0339621	0.0224539			-0.0131964	main
1.5	80	recover	auto	15	30	0.02	0.00011	12470	-0.0490455	-0.698741	0.0066404	0.0104664	0.0163313	0.0307004	-0.0610549	-0.0374951	0.0477947			-0.0132196	main
1.5	80	recover	auto	30	1	0.02	0.00011	12470	-0.06642	-0.436797	-0.0649824	0.0113442	0.0222237	0.0431986	-0.0736554	-0.0592999	0.0260626			-0.0240194	main
1.5	80	recover	auto	30	7	0.02	0.00011	12470	-0.0889556	-1	0.0102136	0.0187227	0.0301375	0.0572095	-0.102639	-0.0751677	0.0878909			-0.0263759	main
1.5	80	recover	auto	30	30	0.02	0.00011	12470	-0.0963113	-1	0.0120001	0.01983	0.031588	0.0593114	-0.11164	-0.080819	0.114034			-0.0264	main
3	40	close	auto	3	1	0.02	0.00011	12470	-0.00272785	-0.0133045	-0.0100801	-0.00436464	0.00355735	0.0118194	-0.00301052	-0.00242375	0			-0.00134666	main
3	40	close	auto	3	7	0.02	0.00011	12470	-0.00415241	-0.0133209	-0.0104112	-0.00666957	-0.000504593	0.0131383	-0.00447087	-0.00381219	0			-0.00195628	main
3	40	close	auto	3	30	0.02	0.00011	12470	-0.00424706	-0.0133209	-0.0104112	-0.00667024	-0.000547824	0.01243	-0.00456014	-0.00392763	0			-0.00197562	main
3	40	close	auto	5	1	0.02	0.00011	12470	-0.00454641	-0.0221741	-0.0168001	-0.00727439	0.00592892	0.019699	-0.00501754	-0.00403958	0			-0.00224443	main
3	40	close	auto	5	7	0.02	0.00011	12470	-0.00692068	-0.0222015	-0.0173519	-0.011116	-0.000840988	0.0218971	-0.00745144	-0.00635365	0			-0.00326047	main
3	40	close	auto	5	30	0.02	0.00011	12470	-0.00707843	-0.0222015	-0.0173519	-0.0111171	-0.00091304	0.0207167	-0.00760023	-0.00654605	0			-0.00329269	main
3	40	close	auto	10	1	0.02	0.00011	12470	-0.00909282	-0.0443483	-0.0336003	-0.0145488	0.0118578	0.0393979	-0.0100351	-0.00807915	0			-0.00448887	main
3	40	close	auto	10	7	0.02	0.00011	12470	-0.0138414	-0.0444029	-0.0347039	-0.0222319	-0.00168198	0.0437942	-0.0149029	-0.0127073	0			-0.00652093	main
3	40	close	auto	10	30	0.02	0.00011	12470	-0.0141569	-0.0444029	-0.0347039	-0.0222341	-0.00182608	0.0414335	-0.0152005	-0.0130921	0			-0.00658539	main
3	40	close	auto	15	1	0.02	0.00011	12470	-0.0136392	-0.0665224	-0.0504004	-0.0218232	0.0177868	0.0590969	-0.0150526	-0.0121187	0			-0.0067333	main
3	40	close	auto	15	7	0.02	0.00011	12470	-0.0207621	-0.0666044	-0.0520558	-0.0333479	-0.00252297	0.0656914	-0.0223543	-0.019061	0			-0.0097814	main
3	40	close	auto	15	30	0.02	0.00011	12470	-0.0212353	-0.0666044	-0.0520558	-0.0333512	-0.00273912	0.0621502	-0.0228007	-0.0196381	0			-0.00987808	main
3	40	close	auto	30	1	0.02	0.00011	12470	-0.0272785	-0.133045	-0.100801	-0.0436464	0.0355735	0.118194	-0.0301052	-0.0242375	0			-0.0134666	main
3	40	close	auto	30	7	0.02	0.00011	12470	-0.0415241	-0.133209	-0.104112	-0.0666957	-0.00504593	0.131383	-0.0447087	-0.0381219	0			-0.0195628	main
3	40	close	auto	30	30	0.02	0.00011	12470	-0.0424706	-0.133209	-0.104112	-0.0667024	-0.00547824	0.1243	-0.0456014	-0.0392763	0			-0.0197562	main
3	40	hold	auto	3	1	0.02	0.00011	12470	-0.00550891	-0.0584669	-0.0107799	0.00248465	0.00881141	0.0222871	-0.00665727	-0.00445234	0	0.0134225	-0.0168937	-0.00203766	main
3	40	hold	auto	3	7	0.02	0.00011	12470	-0.0217486	-0.180422	-0.0600573	-0.00149494	0.0346796	0.084552	-0.0283828	-0.015264	0.00136327	0.0496221	-0.0626612	-0.00737023	main
3	40	hold	auto	3	30	0.02	0.00011	12470	-0.0612187	-0.414953	-0.154109	-0.0233171	0.080159	0.202351	-0.0827269	-0.0411224	0.0220529	0.115539	-0.138536	-0.0168815	main
3	40	hold	auto	5	1	0.02	0.00011	12470	-0.00929822	-0.0974449	-0.0179665	0.00414108	0.0146857	0.0371451	-0.0112575	-0.00745189	0.00032077	0.0223752	-0.0279588	-0.00339598	main
3	40	hold	auto	5	7	0.02	0.00011	12470	-0.0369435	-0.302939	-0.100096	-0.00249156	0.0577993	0.14092	-0.0475879	-0.0262151	0.00721732	0.0829139	-0.100535	-0.0122833	main
3	40	hold	auto	5	30	0.02	0.00011	12470	-0.0970762	-1	-0.259979	-0.0401462	0.133447	0.336935	-0.128933	-0.0674241	0.0577386	0.19574	-0.208604	-0.0281131	main
3	40	hold	auto	10	1	0.02	0.00011	12470	-0.0187681	-0.19489	-0.035933	0.00828216	0.0293714	0.0742903	-0.0227686	-0.0149533	0.00232558	0.0447909	-0.0544726	-0.00679196	main
3	40	hold	auto	10	7	0.02	0.00011	12470	-0.0760509	-0.752364	-0.201243	-0.00514514	0.115599	0.28184	-0.0971316	-0.0544249	0.0467522	0.16857	-0.174266	-0.0245576	main
3	40	hold	auto	10	30	0.02	0.00011	12470	-0.200082	-1	-1	-0.11932	0.255318	0.66145	-0.25052	-0.148653	0.255974	0.438571	-0.298787	-0.0551415	main
3	40	hold	auto	15	1	0.02	0.00011	12470	-0.0298113	-0.295661	-0.0540603	0.0123969	0.0440334	0.111409	-0.0358615	-0.0240366	0.010826	0.0673008	-0.0762805	-0.0101826	main
3	40	hold	auto	15	7	0.02	0.00011	12470	-0.123807	-1	-0.324877	-0.014185	0.170847	0.419178	-0.154068	-0.0929486	0.130072	0.261383	-0.215381	-0.0364451	main
3	40	hold	auto	15	30	0.02	0.00011	12470	-0.307535	-1	-1	-0.446256	0.323097	0.956751	-0.36667	-0.246036	0.460144	0.727982	-0.338034	-0.0771026	main
3	40	hold	auto	30	1	0.02	0.00011	12470	-0.063434	-1	-0.111265	0.0244209	0.0875849	0.222233	-0.0749117	-0.0518391	0.0587811	0.134989	-0.119473	-0.0202415	main
3	40	hold	auto	30	7	0.02	0.00011	12470	-0.265699	-1	-1	-0.17945	0.288945	0.786694	-0.309268	-0.218659	0.401123	0.577894	-0.266163	-0.0675771	main
3	40	hold	auto	30	30	0.02	0.00011	12470	-0.509761	-1	-1	-1	-1	1.60171	-0.576629	-0.440114	0.750922	1.66854	-0.454695	-0.118234	main
3	40	recover	auto	3	1	0.02	0.00011	12470	-0.00342808	-0.0414182	-0.00580096	0.00287506	0.00700049	0.0150916	-0.00424104	-0.0026225	0			-0.0013158	main
3	40	recover	auto	3	7	0.02	0.00011	12470	-0.00750837	-0.101286	-0.000150371	0.00701205	0.0130439	0.0259027	-0.0103274	-0.00465555	0.00032077			-0.00193568	main
3	40	recover	auto	3	30	0.02	0.00011	12470	-0.0120034	-0.160538	0.00459211	0.00849927	0.0148038	0.0283194	-0.0185723	-0.00614292	0.00328789			-0.0019655	main
3	40	recover	auto	5	1	0.02	0.00011	12470	-0.00579331	-0.0690831	-0.00967688	0.00479136	0.0116653	0.0251488	-0.00718658	-0.00442475	0.000240577			-0.00219299	main
3	40	recover	auto	5	7	0.02	0.00011	12470	-0.012456	-0.169009	-0.000329294	0.0116857	0.0217327	0.0431595	-0.0171762	-0.0077735	0.002085			-0.00322611	main
3	40	recover	auto	5	30	0.02	0.00011	12470	-0.0187385	-0.268667	0.00765327	0.0141636	0.0246718	0.0471858	-0.0284435	-0.00959388	0.00793905			-0.0032758	main
3	40	recover	auto	10	1	0.02	0.00011	12470	-0.0116941	-0.138166	-0.0193538	0.00958272	0.0233306	0.0502975	-0.0145938	-0.00891872	0.00160385			-0.00438598	main
3	40	recover	auto	10	7	0.02	0.00011	12470	-0.0250882	-0.340672	-0.000923718	0.0233683	0.0434465	0.0863111	-0.034412	-0.0158429	0.0114675			-0.0064521	main
3	40	recover	auto	10	30	0.02	0.00011	12470	-0.0377392	-0.670292	0.0151201	0.0281529	0.0491839	0.0941408	-0.0538369	-0.021264	0.0445068			-0.00655015	main
3	40	recover	auto	15	1	0.02	0.00011	12470	-0.0182332	-0.207626	-0.0290433	0.014372	0.0349958	0.0754463	-0.0225878	-0.0139834	0.00577386			-0.0065789	main
3	40	recover	auto	15	7	0.02	0.00011	12470	-0.0406903	-0.587337	-0.00393362	0.0349929	0.0651439	0.129467	-0.0547395	-0.0268489	0.037931			-0.00967715	main
3	40	recover	auto	15	30	0.02	0.00011	12470	-0.0554097	-1	0.0217164	0.0416794	0.0730904	0.140522	-0.0756721	-0.0348052	0.0864475			-0.00981818	main
3	40	recover	auto	30	1	0.02	0.00011	12470	-0.0376496	-0.437036	-0.0586921	0.0285394	0.0698856	0.150633	-0.0457324	-0.0294124	0.029591			-0.0131564	main
3	40	recover	auto	30	7	0.02	0.00011	12470	-0.0840904	-1	-0.0550041	0.068082	0.128234	0.257579	-0.10629	-0.0623169	0.137209			-0.0193297	main
3	40	recover	auto	30	30	0.02	0.00011	12470	-0.0999133	-1	0.0326798	0.0768036	0.140127	0.275765	-0.124433	-0.0747608	0.18741			-0.0195757	main
3	80	close	auto	3	1	0.02	0.00011	12470	-0.00511639	-0.0141753	-0.0118323	-0.00766275	0.00174115	0.0077998	-0.00544443	-0.00477815	0			-0.00216333	main
3	80	close	auto	3	7	0.02	0.00011	12470	-0.00746325	-0.0141811	-0.0120261	-0.00934329	-0.00494947	0.00546272	-0.0077292	-0.00717294	0			-0.00319315	main
3	80	close	auto	3	30	0.02	0.00011	12470	-0.00758387	-0.0141811	-0.0120261	-0.00934447	-0.00496763	0.00450398	-0.00782757	-0.0073176	0			-0.00322663	main
3	80	close	auto	5	1	0.02	0.00011	12470	-0.00852731	-0.0236255	-0.0197205	-0.0127713	0.00290191	0.0129997	-0.00907405	-0.00796358	0			-0.00360555	main
3	80	close	auto	5	7	0.02	0.00011	12470	-0.0124387	-0.0236352	-0.0200435	-0.0155722	-0.00824912	0.00910454	-0.012882	-0.0119549	0			-0.00532191	main
3	80	close	auto	5	30	0.02	0.00011	12470	-0.0126398	-0.0236352	-0.0200435	-0.0155741	-0.00827938	0.00750663	-0.013046	-0.012196	0			-0.00537772	main
3	80	close	auto	10	1	0.02	0.00011	12470	-0.0170546	-0.0472509	-0.0394409	-0.0255425	0.00580382	0.0259993	-0.0181481	-0.0159272	0			-0.0072111	main
3	80	close	auto	10	7	0.02	0.00011	12470	-0.0248775	-0.0472705	-0.0400871	-0.0311443	-0.0164982	0.0182091	-0.025764	-0.0239098	0			-0.0106438	main
3	80	close	auto	10	30	0.02	0.00011	12470	-0.0252796	-0.0472705	-0.0400871	-0.0311482	-0.0165588	0.0150133	-0.0260919	-0.024392	0			-0.0107554	main
3	80	close	auto	15	1	0.02	0.00011	12470	-0.0255819	-0.0708764	-0.0591614	-0.0383138	0.00870573	0.038999	-0.0272222	-0.0238908	0			-0.0108166	main
3	80	close	auto	15	7	0.02	0.00011	12470	-0.0373162	-0.0709057	-0.0601306	-0.0467165	-0.0247474	0.0273136	-0.038646	-0.0358647	0			-0.0159657	main
3	80	close	auto	15	30	0.02	0.00011	12470	-0.0379194	-0.0709057	-0.0601306	-0.0467223	-0.0248381	0.0225199	-0.0391379	-0.036588	0			-0.0161331	main
3	80	close	auto	30	1	0.02	0.00011	12470	-0.0511639	-0.141753	-0.118323	-0.0766275	0.0174115	0.077998	-0.0544443	-0.0477815	0			-0.0216333	main
3	80	close	auto	30	7	0.02	0.00011	12470	-0.0746325	-0.141811	-0.120261	-0.0934329	-0.0494947	0.0546272	-0.077292	-0.0717294	0			-0.0319315	main
3	80	close	auto	30	30	0.02	0.00011	12470	-0.0758387	-0.141811	-0.120261	-0.0934447	-0.0496763	0.0450398	-0.0782757	-0.073176	0			-0.0322663	main
3	80	hold	auto	3	1	0.02	0.00011	12470	-0.00953752	-0.062735	-0.0144173	0.000673283	0.00515254	0.0133187	-0.0108152	-0.00835111	0	0.0108479	-0.0171344	-0.00325093	main
3	80	hold	auto	3	7	0.02	0.00011	12470	-0.0359832	-0.187752	-0.068974	-0.013033	0.0202128	0.0536472	-0.0425526	-0.0296301	0.00144346	0.0402694	-0.062951	-0.0119003	main
3	80	hold	auto	3	30	0.02	0.00011	12470	-0.0935002	-0.432247	-0.172073	-0.0492374	0.0421605	0.128798	-0.113856	-0.0746706	0.022935	0.0936916	-0.138325	-0.0273078	main
3	80	hold	auto	5	1	0.02	0.00011	12470	-0.0160113	-0.104558	-0.0240288	0.00112214	0.00858756	0.0221978	-0.0181793	-0.0139989	0.00032077	0.0180837	-0.0283599	-0.00541809	main
3	80	hold	auto	5	7	0.02	0.00011	12470	-0.0607211	-0.314754	-0.114957	-0.0217217	0.0336881	0.0894119	-0.0713641	-0.0504143	0.00761828	0.0672969	-0.100908	-0.0198334	main
3	80	hold	auto	5	30	0.02	0.00011	12470	-0.15152	-1	-0.29151	-0.0832639	0.0699316	0.21457	-0.180791	-0.123228	0.062069	0.158804	-0.207418	-0.0454767	main
3	80	hold	auto	10	1	0.02	0.00011	12470	-0.0321815	-0.209117	-0.0480576	0.00224428	0.0171751	0.0443957	-0.036581	-0.0279798	0.00240577	0.0362009	-0.0552003	-0.0108362	main
3	80	hold	auto	10	7	0.02	0.00011	12470	-0.123781	-1	-0.231463	-0.0434997	0.0673341	0.178824	-0.144537	-0.103261	0.0510024	0.136906	-0.173123	-0.0396507	main
3	80	hold	auto	10	30	0.02	0.00011	12470	-0.30712	-1	-1	-0.211058	0.131835	0.422622	-0.352647	-0.261032	0.284683	0.358969	-0.284709	-0.0891121	main
3	80	hold	auto	15	1	0.02	0.00011	12470	-0.0499354	-0.316937	-0.0722268	0.00333479	0.0257589	0.0665805	-0.0569296	-0.0435154	0.0113873	0.0544418	-0.0771227	-0.0162476	main
3	80	hold	auto	15	7	0.02	0.00011	12470	-0.195622	-1	-0.377615	-0.0722057	0.098834	0.265969	-0.225779	-0.164962	0.143945	0.21259	-0.21014	-0.0588255	main
3	80	hold	auto	15	30	0.02	0.00011	12470	-0.452694	-1	-1	-1	0.128116	0.608487	-0.504235	-0.399737	0.5085	0.596415	-0.307456	-0.123402	main
3	80	hold	auto	30	1	0.02	0.00011	12470	-0.104445	-1	-0.148909	0.00635004	0.0513245	0.132717	-0.117501	-0.0920765	0.0651163	0.109512	-0.118802	-0.0323015	main
3	80	hold	auto	30	7	0.02	0.00011	12470	-0.397797	-1	-1	-0.360745	0.151095	0.488967	-0.438351	-0.356474	0.448276	0.471941	-0.241208	-0.108089	main
3	80	hold	auto	30	30	0.02	0.00011	12470	-0.701163	-1	-1	-1	-1	0.917008	-0.747778	-0.652167	0.814194	1.37821	-0.364787	-0.180684	main
3	80	recover	auto	3	1	0.02	0.00011	12470	-0.00581734	-0.0435171	-0.00795191	0.00145338	0.00457942	0.0100333	-0.00665055	-0.00503111	0			-0.00213279	main
3	80	recover	auto	3	7	0.02	0.00011	12470	-0.0108436	-0.102431	-0.00327627	0.00483154	0.00904501	0.0181925	-0.013602	-0.00806663	0.000400962			-0.00317277	main
3	80	recover	auto	3	30	0.02	0.00011	12470	-0.0153807	-0.163298	0.00325731	0.00602411	0.0105377	0.0204339	-0.0218062	-0.00956073	0.00344828			-0.00321662	main
3	80	recover	auto	5	1	0.02	0.00011	12470	-0.00977484	-0.0726319	-0.0132717	0.00242071	0.00763163	0.0167104	-0.0111984	-0.00843781	0.000240577			-0.00355463	main
3	80	recover	auto	5	7	0.02	0.00011	12470	-0.0179618	-0.170913	-0.00549438	0.00805211	0.0150716	0.0303083	-0.022588	-0.0134414	0.002085			-0.00528793	main
3	80	recover	auto	5	30	0.02	0.00011	12470	-0.0242047	-0.272723	0.00542744	0.0100387	0.0175599	0.0340519	-0.033787	-0.0152802	0.00785886			-0.00536099	main
3	80	recover	auto	10	1	0.02	0.00011	12470	-0.0196211	-0.145264	-0.0265435	0.00484141	0.0152633	0.0334208	-0.022502	-0.0168962	0.00160385			-0.00710926	main
3	80	recover	auto	10	7	0.02	0.00011	12470	-0.0359693	-0.345842	-0.0111145	0.0160997	0.0301416	0.0605891	-0.0450574	-0.0269578	0.0113071			-0.0105757	main
3	80	recover	auto	10	30	0.02	0.00011	12470	-0.0488366	-0.691292	0.0106915	0.0199663	0.03495	0.0677322	-0.0648187	-0.0327444	0.0452285			-0.0107205	main
3	80	recover	auto	15	1	0.02	0.00011	12470	-0.0302209	-0.218796	-0.0398416	0.00725529	0.0228949	0.0501312	-0.0347017	-0.0259684	0.00585405			-0.0106638	main
3	80	recover	auto	15	7	0.02	0.00011	12470	-0.0574248	-0.607709	-0.0183684	0.0241091	0.0451789	0.0908614	-0.0712667	-0.0437101	0.0386528			-0.0158624	main
3	80	recover	auto	15	30	0.02	0.00011	12470	-0.0718185	-1	0.0152399	0.0294605	0.0517704	0.100987	-0.0918228	-0.051735	0.0867682			-0.0160734	main
3	80	recover	auto	30	1	0.02	0.00011	12470	-0.062162	-0.463404	-0.0812437	0.0143339	0.0457254	0.0997406	-0.0702192	-0.0538389	0.0315156			-0.0213261	main
3	80	recover	auto	30	7	0.02	0.00011	12470	-0.117312	-1	-0.0875827	0.0462746	0.0887481	0.180104	-0.138383	-0.0965977	0.14162			-0.0316985	main
3	80	recover	auto	30	30	0.02	0.00011	12470	-0.131747	-1	0.0222884	0.0539531	0.0981637	0.195232	-0.154779	-0.107988	0.190217			-0.0320847	main
4.6	40	close	auto	3	1	0.02	0.00011	12470	-0.00203414	-0.019664	-0.0125824	0.000873733	0.00528535	0.0142781	-0.00242798	-0.00164873	0			-0.000935446	main
4.6	40	close	auto	3	7	0.02	0.00011	12470	-0.00492981	-0.0198548	-0.015495	-0.00929973	0.00105132	0.0250765	-0.00556593	-0.00427724	0			-0.00188972	main
4.6	40	close	auto	3	30	0.02	0.00011	12470	-0.00554183	-0.0198548	-0.0155023	-0.00941803	0.000128674	0.0224059	-0.00612193	-0.00491324	0			-0.00199759	main
4.6	40	close	auto	5	1	0.02	0.00011	12470	-0.00339024	-0.0327733	-0.0209707	0.00145622	0.00880892	0.0237969	-0.00404664	-0.00274789	0			-0.00155908	main
4.6	40	close	auto	5	7	0.02	0.00011	12470	-0.00821635	-0.0330913	-0.0258251	-0.0154996	0.0017522	0.0417941	-0.00927655	-0.00712874	0			-0.00314953	main
4.6	40	close	auto	5	30	0.02	0.00011	12470	-0.00923638	-0.0330913	-0.0258372	-0.0156967	0.000214457	0.0373432	-0.0102032	-0.00818873	0			-0.00332932	main
4.6	40	close	auto	10	1	0.02	0.00011	12470	-0.00678047	-0.0655465	-0.0419415	0.00291244	0.0176178	0.0475938	-0.00809328	-0.00549577	0			-0.00311815	main
4.6	40	close	auto	10	7	0.02	0.00011	12470	-0.0164327	-0.0661827	-0.0516501	-0.0309991	0.0035044	0.0835883	-0.0185531	-0.0142575	0			-0.00629905	main
4.6	40	close	auto	10	30	0.02	0.00011	12470	-0.0184728	-0.0661827	-0.0516743	-0.0313934	0.000428915	0.0746864	-0.0204064	-0.0163775	0			-0.00665864	main
4.6	40	close	auto	15	1	0.02	0.00011	12470	-0.0101707	-0.0983198	-0.0629122	0.00436866	0.0264268	0.0713907	-0.0121399	-0.00824366	0			-0.00467723	main
4.6	40	close	auto	15	7	0.02	0.00011	12470	-0.0246491	-0.099274	-0.0774752	-0.0464987	0.0052566	0.125382	-0.0278296	-0.0213862	0			-0.00944858	main
4.6	40	close	auto	15	30	0.02	0.00011	12470	-0.0277091	-0.099274	-0.0775115	-0.0470902	0.000643372	0.11203	-0.0306096	-0.0245662	0			-0.00998796	main
4.6	40	close	auto	30	1	0.02	0.00011	12470	-0.0203414	-0.19664	-0.125824	0.00873733	0.0528535	0.142781	-0.0242798	-0.0164873	0			-0.00935446	main
4.6	40	close	auto	30	7	0.02	0.00011	12470	-0.0492981	-0.198548	-0.15495	-0.0929973	0.0105132	0.250765	-0.0556593	-0.0427724	0			-0.0188972	main
4.6	40	close	auto	30	30	0.02	0.00011	12470	-0.0554183	-0.198548	-0.155023	-0.0941803	0.00128674	0.224059	-0.0612193	-0.0491324	0			-0.0199759	main
4.6	40	hold	auto	3	1	0.02	0.00011	12470	-0.00303988	-0.048632	-0.00391009	0.00260154	0.00768744	0.0206283	-0.00398208	-0.00213053	0	0.0114576	-0.0133471	-0.00115045	main
4.6	40	hold	auto	3	7	0.02	0.00011	12470	-0.0143326	-0.170122	-0.0488113	0.00807514	0.0375516	0.0873417	-0.0206805	-0.00798964	0.00136327	0.0479389	-0.0562526	-0.0046713	main
4.6	40	hold	auto	3	30	0.02	0.00011	12470	-0.0461672	-0.405478	-0.141022	-0.00579374	0.0941622	0.215829	-0.0675695	-0.0262742	0.0213312	0.11745	-0.131489	-0.0112275	main
4.6	40	hold	auto	5	1	0.02	0.00011	12470	-0.00518808	-0.0810533	-0.00651682	0.0043359	0.0128124	0.0343805	-0.00678635	-0.00361488	0.00032077	0.0190994	-0.0220505	-0.0019173	main
4.6	40	hold	auto	5	7	0.02	0.00011	12470	-0.0244775	-0.286361	-0.0813522	0.0134586	0.062586	0.14557	-0.0347118	-0.0141437	0.00665597	0.0800664	-0.0902028	-0.00778531	main
4.6	40	hold	auto	5	30	0.02	0.00011	12470	-0.0714137	-1	-0.236676	-0.00990242	0.156837	0.359564	-0.10337	-0.0418874	0.0547715	0.198761	-0.197186	-0.0187005	main
4.6	40	hold	auto	10	1	0.02	0.00011	12470	-0.0105246	-0.162107	-0.0130336	0.0086718	0.0256248	0.0687611	-0.0137785	-0.00729233	0.002085	0.0382211	-0.0428412	-0.00383459	main
4.6	40	hold	auto	10	7	0.02	0.00011	12470	-0.051426	-0.665152	-0.163459	0.0268058	0.125104	0.291139	-0.071885	-0.0305569	0.0430634	0.16238	-0.1553	-0.0155594	main
4.6	40	hold	auto	10	30	0.02	0.00011	12470	-0.150457	-1	-0.696068	-0.0538094	0.303575	0.705175	-0.202418	-0.0991268	0.237931	0.440192	-0.28298	-0.0366427	main
4.6	40	hold	auto	15	1	0.02	0.00011	12470	-0.0169249	-0.244757	-0.0196377	0.0129879	0.0383816	0.10287	-0.0218985	-0.0121339	0.00874098	0.0572739	-0.0597819	-0.00574809	main
4.6	40	hold	auto	15	7	0.02	0.00011	12470	-0.0859958	-1	-0.264706	0.0359413	0.185552	0.431538	-0.115021	-0.0556346	0.11652	0.250287	-0.19138	-0.0231091	main
4.6	40	hold	auto	15	30	0.02	0.00011	12470	-0.240612	-1	-1	-0.291999	0.401992	1.02276	-0.30269	-0.176936	0.428869	0.721575	-0.322471	-0.0515011	main
4.6	40	hold	auto	30	1	0.02	0.00011	12470	-0.0375936	-0.627318	-0.041178	0.0256424	0.0763543	0.203936	-0.0468635	-0.0281259	0.0467522	0.11393	-0.0929098	-0.0114296	main
4.6	40	hold	auto	30	7	0.02	0.00011	12470	-0.192917	-1	-1	-0.0297386	0.322876	0.805155	-0.237397	-0.146982	0.354451	0.533916	-0.231889	-0.042974	main
4.6	40	hold	auto	30	30	0.02	0.00011	12470	-0.412965	-1	-1	-1	0.141011	1.77526	-0.48827	-0.337676	0.710104	1.6084	-0.42875	-0.0807281	main
4.6	40	recover	auto	3	1	0.02	0.00011	12470	-0.00239651	-0.038909	-0.003794	0.0025767	0.00712423	0.0164151	-0.00314635	-0.00168091	0			-0.000912832	main
4.6	40	recover	auto	3	7	0.02	0.00011	12470	-0.00807595	-0.112795	-0.0119719	0.00911456	0.0182186	0.0374374	-0.0115879	-0.00447772	0.000240577			-0.00186048	main
4.6	40	recover	auto	3	30	0.02	0.00011	12470	-0.0150373	-0.200488	0.00565072	0.0125251	0.0224035	0.0446305	-0.0233624	-0.00757996	0.0042502			-0.00198227	main
4.6	40	recover	auto	5	1	0.02	0.00011	12470	-0.00405092	-0.0648484	-0.00632333	0.00429449	0.0118737	0.0273584	-0.00532219	-0.00282562	0.000240577			-0.00152139	main
4.6	40	recover	auto	5	7	0.02	0.00011	12470	-0.0136428	-0.188178	-0.0199531	0.0151909	0.0303643	0.0623957	-0.0194429	-0.00777032	0.00232558			-0.0031008	main
4.6	40	recover	auto	5	30	0.02	0.00011	12470	-0.0234936	-0.335708	0.00940329	0.0208752	0.0373391	0.0743842	-0.0360525	-0.0118429	0.010826			-0.00330375	main
4.6	40	recover	auto	10	1	0.02	0.00011	12470	-0.00827119	-0.129698	-0.0126524	0.00858364	0.023745	0.0546794	-0.0108605	-0.0057047	0.00136327			-0.00304275	main
4.6	40	recover	auto	10	7	0.02	0.00011	12470	-0.0282789	-0.383261	-0.0400766	0.0303664	0.0607158	0.124785	-0.0404094	-0.0163108	0.015397			-0.00620145	main
4.6	40	recover	auto	10	30	0.02	0.00011	12470	-0.0475469	-1	0.0183769	0.0414273	0.0743352	0.148324	-0.0698989	-0.0260007	0.0594226			-0.00660571	main
4.6	40	recover	auto	15	1	0.02	0.00011	12470	-0.0127068	-0.195278	-0.0189889	0.012867	0.0356097	0.0820191	-0.0166132	-0.0089002	0.00473136			-0.00456404	main
4.6	40	recover	auto	15	7	0.02	0.00011	12470	-0.0444525	-0.705937	-0.0616587	0.0454619	0.091043	0.187178	-0.0617014	-0.0268385	0.0454691			-0.00930127	main
4.6	40	recover	auto	15	30	0.02	0.00011	12470	-0.0712771	-1	0.024219	0.0606329	0.110046	0.222165	-0.0995247	-0.0445807	0.117642			-0.00989924	main
4.6	40	recover	auto	30	1	0.02	0.00011	12470	-0.0285388	-0.424957	-0.0386394	0.0255091	0.0710811	0.163947	-0.0365631	-0.0207779	0.0301524			-0.00912645	main
4.6	40	recover	auto	30	7	0.02	0.00011	12470	-0.098635	-1	-0.21489	0.0854819	0.179073	0.371759	-0.126889	-0.0706059	0.175461			-0.0185707	main
4.6	40	recover	auto	30	30	0.02	0.00011	12470	-0.13647	-1	-1	0.104932	0.206697	0.433169	-0.16993	-0.10232	0.263512			-0.0197121	main
4.6	80	close	auto	3	1	0.02	0.00011	12470	-0.00394507	-0.0207335	-0.0150769	0.000146019	0.0038726	0.0106615	-0.00438385	-0.00353112	0			-0.00159062	main
4.6	80	close	auto	3	7	0.02	0.00011	12470	-0.00851425	-0.0208666	-0.017224	-0.0123245	-0.00397874	0.0171912	-0.00909292	-0.00792792	0			-0.0032495	main
4.6	80	close	auto	3	30	0.02	0.00011	12470	-0.00929199	-0.0208666	-0.0172271	-0.0124082	-0.00474691	0.0130048	-0.00978405	-0.00877291	0			-0.00344036	main
4.6	80	close	auto	5	1	0.02	0.00011	12470	-0.00657512	-0.0345559	-0.0251281	0.000243365	0.00645434	0.0177691	-0.00730642	-0.00588521	0			-0.00265103	main
4.6	80	close	auto	5	7	0.02	0.00011	12470	-0.0141904	-0.0347777	-0.0287067	-0.0205408	-0.00663123	0.028652	-0.0151549	-0.0132132	0			-0.00541583	main
4.6	80	close	auto	5	30	0.02	0.00011	12470	-0.0154866	-0.0347777	-0.0287118	-0.0206803	-0.00791152	0.0216747	-0.0163067	-0.0146215	0			-0.00573393	main
4.6	80	close	auto	10	1	0.02	0.00011	12470	-0.0131502	-0.0691118	-0.0502563	0.00048673	0.0129087	0.0355382	-0.0146128	-0.0117704	0			-0.00530207	main
4.6	80	close	auto	10	7	0.02	0.00011	12470	-0.0283808	-0.0695553	-0.0574134	-0.0410816	-0.0132625	0.057304	-0.0303097	-0.0264264	0			-0.0108317	main
4.6	80	close	auto	10	30	0.02	0.00011	12470	-0.0309733	-0.0695553	-0.0574236	-0.0413607	-0.015823	0.0433494	-0.0326135	-0.029243	0			-0.0114679	main
4.6	80	close	auto	15	1	0.02	0.00011	12470	-0.0197254	-0.103668	-0.0753844	0.000730096	0.019363	0.0533074	-0.0219193	-0.0176556	0			-0.0079531	main
4.6	80	close	auto	15	7	0.02	0.00011	12470	-0.0425713	-0.104333	-0.0861201	-0.0616224	-0.0198937	0.085956	-0.0454646	-0.0396396	0			-0.0162475	main
4.6	80	close	auto	15	30	0.02	0.00011	12470	-0.0464599	-0.104333	-0.0861354	-0.062041	-0.0237346	0.0650241	-0.0489202	-0.0438646	0			-0.0172018	main
4.6	80	close	auto	30	1	0.02	0.00011	12470	-0.0394507	-0.207335	-0.150769	0.00146019	0.038726	0.106615	-0.0438385	-0.0353112	0			-0.0159062	main
4.6	80	close	auto	30	7	0.02	0.00011	12470	-0.0851425	-0.208666	-0.17224	-0.123245	-0.0397874	0.171912	-0.0909292	-0.0792792	0			-0.032495	main
4.6	80	close	auto	30	30	0.02	0.00011	12470	-0.0929199	-0.208666	-0.172271	-0.124082	-0.0474691	0.130048	-0.0978405	-0.0877291	0			-0.0344036	main
4.6	80	hold	auto	3	1	0.02	0.00011	12470	-0.0056216	-0.0523849	-0.00616823	0.00156957	0.0055036	0.0147718	-0.00663446	-0.00466571	0	0.00998286	-0.0136404	-0.0019641	main
4.6	80	hold	auto	3	7	0.02	0.00011	12470	-0.0243766	-0.176062	-0.0561771	0.00109822	0.0275356	0.0640779	-0.0306467	-0.018086	0.00136327	0.0417425	-0.0567142	-0.00806915	main
4.6	80	hold	auto	3	30	0.02	0.00011	12470	-0.0699708	-0.415558	-0.153397	-0.0258564	0.0661976	0.161281	-0.0907663	-0.0506832	0.0218925	0.10209	-0.131611	-0.0194408	main
4.6	80	hold	auto	5	1	0.02	0.00011	12470	-0.00948961	-0.0873082	-0.0102804	0.00261595	0.00917267	0.0246196	-0.01126	-0.0078109	0.00032077	0.0166415	-0.0225392	-0.00327338	main
4.6	80	hold	auto	5	7	0.02	0.00011	12470	-0.0412238	-0.294985	-0.0936285	0.00183036	0.0458926	0.106797	-0.0513958	-0.0311868	0.00681636	0.0697264	-0.0908855	-0.0134483	main
4.6	80	hold	auto	5	30	0.02	0.00011	12470	-0.111596	-1	-0.258801	-0.0440524	0.11002	0.268745	-0.141872	-0.0831295	0.0574178	0.172829	-0.197076	-0.0323794	main
4.6	80	hold	auto	10	1	0.02	0.00011	12470	-0.0191119	-0.174616	-0.0205608	0.00523191	0.0183453	0.0492392	-0.0227035	-0.0156544	0.002085	0.0333066	-0.0438166	-0.00654677	main
4.6	80	hold	auto	10	7	0.02	0.00011	12470	-0.0847894	-0.712461	-0.188142	0.00363241	0.0917158	0.213593	-0.105095	-0.0643128	0.0455493	0.141506	-0.155263	-0.0268796	main
4.6	80	hold	auto	10	30	0.02	0.00011	12470	-0.228107	-1	-1	-0.122982	0.21149	0.52787	-0.276912	-0.179105	0.255092	0.384916	-0.274743	-0.0634752	main
4.6	80	hold	auto	15	1	0.02	0.00011	12470	-0.0300367	-0.264235	-0.0309964	0.00783966	0.0274983	0.0737796	-0.0355867	-0.0249216	0.00938252	0.0499565	-0.0609808	-0.00981511	main
4.6	80	hold	auto	15	7	0.02	0.00011	12470	-0.137265	-1	-0.303036	0.000644371	0.135793	0.318388	-0.166151	-0.107817	0.125902	0.218028	-0.188908	-0.039894	main
4.6	80	hold	auto	15	30	0.02	0.00011	12470	-0.349338	-1	-1	-0.460223	0.269903	0.772586	-0.405967	-0.291446	0.461909	0.631698	-0.301212	-0.0886188	main
4.6	80	hold	auto	30	1	0.02	0.00011	12470	-0.0632786	-1	-0.0632964	0.0154708	0.0546222	0.146887	-0.0737983	-0.0530932	0.0501203	0.0995328	-0.0938349	-0.0195149	main
4.6	80	hold	auto	30	7	0.02	0.00011	12470	-0.285341	-1	-1	-0.131175	0.229835	0.596611	-0.327428	-0.241526	0.381796	0.465997	-0.220137	-0.0739044	main
4.6	80	hold	auto	30	30	0.02	0.00011	12470	-0.568425	-1	-1	-1	-1	1.28849	-0.629562	-0.506569	0.754691	1.39319	-0.366628	-0.134909	main
4.6	80	recover	auto	3	1	0.02	0.00011	12470	-0.00430937	-0.0408287	-0.00540288	0.00163112	0.00525977	0.0121815	-0.00509259	-0.00357416	0			-0.00156826	main
4.6	80	recover	auto	3	7	0.02	0.00011	12470	-0.0116349	-0.114626	-0.0148703	0.00679448	0.0140637	0.0293853	-0.0150932	-0.00809731	0.000240577			-0.00322065	main
4.6	80	recover	auto	3	30	0.02	0.00011	12470	-0.0187077	-0.201439	0.00422199	0.00977128	0.0177345	0.0354704	-0.0269215	-0.0113141	0.0042502			-0.00342524	main
4.6	80	recover	auto	5	1	0.02	0.00011	12470	-0.0072386	-0.0680478	-0.00900481	0.00271854	0.00876629	0.0203025	-0.00857447	-0.00600243	0.000240577			-0.00261376	main
4.6	80	recover	auto	5	7	0.02	0.00011	12470	-0.0195607	-0.191523	-0.0247839	0.0113241	0.0234394	0.0489755	-0.0252578	-0.0137376	0.00224539			-0.00536775	main
4.6	80	recover	auto	5	30	0.02	0.00011	12470	-0.0296419	-0.336483	0.00703448	0.0162855	0.0295576	0.0591174	-0.0420383	-0.0181927	0.010826			-0.00570869	main
4.6	80	recover	auto	10	1	0.02	0.00011	12470	-0.0146365	-0.13644	-0.0180224	0.0054315	0.0175285	0.0405843	-0.0173107	-0.0120124	0.00136327			-0.0052275	main
4.6	80	recover	auto	10	7	0.02	0.00011	12470	-0.0402864	-0.389077	-0.0497078	0.0226468	0.0468688	0.0977153	-0.0521144	-0.0284343	0.0157979			-0.0107353	main
4.6	80	recover	auto	10	30	0.02	0.00011	12470	-0.0602851	-1	0.0136401	0.032326	0.0587393	0.118204	-0.0827265	-0.0389387	0.0601443			-0.0114155	main
4.6	80	recover	auto	15	1	0.02	0.00011	12470	-0.0221286	-0.205861	-0.0270393	0.0081411	0.0262764	0.0608764	-0.0261164	-0.0182502	0.00465116			-0.00784117	main
4.6	80	recover	auto	15	7	0.02	0.00011	12470	-0.0621635	-0.708813	-0.0771389	0.0338724	0.0702437	0.146573	-0.0788807	-0.0449324	0.0457097			-0.0161021	main
4.6	80	recover	auto	15	30	0.02	0.00011	12470	-0.0895939	-1	0.0172671	0.0472201	0.086756	0.176538	-0.117126	-0.0634488	0.118524			-0.0171138	main
4.6	80	recover	auto	30	1	0.02	0.00011	12470	-0.0477051	-0.444489	-0.0546456	0.0161298	0.0523919	0.121455	-0.0558366	-0.0395918	0.0310345			-0.0156805	main
4.6	80	recover	auto	30	7	0.02	0.00011	12470	-0.133681	-1	-0.250232	0.0630909	0.13767	0.290685	-0.161005	-0.106412	0.179551			-0.0321708	main
4.6	80	recover	auto	30	30	0.02	0.00011	12470	-0.172025	-1	-1	0.0807865	0.160954	0.344647	-0.20397	-0.139251	0.268324			-0.034139	main
7	40	close	auto	3	1	0.02	0.00011	12470	-0.00112709	-0.0285823	-0.00338843	0.00172571	0.00530619	0.0142683	-0.00154744	-0.000731325	0			-0.000552971	main
7	40	close	auto	3	7	0.02	0.00011	12470	-0.00464646	-0.0299987	-0.022956	-0.0114949	0.0102805	0.0385111	-0.0058142	-0.00345306	0			-0.00166531	main
7	40	close	auto	3	30	0.02	0.00011	12470	-0.00691777	-0.0300011	-0.0231711	-0.0133565	0.00246368	0.0392493	-0.0080554	-0.00570981	0			-0.00201961	main
7	40	close	auto	5	1	0.02	0.00011	12470	-0.00187848	-0.0476371	-0.00564738	0.00287619	0.00884364	0.0237805	-0.00257906	-0.00121888	0			-0.000921619	main
7	40	close	auto	5	7	0.02	0.00011	12470	-0.0077441	-0.0499979	-0.0382601	-0.0191581	0.0171341	0.0641852	-0.00969033	-0.0057551	0			-0.00277551	main
7	40	close	auto	5	30	0.02	0.00011	12470	-0.0115296	-0.0500019	-0.0386185	-0.0222609	0.00410614	0.0654155	-0.0134257	-0.00951634	0			-0.00336602	main
7	40	close	auto	10	1	0.02	0.00011	12470	-0.00375696	-0.0952742	-0.0112948	0.00575237	0.0176873	0.0475611	-0.00515812	-0.00243775	0			-0.00184324	main
7	40	close	auto	10	7	0.02	0.00011	12470	-0.0154882	-0.0999958	-0.0765202	-0.0383162	0.0342682	0.12837	-0.0193807	-0.0115102	0			-0.00555103	main
7	40	close	auto	10	30	0.02	0.00011	12470	-0.0230592	-0.100004	-0.077237	-0.0445218	0.00821227	0.130831	-0.0268513	-0.0190327	0			-0.00673205	main
7	40	close	auto	15	1	0.02	0.00011	12470	-0.00563544	-0.142911	-0.0169421	0.00862856	0.0265309	0.0713416	-0.00773718	-0.00365663	0			-0.00276486	main
7	40	close	auto	15	7	0.02	0.00011	12470	-0.0232323	-0.149994	-0.11478	-0.0574743	0.0514023	0.192556	-0.029071	-0.0172653	0			-0.00832654	main
7	40	close	auto	15	30	0.02	0.00011	12470	-0.0345888	-0.150006	-0.115855	-0.0667827	0.0123184	0.196247	-0.040277	-0.028549	0			-0.0100981	main
7	40	close	auto	30	1	0.02	0.00011	12470	-0.0112709	-0.285823	-0.0338843	0.0172571	0.0530619	0.142683	-0.0154744	-0.00731325	0			-0.00552971	main
7	40	close	auto	30	7	0.02	0.00011	12470	-0.0464646	-0.299987	-0.22956	-0.114949	0.102805	0.385111	-0.058142	-0.0345306	0			-0.0166531	main
7	40	close	auto	30	30	0.02	0.00011	12470	-0.0691777	-0.300011	-0.231711	-0.133565	0.0246368	0.392493	-0.080554	-0.0570981	0			-0.0201961	main
7	40	hold	auto	3	1	0.02	0.00011	12470	-0.00152423	-0.0348677	-0.00144909	0.00212453	0.00600102	0.0171247	-0.00226312	-0.000792034	0	0.00896231	-0.00988279	-0.000603756	main
7	40	hold	auto	3	7	0.02	0.00011	12470	-0.00876189	-0.155869	-0.0341365	0.011682	0.0353454	0.0828429	-0.0146508	-0.00302792	0.00120289	0.0435343	-0.0482881	-0.00281371	main
7	40	hold	auto	3	30	0.02	0.00011	12470	-0.0348733	-0.391458	-0.125164	0.0132709	0.10037	0.219501	-0.0559347	-0.015524	0.0207698	0.114266	-0.121386	-0.00721537	main
7	40	hold	auto	5	1	0.02	0.00011	12470	-0.00266956	-0.0581128	-0.00241515	0.00354089	0.0100017	0.0285412	-0.00396919	-0.00135147	0.00032077	0.0149387	-0.016282	-0.00100616	main
7	40	hold	auto	5	7	0.02	0.00011	12470	-0.0151679	-0.261621	-0.0568942	0.01947	0.058909	0.138072	-0.0245269	-0.00571549	0.00625501	0.0726882	-0.0769588	-0.00468925	main
7	40	hold	auto	5	30	0.02	0.00011	12470	-0.0525662	-1	-0.210202	0.0214657	0.167227	0.365835	-0.0836606	-0.0240893	0.0523657	0.193228	-0.181131	-0.0120198	main
7	40	hold	auto	10	1	0.02	0.00011	12470	-0.00541448	-0.116226	-0.00483029	0.00708178	0.0200034	0.0570824	-0.00800884	-0.00278552	0.00176423	0.0298776	-0.0315221	-0.00201232	main
7	40	hold	auto	10	7	0.02	0.00011	12470	-0.0324647	-0.586584	-0.114257	0.0388189	0.117758	0.275844	-0.0509659	-0.0134449	0.0378508	0.146721	-0.131649	-0.00936851	main
7	40	hold	auto	10	30	0.02	0.00011	12470	-0.113257	-1	-0.575624	0.0143027	0.32443	0.711444	-0.164342	-0.0626741	0.219086	0.420862	-0.258587	-0.023526	main
7	40	hold	auto	15	1	0.02	0.00011	12470	-0.00881385	-0.174719	-0.00728351	0.01062	0.0299994	0.0855585	-0.0128267	-0.00490616	0.00665597	0.0446915	-0.0438552	-0.003018	main
7	40	hold	auto	15	7	0.02	0.00011	12470	-0.0549957	-1	-0.18681	0.0566678	0.17476	0.409104	-0.0820834	-0.0272871	0.0969527	0.223674	-0.162789	-0.0139246	main
7	40	hold	auto	15	30	0.02	0.00011	12470	-0.181367	-1	-1	-0.136769	0.443807	1.02112	-0.243234	-0.117946	0.390938	0.680872	-0.293555	-0.0333795	main
7	40	hold	auto	30	1	0.02	0.00011	12470	-0.0222826	-0.405431	-0.0154693	0.0209599	0.0592752	0.168534	-0.0297497	-0.0147788	0.0357658	0.0876252	-0.0677578	-0.00598397	main
7	40	hold	auto	30	7	0.02	0.00011	12470	-0.135794	-1	-1	0.0735709	0.313081	0.757948	-0.177774	-0.0921038	0.301604	0.457836	-0.191031	-0.0259398	main
7	40	hold	auto	30	30	0.02	0.00011	12470	-0.34376	-1	-1	-1	0.434475	1.75521	-0.421249	-0.2671	0.671051	1.4584	-0.371051	-0.0530232	main
7	40	recover	auto	3	1	0.02	0.00011	12470	-0.0013188	-0.0321958	-0.00159442	0.00207268	0.00586989	0.0156663	-0.00196752	-0.000677503	0			-0.000541514	main
7	40	recover	auto	3	7	0.02	0.00011	12470	-0.00676125	-0.116655	-0.0175437	0.0107302	0.0232248	0.0478313	-0.0107175	-0.00275242	8.01925e-05			-0.00163165	main
7	40	recover	auto	3	30	0.02	0.00011	12470	-0.0179199	-0.225091	-0.00961565	0.01731	0.033296	0.0659216	-0.0286973	-0.00832616	0.00665597			-0.00199721	main
7	40	recover	auto	5	1	0.02	0.00011	12470	-0.00219634	-0.0536597	-0.00265737	0.00345446	0.00978315	0.0261106	-0.00327731	-0.00112639	0.000160385			-0.000902524	main
7	40	recover	auto	5	7	0.02	0.00011	12470	-0.0115965	-0.195092	-0.0292395	0.0178836	0.038708	0.0797188	-0.0181262	-0.0049291	0.00248597			-0.00271941	main
7	40	recover	auto	5	30	0.02	0.00011	12470	-0.0274044	-0.37658	-0.0161927	0.0288392	0.0554929	0.109869	-0.0429216	-0.0130523	0.0159583			-0.00332861	main
7	40	recover	auto	10	1	0.02	0.00011	12470	-0.00471457	-0.107375	-0.00533452	0.00690676	0.0195586	0.0521943	-0.00696854	-0.00243226	0.00136327			-0.00180502	main
7	40	recover	auto	10	7	0.02	0.00011	12470	-0.0245772	-0.4008	-0.0587459	0.0357567	0.0773746	0.159363	-0.037842	-0.0113847	0.0180433			-0.00543868	main
7	40	recover	auto	10	30	0.02	0.00011	12470	-0.0536477	-1	-0.0434955	0.057001	0.110495	0.219459	-0.0809985	-0.0279126	0.0728949			-0.00665503	main
7	40	recover	auto	15	1	0.02	0.00011	12470	-0.00725728	-0.161192	-0.00800178	0.0103601	0.0293379	0.0782915	-0.0106	-0.00384344	0.00392943			-0.0027075	main
7	40	recover	auto	15	7	0.02	0.00011	12470	-0.0391465	-1	-0.0908361	0.0533747	0.115904	0.239045	-0.0587623	-0.0194925	0.0502005			-0.00815681	main
7	40	recover	auto	15	30	0.02	0.00011	12470	-0.0815981	-1	-0.142497	0.0825947	0.163872	0.328366	-0.116628	-0.0488749	0.148196			-0.00997235	main
7	40	recover	auto	30	1	0.02	0.00011	12470	-0.018802	-0.345599	-0.0167248	0.0206662	0.0585284	0.155296	-0.0254414	-0.012184	0.0267041			-0.00541245	main
7	40	recover	auto	30	7	0.02	0.00011	12470	-0.0971115	-1	-0.314017	0.0964592	0.22721	0.476031	-0.129746	-0.063544	0.195108			-0.0162754	main
7	40	recover	auto	30	30	0.02	0.00011	12470	-0.170448	-1	-1	0.127202	0.303192	0.643787	-0.214392	-0.126371	0.346672			-0.0198301	main
7	80	close	auto	3	1	0.02	0.00011	12470	-0.00237705	-0.0300232	-0.00446686	0.00131472	0.00431726	0.0115468	-0.00282262	-0.00195678	0			-0.000986453	main
7	80	close	auto	3	7	0.02	0.00011	12470	-0.0080447	-0.0310903	-0.0249534	-0.0150775	0.00655795	0.0324469	-0.00918076	-0.00686291	0			-0.00298433	main
7	80	close	auto	3	30	0.02	0.00011	12470	-0.0109364	-0.0311025	-0.0250796	-0.0165634	-0.00291972	0.0298547	-0.0119578	-0.00986872	0			-0.00362337	main
7	80	close	auto	5	1	0.02	0.00011	12470	-0.00396176	-0.0500387	-0.00744477	0.00219119	0.00719543	0.0192447	-0.00470437	-0.0032613	0			-0.00164409	main
7	80	close	auto	5	7	0.02	0.00011	12470	-0.0134078	-0.0518172	-0.0415891	-0.0251291	0.0109299	0.0540781	-0.0153013	-0.0114382	0			-0.00497388	main
7	80	close	auto	5	30	0.02	0.00011	12470	-0.0182274	-0.0518375	-0.0417993	-0.0276057	-0.0048662	0.0497578	-0.0199297	-0.0164479	0			-0.00603895	main
7	80	close	auto	10	1	0.02	0.00011	12470	-0.00792351	-0.100077	-0.0148895	0.00438239	0.0143909	0.0384893	-0.00940874	-0.0065226	0			-0.00328818	main
7	80	close	auto	10	7	0.02	0.00011	12470	-0.0268157	-0.103634	-0.0831782	-0.0502582	0.0218598	0.108156	-0.0306025	-0.0228764	0			-0.00994776	main
7	80	close	auto	10	30	0.02	0.00011	12470	-0.0364548	-0.103675	-0.0835987	-0.0552113	-0.00973241	0.0995156	-0.0398594	-0.0328957	0			-0.0120779	main
7	80	close	auto	15	1	0.02	0.00011	12470	-0.0118853	-0.150116	-0.0223343	0.00657358	0.0215863	0.057734	-0.0141131	-0.00978389	0			-0.00493227	main
7	80	close	auto	15	7	0.02	0.00011	12470	-0.0402235	-0.155452	-0.124767	-0.0753874	0.0327898	0.162234	-0.0459038	-0.0343146	0			-0.0149216	main
7	80	close	auto	15	30	0.02	0.00011	12470	-0.0546822	-0.155512	-0.125398	-0.082817	-0.0145986	0.149273	-0.0597892	-0.0493436	0			-0.0181168	main
7	80	close	auto	30	1	0.02	0.00011	12470	-0.0237705	-0.300232	-0.0446686	0.0131472	0.0431726	0.115468	-0.0282262	-0.0195678	0			-0.00986453	main
7	80	close	auto	30	7	0.02	0.00011	12470	-0.080447	-0.310903	-0.249534	-0.150775	0.0655795	0.324469	-0.0918076	-0.0686291	0			-0.0298433	main
7	80	close	auto	30	30	0.02	0.00011	12470	-0.109364	-0.311025	-0.250796	-0.165634	-0.0291972	0.298547	-0.119578	-0.0986872	0			-0.0362337	main
7	80	hold	auto	3	1	0.02	0.00011	12470	-0.00299453	-0.0370231	-0.00237312	0.00163212	0.00484746	0.0134252	-0.00379127	-0.00224748	0	0.00830551	-0.0102155	-0.00108455	main
7	80	hold	auto	3	7	0.02	0.00011	12470	-0.0152079	-0.15982	-0.039426	0.00838525	0.0289535	0.0676496	-0.0211313	-0.00938833	0.00120289	0.0399831	-0.0488995	-0.00510409	main
7	80	hold	auto	3	30	0.02	0.00011	12470	-0.0510407	-0.398454	-0.134007	-0.00130803	0.0815301	0.182814	-0.0717296	-0.0321862	0.0210104	0.104557	-0.121984	-0.0131235	main
7	80	hold	auto	5	1	0.02	0.00011	12470	-0.00511841	-0.0617052	-0.0039552	0.0027202	0.0080791	0.0223753	-0.0065348	-0.00378443	0.00032077	0.0138448	-0.0168362	-0.00180748	main
7	80	hold	auto	5	7	0.02	0.00011	12470	-0.0258895	-0.267865	-0.06571	0.0139754	0.0482558	0.112749	-0.0353448	-0.0165669	0.0063352	0.0667651	-0.0779197	-0.00850653	main
7	80	hold	auto	5	30	0.02	0.00011	12470	-0.0794653	-1	-0.224956	-0.00251818	0.135851	0.30469	-0.110327	-0.0512647	0.0536488	0.176835	-0.181716	-0.021863	main
7	80	hold	auto	10	1	0.02	0.00011	12470	-0.0103416	-0.12341	-0.00791041	0.00544039	0.0161582	0.0447505	-0.0132175	-0.00765147	0.00184443	0.0276947	-0.0325918	-0.00361496	main
7	80	hold	auto	10	7	0.02	0.00011	12470	-0.0538738	-0.603833	-0.132134	0.027799	0.0964254	0.225499	-0.0727403	-0.0350133	0.0394547	0.134843	-0.132649	-0.0169946	main
7	80	hold	auto	10	30	0.02	0.00011	12470	-0.166068	-1	-0.642931	-0.0341615	0.262382	0.591807	-0.215096	-0.116443	0.229431	0.386515	-0.255394	-0.0427913	main
7	80	hold	auto	15	1	0.02	0.00011	12470	-0.0163565	-0.185667	-0.0118881	0.00814741	0.0241866	0.0670558	-0.0206614	-0.0124049	0.00721732	0.0414412	-0.0452378	-0.00542109	main
7	80	hold	auto	15	7	0.02	0.00011	12470	-0.0887615	-1	-0.214273	0.0397007	0.142927	0.334165	-0.115572	-0.0615535	0.10417	0.20571	-0.162287	-0.0252433	main
7	80	hold	auto	15	30	0.02	0.00011	12470	-0.26035	-1	-1	-0.245347	0.353671	0.855418	-0.318882	-0.19969	0.415156	0.62523	-0.281505	-0.0603251	main
7	80	hold	auto	30	1	0.02	0.00011	12470	-0.0368909	-0.447454	-0.0249769	0.0160294	0.0479199	0.133019	-0.0449163	-0.028786	0.0376103	0.0814524	-0.0700906	-0.0107491	main
7	80	hold	auto	30	7	0.02	0.00011	12470	-0.19739	-1	-1	0.0332481	0.253402	0.619775	-0.238929	-0.154837	0.321091	0.420477	-0.184831	-0.0468168	main
7	80	hold	auto	30	30	0.02	0.00011	12470	-0.453564	-1	-1	-1	0.187135	1.44707	-0.524066	-0.383444	0.701123	1.33641	-0.339426	-0.0944159	main
7	80	recover	auto	3	1	0.02	0.00011	12470	-0.00256463	-0.0339509	-0.00244774	0.0015932	0.0047791	0.0126159	-0.00323917	-0.00191544	0			-0.000975133	main
7	80	recover	auto	3	7	0.02	0.00011	12470	-0.0101621	-0.117512	-0.0203631	0.00841599	0.0193751	0.0404008	-0.0140604	-0.00617526	8.01925e-05			-0.00295114	main
7	80	recover	auto	3	30	0.02	0.00011	12470	-0.0219403	-0.226578	-0.0132106	0.0143157	0.028216	0.0573446	-0.0325772	-0.0125135	0.00673617			-0.00360129	main
7	80	recover	auto	5	1	0.02	0.00011	12470	-0.00427246	-0.0565849	-0.00407957	0.00265534	0.00796516	0.0210266	-0.00539674	-0.00318534	0.000160385			-0.00162522	main
7	80	recover	auto	5	7	0.02	0.00011	12470	-0.0172026	-0.19591	-0.0339386	0.0140266	0.0322918	0.0673347	-0.023599	-0.0105623	0.00248597			-0.00491856	main
7	80	recover	auto	5	30	0.02	0.00011	12470	-0.0339766	-0.37938	-0.0222429	0.0238502	0.0470026	0.0955743	-0.0493029	-0.0197941	0.0156375			-0.00600208	main
7	80	recover	auto	10	1	0.02	0.00011	12470	-0.00886167	-0.113224	-0.00816106	0.00530279	0.0159283	0.0420347	-0.0111976	-0.00654895	0.00136327			-0.00325042	main
7	80	recover	auto	10	7	0.02	0.00011	12470	-0.0359645	-0.403296	-0.0682241	0.0280386	0.0645749	0.134526	-0.0489113	-0.0230675	0.0182839			-0.00983697	main
7	80	recover	auto	10	30	0.02	0.00011	12470	-0.0662747	-1	-0.0540396	0.047198	0.093615	0.190901	-0.0925996	-0.0411956	0.0722534			-0.012002	main
7	80	recover	auto	15	1	0.02	0.00011	12470	-0.013512	-0.170089	-0.0122633	0.00794457	0.0238866	0.0629973	-0.0170003	-0.0101236	0.00392943			-0.00487557	main
7	80	recover	auto	15	7	0.02	0.00011	12470	-0.057059	-1	-0.105231	0.0418174	0.0968109	0.201788	-0.0765425	-0.0377593	0.0522855			-0.014754	main
7	80	recover	auto	15	30	0.02	0.00011	12470	-0.102585	-1	-0.163045	0.067881	0.138879	0.285243	-0.137095	-0.0705629	0.150922			-0.017992	main
7	80	recover	auto	30	1	0.02	0.00011	12470	-0.0313712	-0.365317	-0.0254548	0.0157504	0.047478	0.124521	-0.0384367	-0.0242611	0.0276664			-0.00974828	main
7	80	recover	auto	30	7	0.02	0.00011	12470	-0.131073	-1	-0.348994	0.0732569	0.190048	0.401245	-0.163552	-0.098505	0.200642			-0.0294684	main
7	80	recover	auto	30	30	0.02	0.00011	12470	-0.210039	-1	-1	0.101128	0.253054	0.556898	-0.253061	-0.167707	0.35413			-0.0358662	main
10	40	close	auto	3	1	0.02	0.00011	12470	-0.000604864	-0.0339063	-0.00100609	0.00152169	0.00436682	0.0125488	-0.001006	-0.000199974	0			-0.000317644	main
10	40	close	auto	3	7	0.02	0.00011	12470	-0.00365212	-0.0427983	-0.0313245	-0.0034762	0.0177684	0.0451165	-0.00546139	-0.00180067	0			-0.00129531	main
10	40	close	auto	3	30	0.02	0.00011	12470	-0.00791875	-0.0428732	-0.0327936	-0.0186546	0.00646218	0.0624069	-0.0100735	-0.00577898	0			-0.00196711	main
10	40	close	auto	5	1	0.02	0.00011	12470	-0.00100811	-0.0565104	-0.00167682	0.00253614	0.00727804	0.0209146	-0.00167667	-0.000333289	0			-0.000529407	main
10	40	close	auto	5	7	0.02	0.00011	12470	-0.00608687	-0.0713305	-0.0522074	-0.00579366	0.029614	0.0751942	-0.00910232	-0.00300112	0			-0.00215885	main
10	40	close	auto	5	30	0.02	0.00011	12470	-0.0131979	-0.0714553	-0.0546559	-0.0310911	0.0107703	0.104012	-0.0167891	-0.00963163	0			-0.00327852	main
10	40	close	auto	10	1	0.02	0.00011	12470	-0.00201621	-0.113021	-0.00335364	0.00507229	0.0145561	0.0418292	-0.00335334	-0.000666579	0			-0.00105881	main
10	40	close	auto	10	7	0.02	0.00011	12470	-0.0121737	-0.142661	-0.104415	-0.0115873	0.059228	0.150388	-0.0182046	-0.00600225	0			-0.00431769	main
10	40	close	auto	10	30	0.02	0.00011	12470	-0.0263958	-0.142911	-0.109312	-0.0621822	0.0215406	0.208023	-0.0335782	-0.0192633	0			-0.00655705	main
10	40	close	auto	15	1	0.02	0.00011	12470	-0.00302432	-0.169531	-0.00503046	0.00760843	0.0218341	0.0627438	-0.00503001	-0.000999868	0			-0.00158822	main
10	40	close	auto	15	7	0.02	0.00011	12470	-0.0182606	-0.213991	-0.156622	-0.017381	0.088842	0.225582	-0.027307	-0.00900337	0			-0.00647654	main
10	40	close	auto	15	30	0.02	0.00011	12470	-0.0395938	-0.214366	-0.163968	-0.0932732	0.0323109	0.312035	-0.0503673	-0.0288949	0			-0.00983557	main
10	40	close	auto	30	1	0.02	0.00011	12470	-0.00604864	-0.339063	-0.0100609	0.0152169	0.0436682	0.125488	-0.01006	-0.00199974	0			-0.00317644	main
10	40	close	auto	30	7	0.02	0.00011	12470	-0.0365212	-0.427983	-0.313245	-0.034762	0.177684	0.451165	-0.0546139	-0.0180067	0			-0.0129531	main
10	40	close	auto	30	30	0.02	0.00011	12470	-0.0791875	-0.428732	-0.327936	-0.186546	0.0646218	0.624069	-0.100735	-0.0577898	0			-0.0196711	main
10	40	hold	auto	3	1	0.02	0.00011	12470	-0.000789211	-0.0211576	-0.00074562	0.00162263	0.00453316	0.0134598	-0.00138526	-0.000198503	0	0.00680763	-0.00726729	-0.000329554	main
10	40	hold	auto	3	7	0.02	0.00011	12470	-0.00520871	-0.13943	-0.0168289	0.0114522	0.0303517	0.0742557	-0.0104144	-0.000300313	0.00096231	0.0379548	-0.0404679	-0.0017375	main
10	40	hold	auto	3	30	0.02	0.00011	12470	-0.0273593	-0.373231	-0.106235	0.0273346	0.0972645	0.206445	-0.047604	-0.00877451	0.0203689	0.107583	-0.109889	-0.00478812	main
10	40	hold	auto	5	1	0.02	0.00011	12470	-0.00145386	-0.0352626	-0.0012427	0.00270438	0.00755527	0.022433	-0.00251586	-0.000408268	0.00032077	0.011346	-0.0119302	-0.000549173	main
10	40	hold	auto	5	7	0.02	0.00011	12470	-0.00936367	-0.233681	-0.0280482	0.0190869	0.0505862	0.12376	-0.0176838	-0.00125229	0.00601443	0.0633597	-0.0638296	-0.00289542	main
10	40	hold	auto	5	30	0.02	0.00011	12470	-0.040632	-1	-0.17864	0.0453725	0.162063	0.343804	-0.0699777	-0.0130105	0.0509222	0.181695	-0.162703	-0.00797372	main
10	40	hold	auto	10	1	0.02	0.00011	12470	-0.00297678	-0.0705252	-0.0024854	0.00540876	0.0151105	0.044866	-0.00511235	-0.000875496	0.00144346	0.0226741	-0.0231123	-0.0010983	main
10	40	hold	auto	10	7	0.02	0.00011	12470	-0.0201647	-0.513721	-0.0565966	0.0381508	0.101156	0.246827	-0.0362606	-0.00373723	0.0327185	0.127286	-0.108492	-0.0057823	main
10	40	hold	auto	10	30	0.02	0.00011	12470	-0.0875641	-1	-0.482038	0.0739168	0.316716	0.670738	-0.137093	-0.0397553	0.198396	0.388055	-0.232437	-0.0155992	main
10	40	hold	auto	15	1	0.02	0.00011	12470	-0.00459854	-0.106102	-0.00373297	0.0081064	0.022657	0.0672121	-0.00772371	-0.00153287	0.00433039	0.0338762	-0.0325067	-0.0016466	main
10	40	hold	auto	15	7	0.02	0.00011	12470	-0.0347101	-1	-0.0916132	0.0565443	0.150904	0.367601	-0.0582316	-0.010562	0.0809944	0.192606	-0.133459	-0.00861371	main
10	40	hold	auto	15	30	0.02	0.00011	12470	-0.141518	-1	-1	0.00010513	0.440862	0.967297	-0.20107	-0.0809448	0.354771	0.617123	-0.259067	-0.0222978	main
10	40	hold	auto	30	1	0.02	0.00011	12470	-0.0139219	-0.236182	-0.00791273	0.0160502	0.0451702	0.132865	-0.0199837	-0.00797955	0.025822	0.0655042	-0.0501287	-0.00324816	main
10	40	hold	auto	30	7	0.02	0.00011	12470	-0.0987259	-1	-0.672628	0.0885946	0.270281	0.663152	-0.136914	-0.0592146	0.248516	0.375232	-0.158886	-0.0159411	main
10	40	hold	auto	30	30	0.02	0.00011	12470	-0.303302	-1	-1	-1	0.503494	1.5995	-0.377502	-0.226225	0.631516	1.25595	-0.309344	-0.0354499	main
10	40	recover	auto	3	1	0.02	0.00011	12470	-0.000723569	-0.0216615	-0.000781595	0.00160901	0.00451623	0.0131374	-0.00127967	-0.00018072	0			-0.000312532	main
10	40	recover	auto	3	7	0.02	0.00011	12470	-0.00480454	-0.112028	-0.0142068	0.0105699	0.0245496	0.0519967	-0.00887783	-0.000811803	0.00032077			-0.00126558	main
10	40	recover	auto	3	30	0.02	0.00011	12470	-0.0202716	-0.246503	-0.0350527	0.0210757	0.043316	0.0888003	-0.0327345	-0.00882482	0.00874098			-0.00193719	main
10	40	recover	auto	5	1	0.02	0.00011	12470	-0.00136861	-0.0361457	-0.00130594	0.00268079	0.00752605	0.0218889	-0.00239219	-0.000374207	0.00032077			-0.00052087	main
10	40	recover	auto	5	7	0.02	0.00011	12470	-0.00865002	-0.187219	-0.0237355	0.0176037	0.0408947	0.0865465	-0.0153533	-0.0019177	0.00352847			-0.00210925	main
10	40	recover	auto	5	30	0.02	0.00011	12470	-0.0313411	-0.419949	-0.058776	0.0351139	0.0721318	0.147981	-0.0493815	-0.0142315	0.021652			-0.00322852	main
10	40	recover	auto	10	1	0.02	0.00011	12470	-0.00264969	-0.0722914	-0.00261188	0.00536158	0.0150521	0.0437778	-0.00464646	-0.000718653	0.00096231			-0.00104174	main
10	40	recover	auto	10	7	0.02	0.00011	12470	-0.0177199	-0.388197	-0.0475394	0.0351998	0.0817419	0.173093	-0.0310369	-0.00452269	0.0182037			-0.00421833	main
10	40	recover	auto	10	30	0.02	0.00011	12470	-0.0574634	-1	-0.133189	0.0693612	0.143993	0.295503	-0.0886864	-0.0274776	0.0858861			-0.00645455	main
10	40	recover	auto	15	1	0.02	0.00011	12470	-0.0040705	-0.108681	-0.00391782	0.00804237	0.0225781	0.0656667	-0.00686021	-0.0012665	0.00312751			-0.00156256	main
10	40	recover	auto	15	7	0.02	0.00011	12470	-0.0293079	-1	-0.0738648	0.0527442	0.122556	0.259276	-0.0488441	-0.00997287	0.0501203			-0.00632621	main
10	40	recover	auto	15	30	0.02	0.00011	12470	-0.0910603	-1	-0.300763	0.0993099	0.213676	0.442378	-0.130856	-0.0522193	0.178909			-0.00966908	main
10	40	recover	auto	30	1	0.02	0.00011	12470	-0.012054	-0.229548	-0.0080142	0.0160104	0.0449347	0.130013	-0.0178935	-0.00650166	0.0215718			-0.00312198	main
10	40	recover	auto	30	7	0.02	0.00011	12470	-0.0818518	-1	-0.279949	0.0928225	0.240333	0.514137	-0.11625	-0.0475274	0.192542			-0.0126094	main
10	40	recover	auto	30	30	0.02	0.00011	12470	-0.201276	-1	-1	0.0865001	0.387231	0.871372	-0.255935	-0.148001	0.417081			-0.0191952	main
10	80	close	auto	3	1	0.02	0.00011	12470	-0.0013952	-0.0369751	-0.00140073	0.00129966	0.00378574	0.0107692	-0.00181644	-0.000969737	0			-0.000583108	main
10	80	close	auto	3	7	0.02	0.00011	12470	-0.00651159	-0.0440131	-0.0335766	-0.0069662	0.0154422	0.0399588	-0.00831568	-0.00468468	0			-0.002375	main
10	80	close	auto	3	30	0.02	0.00011	12470	-0.0120867	-0.0441091	-0.0349107	-0.0220796	0.000436212	0.0541209	-0.0140342	-0.0100361	0			-0.0036052	main
10	80	close	auto	5	1	0.02	0.00011	12470	-0.00232533	-0.0616251	-0.00233455	0.0021661	0.00630957	0.0179487	-0.0030274	-0.00161623	0			-0.000971847	main
10	80	close	auto	5	7	0.02	0.00011	12470	-0.0108526	-0.0733552	-0.055961	-0.0116103	0.025737	0.066598	-0.0138595	-0.0078078	0			-0.00395834	main
10	80	close	auto	5	30	0.02	0.00011	12470	-0.0201445	-0.0735152	-0.0581846	-0.0367993	0.000727021	0.0902016	-0.0233904	-0.0167268	0			-0.00600867	main
10	80	close	auto	10	1	0.02	0.00011	12470	-0.00465066	-0.12325	-0.0046691	0.00433219	0.0126191	0.0358974	-0.00605481	-0.00323246	0			-0.00194369	main
10	80	close	auto	10	7	0.02	0.00011	12470	-0.0217053	-0.14671	-0.111922	-0.0232207	0.051474	0.133196	-0.0277189	-0.0156156	0			-0.00791667	main
10	80	close	auto	10	30	0.02	0.00011	12470	-0.0402891	-0.14703	-0.116369	-0.0735986	0.00145404	0.180403	-0.0467808	-0.0334536	0			-0.0120173	main
10	80	close	auto	15	1	0.02	0.00011	12470	-0.00697599	-0.184875	-0.00700365	0.00649829	0.0189287	0.0538461	-0.00908221	-0.00484869	0			-0.00291554	main
10	80	close	auto	15	7	0.02	0.00011	12470	-0.0325579	-0.220066	-0.167883	-0.034831	0.077211	0.199794	-0.0415784	-0.0234234	0			-0.011875	main
10	80	close	auto	15	30	0.02	0.00011	12470	-0.0604336	-0.220546	-0.174554	-0.110398	0.00218106	0.270605	-0.0701712	-0.0501804	0			-0.018026	main
10	80	close	auto	30	1	0.02	0.00011	12470	-0.013952	-0.369751	-0.0140073	0.0129966	0.0378574	0.107692	-0.0181644	-0.00969737	0			-0.00583108	main
10	80	close	auto	30	7	0.02	0.00011	12470	-0.0651159	-0.440131	-0.335766	-0.069662	0.154422	0.399588	-0.0831568	-0.0468468	0			-0.02375	main
10	80	close	auto	30	30	0.02	0.00011	12470	-0.120867	-0.441091	-0.349107	-0.220796	0.00436212	0.541209	-0.140342	-0.100361	0			-0.036052	main
10	80	hold	auto	3	1	0.02	0.00011	12470	-0.00165296	-0.0230681	-0.00115207	0.00137597	0.00392162	0.0112807	-0.00226463	-0.00106678	0	0.00657939	-0.00762321	-0.000609142	main
10	80	hold	auto	3	7	0.02	0.00011	12470	-0.00944131	-0.142143	-0.0204262	0.00946575	0.026411	0.0638274	-0.0147175	-0.0045186	0.00096231	0.0359553	-0.0412085	-0.00323406	main
10	80	hold	auto	3	30	0.02	0.00011	12470	-0.0387644	-0.379112	-0.113641	0.0185621	0.0849162	0.180199	-0.0585672	-0.0203614	0.0204491	0.101124	-0.11082	-0.00892313	main
10	80	hold	auto	5	1	0.02	0.00011	12470	-0.00289143	-0.0384469	-0.00192012	0.00229329	0.00653604	0.0188012	-0.00403062	-0.00183253	0.00032077	0.0109668	-0.0125229	-0.00101515	main
10	80	hold	auto	5	7	0.02	0.00011	12470	-0.0163846	-0.238963	-0.0340437	0.0157762	0.0440183	0.106379	-0.024753	-0.00824552	0.00601443	0.0600242	-0.0650591	-0.00538957	main
10	80	hold	auto	5	30	0.02	0.00011	12470	-0.0596309	-1	-0.190797	0.0305706	0.141468	0.300261	-0.0892825	-0.0322612	0.0519647	0.170773	-0.163667	-0.0148606	main
10	80	hold	auto	10	1	0.02	0.00011	12470	-0.0058393	-0.0768938	-0.00384024	0.00458658	0.0130721	0.0376025	-0.00812508	-0.00370662	0.00144346	0.0219211	-0.0242942	-0.00203022	main
10	80	hold	auto	10	7	0.02	0.00011	12470	-0.0340743	-0.527381	-0.0685863	0.03152	0.0879757	0.212621	-0.0505907	-0.0179209	0.0332799	0.120611	-0.110597	-0.0107648	main
10	80	hold	auto	10	30	0.02	0.00011	12470	-0.12482	-1	-0.514142	0.0404317	0.274022	0.584697	-0.173343	-0.0777391	0.205293	0.365218	-0.231535	-0.029074	main
10	80	hold	auto	15	1	0.02	0.00011	12470	-0.00895435	-0.115827	-0.00578013	0.0068786	0.0195925	0.0563535	-0.0122347	-0.00584886	0.00457097	0.0327549	-0.0341273	-0.00304405	main
10	80	hold	auto	15	7	0.02	0.00011	12470	-0.0565351	-1	-0.111377	0.0462612	0.130533	0.316392	-0.0804481	-0.0320612	0.0842021	0.182235	-0.135672	-0.01601	main
10	80	hold	auto	15	30	0.02	0.00011	12470	-0.197523	-1	-1	-0.0673755	0.378631	0.848031	-0.256008	-0.138597	0.37097	0.580106	-0.252924	-0.0413784	main
10	80	hold	auto	30	1	0.02	0.00011	12470	-0.0223245	-0.253755	-0.0120697	0.0136117	0.0388968	0.111295	-0.0286494	-0.0159481	0.0268645	0.0635063	-0.0529752	-0.00600825	main
10	80	hold	auto	30	7	0.02	0.00011	12470	-0.137348	-1	-1	0.0687959	0.233847	0.573182	-0.174895	-0.0990378	0.258861	0.354524	-0.158872	-0.0295879	main
10	80	hold	auto	30	30	0.02	0.00011	12470	-0.378993	-1	-1	-1	0.388221	1.4192	-0.449603	-0.3067	0.650281	1.17577	-0.295976	-0.0651875	main
10	80	recover	auto	3	1	0.02	0.00011	12470	-0.00150832	-0.0231869	-0.00118492	0.00136584	0.00389761	0.0111257	-0.00206753	-0.000963082	0			-0.000578062	main
10	80	recover	auto	3	7	0.02	0.00011	12470	-0.0076305	-0.112782	-0.0167342	0.0087154	0.021437	0.0453577	-0.0116607	-0.00371261	0.00032077			-0.00234573	main
10	80	recover	auto	3	30	0.02	0.00011	12470	-0.0242574	-0.247655	-0.0378317	0.0180036	0.0381276	0.0795383	-0.0366885	-0.013023	0.00858059			-0.00357578	main
10	80	recover	auto	5	1	0.02	0.00011	12470	-0.00267585	-0.0386683	-0.00197642	0.00227519	0.00649258	0.0185283	-0.00374835	-0.00168638	0.00032077			-0.00096342	main
10	80	recover	auto	5	7	0.02	0.00011	12470	-0.0133728	-0.189153	-0.0279194	0.014502	0.0357242	0.0755713	-0.019971	-0.00671865	0.00352847			-0.00390951	main
10	80	recover	auto	5	30	0.02	0.00011	12470	-0.038002	-0.419192	-0.0633922	0.0299748	0.0635111	0.132505	-0.0558361	-0.0211329	0.0214916			-0.00595951	main
10	80	recover	auto	10	1	0.02	0.00011	12470	-0.00526363	-0.0773365	-0.00395285	0.00455038	0.0129852	0.0370567	-0.00737096	-0.00327408	0.00096231			-0.00192684	main
10	80	recover	auto	10	7	0.02	0.00011	12470	-0.0271439	-0.390616	-0.0560531	0.0289987	0.0714345	0.151143	-0.0401481	-0.0141937	0.0182839			-0.00781883	main
10	80	recover	auto	10	30	0.02	0.00011	12470	-0.07102	-1	-0.141193	0.0591696	0.126532	0.264729	-0.101622	-0.041662	0.0858861			-0.0119165	main
10	80	recover	auto	15	1	0.02	0.00011	12470	-0.00796637	-0.116055	-0.00592927	0.00682556	0.0194777	0.055585	-0.0108926	-0.00509975	0.00312751			-0.00289021	main
10	80	recover	auto	15	7	0.02	0.00011	12470	-0.0434368	-1	-0.0867183	0.0433415	0.107072	0.22668	-0.0625958	-0.0244069	0.0502807			-0.0117269	main
10	80	recover	auto	15	30	0.02	0.00011	12470	-0.112169	-1	-0.317703	0.0832802	0.187103	0.395099	-0.151147	-0.0744003	0.180353			-0.0178615	main
10	80	recover	auto	30	1	0.02	0.00011	12470	-0.0200732	-0.249236	-0.0122407	0.0135641	0.0388337	0.110321	-0.0261266	-0.0140762	0.0223737			-0.00577693	main
10	80	recover	auto	30	7	0.02	0.00011	12470	-0.110692	-1	-0.31212	0.0747451	0.208945	0.449386	-0.144628	-0.076236	0.197273			-0.0234087	main
10	80	recover	auto	30	30	0.02	0.00011	12470	-0.242926	-1	-1	0.0387164	0.333006	0.770723	-0.294901	-0.191297	0.426464			-0.0355755	main
1.5	40	close	auto	3	1	0.005	0	12470	-0.00131103								0				robustness
1.5	40	close	auto	3	1	0.005	0.00011	12470	-0.00301244								0				robustness
1.5	40	close	auto	3	1	0.005	0.0005	12470	-0.00904468								0				robustness
1.5	40	close	auto	3	1	0.02	0	12470	-0.00131103								0				robustness
1.5	40	close	auto	3	1	0.02	0.0005	12470	-0.00904468								0				robustness
1.5	40	close	auto	3	7	0.005	0	12470	-0.00145356								0				robustness
1.5	40	close	auto	3	7	0.005	0.00011	12470	-0.00329402								0				robustness
1.5	40	close	auto	3	7	0.005	0.0005	12470	-0.00981928								0				robustness
1.5	40	close	auto	3	7	0.02	0	12470	-0.00145356								0				robustness
1.5	40	close	auto	3	7	0.02	0.0005	12470	-0.00981928								0				robustness
1.5	40	close	auto	3	30	0.005	0	12470	-0.00145356								0				robustness
1.5	40	close	auto	3	30	0.005	0.00011	12470	-0.00329402								0				robustness
1.5	40	close	auto	3	30	0.005	0.0005	12470	-0.00981928								0				robustness
1.5	40	close	auto	3	30	0.02	0	12470	-0.00145356								0				robustness
1.5	40	close	auto	3	30	0.02	0.0005	12470	-0.00981928								0				robustness
1.5	40	close	auto	5	1	0.005	0	12470	-0.00218505								0				robustness
1.5	40	close	auto	5	1	0.005	0.00011	12470	-0.00502073								0				robustness
1.5	40	close	auto	5	1	0.005	0.0005	12470	-0.0150745								0				robustness
1.5	40	close	auto	5	1	0.02	0	12470	-0.00218505								0				robustness
1.5	40	close	auto	5	1	0.02	0.0005	12470	-0.0150745								0				robustness
1.5	40	close	auto	5	7	0.005	0	12470	-0.0024226								0				robustness
1.5	40	close	auto	5	7	0.005	0.00011	12470	-0.00549003								0				robustness
1.5	40	close	auto	5	7	0.005	0.0005	12470	-0.0163655								0				robustness
1.5	40	close	auto	5	7	0.02	0	12470	-0.0024226								0				robustness
1.5	40	close	auto	5	7	0.02	0.0005	12470	-0.0163655								0				robustness
1.5	40	close	auto	5	30	0.005	0	12470	-0.0024226								0				robustness
1.5	40	close	auto	5	30	0.005	0.00011	12470	-0.00549003								0				robustness
1.5	40	close	auto	5	30	0.005	0.0005	12470	-0.0163655								0				robustness
1.5	40	close	auto	5	30	0.02	0	12470	-0.0024226								0				robustness
1.5	40	close	auto	5	30	0.02	0.0005	12470	-0.0163655								0				robustness
1.5	40	close	auto	10	1	0.005	0	12470	-0.00437011								0				robustness
1.5	40	close	auto	10	1	0.005	0.00011	12470	-0.0100415								0				robustness
1.5	40	close	auto	10	1	0.005	0.0005	12470	-0.0301489								0				robustness
1.5	40	close	auto	10	1	0.02	0	12470	-0.00437011								0				robustness
1.5	40	close	auto	10	1	0.02	0.0005	12470	-0.0301489								0				robustness
1.5	40	close	auto	10	7	0.005	0	12470	-0.0048452								0				robustness
1.5	40	close	auto	10	7	0.005	0.00011	12470	-0.0109801								0				robustness
1.5	40	close	auto	10	7	0.005	0.0005	12470	-0.0327309								0				robustness
1.5	40	close	auto	10	7	0.02	0	12470	-0.0048452								0				robustness
1.5	40	close	auto	10	7	0.02	0.0005	12470	-0.0327309								0				robustness
1.5	40	close	auto	10	30	0.005	0	12470	-0.0048452								0				robustness
1.5	40	close	auto	10	30	0.005	0.00011	12470	-0.0109801								0				robustness
1.5	40	close	auto	10	30	0.005	0.0005	12470	-0.0327309								0				robustness
1.5	40	close	auto	10	30	0.02	0	12470	-0.0048452								0				robustness
1.5	40	close	auto	10	30	0.02	0.0005	12470	-0.0327309								0				robustness
1.5	40	close	auto	15	1	0.005	0	12470	-0.00655516								0				robustness
1.5	40	close	auto	15	1	0.005	0.00011	12470	-0.0150622								0				robustness
1.5	40	close	auto	15	1	0.005	0.0005	12470	-0.0452234								0				robustness
1.5	40	close	auto	15	1	0.02	0	12470	-0.00655516								0				robustness
1.5	40	close	auto	15	1	0.02	0.0005	12470	-0.0452234								0				robustness
1.5	40	close	auto	15	7	0.005	0	12470	-0.0072678								0				robustness
1.5	40	close	auto	15	7	0.005	0.00011	12470	-0.0164701								0				robustness
1.5	40	close	auto	15	7	0.005	0.0005	12470	-0.0490964								0				robustness
1.5	40	close	auto	15	7	0.02	0	12470	-0.0072678								0				robustness
1.5	40	close	auto	15	7	0.02	0.0005	12470	-0.0490964								0				robustness
1.5	40	close	auto	15	30	0.005	0	12470	-0.0072678								0				robustness
1.5	40	close	auto	15	30	0.005	0.00011	12470	-0.0164701								0				robustness
1.5	40	close	auto	15	30	0.005	0.0005	12470	-0.0490964								0				robustness
1.5	40	close	auto	15	30	0.02	0	12470	-0.0072678								0				robustness
1.5	40	close	auto	15	30	0.02	0.0005	12470	-0.0490964								0				robustness
1.5	40	close	auto	30	1	0.005	0	12470	-0.0131103								0				robustness
1.5	40	close	auto	30	1	0.005	0.00011	12470	-0.0301244								0				robustness
1.5	40	close	auto	30	1	0.005	0.0005	12470	-0.0904468								0				robustness
1.5	40	close	auto	30	1	0.02	0	12470	-0.0131103								0				robustness
1.5	40	close	auto	30	1	0.02	0.0005	12470	-0.0904468								0				robustness
1.5	40	close	auto	30	7	0.005	0	12470	-0.0145356								0				robustness
1.5	40	close	auto	30	7	0.005	0.00011	12470	-0.0329402								0				robustness
1.5	40	close	auto	30	7	0.005	0.0005	12470	-0.0981928								0				robustness
1.5	40	close	auto	30	7	0.02	0	12470	-0.0145356								0				robustness
1.5	40	close	auto	30	7	0.02	0.0005	12470	-0.0981928								0				robustness
1.5	40	close	auto	30	30	0.005	0	12470	-0.0145356								0				robustness
1.5	40	close	auto	30	30	0.005	0.00011	12470	-0.0329402								0				robustness
1.5	40	close	auto	30	30	0.005	0.0005	12470	-0.0981928								0				robustness
1.5	40	close	auto	30	30	0.02	0	12470	-0.0145356								0				robustness
1.5	40	close	auto	30	30	0.02	0.0005	12470	-0.0981928								0				robustness
1.5	40	close	reverse	3	1	0.02	0.00011	12470	-0.000464026								0				robustness
1.5	40	close	reverse	3	7	0.02	0.00011	12470	-0.000602249								0				robustness
1.5	40	close	reverse	3	30	0.02	0.00011	12470	-0.000602249								0				robustness
1.5	40	close	reverse	5	1	0.02	0.00011	12470	-0.000773377								0				robustness
1.5	40	close	reverse	5	7	0.02	0.00011	12470	-0.00100375								0				robustness
1.5	40	close	reverse	5	30	0.02	0.00011	12470	-0.00100375								0				robustness
1.5	40	close	reverse	10	1	0.02	0.00011	12470	-0.00154675								0				robustness
1.5	40	close	reverse	10	7	0.02	0.00011	12470	-0.0020075								0				robustness
1.5	40	close	reverse	10	30	0.02	0.00011	12470	-0.0020075								0				robustness
1.5	40	close	reverse	15	1	0.02	0.00011	12470	-0.00232013								0				robustness
1.5	40	close	reverse	15	7	0.02	0.00011	12470	-0.00301124								0				robustness
1.5	40	close	reverse	15	30	0.02	0.00011	12470	-0.00301124								0				robustness
1.5	40	close	reverse	30	1	0.02	0.00011	12470	-0.00464026								0				robustness
1.5	40	close	reverse	30	7	0.02	0.00011	12470	-0.00602249								0				robustness
1.5	40	close	reverse	30	30	0.02	0.00011	12470	-0.00602249								0				robustness
1.5	40	hold	auto	3	1	0.005	0	12470	-0.007618								0				robustness
1.5	40	hold	auto	3	1	0.005	0.00011	12470	-0.0118374								0				robustness
1.5	40	hold	auto	3	1	0.005	0.0005	12470	-0.026797								0				robustness
1.5	40	hold	auto	3	1	0.02	0	12470	-0.007618								0				robustness
1.5	40	hold	auto	3	1	0.02	0.0005	12470	-0.0268179								8.01925e-05				robustness
1.5	40	hold	auto	3	7	0.005	0	12470	-0.0257273								0.00112269				robustness
1.5	40	hold	auto	3	7	0.005	0.00011	12470	-0.0390674								0.00120289				robustness
1.5	40	hold	auto	3	7	0.005	0.0005	12470	-0.0863367								0.00152366				robustness
1.5	40	hold	auto	3	7	0.02	0	12470	-0.0257904								0.00136327				robustness
1.5	40	hold	auto	3	7	0.02	0.0005	12470	-0.0864217								0.00184443				robustness
1.5	40	hold	auto	3	30	0.005	0	12470	-0.0677108								0.0210906				robustness
1.5	40	hold	auto	3	30	0.005	0.00011	12470	-0.0964232								0.0219727				robustness
1.5	40	hold	auto	3	30	0.005	0.0005	12470	-0.198454								0.0249399				robustness
1.5	40	hold	auto	3	30	0.02	0	12470	-0.068024								0.0224539				robustness
1.5	40	hold	auto	3	30	0.02	0.0005	12470	-0.199								0.0264635				robustness
1.5	40	hold	auto	5	1	0.005	0	12470	-0.0128094								0.00032077				robustness
1.5	40	hold	auto	5	1	0.005	0.00011	12470	-0.0198409								0.00032077				robustness
1.5	40	hold	auto	5	1	0.005	0.0005	12470	-0.0447705								0.00032077				robustness
1.5	40	hold	auto	5	1	0.02	0	12470	-0.0128094								0.00032077				robustness
1.5	40	hold	auto	5	1	0.02	0.0005	12470	-0.0448862								0.000481155				robustness
1.5	40	hold	auto	5	7	0.005	0	12470	-0.0434199								0.00673617				robustness
1.5	40	hold	auto	5	7	0.005	0.00011	12470	-0.0656655								0.00697674				robustness
1.5	40	hold	auto	5	7	0.005	0.0005	12470	-0.144703								0.00866079				robustness
1.5	40	hold	auto	5	7	0.02	0	12470	-0.0437237								0.00737771				robustness
1.5	40	hold	auto	5	7	0.02	0.0005	12470	-0.14511								0.00994387				robustness
1.5	40	hold	auto	5	30	0.005	0	12470	-0.10694								0.055413				robustness
1.5	40	hold	auto	5	30	0.005	0.00011	12470	-0.155306								0.0589415				robustness
1.5	40	hold	auto	5	30	0.005	0.0005	12470	-0.326049								0.0759423				robustness
1.5	40	hold	auto	5	30	0.02	0	12470	-0.108708								0.0600642				robustness
1.5	40	hold	auto	5	30	0.02	0.0005	12470	-0.32863								0.0826784				robustness
1.5	40	hold	auto	10	1	0.005	0	12470	-0.0257157								0.00224539				robustness
1.5	40	hold	auto	10	1	0.005	0.00011	12470	-0.0397628								0.00224539				robustness
1.5	40	hold	auto	10	1	0.005	0.0005	12470	-0.0896393								0.00240577				robustness
1.5	40	hold	auto	10	1	0.02	0	12470	-0.0258085								0.00272654				robustness
1.5	40	hold	auto	10	1	0.02	0.0005	12470	-0.0899008								0.0032077				robustness
1.5	40	hold	auto	10	7	0.005	0	12470	-0.0875178								0.0437851				robustness
1.5	40	hold	auto	10	7	0.005	0.00011	12470	-0.131544								0.0461909				robustness
1.5	40	hold	auto	10	7	0.005	0.0005	12470	-0.288943								0.0614274				robustness
1.5	40	hold	auto	10	7	0.02	0	12470	-0.0898223								0.0501203				robustness
1.5	40	hold	auto	10	7	0.02	0.0005	12470	-0.29256								0.0710505				robustness
1.5	40	hold	auto	10	30	0.005	0	12470	-0.210407								0.248597				robustness
1.5	40	hold	auto	10	30	0.005	0.00011	12470	-0.303712								0.269366				robustness
1.5	40	hold	auto	10	30	0.005	0.0005	12470	-0.631456								0.410184				robustness
1.5	40	hold	auto	10	30	0.02	0	12470	-0.222937								0.270409				robustness
1.5	40	hold	auto	10	30	0.02	0.0005	12470	-0.647595								0.446672				robustness
1.5	40	hold	auto	15	1	0.005	0	12470	-0.0390648								0.00890136				robustness
1.5	40	hold	auto	15	1	0.005	0.00011	12470	-0.0602668								0.00946271				robustness
1.5	40	hold	auto	15	1	0.005	0.0005	12470	-0.135186								0.0111468				robustness
1.5	40	hold	auto	15	1	0.02	0	12470	-0.0403808								0.0119487				robustness
1.5	40	hold	auto	15	1	0.02	0.0005	12470	-0.136012								0.0134723				robustness
1.5	40	hold	auto	15	7	0.005	0	12470	-0.133377								0.119326				robustness
1.5	40	hold	auto	15	7	0.005	0.00011	12470	-0.200047								0.129671				robustness
1.5	40	hold	auto	15	7	0.005	0.0005	12470	-0.431533								0.181716				robustness
1.5	40	hold	auto	15	7	0.02	0	12470	-0.144706								0.14186				robustness
1.5	40	hold	auto	15	7	0.02	0.0005	12470	-0.445521								0.216279				robustness
1.5	40	hold	auto	15	30	0.005	0	12470	-0.304632								0.442903				robustness
1.5	40	hold	auto	15	30	0.005	0.00011	12470	-0.43523								0.484443				robustness
1.5	40	hold	auto	15	30	0.005	0.0005	12470	-0.825777								0.698476				robustness
1.5	40	hold	auto	15	30	0.02	0	12470	-0.337424								0.480032				robustness
1.5	40	hold	auto	15	30	0.02	0.0005	12470	-0.84865								0.747715				robustness
1.5	40	hold	auto	30	1	0.005	0	12470	-0.0755641								0.0486768				robustness
1.5	40	hold	auto	30	1	0.005	0.00011	12470	-0.117546								0.0518845				robustness
1.5	40	hold	auto	30	1	0.005	0.0005	12470	-0.2663								0.0700882				robustness
1.5	40	hold	auto	30	1	0.02	0	12470	-0.0868652								0.0733761				robustness
1.5	40	hold	auto	30	1	0.02	0.0005	12470	-0.284642								0.113232				robustness
1.5	40	hold	auto	30	7	0.005	0	12470	-0.241901								0.359743				robustness
1.5	40	hold	auto	30	7	0.005	0.00011	12470	-0.365722								0.397113				robustness
1.5	40	hold	auto	30	7	0.005	0.0005	12470	-0.755635								0.607939				robustness
1.5	40	hold	auto	30	7	0.02	0	12470	-0.303476								0.437289				robustness
1.5	40	hold	auto	30	7	0.02	0.0005	12470	-0.81309								0.722053				robustness
1.5	40	hold	auto	30	30	0.005	0	12470	-0.459643								0.723015				robustness
1.5	40	hold	auto	30	30	0.005	0.00011	12470	-0.643297								0.775862				robustness
1.5	40	hold	auto	30	30	0.005	0.0005	12470	-0.985621								0.971451				robustness
1.5	40	hold	auto	30	30	0.02	0	12470	-0.540726								0.772735				robustness
1.5	40	hold	auto	30	30	0.02	0.0005	12470	-0.995535								0.99158				robustness
1.5	40	hold	reverse	3	1	0.02	0.00011	12470	-0.00451754								0				robustness
1.5	40	hold	reverse	3	7	0.02	0.00011	12470	-0.0164519								0.00136327				robustness
1.5	40	hold	reverse	3	30	0.02	0.00011	12470	-0.0479573								0.0218123				robustness
1.5	40	hold	reverse	5	1	0.02	0.00011	12470	-0.0076428								0.00032077				robustness
1.5	40	hold	reverse	5	7	0.02	0.00011	12470	-0.0280282								0.00705694				robustness
1.5	40	hold	reverse	5	30	0.02	0.00011	12470	-0.0747501								0.0573376				robustness
1.5	40	hold	reverse	10	1	0.02	0.00011	12470	-0.0154826								0.00264635				robustness
1.5	40	hold	reverse	10	7	0.02	0.00011	12470	-0.0583982								0.047073				robustness
1.5	40	hold	reverse	10	30	0.02	0.00011	12470	-0.157523								0.256295				robustness
1.5	40	hold	reverse	15	1	0.02	0.00011	12470	-0.0248224								0.0115477				robustness
1.5	40	hold	reverse	15	7	0.02	0.00011	12470	-0.0971575								0.13352				robustness
1.5	40	hold	reverse	15	30	0.02	0.00011	12470	-0.24327								0.451403				robustness
1.5	40	hold	reverse	30	1	0.02	0.00011	12470	-0.0553014								0.0684844				robustness
1.5	40	hold	reverse	30	7	0.02	0.00011	12470	-0.214723								0.408661				robustness
1.5	40	hold	reverse	30	30	0.02	0.00011	12470	-0.417053								0.740417				robustness
1.5	40	recover	auto	3	1	0.005	0	12470	-0.00251992								0				robustness
1.5	40	recover	auto	3	1	0.005	0.00011	12470	-0.00419374								0				robustness
1.5	40	recover	auto	3	1	0.005	0.0005	12470	-0.0101282								0				robustness
1.5	40	recover	auto	3	1	0.02	0	12470	-0.00251992								0				robustness
1.5	40	recover	auto	3	1	0.02	0.0005	12470	-0.0101491								8.01925e-05				robustness
1.5	40	recover	auto	3	7	0.005	0	12470	-0.00372022								8.01925e-05				robustness
1.5	40	recover	auto	3	7	0.005	0.00011	12470	-0.00554972								8.01925e-05				robustness
1.5	40	recover	auto	3	7	0.005	0.0005	12470	-0.0120361								8.01925e-05				robustness
1.5	40	recover	auto	3	7	0.02	0	12470	-0.00372022								8.01925e-05				robustness
1.5	40	recover	auto	3	7	0.02	0.0005	12470	-0.012054								0.000160385				robustness
1.5	40	recover	auto	3	30	0.005	0	12470	-0.0056626								0.00144346				robustness
1.5	40	recover	auto	3	30	0.005	0.00011	12470	-0.00749553								0.00144346				robustness
1.5	40	recover	auto	3	30	0.005	0.0005	12470	-0.0139941								0.00144346				robustness
1.5	40	recover	auto	3	30	0.02	0	12470	-0.0056626								0.00144346				robustness
1.5	40	recover	auto	3	30	0.02	0.0005	12470	-0.0140471								0.00152366				robustness
1.5	40	recover	auto	5	1	0.005	0	12470	-0.0041905								0.000160385				robustness
1.5	40	recover	auto	5	1	0.005	0.00011	12470	-0.00698001								0.000160385				robustness
1.5	40	recover	auto	5	1	0.005	0.0005	12470	-0.0168701								0.000160385				robustness
1.5	40	recover	auto	5	1	0.02	0	12470	-0.0041905								0.000160385				robustness
1.5	40	recover	auto	5	1	0.02	0.0005	12470	-0.0168701								0.000160385				robustness
1.5	40	recover	auto	5	7	0.005	0	12470	-0.00625547								0.000721732				robustness
1.5	40	recover	auto	5	7	0.005	0.00011	12470	-0.00930243								0.000721732				robustness
1.5	40	recover	auto	5	7	0.005	0.0005	12470	-0.0201452								0.000801925				robustness
1.5	40	recover	auto	5	7	0.02	0	12470	-0.00625547								0.000721732				robustness
1.5	40	recover	auto	5	7	0.02	0.0005	12470	-0.0201452								0.000801925				robustness
1.5	40	recover	auto	5	30	0.005	0	12470	-0.00884739								0.0032077				robustness
1.5	40	recover	auto	5	30	0.005	0.00011	12470	-0.0118989								0.00328789				robustness
1.5	40	recover	auto	5	30	0.005	0.0005	12470	-0.0228078								0.00344828				robustness
1.5	40	recover	auto	5	30	0.02	0	12470	-0.00892659								0.00360866				robustness
1.5	40	recover	auto	5	30	0.02	0.0005	12470	-0.0229067								0.00376905				robustness
1.5	40	recover	auto	10	1	0.005	0	12470	-0.0083482								0.00064154				robustness
1.5	40	recover	auto	10	1	0.005	0.00011	12470	-0.013925								0.00064154				robustness
1.5	40	recover	auto	10	1	0.005	0.0005	12470	-0.0337174								0.000721732				robustness
1.5	40	recover	auto	10	1	0.02	0	12470	-0.00837308								0.000721732				robustness
1.5	40	recover	auto	10	1	0.02	0.0005	12470	-0.0337618								0.000882117				robustness
1.5	40	recover	auto	10	7	0.005	0	12470	-0.0129619								0.00617482				robustness
1.5	40	recover	auto	10	7	0.005	0.00011	12470	-0.019128								0.0064154				robustness
1.5	40	recover	auto	10	7	0.005	0.0005	12470	-0.0406948								0.00665597				robustness
1.5	40	recover	auto	10	7	0.02	0	12470	-0.0132747								0.00689655				robustness
1.5	40	recover	auto	10	7	0.02	0.0005	12470	-0.0410335								0.0074579				robustness
1.5	40	recover	auto	10	30	0.005	0	12470	-0.0180981								0.021251				robustness
1.5	40	recover	auto	10	30	0.005	0.00011	12470	-0.0243506								0.021652				robustness
1.5	40	recover	auto	10	30	0.005	0.0005	12470	-0.0459121								0.0226945				robustness
1.5	40	recover	auto	10	30	0.02	0	12470	-0.0191222								0.0234964				robustness
1.5	40	recover	auto	10	30	0.02	0.0005	12470	-0.0467263								0.0243785				robustness
1.5	40	recover	auto	15	1	0.005	0	12470	-0.0126029								0.00296712				robustness
1.5	40	recover	auto	15	1	0.005	0.00011	12470	-0.0209552								0.00296712				robustness
1.5	40	recover	auto	15	1	0.005	0.0005	12470	-0.0506994								0.0032077				robustness
1.5	40	recover	auto	15	1	0.02	0	12470	-0.013115								0.00408982				robustness
1.5	40	recover	auto	15	1	0.02	0.0005	12470	-0.0510795								0.00417001				robustness
1.5	40	recover	auto	15	7	0.005	0	12470	-0.0203883								0.0182839				robustness
1.5	40	recover	auto	15	7	0.005	0.00011	12470	-0.0295223								0.0186047				robustness
1.5	40	recover	auto	15	7	0.005	0.0005	12470	-0.0621882								0.0202887				robustness
1.5	40	recover	auto	15	7	0.02	0	12470	-0.0219349								0.0215718				robustness
1.5	40	recover	auto	15	7	0.02	0.0005	12470	-0.063852								0.0239775				robustness
1.5	40	recover	auto	15	30	0.005	0	12470	-0.0256908								0.0431435				robustness
1.5	40	recover	auto	15	30	0.005	0.00011	12470	-0.0347465								0.0437049				robustness
1.5	40	recover	auto	15	30	0.005	0.0005	12470	-0.0672488								0.0457899				robustness
1.5	40	recover	auto	15	30	0.02	0	12470	-0.0281491								0.0465918				robustness
1.5	40	recover	auto	15	30	0.02	0.0005	12470	-0.0692935								0.048757				robustness
1.5	40	recover	auto	30	1	0.005	0	12470	-0.0242653								0.0176423				robustness
1.5	40	recover	auto	30	1	0.005	0.00011	12470	-0.0408962								0.0179631				robustness
1.5	40	recover	auto	30	1	0.005	0.0005	12470	-0.100068								0.0199679				robustness
1.5	40	recover	auto	30	1	0.02	0	12470	-0.0271976								0.0245389				robustness
1.5	40	recover	auto	30	1	0.02	0.0005	12470	-0.103692								0.0280674				robustness
1.5	40	recover	auto	30	7	0.005	0	12470	-0.0368279								0.0688051				robustness
1.5	40	recover	auto	30	7	0.005	0.00011	12470	-0.0545516								0.070008				robustness
1.5	40	recover	auto	30	7	0.005	0.0005	12470	-0.11944								0.0773857				robustness
1.5	40	recover	auto	30	7	0.02	0	12470	-0.0459273								0.082919				robustness
1.5	40	recover	auto	30	7	0.02	0.0005	12470	-0.130943								0.0947875				robustness
1.5	40	recover	auto	30	30	0.005	0	12470	-0.0429051								0.097915				robustness
1.5	40	recover	auto	30	30	0.005	0.00011	12470	-0.0608866								0.0996792				robustness
1.5	40	recover	auto	30	30	0.005	0.0005	12470	-0.125055								0.105854				robustness
1.5	40	recover	auto	30	30	0.02	0	12470	-0.0533944								0.108821				robustness
1.5	40	recover	auto	30	30	0.02	0.0005	12470	-0.137584								0.119407				robustness
1.5	40	recover	reverse	3	1	0.02	0.00011	12470	-0.00184804								0				robustness
1.5	40	recover	reverse	3	7	0.02	0.00011	12470	-0.00314942								0.000160385				robustness
1.5	40	recover	reverse	3	30	0.02	0.00011	12470	-0.00521678								0.00160385				robustness
1.5	40	recover	reverse	5	1	0.02	0.00011	12470	-0.00307095								0.000160385				robustness
1.5	40	recover	reverse	5	7	0.02	0.00011	12470	-0.00536809								0.000882117				robustness
1.5	40	recover	reverse	5	30	0.02	0.00011	12470	-0.00816564								0.00368885				robustness
1.5	40	recover	reverse	10	1	0.02	0.00011	12470	-0.00611487								0.000721732				robustness
1.5	40	recover	reverse	10	7	0.02	0.00011	12470	-0.0113767								0.00705694				robustness
1.5	40	recover	reverse	10	30	0.02	0.00011	12470	-0.0173211								0.0238974				robustness
1.5	40	recover	reverse	15	1	0.02	0.00011	12470	-0.00978918								0.00408982				robustness
1.5	40	recover	reverse	15	7	0.02	0.00011	12470	-0.0191129								0.0219727				robustness
1.5	40	recover	reverse	15	30	0.02	0.00011	12470	-0.0256022								0.0476343				robustness
1.5	40	recover	reverse	30	1	0.02	0.00011	12470	-0.0206218								0.0245389				robustness
1.5	40	recover	reverse	30	7	0.02	0.00011	12470	-0.0403096								0.0841219				robustness
1.5	40	recover	reverse	30	30	0.02	0.00011	12470	-0.0484535								0.110826				robustness
1.5	80	close	auto	3	1	0.005	0	12470	-0.00279761								0				robustness
1.5	80	close	auto	3	1	0.005	0.00011	12470	-0.00522706								0				robustness
1.5	80	close	auto	3	1	0.005	0.0005	12470	-0.0138406								0				robustness
1.5	80	close	auto	3	1	0.02	0	12470	-0.00279761								0				robustness
1.5	80	close	auto	3	1	0.02	0.0005	12470	-0.0138406								0				robustness
1.5	80	close	auto	3	7	0.005	0	12470	-0.00301992								0				robustness
1.5	80	close	auto	3	7	0.005	0.00011	12470	-0.00567029								0				robustness
1.5	80	close	auto	3	7	0.005	0.0005	12470	-0.0150671								0				robustness
1.5	80	close	auto	3	7	0.02	0	12470	-0.00301992								0				robustness
1.5	80	close	auto	3	7	0.02	0.0005	12470	-0.0150671								0				robustness
1.5	80	close	auto	3	30	0.005	0	12470	-0.00301992								0				robustness
1.5	80	close	auto	3	30	0.005	0.00011	12470	-0.00567029								0				robustness
1.5	80	close	auto	3	30	0.005	0.0005	12470	-0.0150671								0				robustness
1.5	80	close	auto	3	30	0.02	0	12470	-0.00301992								0				robustness
1.5	80	close	auto	3	30	0.02	0.0005	12470	-0.0150671								0				robustness
1.5	80	close	auto	5	1	0.005	0	12470	-0.00466268								0				robustness
1.5	80	close	auto	5	1	0.005	0.00011	12470	-0.00871177								0				robustness
1.5	80	close	auto	5	1	0.005	0.0005	12470	-0.0230676								0				robustness
1.5	80	close	auto	5	1	0.02	0	12470	-0.00466268								0				robustness
1.5	80	close	auto	5	1	0.02	0.0005	12470	-0.0230676								0				robustness
1.5	80	close	auto	5	7	0.005	0	12470	-0.0050332								0				robustness
1.5	80	close	auto	5	7	0.005	0.00011	12470	-0.00945049								0				robustness
1.5	80	close	auto	5	7	0.005	0.0005	12470	-0.0251118								0				robustness
1.5	80	close	auto	5	7	0.02	0	12470	-0.0050332								0				robustness
1.5	80	close	auto	5	7	0.02	0.0005	12470	-0.0251118								0				robustness
1.5	80	close	auto	5	30	0.005	0	12470	-0.0050332								0				robustness
1.5	80	close	auto	5	30	0.005	0.00011	12470	-0.00945049								0				robustness
1.5	80	close	auto	5	30	0.005	0.0005	12470	-0.0251118								0				robustness
1.5	80	close	auto	5	30	0.02	0	12470	-0.0050332								0				robustness
1.5	80	close	auto	5	30	0.02	0.0005	12470	-0.0251118								0				robustness
1.5	80	close	auto	10	1	0.005	0	12470	-0.00932536								0				robustness
1.5	80	close	auto	10	1	0.005	0.00011	12470	-0.0174235								0				robustness
1.5	80	close	auto	10	1	0.005	0.0005	12470	-0.0461353								0				robustness
1.5	80	close	auto	10	1	0.02	0	12470	-0.00932536								0				robustness
1.5	80	close	auto	10	1	0.02	0.0005	12470	-0.0461353								0				robustness
1.5	80	close	auto	10	7	0.005	0	12470	-0.0100664								0				robustness
1.5	80	close	auto	10	7	0.005	0.00011	12470	-0.018901								0				robustness
1.5	80	close	auto	10	7	0.005	0.0005	12470	-0.0502235								0				robustness
1.5	80	close	auto	10	7	0.02	0	12470	-0.0100664								0				robustness
1.5	80	close	auto	10	7	0.02	0.0005	12470	-0.0502235								0				robustness
1.5	80	close	auto	10	30	0.005	0	12470	-0.0100664								0				robustness
1.5	80	close	auto	10	30	0.005	0.00011	12470	-0.018901								0				robustness
1.5	80	close	auto	10	30	0.005	0.0005	12470	-0.0502235								0				robustness
1.5	80	close	auto	10	30	0.02	0	12470	-0.0100664								0				robustness
1.5	80	close	auto	10	30	0.02	0.0005	12470	-0.0502235								0				robustness
1.5	80	close	auto	15	1	0.005	0	12470	-0.013988								0				robustness
1.5	80	close	auto	15	1	0.005	0.00011	12470	-0.0261353								0				robustness
1.5	80	close	auto	15	1	0.005	0.0005	12470	-0.0692029								0				robustness
1.5	80	close	auto	15	1	0.02	0	12470	-0.013988								0				robustness
1.5	80	close	auto	15	1	0.02	0.0005	12470	-0.0692029								0				robustness
1.5	80	close	auto	15	7	0.005	0	12470	-0.0150996								0				robustness
1.5	80	close	auto	15	7	0.005	0.00011	12470	-0.0283515								0				robustness
1.5	80	close	auto	15	7	0.005	0.0005	12470	-0.0753353								0				robustness
1.5	80	close	auto	15	7	0.02	0	12470	-0.0150996								0				robustness
1.5	80	close	auto	15	7	0.02	0.0005	12470	-0.0753353								0				robustness
1.5	80	close	auto	15	30	0.005	0	12470	-0.0150996								0				robustness
1.5	80	close	auto	15	30	0.005	0.00011	12470	-0.0283515								0				robustness
1.5	80	close	auto	15	30	0.005	0.0005	12470	-0.0753353								0				robustness
1.5	80	close	auto	15	30	0.02	0	12470	-0.0150996								0				robustness
1.5	80	close	auto	15	30	0.02	0.0005	12470	-0.0753353								0				robustness
1.5	80	close	auto	30	1	0.005	0	12470	-0.0279761								0				robustness
1.5	80	close	auto	30	1	0.005	0.00011	12470	-0.0522706								0				robustness
1.5	80	close	auto	30	1	0.005	0.0005	12470	-0.138406								0				robustness
1.5	80	close	auto	30	1	0.02	0	12470	-0.0279761								0				robustness
1.5	80	close	auto	30	1	0.02	0.0005	12470	-0.138406								0				robustness
1.5	80	close	auto	30	7	0.005	0	12470	-0.0301992								0				robustness
1.5	80	close	auto	30	7	0.005	0.00011	12470	-0.0567029								0				robustness
1.5	80	close	auto	30	7	0.005	0.0005	12470	-0.150654								8.01925e-05				robustness
1.5	80	close	auto	30	7	0.02	0	12470	-0.0301992								0				robustness
1.5	80	close	auto	30	7	0.02	0.0005	12470	-0.150654								8.01925e-05				robustness
1.5	80	close	auto	30	30	0.005	0	12470	-0.0301992								0				robustness
1.5	80	close	auto	30	30	0.005	0.00011	12470	-0.0567029								0				robustness
1.5	80	close	auto	30	30	0.005	0.0005	12470	-0.150654								8.01925e-05				robustness
1.5	80	close	auto	30	30	0.02	0	12470	-0.0301992								0				robustness
1.5	80	close	auto	30	30	0.02	0.0005	12470	-0.150654								8.01925e-05				robustness
1.5	80	close	reverse	3	1	0.02	0.00011	12470	-0.00391355								0				robustness
1.5	80	close	reverse	3	7	0.02	0.00011	12470	-0.00425022								0				robustness
1.5	80	close	reverse	3	30	0.02	0.00011	12470	-0.00425022								0				robustness
1.5	80	close	reverse	5	1	0.02	0.00011	12470	-0.00652258								0				robustness
1.5	80	close	reverse	5	7	0.02	0.00011	12470	-0.0070837								0				robustness
1.5	80	close	reverse	5	30	0.02	0.00011	12470	-0.0070837								0				robustness
1.5	80	close	reverse	10	1	0.02	0.00011	12470	-0.0130452								0				robustness
1.5	80	close	reverse	10	7	0.02	0.00011	12470	-0.0141674								0				robustness
1.5	80	close	reverse	10	30	0.02	0.00011	12470	-0.0141674								0				robustness
1.5	80	close	reverse	15	1	0.02	0.00011	12470	-0.0195677								0				robustness
1.5	80	close	reverse	15	7	0.02	0.00011	12470	-0.0212511								0				robustness
1.5	80	close	reverse	15	30	0.02	0.00011	12470	-0.0212511								0				robustness
1.5	80	close	reverse	30	1	0.02	0.00011	12470	-0.0391355								0				robustness
1.5	80	close	reverse	30	7	0.02	0.00011	12470	-0.0425022								0				robustness
1.5	80	close	reverse	30	30	0.02	0.00011	12470	-0.0425022								0				robustness
1.5	80	hold	auto	3	1	0.005	0	12470	-0.0119627								0				robustness
1.5	80	hold	auto	3	1	0.005	0.00011	12470	-0.0178536								0				robustness
1.5	80	hold	auto	3	1	0.005	0.0005	12470	-0.0387393								0				robustness
1.5	80	hold	auto	3	1	0.02	0	12470	-0.0119627								0				robustness
1.5	80	hold	auto	3	1	0.02	0.0005	12470	-0.03876								8.01925e-05				robustness
1.5	80	hold	auto	3	7	0.005	0	12470	-0.0392717								0.00120289				robustness
1.5	80	hold	auto	3	7	0.005	0.00011	12470	-0.057963								0.00120289				robustness
1.5	80	hold	auto	3	7	0.005	0.0005	12470	-0.124364								0.00176423				robustness
1.5	80	hold	auto	3	7	0.02	0	12470	-0.0393393								0.00144346				robustness
1.5	80	hold	auto	3	7	0.02	0.0005	12470	-0.124438								0.00200481				robustness
1.5	80	hold	auto	3	30	0.005	0	12470	-0.0969487								0.0219727				robustness
1.5	80	hold	auto	3	30	0.005	0.00011	12470	-0.13721								0.022935				robustness
1.5	80	hold	auto	3	30	0.005	0.0005	12470	-0.280244								0.0281476				robustness
1.5	80	hold	auto	3	30	0.02	0	12470	-0.097255								0.0230152				robustness
1.5	80	hold	auto	3	30	0.02	0.0005	12470	-0.280994								0.0301524				robustness
1.5	80	hold	auto	5	1	0.005	0	12470	-0.0200496								0.00032077				robustness
1.5	80	hold	auto	5	1	0.005	0.00011	12470	-0.0298666								0.00032077				robustness
1.5	80	hold	auto	5	1	0.005	0.0005	12470	-0.0647273								0.000400962				robustness
1.5	80	hold	auto	5	1	0.02	0	12470	-0.0200496								0.00032077				robustness
1.5	80	hold	auto	5	1	0.02	0.0005	12470	-0.0648346								0.000561347				robustness
1.5	80	hold	auto	5	7	0.005	0	12470	-0.0660317								0.00705694				robustness
1.5	80	hold	auto	5	7	0.005	0.00011	12470	-0.0973418								0.00753809				robustness
1.5	80	hold	auto	5	7	0.005	0.0005	12470	-0.208234								0.0105854				robustness
1.5	80	hold	auto	5	7	0.02	0	12470	-0.0663326								0.00777867				robustness
1.5	80	hold	auto	5	7	0.02	0.0005	12470	-0.208465								0.0113071				robustness
1.5	80	hold	auto	5	30	0.005	0	12470	-0.156077								0.0588613				robustness
1.5	80	hold	auto	5	30	0.005	0.00011	12470	-0.22346								0.0636728				robustness
1.5	80	hold	auto	5	30	0.005	0.0005	12470	-0.462047								0.107618				robustness
1.5	80	hold	auto	5	30	0.02	0	12470	-0.158067								0.063753				robustness
1.5	80	hold	auto	5	30	0.02	0.0005	12470	-0.464771								0.115878				robustness
1.5	80	hold	auto	10	1	0.005	0	12470	-0.0401763								0.00224539				robustness
1.5	80	hold	auto	10	1	0.005	0.00011	12470	-0.0597922								0.00232558				robustness
1.5	80	hold	auto	10	1	0.005	0.0005	12470	-0.129509								0.00264635				robustness
1.5	80	hold	auto	10	1	0.02	0	12470	-0.0402661								0.00272654				robustness
1.5	80	hold	auto	10	1	0.02	0.0005	12470	-0.129718								0.00344828				robustness
1.5	80	hold	auto	10	7	0.005	0	12470	-0.13223								0.0465116				robustness
1.5	80	hold	auto	10	7	0.005	0.00011	12470	-0.194489								0.0514836				robustness
1.5	80	hold	auto	10	7	0.005	0.0005	12470	-0.41531								0.085405				robustness
1.5	80	hold	auto	10	7	0.02	0	12470	-0.135306								0.0543705				robustness
1.5	80	hold	auto	10	7	0.02	0.0005	12470	-0.420457								0.102326				robustness
1.5	80	hold	auto	10	30	0.005	0	12470	-0.305145								0.27073				robustness
1.5	80	hold	auto	10	30	0.005	0.00011	12470	-0.438021								0.314916				robustness
1.5	80	hold	auto	10	30	0.005	0.0005	12470	-0.827322								0.621973				robustness
1.5	80	hold	auto	10	30	0.02	0	12470	-0.319661								0.296792				robustness
1.5	80	hold	auto	10	30	0.02	0.0005	12470	-0.841421								0.668244				robustness
1.5	80	hold	auto	15	1	0.005	0	12470	-0.0609812								0.0096231				robustness
1.5	80	hold	auto	15	1	0.005	0.00011	12470	-0.0905635								0.0103448				robustness
1.5	80	hold	auto	15	1	0.005	0.0005	12470	-0.194838								0.0121893				robustness
1.5	80	hold	auto	15	1	0.02	0	12470	-0.0619519								0.0121893				robustness
1.5	80	hold	auto	15	1	0.02	0.0005	12470	-0.196163								0.0159583				robustness
1.5	80	hold	auto	15	7	0.005	0	12470	-0.201058								0.130874				robustness
1.5	80	hold	auto	15	7	0.005	0.00011	12470	-0.29388								0.146592				robustness
1.5	80	hold	auto	15	7	0.005	0.0005	12470	-0.608725								0.277787				robustness
1.5	80	hold	auto	15	7	0.02	0	12470	-0.212727								0.155012				robustness
1.5	80	hold	auto	15	7	0.02	0.0005	12470	-0.628039								0.339374				robustness
1.5	80	hold	auto	15	30	0.005	0	12470	-0.435616								0.484844				robustness
1.5	80	hold	auto	15	30	0.005	0.00011	12470	-0.612634								0.557257				robustness
1.5	80	hold	auto	15	30	0.005	0.0005	12470	-0.954362								0.889415				robustness
1.5	80	hold	auto	15	30	0.02	0	12470	-0.467945								0.525501				robustness
1.5	80	hold	auto	15	30	0.02	0.0005	12470	-0.963864								0.920289				robustness
1.5	80	hold	auto	30	1	0.005	0	12470	-0.118621								0.0525261				robustness
1.5	80	hold	auto	30	1	0.005	0.00011	12470	-0.177112								0.057899				robustness
1.5	80	hold	auto	30	1	0.005	0.0005	12470	-0.385964								0.0976744				robustness
1.5	80	hold	auto	30	1	0.02	0	12470	-0.131262								0.0800321				robustness
1.5	80	hold	auto	30	1	0.02	0.0005	12470	-0.40973								0.162149				robustness
1.5	80	hold	auto	30	7	0.005	0	12470	-0.365572								0.397674				robustness
1.5	80	hold	auto	30	7	0.005	0.00011	12470	-0.533594								0.462871				robustness
1.5	80	hold	auto	30	7	0.005	0.0005	12470	-0.918784								0.819006				robustness
1.5	80	hold	auto	30	7	0.02	0	12470	-0.428376								0.481957				robustness
1.5	80	hold	auto	30	7	0.02	0.0005	12470	-0.946662								0.897033				robustness
1.5	80	hold	auto	30	30	0.005	0	12470	-0.639184								0.77498				robustness
1.5	80	hold	auto	30	30	0.005	0.00011	12470	-0.850066								0.863432				robustness
1.5	80	hold	auto	30	30	0.005	0.0005	12470	-0.999405								0.998075				robustness
1.5	80	hold	auto	30	30	0.02	0	12470	-0.709213								0.826864				robustness
1.5	80	hold	auto	30	30	0.02	0.0005	12470	-0.999871								0.999599				robustness
1.5	80	hold	reverse	3	1	0.02	0.00011	12470	-0.0144616								0				robustness
1.5	80	hold	reverse	3	7	0.02	0.00011	12470	-0.0473553								0.00144346				robustness
1.5	80	hold	reverse	3	30	0.02	0.00011	12470	-0.11467								0.0236568				robustness
1.5	80	hold	reverse	5	1	0.02	0.00011	12470	-0.0242139								0.00032077				robustness
1.5	80	hold	reverse	5	7	0.02	0.00011	12470	-0.079729								0.00801925				robustness
1.5	80	hold	reverse	5	30	0.02	0.00011	12470	-0.187181								0.0660786				robustness
1.5	80	hold	reverse	10	1	0.02	0.00011	12470	-0.0486128								0.00280674				robustness
1.5	80	hold	reverse	10	7	0.02	0.00011	12470	-0.162163								0.0565357				robustness
1.5	80	hold	reverse	10	30	0.02	0.00011	12470	-0.377254								0.315076				robustness
1.5	80	hold	reverse	15	1	0.02	0.00011	12470	-0.0744291								0.0123496				robustness
1.5	80	hold	reverse	15	7	0.02	0.00011	12470	-0.252468								0.161668				robustness
1.5	80	hold	reverse	15	30	0.02	0.00011	12470	-0.545686								0.556055				robustness
1.5	80	hold	reverse	30	1	0.02	0.00011	12470	-0.15696								0.0841219				robustness
1.5	80	hold	reverse	30	7	0.02	0.00011	12470	-0.502685								0.51251				robustness
1.5	80	hold	reverse	30	30	0.02	0.00011	12470	-0.800622								0.861347				robustness
1.5	80	recover	auto	3	1	0.005	0	12470	-0.00401548								0				robustness
1.5	80	recover	auto	3	1	0.005	0.00011	12470	-0.00641756								0				robustness
1.5	80	recover	auto	3	1	0.005	0.0005	12470	-0.014934								0				robustness
1.5	80	recover	auto	3	1	0.02	0	12470	-0.00401548								0				robustness
1.5	80	recover	auto	3	1	0.02	0.0005	12470	-0.0149546								8.01925e-05				robustness
1.5	80	recover	auto	3	7	0.005	0	12470	-0.00529254								8.01925e-05				robustness
1.5	80	recover	auto	3	7	0.005	0.00011	12470	-0.00793202								8.01925e-05				robustness
1.5	80	recover	auto	3	7	0.005	0.0005	12470	-0.0172902								8.01925e-05				robustness
1.5	80	recover	auto	3	7	0.02	0	12470	-0.00529254								8.01925e-05				robustness
1.5	80	recover	auto	3	7	0.02	0.0005	12470	-0.0173078								0.000160385				robustness
1.5	80	recover	auto	3	30	0.005	0	12470	-0.00719782								0.00136327				robustness
1.5	80	recover	auto	3	30	0.005	0.00011	12470	-0.00984001								0.00136327				robustness
1.5	80	recover	auto	3	30	0.005	0.0005	12470	-0.0192078								0.00136327				robustness
1.5	80	recover	auto	3	30	0.02	0	12470	-0.00722242								0.00144346				robustness
1.5	80	recover	auto	3	30	0.02	0.0005	12470	-0.0192842								0.00152366				robustness
1.5	80	recover	auto	5	1	0.005	0	12470	-0.0066829								0.000160385				robustness
1.5	80	recover	auto	5	1	0.005	0.00011	12470	-0.0106861								0.000160385				robustness
1.5	80	recover	auto	5	1	0.005	0.0005	12470	-0.0248792								0.000160385				robustness
1.5	80	recover	auto	5	1	0.02	0	12470	-0.0066829								0.000160385				robustness
1.5	80	recover	auto	5	1	0.02	0.0005	12470	-0.0248792								0.000160385				robustness
1.5	80	recover	auto	5	7	0.005	0	12470	-0.0088759								0.000721732				robustness
1.5	80	recover	auto	5	7	0.005	0.00011	12470	-0.013272								0.000721732				robustness
1.5	80	recover	auto	5	7	0.005	0.0005	12470	-0.0288949								0.000801925				robustness
1.5	80	recover	auto	5	7	0.02	0	12470	-0.00891962								0.000801925				robustness
1.5	80	recover	auto	5	7	0.02	0.0005	12470	-0.0288949								0.000801925				robustness
1.5	80	recover	auto	5	30	0.005	0	12470	-0.0114727								0.00336808				robustness
1.5	80	recover	auto	5	30	0.005	0.00011	12470	-0.0158671								0.00336808				robustness
1.5	80	recover	auto	5	30	0.005	0.0005	12470	-0.0315628								0.00360866				robustness
1.5	80	recover	auto	5	30	0.02	0	12470	-0.0115978								0.00360866				robustness
1.5	80	recover	auto	5	30	0.02	0.0005	12470	-0.0316222								0.00376905				robustness
1.5	80	recover	auto	10	1	0.005	0	12470	-0.0133304								0.00064154				robustness
1.5	80	recover	auto	10	1	0.005	0.00011	12470	-0.021334								0.00064154				robustness
1.5	80	recover	auto	10	1	0.005	0.0005	12470	-0.049734								0.000801925				robustness
1.5	80	recover	auto	10	1	0.02	0	12470	-0.0133375								0.000721732				robustness
1.5	80	recover	auto	10	1	0.02	0.0005	12470	-0.0497702								0.000882117				robustness
1.5	80	recover	auto	10	7	0.005	0	12470	-0.0182734								0.0063352				robustness
1.5	80	recover	auto	10	7	0.005	0.00011	12470	-0.0270263								0.0064154				robustness
1.5	80	recover	auto	10	7	0.005	0.0005	12470	-0.0582104								0.00697674				robustness
1.5	80	recover	auto	10	7	0.02	0	12470	-0.0184181								0.00673617				robustness
1.5	80	recover	auto	10	7	0.02	0.0005	12470	-0.0585636								0.00769848				robustness
1.5	80	recover	auto	10	30	0.005	0	12470	-0.0234596								0.021652				robustness
1.5	80	recover	auto	10	30	0.005	0.00011	12470	-0.0321656								0.0218925				robustness
1.5	80	recover	auto	10	30	0.005	0.0005	12470	-0.06328								0.0230954				robustness
1.5	80	recover	auto	10	30	0.02	0	12470	-0.0240078								0.022935				robustness
1.5	80	recover	auto	10	30	0.02	0.0005	12470	-0.0639675								0.0246191				robustness
1.5	80	recover	auto	15	1	0.005	0	12470	-0.0200607								0.00296712				robustness
1.5	80	recover	auto	15	1	0.005	0.00011	12470	-0.0321801								0.0032077				robustness
1.5	80	recover	auto	15	1	0.005	0.0005	12470	-0.0748097								0.00352847				robustness
1.5	80	recover	auto	15	1	0.02	0	12470	-0.0205416								0.00400962				robustness
1.5	80	recover	auto	15	1	0.02	0.0005	12470	-0.0751037								0.00417001				robustness
1.5	80	recover	auto	15	7	0.005	0	12470	-0.0280308								0.0182037				robustness
1.5	80	recover	auto	15	7	0.005	0.00011	12470	-0.0413628								0.0189254				robustness
1.5	80	recover	auto	15	7	0.005	0.0005	12470	-0.0883421								0.0213312				robustness
1.5	80	recover	auto	15	7	0.02	0	12470	-0.0297087								0.021652				robustness
1.5	80	recover	auto	15	7	0.02	0.0005	12470	-0.0903278								0.0257418				robustness
1.5	80	recover	auto	15	30	0.005	0	12470	-0.0334137								0.0437851				robustness
1.5	80	recover	auto	15	30	0.005	0.00011	12470	-0.0465894								0.0444266				robustness
1.5	80	recover	auto	15	30	0.005	0.0005	12470	-0.0929702								0.0469928				robustness
1.5	80	recover	auto	15	30	0.02	0	12470	-0.035954								0.047073				robustness
1.5	80	recover	auto	15	30	0.02	0.0005	12470	-0.0957476								0.0510024				robustness
1.5	80	recover	auto	30	1	0.005	0	12470	-0.0391233								0.0178027				robustness
1.5	80	recover	auto	30	1	0.005	0.00011	12470	-0.0631807								0.0188452				robustness
1.5	80	recover	auto	30	1	0.005	0.0005	12470	-0.148268								0.0218123				robustness
1.5	80	recover	auto	30	1	0.02	0	12470	-0.0420637								0.0246191				robustness
1.5	80	recover	auto	30	1	0.02	0.0005	12470	-0.152772								0.0324779				robustness
1.5	80	recover	auto	30	7	0.005	0	12470	-0.0521463								0.0696872				robustness
1.5	80	recover	auto	30	7	0.005	0.00011	12470	-0.0781762								0.0720128				robustness
1.5	80	recover	auto	30	7	0.005	0.0005	12470	-0.172228								0.0848436				robustness
1.5	80	recover	auto	30	7	0.02	0	12470	-0.0618877								0.0841219				robustness
1.5	80	recover	auto	30	7	0.02	0.0005	12470	-0.185782								0.105373				robustness
1.5	80	recover	auto	30	30	0.005	0	12470	-0.0583785								0.0987971				robustness
1.5	80	recover	auto	30	30	0.005	0.00011	12470	-0.0843622								0.101203				robustness
1.5	80	recover	auto	30	30	0.005	0.0005	12470	-0.177171								0.11259				robustness
1.5	80	recover	auto	30	30	0.02	0	12470	-0.0697638								0.110826				robustness
1.5	80	recover	auto	30	30	0.02	0.0005	12470	-0.191498								0.128869				robustness
1.5	80	recover	reverse	3	1	0.02	0.00011	12470	-0.00524744								0				robustness
1.5	80	recover	reverse	3	7	0.02	0.00011	12470	-0.00672865								0.000160385				robustness
1.5	80	recover	reverse	3	30	0.02	0.00011	12470	-0.00873703								0.00152366				robustness
1.5	80	recover	reverse	5	1	0.02	0.00011	12470	-0.00873611								0.000160385				robustness
1.5	80	recover	reverse	5	7	0.02	0.00011	12470	-0.0112901								0.000801925				robustness
1.5	80	recover	reverse	5	30	0.02	0.00011	12470	-0.0140352								0.00360866				robustness
1.5	80	recover	reverse	10	1	0.02	0.00011	12470	-0.0174625								0.000801925				robustness
1.5	80	recover	reverse	10	7	0.02	0.00011	12470	-0.0231996								0.00697674				robustness
1.5	80	recover	reverse	10	30	0.02	0.00011	12470	-0.0288646								0.0234964				robustness
1.5	80	recover	reverse	15	1	0.02	0.00011	12470	-0.0267404								0.00408982				robustness
1.5	80	recover	reverse	15	7	0.02	0.00011	12470	-0.0370382								0.0226143				robustness
1.5	80	recover	reverse	15	30	0.02	0.00011	12470	-0.0430121								0.0480353				robustness
1.5	80	recover	reverse	30	1	0.02	0.00011	12470	-0.0546133								0.0256616				robustness
1.5	80	recover	reverse	30	7	0.02	0.00011	12470	-0.0767342								0.0878107				robustness
1.5	80	recover	reverse	30	30	0.02	0.00011	12470	-0.0840746								0.113873				robustness
3	40	close	auto	3	1	0.005	0	12470	-0.00138119								0				robustness
3	40	close	auto	3	1	0.005	0.00011	12470	-0.00272785								0				robustness
3	40	close	auto	3	1	0.005	0.0005	12470	-0.00750237								0				robustness
3	40	close	auto	3	1	0.02	0	12470	-0.00138119								0				robustness
3	40	close	auto	3	1	0.02	0.0005	12470	-0.00750237								0				robustness
3	40	close	auto	3	7	0.005	0	12470	-0.00219613								0				robustness
3	40	close	auto	3	7	0.005	0.00011	12470	-0.00415241								0				robustness
3	40	close	auto	3	7	0.005	0.0005	12470	-0.0110883								0				robustness
3	40	close	auto	3	7	0.02	0	12470	-0.00219613								0				robustness
3	40	close	auto	3	7	0.02	0.0005	12470	-0.0110883								0				robustness
3	40	close	auto	3	30	0.005	0	12470	-0.00227144								0				robustness
3	40	close	auto	3	30	0.005	0.00011	12470	-0.00424706								0				robustness
3	40	close	auto	3	30	0.005	0.0005	12470	-0.0112515								0				robustness
3	40	close	auto	3	30	0.02	0	12470	-0.00227144								0				robustness
3	40	close	auto	3	30	0.02	0.0005	12470	-0.0112515								0				robustness
3	40	close	auto	5	1	0.005	0	12470	-0.00230198								0				robustness
3	40	close	auto	5	1	0.005	0.00011	12470	-0.00454641								0				robustness
3	40	close	auto	5	1	0.005	0.0005	12470	-0.0125039								0				robustness
3	40	close	auto	5	1	0.02	0	12470	-0.00230198								0				robustness
3	40	close	auto	5	1	0.02	0.0005	12470	-0.0125039								0				robustness
3	40	close	auto	5	7	0.005	0	12470	-0.00366022								0				robustness
3	40	close	auto	5	7	0.005	0.00011	12470	-0.00692068								0				robustness
3	40	close	auto	5	7	0.005	0.0005	12470	-0.0184805								0				robustness
3	40	close	auto	5	7	0.02	0	12470	-0.00366022								0				robustness
3	40	close	auto	5	7	0.02	0.0005	12470	-0.0184805								0				robustness
3	40	close	auto	5	30	0.005	0	12470	-0.00378573								0				robustness
3	40	close	auto	5	30	0.005	0.00011	12470	-0.00707843								0				robustness
3	40	close	auto	5	30	0.005	0.0005	12470	-0.0187525								0				robustness
3	40	close	auto	5	30	0.02	0	12470	-0.00378573								0				robustness
3	40	close	auto	5	30	0.02	0.0005	12470	-0.0187525								0				robustness
3	40	close	auto	10	1	0.005	0	12470	-0.00460396								0				robustness
3	40	close	auto	10	1	0.005	0.00011	12470	-0.00909282								0				robustness
3	40	close	auto	10	1	0.005	0.0005	12470	-0.0250079								0				robustness
3	40	close	auto	10	1	0.02	0	12470	-0.00460396								0				robustness
3	40	close	auto	10	1	0.02	0.0005	12470	-0.0250079								0				robustness
3	40	close	auto	10	7	0.005	0	12470	-0.00732043								0				robustness
3	40	close	auto	10	7	0.005	0.00011	12470	-0.0138414								0				robustness
3	40	close	auto	10	7	0.005	0.0005	12470	-0.036961								0				robustness
3	40	close	auto	10	7	0.02	0	12470	-0.00732043								0				robustness
3	40	close	auto	10	7	0.02	0.0005	12470	-0.036961								0				robustness
3	40	close	auto	10	30	0.005	0	12470	-0.00757147								0				robustness
3	40	close	auto	10	30	0.005	0.00011	12470	-0.0141569								0				robustness
3	40	close	auto	10	30	0.005	0.0005	12470	-0.0375051								0				robustness
3	40	close	auto	10	30	0.02	0	12470	-0.00757147								0				robustness
3	40	close	auto	10	30	0.02	0.0005	12470	-0.0375051								0				robustness
3	40	close	auto	15	1	0.005	0	12470	-0.00690593								0				robustness
3	40	close	auto	15	1	0.005	0.00011	12470	-0.0136392								0				robustness
3	40	close	auto	15	1	0.005	0.0005	12470	-0.0375118								0				robustness
3	40	close	auto	15	1	0.02	0	12470	-0.00690593								0				robustness
3	40	close	auto	15	1	0.02	0.0005	12470	-0.0375118								0				robustness
3	40	close	auto	15	7	0.005	0	12470	-0.0109807								0				robustness
3	40	close	auto	15	7	0.005	0.00011	12470	-0.0207621								0				robustness
3	40	close	auto	15	7	0.005	0.0005	12470	-0.0554416								0				robustness
3	40	close	auto	15	7	0.02	0	12470	-0.0109807								0				robustness
3	40	close	auto	15	7	0.02	0.0005	12470	-0.0554416								0				robustness
3	40	close	auto	15	30	0.005	0	12470	-0.0113572								0				robustness
3	40	close	auto	15	30	0.005	0.00011	12470	-0.0212353								0				robustness
3	40	close	auto	15	30	0.005	0.0005	12470	-0.0562576								0				robustness
3	40	close	auto	15	30	0.02	0	12470	-0.0113572								0				robustness
3	40	close	auto	15	30	0.02	0.0005	12470	-0.0562576								0				robustness
3	40	close	auto	30	1	0.005	0	12470	-0.0138119								0				robustness
3	40	close	auto	30	1	0.005	0.00011	12470	-0.0272785								0				robustness
3	40	close	auto	30	1	0.005	0.0005	12470	-0.0750237								0				robustness
3	40	close	auto	30	1	0.02	0	12470	-0.0138119								0				robustness
3	40	close	auto	30	1	0.02	0.0005	12470	-0.0750237								0				robustness
3	40	close	auto	30	7	0.005	0	12470	-0.0219613								0				robustness
3	40	close	auto	30	7	0.005	0.00011	12470	-0.0415241								0				robustness
3	40	close	auto	30	7	0.005	0.0005	12470	-0.110883								0				robustness
3	40	close	auto	30	7	0.02	0	12470	-0.0219613								0				robustness
3	40	close	auto	30	7	0.02	0.0005	12470	-0.110883								0				robustness
3	40	close	auto	30	30	0.005	0	12470	-0.0227144								0				robustness
3	40	close	auto	30	30	0.005	0.00011	12470	-0.0424706								0				robustness
3	40	close	auto	30	30	0.005	0.0005	12470	-0.112515								0				robustness
3	40	close	auto	30	30	0.02	0	12470	-0.0227144								0				robustness
3	40	close	auto	30	30	0.02	0.0005	12470	-0.112515								0				robustness
3	40	close	reverse	3	1	0.02	0.00011	12470	0.000686731								0				robustness
3	40	close	reverse	3	7	0.02	0.00011	12470	0.000301916								0				robustness
3	40	close	reverse	3	30	0.02	0.00011	12470	0.000228401								0				robustness
3	40	close	reverse	5	1	0.02	0.00011	12470	0.00114455								0				robustness
3	40	close	reverse	5	7	0.02	0.00011	12470	0.000503193								0				robustness
3	40	close	reverse	5	30	0.02	0.00011	12470	0.000380669								0				robustness
3	40	close	reverse	10	1	0.02	0.00011	12470	0.0022891								0				robustness
3	40	close	reverse	10	7	0.02	0.00011	12470	0.00100639								0				robustness
3	40	close	reverse	10	30	0.02	0.00011	12470	0.000761337								0				robustness
3	40	close	reverse	15	1	0.02	0.00011	12470	0.00343366								0				robustness
3	40	close	reverse	15	7	0.02	0.00011	12470	0.00150958								0				robustness
3	40	close	reverse	15	30	0.02	0.00011	12470	0.00114201								0				robustness
3	40	close	reverse	30	1	0.02	0.00011	12470	0.00686731								0				robustness
3	40	close	reverse	30	7	0.02	0.00011	12470	0.00301916								0				robustness
3	40	close	reverse	30	30	0.02	0.00011	12470	0.00228401								0				robustness
3	40	hold	auto	3	1	0.005	0	12470	-0.00347125								0				robustness
3	40	hold	auto	3	1	0.005	0.00011	12470	-0.00550891								0				robustness
3	40	hold	auto	3	1	0.005	0.0005	12470	-0.0127334								0				robustness
3	40	hold	auto	3	1	0.02	0	12470	-0.00347125								0				robustness
3	40	hold	auto	3	1	0.02	0.0005	12470	-0.0127334								0				robustness
3	40	hold	auto	3	7	0.005	0	12470	-0.0143036								0.0010425				robustness
3	40	hold	auto	3	7	0.005	0.00011	12470	-0.0216685								0.0010425				robustness
3	40	hold	auto	3	7	0.005	0.0005	12470	-0.0478251								0.00120289				robustness
3	40	hold	auto	3	7	0.02	0	12470	-0.0143845								0.00136327				robustness
3	40	hold	auto	3	7	0.02	0.0005	12470	-0.047913								0.00152366				robustness
3	40	hold	auto	3	30	0.005	0	12470	-0.0439736								0.0200481				robustness
3	40	hold	auto	3	30	0.005	0.00011	12470	-0.0608135								0.0206095				robustness
3	40	hold	auto	3	30	0.005	0.0005	12470	-0.120394								0.0223737				robustness
3	40	hold	auto	3	30	0.02	0	12470	-0.0443623								0.0213312				robustness
3	40	hold	auto	3	30	0.02	0.0005	12470	-0.120747								0.0235766				robustness
3	40	hold	auto	5	1	0.005	0	12470	-0.00590258								0.00032077				robustness
3	40	hold	auto	5	1	0.005	0.00011	12470	-0.00929822								0.00032077				robustness
3	40	hold	auto	5	1	0.005	0.0005	12470	-0.0213373								0.00032077				robustness
3	40	hold	auto	5	1	0.02	0	12470	-0.00590258								0.00032077				robustness
3	40	hold	auto	5	1	0.02	0.0005	12470	-0.0213373								0.00032077				robustness
3	40	hold	auto	5	7	0.005	0	12470	-0.024388								0.00625501				robustness
3	40	hold	auto	5	7	0.005	0.00011	12470	-0.0366689								0.0064154				robustness
3	40	hold	auto	5	7	0.005	0.0005	12470	-0.0802273								0.00681636				robustness
3	40	hold	auto	5	7	0.02	0	12470	-0.0246274								0.00705694				robustness
3	40	hold	auto	5	7	0.02	0.0005	12470	-0.0806545								0.00801925				robustness
3	40	hold	auto	5	30	0.005	0	12470	-0.0673378								0.0525261				robustness
3	40	hold	auto	5	30	0.005	0.00011	12470	-0.0951978								0.0537289				robustness
3	40	hold	auto	5	30	0.005	0.0005	12470	-0.195303								0.0607057				robustness
3	40	hold	auto	5	30	0.02	0	12470	-0.0685132								0.0557338				robustness
3	40	hold	auto	5	30	0.02	0.0005	12470	-0.197437								0.0659182				robustness
3	40	hold	auto	10	1	0.005	0	12470	-0.0119086								0.002085				robustness
3	40	hold	auto	10	1	0.005	0.00011	12470	-0.0186923								0.002085				robustness
3	40	hold	auto	10	1	0.005	0.0005	12470	-0.0427437								0.002085				robustness
3	40	hold	auto	10	1	0.02	0	12470	-0.0119848								0.00232558				robustness
3	40	hold	auto	10	1	0.02	0.0005	12470	-0.0428224								0.00240577				robustness
3	40	hold	auto	10	7	0.005	0	12470	-0.049215								0.0391339				robustness
3	40	hold	auto	10	7	0.005	0.00011	12470	-0.0739336								0.0409783				robustness
3	40	hold	auto	10	7	0.005	0.0005	12470	-0.160737								0.0469928				robustness
3	40	hold	auto	10	7	0.02	0	12470	-0.0515172								0.0451484				robustness
3	40	hold	auto	10	7	0.02	0.0005	12470	-0.163604								0.0539695				robustness
3	40	hold	auto	10	30	0.005	0	12470	-0.132762								0.22486				robustness
3	40	hold	auto	10	30	0.005	0.00011	12470	-0.187459								0.234723				robustness
3	40	hold	auto	10	30	0.005	0.0005	12470	-0.382996								0.287009				robustness
3	40	hold	auto	10	30	0.02	0	12470	-0.14479								0.244908				robustness
3	40	hold	auto	10	30	0.02	0.0005	12470	-0.398642								0.315638				robustness
3	40	hold	auto	15	1	0.005	0	12470	-0.0181634								0.00753809				robustness
3	40	hold	auto	15	1	0.005	0.00011	12470	-0.0283807								0.00769848				robustness
3	40	hold	auto	15	1	0.005	0.0005	12470	-0.0646681								0.00866079				robustness
3	40	hold	auto	15	1	0.02	0	12470	-0.0195712								0.0105052				robustness
3	40	hold	auto	15	1	0.02	0.0005	12470	-0.0658935								0.0116279				robustness
3	40	hold	auto	15	7	0.005	0	12470	-0.0761771								0.103528				robustness
3	40	hold	auto	15	7	0.005	0.00011	12470	-0.113289								0.109222				robustness
3	40	hold	auto	15	7	0.005	0.0005	12470	-0.243546								0.130874				robustness
3	40	hold	auto	15	7	0.02	0	12470	-0.0872638								0.124699				robustness
3	40	hold	auto	15	7	0.02	0.0005	12470	-0.255307								0.155092				robustness
3	40	hold	auto	15	30	0.005	0	12470	-0.197797								0.403288				robustness
3	40	hold	auto	15	30	0.005	0.00011	12470	-0.2771								0.425501				robustness
3	40	hold	auto	15	30	0.005	0.0005	12470	-0.54211								0.512029				robustness
3	40	hold	auto	15	30	0.02	0	12470	-0.230227								0.439535				robustness
3	40	hold	auto	15	30	0.02	0.0005	12470	-0.576963								0.559743				robustness
3	40	hold	auto	30	1	0.005	0	12470	-0.0349545								0.0396953				robustness
3	40	hold	auto	30	1	0.005	0.00011	12470	-0.0551636								0.0410585				robustness
3	40	hold	auto	30	1	0.005	0.0005	12470	-0.126786								0.0468324				robustness
3	40	hold	auto	30	1	0.02	0	12470	-0.0428151								0.0562149				robustness
3	40	hold	auto	30	1	0.02	0.0005	12470	-0.136764								0.0690457				robustness
3	40	hold	auto	30	7	0.005	0	12470	-0.139587								0.314675				robustness
3	40	hold	auto	30	7	0.005	0.00011	12470	-0.207831								0.329671				robustness
3	40	hold	auto	30	7	0.005	0.0005	12470	-0.44928								0.407779				robustness
3	40	hold	auto	30	7	0.02	0	12470	-0.194653								0.380032				robustness
3	40	hold	auto	30	7	0.02	0.0005	12470	-0.509986								0.494547				robustness
3	40	hold	auto	30	30	0.005	0	12470	-0.309986								0.671211				robustness
3	40	hold	auto	30	30	0.005	0.00011	12470	-0.429333								0.699759				robustness
3	40	hold	auto	30	30	0.005	0.0005	12470	-0.784124								0.82101				robustness
3	40	hold	auto	30	30	0.02	0	12470	-0.394543								0.72069				robustness
3	40	hold	auto	30	30	0.02	0.0005	12470	-0.842493								0.874018				robustness
3	40	hold	reverse	3	1	0.02	0.00011	12470	0.00062988								0				robustness
3	40	hold	reverse	3	7	0.02	0.00011	12470	-0.000886988								0.00136327				robustness
3	40	hold	reverse	3	30	0.02	0.00011	12470	-0.014224								0.0209302				robustness
3	40	hold	reverse	5	1	0.02	0.00011	12470	0.000931029								0.00032077				robustness
3	40	hold	reverse	5	7	0.02	0.00011	12470	-0.00201797								0.00649559				robustness
3	40	hold	reverse	5	30	0.02	0.00011	12470	-0.0181163								0.052927				robustness
3	40	hold	reverse	10	1	0.02	0.00011	12470	0.0016552								0.00232558				robustness
3	40	hold	reverse	10	7	0.02	0.00011	12470	-0.00663899								0.0420209				robustness
3	40	hold	reverse	10	30	0.02	0.00011	12470	-0.0453201								0.226143				robustness
3	40	hold	reverse	15	1	0.02	0.00011	12470	0.000889842								0.00994387				robustness
3	40	hold	reverse	15	7	0.02	0.00011	12470	-0.0193186								0.114194				robustness
3	40	hold	reverse	15	30	0.02	0.00011	12470	-0.0903933								0.405774				robustness
3	40	hold	reverse	30	1	0.02	0.00011	12470	-0.00163093								0.0506816				robustness
3	40	hold	reverse	30	7	0.02	0.00011	12470	-0.0696536								0.349318				robustness
3	40	hold	reverse	30	30	0.02	0.00011	12470	-0.190705								0.677306				robustness
3	40	recover	auto	3	1	0.005	0	12470	-0.00211228								0				robustness
3	40	recover	auto	3	1	0.005	0.00011	12470	-0.00342808								0				robustness
3	40	recover	auto	3	1	0.005	0.0005	12470	-0.0080932								0				robustness
3	40	recover	auto	3	1	0.02	0	12470	-0.00211228								0				robustness
3	40	recover	auto	3	1	0.02	0.0005	12470	-0.0080932								0				robustness
3	40	recover	auto	3	7	0.005	0	12470	-0.00551139								0.000160385				robustness
3	40	recover	auto	3	7	0.005	0.00011	12470	-0.00744686								0.000160385				robustness
3	40	recover	auto	3	7	0.005	0.0005	12470	-0.0143387								0.000240577				robustness
3	40	recover	auto	3	7	0.02	0	12470	-0.0055733								0.00032077				robustness
3	40	recover	auto	3	7	0.02	0.0005	12470	-0.0144243								0.000481155				robustness
3	40	recover	auto	3	30	0.005	0	12470	-0.00995035								0.00312751				robustness
3	40	recover	auto	3	30	0.005	0.00011	12470	-0.0119097								0.00312751				robustness
3	40	recover	auto	3	30	0.005	0.0005	12470	-0.0188985								0.0032077				robustness
3	40	recover	auto	3	30	0.02	0	12470	-0.0100445								0.00328789				robustness
3	40	recover	auto	3	30	0.02	0.0005	12470	-0.0190541								0.00344828				robustness
3	40	recover	auto	5	1	0.005	0	12470	-0.00360054								0.000240577				robustness
3	40	recover	auto	5	1	0.005	0.00011	12470	-0.00579331								0.000240577				robustness
3	40	recover	auto	5	1	0.005	0.0005	12470	-0.0135677								0.000240577				robustness
3	40	recover	auto	5	1	0.02	0	12470	-0.00360054								0.000240577				robustness
3	40	recover	auto	5	1	0.02	0.0005	12470	-0.0135677								0.000240577				robustness
3	40	recover	auto	5	7	0.005	0	12470	-0.00919298								0.00192462				robustness
3	40	recover	auto	5	7	0.005	0.00011	12470	-0.0124131								0.00192462				robustness
3	40	recover	auto	5	7	0.005	0.0005	12470	-0.0239011								0.00200481				robustness
3	40	recover	auto	5	7	0.02	0	12470	-0.00923617								0.002085				robustness
3	40	recover	auto	5	7	0.02	0.0005	12470	-0.0239425								0.0021652				robustness
3	40	recover	auto	5	30	0.005	0	12470	-0.0154127								0.00753809				robustness
3	40	recover	auto	5	30	0.005	0.00011	12470	-0.0186654								0.00753809				robustness
3	40	recover	auto	5	30	0.005	0.0005	12470	-0.0302657								0.00769848				robustness
3	40	recover	auto	5	30	0.02	0	12470	-0.0154863								0.00793905				robustness
3	40	recover	auto	5	30	0.02	0.0005	12470	-0.0303747								0.00817963				robustness
3	40	recover	auto	10	1	0.005	0	12470	-0.00721765								0.00136327				robustness
3	40	recover	auto	10	1	0.005	0.00011	12470	-0.0115992								0.00136327				robustness
3	40	recover	auto	10	1	0.005	0.0005	12470	-0.0271336								0.00136327				robustness
3	40	recover	auto	10	1	0.02	0	12470	-0.00731298								0.00160385				robustness
3	40	recover	auto	10	1	0.02	0.0005	12470	-0.0272635								0.00168404				robustness
3	40	recover	auto	10	7	0.005	0	12470	-0.0181486								0.0101043				robustness
3	40	recover	auto	10	7	0.005	0.00011	12470	-0.0245609								0.0101844				robustness
3	40	recover	auto	10	7	0.005	0.0005	12470	-0.0475181								0.010826				robustness
3	40	recover	auto	10	7	0.02	0	12470	-0.0186753								0.0113873				robustness
3	40	recover	auto	10	7	0.02	0.0005	12470	-0.0480211								0.0121893				robustness
3	40	recover	auto	10	30	0.005	0	12470	-0.0291271								0.0406576				robustness
3	40	recover	auto	10	30	0.005	0.00011	12470	-0.0356178								0.0410585				robustness
3	40	recover	auto	10	30	0.005	0.0005	12470	-0.058763								0.042502				robustness
3	40	recover	auto	10	30	0.02	0	12470	-0.0309202								0.0438653				robustness
3	40	recover	auto	10	30	0.02	0.0005	12470	-0.0614323								0.0473937				robustness
3	40	recover	auto	15	1	0.005	0	12470	-0.0107328								0.00368885				robustness
3	40	recover	auto	15	1	0.005	0.00011	12470	-0.0173148								0.00376905				robustness
3	40	recover	auto	15	1	0.005	0.0005	12470	-0.0408532								0.00433039				robustness
3	40	recover	auto	15	1	0.02	0	12470	-0.0115494								0.00545309				robustness
3	40	recover	auto	15	1	0.02	0.0005	12470	-0.0415926								0.00593424				robustness
3	40	recover	auto	15	7	0.005	0	12470	-0.028039								0.0317562				robustness
3	40	recover	auto	15	7	0.005	0.00011	12470	-0.0375786								0.032077				robustness
3	40	recover	auto	15	7	0.005	0.0005	12470	-0.0721193								0.0343224				robustness
3	40	recover	auto	15	7	0.02	0	12470	-0.0308937								0.0371291				robustness
3	40	recover	auto	15	7	0.02	0.0005	12470	-0.0753893								0.0408982				robustness
3	40	recover	auto	15	30	0.005	0	12470	-0.0402524								0.0781075				robustness
3	40	recover	auto	15	30	0.005	0.00011	12470	-0.0499067								0.07915				robustness
3	40	recover	auto	15	30	0.005	0.0005	12470	-0.0849635								0.082919				robustness
3	40	recover	auto	15	30	0.02	0	12470	-0.045496								0.0852446				robustness
3	40	recover	auto	15	30	0.02	0.0005	12470	-0.0901394								0.0898957				robustness
3	40	recover	auto	30	1	0.005	0	12470	-0.0210878								0.0210906				robustness
3	40	recover	auto	30	1	0.005	0.00011	12470	-0.0341409								0.0214114				robustness
3	40	recover	auto	30	1	0.005	0.0005	12470	-0.0804969								0.0230954				robustness
3	40	recover	auto	30	1	0.02	0	12470	-0.0245296								0.0291099				robustness
3	40	recover	auto	30	1	0.02	0.0005	12470	-0.084912								0.0327987				robustness
3	40	recover	auto	30	7	0.005	0	12470	-0.0486965								0.111788				robustness
3	40	recover	auto	30	7	0.005	0.00011	12470	-0.0679504								0.114435				robustness
3	40	recover	auto	30	7	0.005	0.0005	12470	-0.136585								0.125501				robustness
3	40	recover	auto	30	7	0.02	0	12470	-0.064358								0.133921				robustness
3	40	recover	auto	30	7	0.02	0.0005	12470	-0.153617								0.149318				robustness
3	40	recover	auto	30	30	0.005	0	12470	-0.0614314								0.165678				robustness
3	40	recover	auto	30	30	0.005	0.00011	12470	-0.0805651								0.168324				robustness
3	40	recover	auto	30	30	0.005	0.0005	12470	-0.148966								0.17931				robustness
3	40	recover	auto	30	30	0.02	0	12470	-0.080231								0.184282				robustness
3	40	recover	auto	30	30	0.02	0.0005	12470	-0.168453								0.198797				robustness
3	40	recover	reverse	3	1	0.02	0.00011	12470	-0.000157956								0				robustness
3	40	recover	reverse	3	7	0.02	0.00011	12470	-0.00334946								0.000240577				robustness
3	40	recover	reverse	3	30	0.02	0.00011	12470	-0.00800468								0.00344828				robustness
3	40	recover	reverse	5	1	0.02	0.00011	12470	-0.000344188								0.000240577				robustness
3	40	recover	reverse	5	7	0.02	0.00011	12470	-0.00561125								0.002085				robustness
3	40	recover	reverse	5	30	0.02	0.00011	12470	-0.0120929								0.00825982				robustness
3	40	recover	reverse	10	1	0.02	0.00011	12470	-0.000780098								0.00152366				robustness
3	40	recover	reverse	10	7	0.02	0.00011	12470	-0.0114573								0.0115477				robustness
3	40	recover	reverse	10	30	0.02	0.00011	12470	-0.0243039								0.044587				robustness
3	40	recover	reverse	15	1	0.02	0.00011	12470	-0.00171936								0.00521251				robustness
3	40	recover	reverse	15	7	0.02	0.00011	12470	-0.0199896								0.0370489				robustness
3	40	recover	reverse	15	30	0.02	0.00011	12470	-0.034522								0.0845229				robustness
3	40	recover	reverse	30	1	0.02	0.00011	12470	-0.00471855								0.0273456				robustness
3	40	recover	reverse	30	7	0.02	0.00011	12470	-0.0418685								0.130553				robustness
3	40	recover	reverse	30	30	0.02	0.00011	12470	-0.0585609								0.182759				robustness
3	80	close	auto	3	1	0.005	0	12470	-0.00295306								0				robustness
3	80	close	auto	3	1	0.005	0.00011	12470	-0.00511639								0				robustness
3	80	close	auto	3	1	0.005	0.0005	12470	-0.0127864								0				robustness
3	80	close	auto	3	1	0.02	0	12470	-0.00295306								0				robustness
3	80	close	auto	3	1	0.02	0.0005	12470	-0.0127864								0				robustness
3	80	close	auto	3	7	0.005	0	12470	-0.0042701								0				robustness
3	80	close	auto	3	7	0.005	0.00011	12470	-0.00746325								0				robustness
3	80	close	auto	3	7	0.005	0.0005	12470	-0.0187844								0				robustness
3	80	close	auto	3	7	0.02	0	12470	-0.0042701								0				robustness
3	80	close	auto	3	7	0.02	0.0005	12470	-0.0187844								0				robustness
3	80	close	auto	3	30	0.005	0	12470	-0.00435724								0				robustness
3	80	close	auto	3	30	0.005	0.00011	12470	-0.00758387								0				robustness
3	80	close	auto	3	30	0.005	0.0005	12470	-0.0190237								0				robustness
3	80	close	auto	3	30	0.02	0	12470	-0.00435724								0				robustness
3	80	close	auto	3	30	0.02	0.0005	12470	-0.0190237								0				robustness
3	80	close	auto	5	1	0.005	0	12470	-0.00492176								0				robustness
3	80	close	auto	5	1	0.005	0.00011	12470	-0.00852731								0				robustness
3	80	close	auto	5	1	0.005	0.0005	12470	-0.0213106								0				robustness
3	80	close	auto	5	1	0.02	0	12470	-0.00492176								0				robustness
3	80	close	auto	5	1	0.02	0.0005	12470	-0.0213106								0				robustness
3	80	close	auto	5	7	0.005	0	12470	-0.00711683								0				robustness
3	80	close	auto	5	7	0.005	0.00011	12470	-0.0124387								0				robustness
3	80	close	auto	5	7	0.005	0.0005	12470	-0.0313073								0				robustness
3	80	close	auto	5	7	0.02	0	12470	-0.00711683								0				robustness
3	80	close	auto	5	7	0.02	0.0005	12470	-0.0313073								0				robustness
3	80	close	auto	5	30	0.005	0	12470	-0.00726207								0				robustness
3	80	close	auto	5	30	0.005	0.00011	12470	-0.0126398								0				robustness
3	80	close	auto	5	30	0.005	0.0005	12470	-0.0317062								0				robustness
3	80	close	auto	5	30	0.02	0	12470	-0.00726207								0				robustness
3	80	close	auto	5	30	0.02	0.0005	12470	-0.0317062								0				robustness
3	80	close	auto	10	1	0.005	0	12470	-0.00984352								0				robustness
3	80	close	auto	10	1	0.005	0.00011	12470	-0.0170546								0				robustness
3	80	close	auto	10	1	0.005	0.0005	12470	-0.0426212								0				robustness
3	80	close	auto	10	1	0.02	0	12470	-0.00984352								0				robustness
3	80	close	auto	10	1	0.02	0.0005	12470	-0.0426212								0				robustness
3	80	close	auto	10	7	0.005	0	12470	-0.0142337								0				robustness
3	80	close	auto	10	7	0.005	0.00011	12470	-0.0248775								0				robustness
3	80	close	auto	10	7	0.005	0.0005	12470	-0.0626147								0				robustness
3	80	close	auto	10	7	0.02	0	12470	-0.0142337								0				robustness
3	80	close	auto	10	7	0.02	0.0005	12470	-0.0626147								0				robustness
3	80	close	auto	10	30	0.005	0	12470	-0.0145241								0				robustness
3	80	close	auto	10	30	0.005	0.00011	12470	-0.0252796								0				robustness
3	80	close	auto	10	30	0.005	0.0005	12470	-0.0634125								0				robustness
3	80	close	auto	10	30	0.02	0	12470	-0.0145241								0				robustness
3	80	close	auto	10	30	0.02	0.0005	12470	-0.0634125								0				robustness
3	80	close	auto	15	1	0.005	0	12470	-0.0147653								0				robustness
3	80	close	auto	15	1	0.005	0.00011	12470	-0.0255819								0				robustness
3	80	close	auto	15	1	0.005	0.0005	12470	-0.0639319								0				robustness
3	80	close	auto	15	1	0.02	0	12470	-0.0147653								0				robustness
3	80	close	auto	15	1	0.02	0.0005	12470	-0.0639319								0				robustness
3	80	close	auto	15	7	0.005	0	12470	-0.0213505								0				robustness
3	80	close	auto	15	7	0.005	0.00011	12470	-0.0373162								0				robustness
3	80	close	auto	15	7	0.005	0.0005	12470	-0.093922								0				robustness
3	80	close	auto	15	7	0.02	0	12470	-0.0213505								0				robustness
3	80	close	auto	15	7	0.02	0.0005	12470	-0.093922								0				robustness
3	80	close	auto	15	30	0.005	0	12470	-0.0217862								0				robustness
3	80	close	auto	15	30	0.005	0.00011	12470	-0.0379194								0				robustness
3	80	close	auto	15	30	0.005	0.0005	12470	-0.0951187								0				robustness
3	80	close	auto	15	30	0.02	0	12470	-0.0217862								0				robustness
3	80	close	auto	15	30	0.02	0.0005	12470	-0.0951187								0				robustness
3	80	close	auto	30	1	0.005	0	12470	-0.0295306								0				robustness
3	80	close	auto	30	1	0.005	0.00011	12470	-0.0511639								0				robustness
3	80	close	auto	30	1	0.005	0.0005	12470	-0.127864								0				robustness
3	80	close	auto	30	1	0.02	0	12470	-0.0295306								0				robustness
3	80	close	auto	30	1	0.02	0.0005	12470	-0.127864								0				robustness
3	80	close	auto	30	7	0.005	0	12470	-0.042701								0				robustness
3	80	close	auto	30	7	0.005	0.00011	12470	-0.0746325								0				robustness
3	80	close	auto	30	7	0.005	0.0005	12470	-0.187844								0				robustness
3	80	close	auto	30	7	0.02	0	12470	-0.042701								0				robustness
3	80	close	auto	30	7	0.02	0.0005	12470	-0.187844								0				robustness
3	80	close	auto	30	30	0.005	0	12470	-0.0435724								0				robustness
3	80	close	auto	30	30	0.005	0.00011	12470	-0.0758387								0				robustness
3	80	close	auto	30	30	0.005	0.0005	12470	-0.190237								0				robustness
3	80	close	auto	30	30	0.02	0	12470	-0.0435724								0				robustness
3	80	close	auto	30	30	0.02	0.0005	12470	-0.190237								0				robustness
3	80	close	reverse	3	1	0.02	0.00011	12470	-0.0015403								0				robustness
3	80	close	reverse	3	7	0.02	0.00011	12470	-0.00248528								0				robustness
3	80	close	reverse	3	30	0.02	0.00011	12470	-0.00257025								0				robustness
3	80	close	reverse	5	1	0.02	0.00011	12470	-0.00256717								0				robustness
3	80	close	reverse	5	7	0.02	0.00011	12470	-0.00414213								0				robustness
3	80	close	reverse	5	30	0.02	0.00011	12470	-0.00428375								0				robustness
3	80	close	reverse	10	1	0.02	0.00011	12470	-0.00513434								0				robustness
3	80	close	reverse	10	7	0.02	0.00011	12470	-0.00828425								0				robustness
3	80	close	reverse	10	30	0.02	0.00011	12470	-0.00856751								0				robustness
3	80	close	reverse	15	1	0.02	0.00011	12470	-0.00770151								0				robustness
3	80	close	reverse	15	7	0.02	0.00011	12470	-0.0124264								0				robustness
3	80	close	reverse	15	30	0.02	0.00011	12470	-0.0128513								0				robustness
3	80	close	reverse	30	1	0.02	0.00011	12470	-0.015403								0				robustness
3	80	close	reverse	30	7	0.02	0.00011	12470	-0.0248528								0				robustness
3	80	close	reverse	30	30	0.02	0.00011	12470	-0.0257025								0				robustness
3	80	hold	auto	3	1	0.005	0	12470	-0.00628659								0				robustness
3	80	hold	auto	3	1	0.005	0.00011	12470	-0.00953752								0				robustness
3	80	hold	auto	3	1	0.005	0.0005	12470	-0.0210635								0				robustness
3	80	hold	auto	3	1	0.02	0	12470	-0.00628659								0				robustness
3	80	hold	auto	3	1	0.02	0.0005	12470	-0.0210635								0				robustness
3	80	hold	auto	3	7	0.005	0	12470	-0.0239765								0.0010425				robustness
3	80	hold	auto	3	7	0.005	0.00011	12470	-0.0359147								0.00120289				robustness
3	80	hold	auto	3	7	0.005	0.0005	12470	-0.0780768								0.00120289				robustness
3	80	hold	auto	3	7	0.02	0	12470	-0.0240565								0.00136327				robustness
3	80	hold	auto	3	7	0.02	0.0005	12470	-0.0782196								0.00168404				robustness
3	80	hold	auto	3	30	0.005	0	12470	-0.0658683								0.0206095				robustness
3	80	hold	auto	3	30	0.005	0.00011	12470	-0.0930962								0.0214916				robustness
3	80	hold	auto	3	30	0.005	0.0005	12470	-0.189393								0.0243785				robustness
3	80	hold	auto	3	30	0.02	0	12470	-0.0662887								0.0221331				robustness
3	80	hold	auto	3	30	0.02	0.0005	12470	-0.190011								0.0259824				robustness
3	80	hold	auto	5	1	0.005	0	12470	-0.0105937								0.00032077				robustness
3	80	hold	auto	5	1	0.005	0.00011	12470	-0.0160113								0.00032077				robustness
3	80	hold	auto	5	1	0.005	0.0005	12470	-0.0352192								0.00032077				robustness
3	80	hold	auto	5	1	0.02	0	12470	-0.0105937								0.00032077				robustness
3	80	hold	auto	5	1	0.02	0.0005	12470	-0.0352192								0.00032077				robustness
3	80	hold	auto	5	7	0.005	0	12470	-0.0405138								0.00649559				robustness
3	80	hold	auto	5	7	0.005	0.00011	12470	-0.0603673								0.00665597				robustness
3	80	hold	auto	5	7	0.005	0.0005	12470	-0.131097								0.00825982				robustness
3	80	hold	auto	5	7	0.02	0	12470	-0.0408229								0.00729751				robustness
3	80	hold	auto	5	7	0.02	0.0005	12470	-0.131305								0.00914194				robustness
3	80	hold	auto	5	30	0.005	0	12470	-0.103866								0.0543705				robustness
3	80	hold	auto	5	30	0.005	0.00011	12470	-0.149773								0.0575782				robustness
3	80	hold	auto	5	30	0.005	0.0005	12470	-0.31097								0.0731355				robustness
3	80	hold	auto	5	30	0.02	0	12470	-0.105524								0.0583801				robustness
3	80	hold	auto	5	30	0.02	0.0005	12470	-0.313111								0.07915				robustness
3	80	hold	auto	10	1	0.005	0	12470	-0.0212759								0.002085				robustness
3	80	hold	auto	10	1	0.005	0.00011	12470	-0.0321004								0.002085				robustness
3	80	hold	auto	10	1	0.005	0.0005	12470	-0.0704848								0.00224539				robustness
3	80	hold	auto	10	1	0.02	0	12470	-0.0213514								0.00232558				robustness
3	80	hold	auto	10	1	0.02	0.0005	12470	-0.0706995								0.00280674				robustness
3	80	hold	auto	10	7	0.005	0	12470	-0.0814601								0.0415397				robustness
3	80	hold	auto	10	7	0.005	0.00011	12470	-0.120933								0.0440257				robustness
3	80	hold	auto	10	7	0.005	0.0005	12470	-0.261872								0.0576584				robustness
3	80	hold	auto	10	7	0.02	0	12470	-0.0837776								0.0477145				robustness
3	80	hold	auto	10	7	0.02	0.0005	12470	-0.265037								0.0655172				robustness
3	80	hold	auto	10	30	0.005	0	12470	-0.204392								0.239936				robustness
3	80	hold	auto	10	30	0.005	0.00011	12470	-0.292544								0.259022				robustness
3	80	hold	auto	10	30	0.005	0.0005	12470	-0.60435								0.388132				robustness
3	80	hold	auto	10	30	0.02	0	12470	-0.216457								0.259824				robustness
3	80	hold	auto	10	30	0.02	0.0005	12470	-0.620483								0.423256				robustness
3	80	hold	auto	15	1	0.005	0	12470	-0.0322192								0.00777867				robustness
3	80	hold	auto	15	1	0.005	0.00011	12470	-0.048604								0.00825982				robustness
3	80	hold	auto	15	1	0.005	0.0005	12470	-0.106247								0.00970329				robustness
3	80	hold	auto	15	1	0.02	0	12470	-0.0336808								0.0110666				robustness
3	80	hold	auto	15	1	0.02	0.0005	12470	-0.107352								0.0121893				robustness
3	80	hold	auto	15	7	0.005	0	12470	-0.124417								0.111708				robustness
3	80	hold	auto	15	7	0.005	0.00011	12470	-0.184801								0.121331				robustness
3	80	hold	auto	15	7	0.005	0.0005	12470	-0.391916								0.163833				robustness
3	80	hold	auto	15	7	0.02	0	12470	-0.136099								0.133681				robustness
3	80	hold	auto	15	7	0.02	0.0005	12470	-0.404734								0.195188				robustness
3	80	hold	auto	15	30	0.005	0	12470	-0.29884								0.433119				robustness
3	80	hold	auto	15	30	0.005	0.00011	12470	-0.421847								0.470008				robustness
3	80	hold	auto	15	30	0.005	0.0005	12470	-0.799539								0.668404				robustness
3	80	hold	auto	15	30	0.02	0	12470	-0.329576								0.467843				robustness
3	80	hold	auto	15	30	0.02	0.0005	12470	-0.822537								0.7166				robustness
3	80	hold	auto	30	1	0.005	0	12470	-0.0630056								0.0426624				robustness
3	80	hold	auto	30	1	0.005	0.00011	12470	-0.0951923								0.0452285				robustness
3	80	hold	auto	30	1	0.005	0.0005	12470	-0.209298								0.0566159				robustness
3	80	hold	auto	30	1	0.02	0	12470	-0.0710291								0.0603047				robustness
3	80	hold	auto	30	1	0.02	0.0005	12470	-0.222717								0.0868484				robustness
3	80	hold	auto	30	7	0.005	0	12470	-0.226768								0.335285				robustness
3	80	hold	auto	30	7	0.005	0.00011	12470	-0.338237								0.368003				robustness
3	80	hold	auto	30	7	0.005	0.0005	12470	-0.695842								0.544587				robustness
3	80	hold	auto	30	7	0.02	0	12470	-0.285143								0.409383				robustness
3	80	hold	auto	30	7	0.02	0.0005	12470	-0.750321								0.650281				robustness
3	80	hold	auto	30	30	0.005	0	12470	-0.452032								0.707859				robustness
3	80	hold	auto	30	30	0.005	0.00011	12470	-0.630238								0.760064				robustness
3	80	hold	auto	30	30	0.005	0.0005	12470	-0.976501								0.9583				robustness
3	80	hold	auto	30	30	0.02	0	12470	-0.531337								0.75814				robustness
3	80	hold	auto	30	30	0.02	0.0005	12470	-0.988182								0.980112				robustness
3	80	hold	reverse	3	1	0.02	0.00011	12470	-0.00373729								0				robustness
3	80	hold	reverse	3	7	0.02	0.00011	12470	-0.0153916								0.00136327				robustness
3	80	hold	reverse	3	30	0.02	0.00011	12470	-0.0469592								0.0214916				robustness
3	80	hold	reverse	5	1	0.02	0.00011	12470	-0.00634546								0.00032077				robustness
3	80	hold	reverse	5	7	0.02	0.00011	12470	-0.0262931								0.00705694				robustness
3	80	hold	reverse	5	30	0.02	0.00011	12470	-0.0728096								0.0559743				robustness
3	80	hold	reverse	10	1	0.02	0.00011	12470	-0.0128676								0.00232558				robustness
3	80	hold	reverse	10	7	0.02	0.00011	12470	-0.0547437								0.0453087				robustness
3	80	hold	reverse	10	30	0.02	0.00011	12470	-0.15278								0.246351				robustness
3	80	hold	reverse	15	1	0.02	0.00011	12470	-0.0209261								0.0106656				robustness
3	80	hold	reverse	15	7	0.02	0.00011	12470	-0.0919635								0.125421				robustness
3	80	hold	reverse	15	30	0.02	0.00011	12470	-0.241138								0.442261				robustness
3	80	hold	reverse	30	1	0.02	0.00011	12470	-0.0454472								0.0570168				robustness
3	80	hold	reverse	30	7	0.02	0.00011	12470	-0.201506								0.381315				robustness
3	80	hold	reverse	30	30	0.02	0.00011	12470	-0.406599								0.723978				robustness
3	80	recover	auto	3	1	0.005	0	12470	-0.00368455								0				robustness
3	80	recover	auto	3	1	0.005	0.00011	12470	-0.00581734								0				robustness
3	80	recover	auto	3	1	0.005	0.0005	12470	-0.013379								0				robustness
3	80	recover	auto	3	1	0.02	0	12470	-0.00368455								0				robustness
3	80	recover	auto	3	1	0.02	0.0005	12470	-0.013379								0				robustness
3	80	recover	auto	3	7	0.005	0	12470	-0.00757368								0.000160385				robustness
3	80	recover	auto	3	7	0.005	0.00011	12470	-0.0107461								0.000160385				robustness
3	80	recover	auto	3	7	0.005	0.0005	12470	-0.0219939								0.000160385				robustness
3	80	recover	auto	3	7	0.02	0	12470	-0.00763643								0.00032077				robustness
3	80	recover	auto	3	7	0.02	0.0005	12470	-0.0221441								0.000561347				robustness
3	80	recover	auto	3	30	0.005	0	12470	-0.0120076								0.00312751				robustness
3	80	recover	auto	3	30	0.005	0.00011	12470	-0.0152137								0.00312751				robustness
3	80	recover	auto	3	30	0.005	0.0005	12470	-0.0265811								0.00312751				robustness
3	80	recover	auto	3	30	0.02	0	12470	-0.0121022								0.00328789				robustness
3	80	recover	auto	3	30	0.02	0.0005	12470	-0.0268474								0.00360866				robustness
3	80	recover	auto	5	1	0.005	0	12470	-0.0062205								0.000240577				robustness
3	80	recover	auto	5	1	0.005	0.00011	12470	-0.00977484								0.000240577				robustness
3	80	recover	auto	5	1	0.005	0.0005	12470	-0.0223766								0.000240577				robustness
3	80	recover	auto	5	1	0.02	0	12470	-0.0062205								0.000240577				robustness
3	80	recover	auto	5	1	0.02	0.0005	12470	-0.0223766								0.000240577				robustness
3	80	recover	auto	5	7	0.005	0	12470	-0.0126047								0.00184443				robustness
3	80	recover	auto	5	7	0.005	0.00011	12470	-0.0178832								0.00184443				robustness
3	80	recover	auto	5	7	0.005	0.0005	12470	-0.0366137								0.00192462				robustness
3	80	recover	auto	5	7	0.02	0	12470	-0.0126843								0.002085				robustness
3	80	recover	auto	5	7	0.02	0.0005	12470	-0.0366731								0.002085				robustness
3	80	recover	auto	5	30	0.005	0	12470	-0.0187889								0.00753809				robustness
3	80	recover	auto	5	30	0.005	0.00011	12470	-0.024111								0.00753809				robustness
3	80	recover	auto	5	30	0.005	0.0005	12470	-0.0430634								0.00785886				robustness
3	80	recover	auto	5	30	0.02	0	12470	-0.0188401								0.00769848				robustness
3	80	recover	auto	5	30	0.02	0.0005	12470	-0.0430844								0.00793905				robustness
3	80	recover	auto	10	1	0.005	0	12470	-0.0124482								0.00136327				robustness
3	80	recover	auto	10	1	0.005	0.00011	12470	-0.019551								0.00136327				robustness
3	80	recover	auto	10	1	0.005	0.0005	12470	-0.0447627								0.00144346				robustness
3	80	recover	auto	10	1	0.02	0	12470	-0.0125188								0.00160385				robustness
3	80	recover	auto	10	1	0.02	0.0005	12470	-0.0448018								0.00160385				robustness
3	80	recover	auto	10	7	0.005	0	12470	-0.02497								0.0100241				robustness
3	80	recover	auto	10	7	0.005	0.00011	12470	-0.0355069								0.0101043				robustness
3	80	recover	auto	10	7	0.005	0.0005	12470	-0.0730769								0.0112269				robustness
3	80	recover	auto	10	7	0.02	0	12470	-0.02547								0.0112269				robustness
3	80	recover	auto	10	7	0.02	0.0005	12470	-0.0735761								0.0127506				robustness
3	80	recover	auto	10	30	0.005	0	12470	-0.036131								0.0406576				robustness
3	80	recover	auto	10	30	0.005	0.00011	12470	-0.0467634								0.0414595				robustness
3	80	recover	auto	10	30	0.005	0.0005	12470	-0.0847712								0.0441059				robustness
3	80	recover	auto	10	30	0.02	0	12470	-0.0380203								0.044186				robustness
3	80	recover	auto	10	30	0.02	0.0005	12470	-0.0868198								0.0485164				robustness
3	80	recover	auto	15	1	0.005	0	12470	-0.0186643								0.00384924				robustness
3	80	recover	auto	15	1	0.005	0.00011	12470	-0.0294391								0.00408982				robustness
3	80	recover	auto	15	1	0.005	0.0005	12470	-0.0672774								0.00457097				robustness
3	80	recover	auto	15	1	0.02	0	12470	-0.0194632								0.00569366				robustness
3	80	recover	auto	15	1	0.02	0.0005	12470	-0.0679596								0.00601443				robustness
3	80	recover	auto	15	7	0.005	0	12470	-0.0383121								0.0317562				robustness
3	80	recover	auto	15	7	0.005	0.00011	12470	-0.0542489								0.0327987				robustness
3	80	recover	auto	15	7	0.005	0.0005	12470	-0.110688								0.0368885				robustness
3	80	recover	auto	15	7	0.02	0	12470	-0.0414886								0.0374499				robustness
3	80	recover	auto	15	7	0.02	0.0005	12470	-0.114255								0.0444266				robustness
3	80	recover	auto	15	30	0.005	0	12470	-0.0506537								0.0781075				robustness
3	80	recover	auto	15	30	0.005	0.00011	12470	-0.0665106								0.0797113				robustness
3	80	recover	auto	15	30	0.005	0.0005	12470	-0.123126								0.0858861				robustness
3	80	recover	auto	15	30	0.02	0	12470	-0.0558123								0.0849238				robustness
3	80	recover	auto	15	30	0.02	0.0005	12470	-0.128337								0.0934242				robustness
3	80	recover	auto	30	1	0.005	0	12470	-0.0366211								0.0213312				robustness
3	80	recover	auto	30	1	0.005	0.00011	12470	-0.0577403								0.0218925				robustness
3	80	recover	auto	30	1	0.005	0.0005	12470	-0.133216								0.0251804				robustness
3	80	recover	auto	30	1	0.02	0	12470	-0.0402688								0.0297514				robustness
3	80	recover	auto	30	1	0.02	0.0005	12470	-0.138041								0.0359262				robustness
3	80	recover	auto	30	7	0.005	0	12470	-0.0696854								0.113793				robustness
3	80	recover	auto	30	7	0.005	0.00011	12470	-0.100966								0.118685				robustness
3	80	recover	auto	30	7	0.005	0.0005	12470	-0.212281								0.13753				robustness
3	80	recover	auto	30	7	0.02	0	12470	-0.0857368								0.136728				robustness
3	80	recover	auto	30	7	0.02	0.0005	12470	-0.232458								0.167281				robustness
3	80	recover	auto	30	30	0.005	0	12470	-0.0820762								0.167121				robustness
3	80	recover	auto	30	30	0.005	0.00011	12470	-0.113354								0.171933				robustness
3	80	recover	auto	30	30	0.005	0.0005	12470	-0.224096								0.191179				robustness
3	80	recover	auto	30	30	0.02	0	12470	-0.101029								0.185806				robustness
3	80	recover	auto	30	30	0.02	0.0005	12470	-0.246049								0.214996				robustness
3	80	recover	reverse	3	1	0.02	0.00011	12470	-0.00237321								0				robustness
3	80	recover	reverse	3	7	0.02	0.00011	12470	-0.00609408								0.000240577				robustness
3	80	recover	reverse	3	30	0.02	0.00011	12470	-0.0106838								0.00328789				robustness
3	80	recover	reverse	5	1	0.02	0.00011	12470	-0.00403532								0.000240577				robustness
3	80	recover	reverse	5	7	0.02	0.00011	12470	-0.0102308								0.0021652				robustness
3	80	recover	reverse	5	30	0.02	0.00011	12470	-0.0166548								0.00809944				robustness
3	80	recover	reverse	10	1	0.02	0.00011	12470	-0.00818583								0.00168404				robustness
3	80	recover	reverse	10	7	0.02	0.00011	12470	-0.02064								0.0117081				robustness
3	80	recover	reverse	10	30	0.02	0.00011	12470	-0.0336724								0.0448276				robustness
3	80	recover	reverse	15	1	0.02	0.00011	12470	-0.0129225								0.00561347				robustness
3	80	recover	reverse	15	7	0.02	0.00011	12470	-0.0336548								0.0371291				robustness
3	80	recover	reverse	15	30	0.02	0.00011	12470	-0.0481825								0.0847634				robustness
3	80	recover	reverse	30	1	0.02	0.00011	12470	-0.0268806								0.0289495				robustness
3	80	recover	reverse	30	7	0.02	0.00011	12470	-0.0702057								0.134804				robustness
3	80	recover	reverse	30	30	0.02	0.00011	12470	-0.0861602								0.185405				robustness
4.6	40	close	auto	3	1	0.005	0	12470	-0.0010987								0				robustness
4.6	40	close	auto	3	1	0.005	0.00011	12470	-0.00203414								0				robustness
4.6	40	close	auto	3	1	0.005	0.0005	12470	-0.00535072								0				robustness
4.6	40	close	auto	3	1	0.02	0	12470	-0.0010987								0				robustness
4.6	40	close	auto	3	1	0.02	0.0005	12470	-0.00535072								0				robustness
4.6	40	close	auto	3	7	0.005	0	12470	-0.0030401								0				robustness
4.6	40	close	auto	3	7	0.005	0.00011	12470	-0.00492981								0				robustness
4.6	40	close	auto	3	7	0.005	0.0005	12470	-0.0116297								0				robustness
4.6	40	close	auto	3	7	0.02	0	12470	-0.0030401								0				robustness
4.6	40	close	auto	3	7	0.02	0.0005	12470	-0.0116297								0				robustness
4.6	40	close	auto	3	30	0.005	0	12470	-0.00354423								0				robustness
4.6	40	close	auto	3	30	0.005	0.00011	12470	-0.00554183								0				robustness
4.6	40	close	auto	3	30	0.005	0.0005	12470	-0.0126242								0				robustness
4.6	40	close	auto	3	30	0.02	0	12470	-0.00354423								0				robustness
4.6	40	close	auto	3	30	0.02	0.0005	12470	-0.0126242								0				robustness
4.6	40	close	auto	5	1	0.005	0	12470	-0.00183116								0				robustness
4.6	40	close	auto	5	1	0.005	0.00011	12470	-0.00339024								0				robustness
4.6	40	close	auto	5	1	0.005	0.0005	12470	-0.00891787								0				robustness
4.6	40	close	auto	5	1	0.02	0	12470	-0.00183116								0				robustness
4.6	40	close	auto	5	1	0.02	0.0005	12470	-0.00891787								0				robustness
4.6	40	close	auto	5	7	0.005	0	12470	-0.00506683								0				robustness
4.6	40	close	auto	5	7	0.005	0.00011	12470	-0.00821635								0				robustness
4.6	40	close	auto	5	7	0.005	0.0005	12470	-0.0193829								0				robustness
4.6	40	close	auto	5	7	0.02	0	12470	-0.00506683								0				robustness
4.6	40	close	auto	5	7	0.02	0.0005	12470	-0.0193829								0				robustness
4.6	40	close	auto	5	30	0.005	0	12470	-0.00590706								0				robustness
4.6	40	close	auto	5	30	0.005	0.00011	12470	-0.00923638								0				robustness
4.6	40	close	auto	5	30	0.005	0.0005	12470	-0.0210403								0				robustness
4.6	40	close	auto	5	30	0.02	0	12470	-0.00590706								0				robustness
4.6	40	close	auto	5	30	0.02	0.0005	12470	-0.0210403								0				robustness
4.6	40	close	auto	10	1	0.005	0	12470	-0.00366232								0				robustness
4.6	40	close	auto	10	1	0.005	0.00011	12470	-0.00678047								0				robustness
4.6	40	close	auto	10	1	0.005	0.0005	12470	-0.0178357								0				robustness
4.6	40	close	auto	10	1	0.02	0	12470	-0.00366232								0				robustness
4.6	40	close	auto	10	1	0.02	0.0005	12470	-0.0178357								0				robustness
4.6	40	close	auto	10	7	0.005	0	12470	-0.0101337								0				robustness
4.6	40	close	auto	10	7	0.005	0.00011	12470	-0.0164327								0				robustness
4.6	40	close	auto	10	7	0.005	0.0005	12470	-0.0387657								0				robustness
4.6	40	close	auto	10	7	0.02	0	12470	-0.0101337								0				robustness
4.6	40	close	auto	10	7	0.02	0.0005	12470	-0.0387657								0				robustness
4.6	40	close	auto	10	30	0.005	0	12470	-0.0118141								0				robustness
4.6	40	close	auto	10	30	0.005	0.00011	12470	-0.0184728								0				robustness
4.6	40	close	auto	10	30	0.005	0.0005	12470	-0.0420807								0				robustness
4.6	40	close	auto	10	30	0.02	0	12470	-0.0118141								0				robustness
4.6	40	close	auto	10	30	0.02	0.0005	12470	-0.0420807								0				robustness
4.6	40	close	auto	15	1	0.005	0	12470	-0.00549348								0				robustness
4.6	40	close	auto	15	1	0.005	0.00011	12470	-0.0101707								0				robustness
4.6	40	close	auto	15	1	0.005	0.0005	12470	-0.0267536								0				robustness
4.6	40	close	auto	15	1	0.02	0	12470	-0.00549348								0				robustness
4.6	40	close	auto	15	1	0.02	0.0005	12470	-0.0267536								0				robustness
4.6	40	close	auto	15	7	0.005	0	12470	-0.0152005								0				robustness
4.6	40	close	auto	15	7	0.005	0.00011	12470	-0.0246491								0				robustness
4.6	40	close	auto	15	7	0.005	0.0005	12470	-0.0581486								0				robustness
4.6	40	close	auto	15	7	0.02	0	12470	-0.0152005								0				robustness
4.6	40	close	auto	15	7	0.02	0.0005	12470	-0.0581486								0				robustness
4.6	40	close	auto	15	30	0.005	0	12470	-0.0177212								0				robustness
4.6	40	close	auto	15	30	0.005	0.00011	12470	-0.0277091								0				robustness
4.6	40	close	auto	15	30	0.005	0.0005	12470	-0.063121								0				robustness
4.6	40	close	auto	15	30	0.02	0	12470	-0.0177212								0				robustness
4.6	40	close	auto	15	30	0.02	0.0005	12470	-0.063121								0				robustness
4.6	40	close	auto	30	1	0.005	0	12470	-0.010987								0				robustness
4.6	40	close	auto	30	1	0.005	0.00011	12470	-0.0203414								0				robustness
4.6	40	close	auto	30	1	0.005	0.0005	12470	-0.0535072								0				robustness
4.6	40	close	auto	30	1	0.02	0	12470	-0.010987								0				robustness
4.6	40	close	auto	30	1	0.02	0.0005	12470	-0.0535072								0				robustness
4.6	40	close	auto	30	7	0.005	0	12470	-0.030401								0				robustness
4.6	40	close	auto	30	7	0.005	0.00011	12470	-0.0492981								0				robustness
4.6	40	close	auto	30	7	0.005	0.0005	12470	-0.116297								0				robustness
4.6	40	close	auto	30	7	0.02	0	12470	-0.030401								0				robustness
4.6	40	close	auto	30	7	0.02	0.0005	12470	-0.116297								0				robustness
4.6	40	close	auto	30	30	0.005	0	12470	-0.0354423								0				robustness
4.6	40	close	auto	30	30	0.005	0.00011	12470	-0.0554183								0				robustness
4.6	40	close	auto	30	30	0.005	0.0005	12470	-0.126242								0				robustness
4.6	40	close	auto	30	30	0.02	0	12470	-0.0354423								0				robustness
4.6	40	close	auto	30	30	0.02	0.0005	12470	-0.126242								0				robustness
4.6	40	close	reverse	3	1	0.02	0.00011	12470	0.000757355								0				robustness
4.6	40	close	reverse	3	7	0.02	0.00011	12470	-0.000236111								0				robustness
4.6	40	close	reverse	3	30	0.02	0.00011	12470	-0.000687709								0				robustness
4.6	40	close	reverse	5	1	0.02	0.00011	12470	0.00126226								0				robustness
4.6	40	close	reverse	5	7	0.02	0.00011	12470	-0.000393518								0				robustness
4.6	40	close	reverse	5	30	0.02	0.00011	12470	-0.00114618								0				robustness
4.6	40	close	reverse	10	1	0.02	0.00011	12470	0.00252452								0				robustness
4.6	40	close	reverse	10	7	0.02	0.00011	12470	-0.000787037								0				robustness
4.6	40	close	reverse	10	30	0.02	0.00011	12470	-0.00229236								0				robustness
4.6	40	close	reverse	15	1	0.02	0.00011	12470	0.00378677								0				robustness
4.6	40	close	reverse	15	7	0.02	0.00011	12470	-0.00118055								0				robustness
4.6	40	close	reverse	15	30	0.02	0.00011	12470	-0.00343854								0				robustness
4.6	40	close	reverse	30	1	0.02	0.00011	12470	0.00757355								0				robustness
4.6	40	close	reverse	30	7	0.02	0.00011	12470	-0.00236111								0				robustness
4.6	40	close	reverse	30	30	0.02	0.00011	12470	-0.00687709								0				robustness
4.6	40	hold	auto	3	1	0.005	0	12470	-0.00188943								0				robustness
4.6	40	hold	auto	3	1	0.005	0.00011	12470	-0.00303988								0				robustness
4.6	40	hold	auto	3	1	0.005	0.0005	12470	-0.00711874								0				robustness
4.6	40	hold	auto	3	1	0.02	0	12470	-0.00188943								0				robustness
4.6	40	hold	auto	3	1	0.02	0.0005	12470	-0.00711874								0				robustness
4.6	40	hold	auto	3	7	0.005	0	12470	-0.00957727								0.00096231				robustness
4.6	40	hold	auto	3	7	0.005	0.00011	12470	-0.0142448								0.00096231				robustness
4.6	40	hold	auto	3	7	0.005	0.0005	12470	-0.0307982								0.0010425				robustness
4.6	40	hold	auto	3	7	0.02	0	12470	-0.00966565								0.00136327				robustness
4.6	40	hold	auto	3	7	0.02	0.0005	12470	-0.0309146								0.00144346				robustness
4.6	40	hold	auto	3	30	0.005	0	12470	-0.0346061								0.0198877				robustness
4.6	40	hold	auto	3	30	0.005	0.00011	12470	-0.045809								0.0201283				robustness
4.6	40	hold	auto	3	30	0.005	0.0005	12470	-0.0853011								0.02085				robustness
4.6	40	hold	auto	3	30	0.02	0	12470	-0.0350312								0.0210906				robustness
4.6	40	hold	auto	3	30	0.02	0.0005	12470	-0.0858969								0.0227747				robustness
4.6	40	hold	auto	5	1	0.005	0	12470	-0.003271								0.00032077				robustness
4.6	40	hold	auto	5	1	0.005	0.00011	12470	-0.00518808								0.00032077				robustness
4.6	40	hold	auto	5	1	0.005	0.0005	12470	-0.011985								0.00032077				robustness
4.6	40	hold	auto	5	1	0.02	0	12470	-0.003271								0.00032077				robustness
4.6	40	hold	auto	5	1	0.02	0.0005	12470	-0.011985								0.00032077				robustness
4.6	40	hold	auto	5	7	0.005	0	12470	-0.0164215								0.00601443				robustness
4.6	40	hold	auto	5	7	0.005	0.00011	12470	-0.0242879								0.00617482				robustness
4.6	40	hold	auto	5	7	0.005	0.0005	12470	-0.0519086								0.00649559				robustness
4.6	40	hold	auto	5	7	0.02	0	12470	-0.0166995								0.00657578				robustness
4.6	40	hold	auto	5	7	0.02	0.0005	12470	-0.0520543								0.00697674				robustness
4.6	40	hold	auto	5	30	0.005	0	12470	-0.0517088								0.050842				robustness
4.6	40	hold	auto	5	30	0.005	0.00011	12470	-0.0701026								0.0514836				robustness
4.6	40	hold	auto	5	30	0.005	0.0005	12470	-0.136892								0.0562149				robustness
4.6	40	hold	auto	5	30	0.02	0	12470	-0.0528304								0.0538091				robustness
4.6	40	hold	auto	5	30	0.02	0.0005	12470	-0.138189								0.0593424				robustness
4.6	40	hold	auto	10	1	0.005	0	12470	-0.00659087								0.00176423				robustness
4.6	40	hold	auto	10	1	0.005	0.00011	12470	-0.0104213								0.00176423				robustness
4.6	40	hold	auto	10	1	0.005	0.0005	12470	-0.0240045								0.00184443				robustness
4.6	40	hold	auto	10	1	0.02	0	12470	-0.00669547								0.002085				robustness
4.6	40	hold	auto	10	1	0.02	0.0005	12470	-0.0241083								0.0021652				robustness
4.6	40	hold	auto	10	7	0.005	0	12470	-0.0333071								0.0361668				robustness
4.6	40	hold	auto	10	7	0.005	0.00011	12470	-0.0488535								0.0370489				robustness
4.6	40	hold	auto	10	7	0.005	0.0005	12470	-0.104089								0.0406576				robustness
4.6	40	hold	auto	10	7	0.02	0	12470	-0.0358031								0.0418605				robustness
4.6	40	hold	auto	10	7	0.02	0.0005	12470	-0.106482								0.0469126				robustness
4.6	40	hold	auto	10	30	0.005	0	12470	-0.100538								0.211227				robustness
4.6	40	hold	auto	10	30	0.005	0.00011	12470	-0.137946								0.217642				robustness
4.6	40	hold	auto	10	30	0.005	0.0005	12470	-0.267905								0.245148				robustness
4.6	40	hold	auto	10	30	0.02	0	12470	-0.114146								0.231275				robustness
4.6	40	hold	auto	10	30	0.02	0.0005	12470	-0.280637								0.267281				robustness
4.6	40	hold	auto	15	1	0.005	0	12470	-0.0101827								0.00649559				robustness
4.6	40	hold	auto	15	1	0.005	0.00011	12470	-0.0159203								0.00657578				robustness
4.6	40	hold	auto	15	1	0.005	0.0005	12470	-0.0364016								0.00713713				robustness
4.6	40	hold	auto	15	1	0.02	0	12470	-0.0111657								0.00858059				robustness
4.6	40	hold	auto	15	1	0.02	0.0005	12470	-0.0375733								0.0096231				robustness
4.6	40	hold	auto	15	7	0.005	0	12470	-0.0522321								0.0932638				robustness
4.6	40	hold	auto	15	7	0.005	0.00011	12470	-0.0758435								0.0963913				robustness
4.6	40	hold	auto	15	7	0.005	0.0005	12470	-0.15828								0.10818				robustness
4.6	40	hold	auto	15	7	0.02	0	12470	-0.0626404								0.113152				robustness
4.6	40	hold	auto	15	7	0.02	0.0005	12470	-0.169763								0.130393				robustness
4.6	40	hold	auto	15	30	0.005	0	12470	-0.151854								0.378027				robustness
4.6	40	hold	auto	15	30	0.005	0.00011	12470	-0.206762								0.392382				robustness
4.6	40	hold	auto	15	30	0.005	0.0005	12470	-0.390709								0.447233				robustness
4.6	40	hold	auto	15	30	0.02	0	12470	-0.186375								0.413553				robustness
4.6	40	hold	auto	15	30	0.02	0.0005	12470	-0.421269								0.48316				robustness
4.6	40	hold	auto	30	1	0.005	0	12470	-0.0200762								0.0336006				robustness
4.6	40	hold	auto	30	1	0.005	0.00011	12470	-0.0314505								0.0344026				robustness
4.6	40	hold	auto	30	1	0.005	0.0005	12470	-0.0717557								0.0368885				robustness
4.6	40	hold	auto	30	1	0.02	0	12470	-0.0264314								0.0461107				robustness
4.6	40	hold	auto	30	1	0.02	0.0005	12470	-0.0784386								0.0514034				robustness
4.6	40	hold	auto	30	7	0.005	0	12470	-0.0975465								0.283721				robustness
4.6	40	hold	auto	30	7	0.005	0.00011	12470	-0.140927								0.293023				robustness
4.6	40	hold	auto	30	7	0.005	0.0005	12470	-0.294637								0.332077				robustness
4.6	40	hold	auto	30	7	0.02	0	12470	-0.147218								0.342903				robustness
4.6	40	hold	auto	30	7	0.02	0.0005	12470	-0.349132								0.402566				robustness
4.6	40	hold	auto	30	30	0.005	0	12470	-0.249238								0.642342				robustness
4.6	40	hold	auto	30	30	0.005	0.00011	12470	-0.330606								0.660626				robustness
4.6	40	hold	auto	30	30	0.005	0.0005	12470	-0.598402								0.734322				robustness
4.6	40	hold	auto	30	30	0.02	0	12470	-0.336637								0.692141				robustness
4.6	40	hold	auto	30	30	0.02	0.0005	12470	-0.672053								0.789334				robustness
4.6	40	hold	reverse	3	1	0.02	0.00011	12470	0.000964211								0				robustness
4.6	40	hold	reverse	3	7	0.02	0.00011	12470	0.000385713								0.00128308				robustness
4.6	40	hold	reverse	3	30	0.02	0.00011	12470	-0.011755								0.0203689				robustness
4.6	40	hold	reverse	5	1	0.02	0.00011	12470	0.00148315								0.00032077				robustness
4.6	40	hold	reverse	5	7	0.02	0.00011	12470	9.69675e-05								0.00625501				robustness
4.6	40	hold	reverse	5	30	0.02	0.00011	12470	-0.0144698								0.0522053				robustness
4.6	40	hold	reverse	10	1	0.02	0.00011	12470	0.00282299								0.00200481				robustness
4.6	40	hold	reverse	10	7	0.02	0.00011	12470	-0.00205087								0.0391339				robustness
4.6	40	hold	reverse	10	30	0.02	0.00011	12470	-0.0383677								0.218444				robustness
4.6	40	hold	reverse	15	1	0.02	0.00011	12470	0.00344827								0.00761828				robustness
4.6	40	hold	reverse	15	7	0.02	0.00011	12470	-0.0114985								0.104731				robustness
4.6	40	hold	reverse	15	30	0.02	0.00011	12470	-0.0776996								0.38733				robustness
4.6	40	hold	reverse	30	1	0.02	0.00011	12470	0.00265522								0.0413793				robustness
4.6	40	hold	reverse	30	7	0.02	0.00011	12470	-0.0566665								0.321492				robustness
4.6	40	hold	reverse	30	30	0.02	0.00011	12470	-0.179497								0.660545				robustness
4.6	40	recover	auto	3	1	0.005	0	12470	-0.00148367								0				robustness
4.6	40	recover	auto	3	1	0.005	0.00011	12470	-0.00239651								0				robustness
4.6	40	recover	auto	3	1	0.005	0.0005	12470	-0.00563291								0				robustness
4.6	40	recover	auto	3	1	0.02	0	12470	-0.00148367								0				robustness
4.6	40	recover	auto	3	1	0.02	0.0005	12470	-0.00563291								0				robustness
4.6	40	recover	auto	3	7	0.005	0	12470	-0.00618423								0.000160385				robustness
4.6	40	recover	auto	3	7	0.005	0.00011	12470	-0.00804448								0.000160385				robustness
4.6	40	recover	auto	3	7	0.005	0.0005	12470	-0.0146399								0.000160385				robustness
4.6	40	recover	auto	3	7	0.02	0	12470	-0.0062158								0.000240577				robustness
4.6	40	recover	auto	3	7	0.02	0.0005	12470	-0.0147066								0.00032077				robustness
4.6	40	recover	auto	3	30	0.005	0	12470	-0.0130061								0.00408982				robustness
4.6	40	recover	auto	3	30	0.005	0.00011	12470	-0.014982								0.00408982				robustness
4.6	40	recover	auto	3	30	0.005	0.0005	12470	-0.0219875								0.00408982				robustness
4.6	40	recover	auto	3	30	0.02	0	12470	-0.0130616								0.0042502				robustness
4.6	40	recover	auto	3	30	0.02	0.0005	12470	-0.0221395								0.00441059				robustness
4.6	40	recover	auto	5	1	0.005	0	12470	-0.00252966								0.000240577				robustness
4.6	40	recover	auto	5	1	0.005	0.00011	12470	-0.00405092								0.000240577				robustness
4.6	40	recover	auto	5	1	0.005	0.0005	12470	-0.00944447								0.000240577				robustness
4.6	40	recover	auto	5	1	0.02	0	12470	-0.00252966								0.000240577				robustness
4.6	40	recover	auto	5	1	0.02	0.0005	12470	-0.00944447								0.000240577				robustness
4.6	40	recover	auto	5	7	0.005	0	12470	-0.0104458								0.002085				robustness
4.6	40	recover	auto	5	7	0.005	0.00011	12470	-0.0135424								0.002085				robustness
4.6	40	recover	auto	5	7	0.005	0.0005	12470	-0.0246117								0.00224539				robustness
4.6	40	recover	auto	5	7	0.02	0	12470	-0.0105397								0.00224539				robustness
4.6	40	recover	auto	5	7	0.02	0.0005	12470	-0.0246183								0.00232558				robustness
4.6	40	recover	auto	5	30	0.005	0	12470	-0.0201265								0.0103448				robustness
4.6	40	recover	auto	5	30	0.005	0.00011	12470	-0.0234188								0.010425				robustness
4.6	40	recover	auto	5	30	0.005	0.0005	12470	-0.035109								0.0106656				robustness
4.6	40	recover	auto	5	30	0.02	0	12470	-0.0202197								0.010826				robustness
4.6	40	recover	auto	5	30	0.02	0.0005	12470	-0.0351569								0.0110666				robustness
4.6	40	recover	auto	10	1	0.005	0	12470	-0.00516295								0.00120289				robustness
4.6	40	recover	auto	10	1	0.005	0.00011	12470	-0.00820288								0.00120289				robustness
4.6	40	recover	auto	10	1	0.005	0.0005	12470	-0.0189808								0.00120289				robustness
4.6	40	recover	auto	10	1	0.02	0	12470	-0.00518995								0.00128308				robustness
4.6	40	recover	auto	10	1	0.02	0.0005	12470	-0.0190477								0.00136327				robustness
4.6	40	recover	auto	10	7	0.005	0	12470	-0.021265								0.0132318				robustness
4.6	40	recover	auto	10	7	0.005	0.00011	12470	-0.0274951								0.0134723				robustness
4.6	40	recover	auto	10	7	0.005	0.0005	12470	-0.0495693								0.0141139				robustness
4.6	40	recover	auto	10	7	0.02	0	12470	-0.0219484								0.0150762				robustness
4.6	40	recover	auto	10	7	0.02	0.0005	12470	-0.0504784								0.0165196				robustness
4.6	40	recover	auto	10	30	0.005	0	12470	-0.0383989								0.0536488				robustness
4.6	40	recover	auto	10	30	0.005	0.00011	12470	-0.0449303								0.0541299				robustness
4.6	40	recover	auto	10	30	0.005	0.0005	12470	-0.0688117								0.0569366				robustness
4.6	40	recover	auto	10	30	0.02	0	12470	-0.0408158								0.0584603				robustness
4.6	40	recover	auto	10	30	0.02	0.0005	12470	-0.0712619								0.062069				robustness
4.6	40	recover	auto	15	1	0.005	0	12470	-0.007604								0.00360866				robustness
4.6	40	recover	auto	15	1	0.005	0.00011	12470	-0.0121554								0.00360866				robustness
4.6	40	recover	auto	15	1	0.005	0.0005	12470	-0.0282922								0.00360866				robustness
4.6	40	recover	auto	15	1	0.02	0	12470	-0.00815971								0.00473136				robustness
4.6	40	recover	auto	15	1	0.02	0.0005	12470	-0.028868								0.00489174				robustness
4.6	40	recover	auto	15	7	0.005	0	12470	-0.032299								0.0386528				robustness
4.6	40	recover	auto	15	7	0.005	0.00011	12470	-0.0415017								0.0390537				robustness
4.6	40	recover	auto	15	7	0.005	0.0005	12470	-0.0742888								0.0412189				robustness
4.6	40	recover	auto	15	7	0.02	0	12470	-0.0349846								0.0446672				robustness
4.6	40	recover	auto	15	7	0.02	0.0005	12470	-0.077364								0.0477947				robustness
4.6	40	recover	auto	15	30	0.005	0	12470	-0.0543618								0.106897				robustness
4.6	40	recover	auto	15	30	0.005	0.00011	12470	-0.0638469								0.107458				robustness
4.6	40	recover	auto	15	30	0.005	0.0005	12470	-0.0990196								0.11267				robustness
4.6	40	recover	auto	15	30	0.02	0	12470	-0.0613624								0.116279				robustness
4.6	40	recover	auto	15	30	0.02	0.0005	12470	-0.106378								0.123256				robustness
4.6	40	recover	auto	30	1	0.005	0	12470	-0.015649								0.0220529				robustness
4.6	40	recover	auto	30	1	0.005	0.00011	12470	-0.0248231								0.0226143				robustness
4.6	40	recover	auto	30	1	0.005	0.0005	12470	-0.0571081								0.0238974				robustness
4.6	40	recover	auto	30	1	0.02	0	12470	-0.0195163								0.0297514				robustness
4.6	40	recover	auto	30	1	0.02	0.0005	12470	-0.0609526								0.0319968				robustness
4.6	40	recover	auto	30	7	0.005	0	12470	-0.0593297								0.144266				robustness
4.6	40	recover	auto	30	7	0.005	0.00011	12470	-0.0779608								0.147233				robustness
4.6	40	recover	auto	30	7	0.005	0.0005	12470	-0.143522								0.157979				robustness
4.6	40	recover	auto	30	7	0.02	0	12470	-0.07954								0.171451				robustness
4.6	40	recover	auto	30	7	0.02	0.0005	12470	-0.164838								0.189014				robustness
4.6	40	recover	auto	30	30	0.005	0	12470	-0.0906157								0.234162				robustness
4.6	40	recover	auto	30	30	0.005	0.00011	12470	-0.110216								0.238011				robustness
4.6	40	recover	auto	30	30	0.005	0.0005	12470	-0.178206								0.251804				robustness
4.6	40	recover	auto	30	30	0.02	0	12470	-0.116963								0.259423				robustness
4.6	40	recover	auto	30	30	0.02	0.0005	12470	-0.205012								0.278749				robustness
4.6	40	recover	reverse	3	1	0.02	0.00011	12470	0.000305575								0				robustness
4.6	40	recover	reverse	3	7	0.02	0.00011	12470	-0.00362955								8.01925e-05				robustness
4.6	40	recover	reverse	3	30	0.02	0.00011	12470	-0.0106474								0.00417001				robustness
4.6	40	recover	reverse	5	1	0.02	0.00011	12470	0.000451363								0.000240577				robustness
4.6	40	recover	reverse	5	7	0.02	0.00011	12470	-0.00628047								0.0021652				robustness
4.6	40	recover	reverse	5	30	0.02	0.00011	12470	-0.016338								0.0109062				robustness
4.6	40	recover	reverse	10	1	0.02	0.00011	12470	0.00071172								0.00136327				robustness
4.6	40	recover	reverse	10	7	0.02	0.00011	12470	-0.0135754								0.0147554				robustness
4.6	40	recover	reverse	10	30	0.02	0.00011	12470	-0.0330479								0.0587811				robustness
4.6	40	recover	reverse	15	1	0.02	0.00011	12470	0.00106216								0.00417001				robustness
4.6	40	recover	reverse	15	7	0.02	0.00011	12470	-0.0221726								0.0433841				robustness
4.6	40	recover	reverse	15	30	0.02	0.00011	12470	-0.0486278								0.114996				robustness
4.6	40	recover	reverse	30	1	0.02	0.00011	12470	-0.00134236								0.0279872				robustness
4.6	40	recover	reverse	30	7	0.02	0.00011	12470	-0.0537172								0.167121				robustness
4.6	40	recover	reverse	30	30	0.02	0.00011	12470	-0.0918067								0.256135				robustness
4.6	80	close	auto	3	1	0.005	0	12470	-0.00235445								0				robustness
4.6	80	close	auto	3	1	0.005	0.00011	12470	-0.00394507								0				robustness
4.6	80	close	auto	3	1	0.005	0.0005	12470	-0.00958454								0				robustness
4.6	80	close	auto	3	1	0.02	0	12470	-0.00235445								0				robustness
4.6	80	close	auto	3	1	0.02	0.0005	12470	-0.00958454								0				robustness
4.6	80	close	auto	3	7	0.005	0	12470	-0.00526475								0				robustness
4.6	80	close	auto	3	7	0.005	0.00011	12470	-0.00851425								0				robustness
4.6	80	close	auto	3	7	0.005	0.0005	12470	-0.0200352								0				robustness
4.6	80	close	auto	3	7	0.02	0	12470	-0.00526475								0				robustness
4.6	80	close	auto	3	7	0.02	0.0005	12470	-0.0200352								0				robustness
4.6	80	close	auto	3	30	0.005	0	12470	-0.00585163								0				robustness
4.6	80	close	auto	3	30	0.005	0.00011	12470	-0.00929199								0				robustness
4.6	80	close	auto	3	30	0.005	0.0005	12470	-0.0214896								0				robustness
4.6	80	close	auto	3	30	0.02	0	12470	-0.00585163								0				robustness
4.6	80	close	auto	3	30	0.02	0.0005	12470	-0.0214896								0				robustness
4.6	80	close	auto	5	1	0.005	0	12470	-0.00392409								0				robustness
4.6	80	close	auto	5	1	0.005	0.00011	12470	-0.00657512								0				robustness
4.6	80	close	auto	5	1	0.005	0.0005	12470	-0.0159742								0				robustness
4.6	80	close	auto	5	1	0.02	0	12470	-0.00392409								0				robustness
4.6	80	close	auto	5	1	0.02	0.0005	12470	-0.0159742								0				robustness
4.6	80	close	auto	5	7	0.005	0	12470	-0.00877459								0				robustness
4.6	80	close	auto	5	7	0.005	0.00011	12470	-0.0141904								0				robustness
4.6	80	close	auto	5	7	0.005	0.0005	12470	-0.033392								0				robustness
4.6	80	close	auto	5	7	0.02	0	12470	-0.00877459								0				robustness
4.6	80	close	auto	5	7	0.02	0.0005	12470	-0.033392								0				robustness
4.6	80	close	auto	5	30	0.005	0	12470	-0.00975271								0				robustness
4.6	80	close	auto	5	30	0.005	0.00011	12470	-0.0154866								0				robustness
4.6	80	close	auto	5	30	0.005	0.0005	12470	-0.035816								0				robustness
4.6	80	close	auto	5	30	0.02	0	12470	-0.00975271								0				robustness
4.6	80	close	auto	5	30	0.02	0.0005	12470	-0.035816								0				robustness
4.6	80	close	auto	10	1	0.005	0	12470	-0.00784817								0				robustness
4.6	80	close	auto	10	1	0.005	0.00011	12470	-0.0131502								0				robustness
4.6	80	close	auto	10	1	0.005	0.0005	12470	-0.0319485								0				robustness
4.6	80	close	auto	10	1	0.02	0	12470	-0.00784817								0				robustness
4.6	80	close	auto	10	1	0.02	0.0005	12470	-0.0319485								0				robustness
4.6	80	close	auto	10	7	0.005	0	12470	-0.0175492								0				robustness
4.6	80	close	auto	10	7	0.005	0.00011	12470	-0.0283808								0				robustness
4.6	80	close	auto	10	7	0.005	0.0005	12470	-0.066784								0				robustness
4.6	80	close	auto	10	7	0.02	0	12470	-0.0175492								0				robustness
4.6	80	close	auto	10	7	0.02	0.0005	12470	-0.066784								0				robustness
4.6	80	close	auto	10	30	0.005	0	12470	-0.0195054								0				robustness
4.6	80	close	auto	10	30	0.005	0.00011	12470	-0.0309733								0				robustness
4.6	80	close	auto	10	30	0.005	0.0005	12470	-0.0716321								0				robustness
4.6	80	close	auto	10	30	0.02	0	12470	-0.0195054								0				robustness
4.6	80	close	auto	10	30	0.02	0.0005	12470	-0.0716321								0				robustness
4.6	80	close	auto	15	1	0.005	0	12470	-0.0117723								0				robustness
4.6	80	close	auto	15	1	0.005	0.00011	12470	-0.0197254								0				robustness
4.6	80	close	auto	15	1	0.005	0.0005	12470	-0.0479227								0				robustness
4.6	80	close	auto	15	1	0.02	0	12470	-0.0117723								0				robustness
4.6	80	close	auto	15	1	0.02	0.0005	12470	-0.0479227								0				robustness
4.6	80	close	auto	15	7	0.005	0	12470	-0.0263238								0				robustness
4.6	80	close	auto	15	7	0.005	0.00011	12470	-0.0425713								0				robustness
4.6	80	close	auto	15	7	0.005	0.0005	12470	-0.100176								0				robustness
4.6	80	close	auto	15	7	0.02	0	12470	-0.0263238								0				robustness
4.6	80	close	auto	15	7	0.02	0.0005	12470	-0.100176								0				robustness
4.6	80	close	auto	15	30	0.005	0	12470	-0.0292581								0				robustness
4.6	80	close	auto	15	30	0.005	0.00011	12470	-0.0464599								0				robustness
4.6	80	close	auto	15	30	0.005	0.0005	12470	-0.107448								0				robustness
4.6	80	close	auto	15	30	0.02	0	12470	-0.0292581								0				robustness
4.6	80	close	auto	15	30	0.02	0.0005	12470	-0.107448								0				robustness
4.6	80	close	auto	30	1	0.005	0	12470	-0.0235445								0				robustness
4.6	80	close	auto	30	1	0.005	0.00011	12470	-0.0394507								0				robustness
4.6	80	close	auto	30	1	0.005	0.0005	12470	-0.0958454								0				robustness
4.6	80	close	auto	30	1	0.02	0	12470	-0.0235445								0				robustness
4.6	80	close	auto	30	1	0.02	0.0005	12470	-0.0958454								0				robustness
4.6	80	close	auto	30	7	0.005	0	12470	-0.0526475								0				robustness
4.6	80	close	auto	30	7	0.005	0.00011	12470	-0.0851425								0				robustness
4.6	80	close	auto	30	7	0.005	0.0005	12470	-0.200352								0				robustness
4.6	80	close	auto	30	7	0.02	0	12470	-0.0526475								0				robustness
4.6	80	close	auto	30	7	0.02	0.0005	12470	-0.200352								0				robustness
4.6	80	close	auto	30	30	0.005	0	12470	-0.0585163								0				robustness
4.6	80	close	auto	30	30	0.005	0.00011	12470	-0.0929199								0				robustness
4.6	80	close	auto	30	30	0.005	0.0005	12470	-0.214896								0				robustness
4.6	80	close	auto	30	30	0.02	0	12470	-0.0585163								0				robustness
4.6	80	close	auto	30	30	0.02	0.0005	12470	-0.214896								0				robustness
4.6	80	close	reverse	3	1	0.02	0.00011	12470	4.47281e-05								0				robustness
4.6	80	close	reverse	3	7	0.02	0.00011	12470	-0.00126353								0				robustness
4.6	80	close	reverse	3	30	0.02	0.00011	12470	-0.00176874								0				robustness
4.6	80	close	reverse	5	1	0.02	0.00011	12470	7.45468e-05								0				robustness
4.6	80	close	reverse	5	7	0.02	0.00011	12470	-0.00210589								0				robustness
4.6	80	close	reverse	5	30	0.02	0.00011	12470	-0.0029479								0				robustness
4.6	80	close	reverse	10	1	0.02	0.00011	12470	0.000149094								0				robustness
4.6	80	close	reverse	10	7	0.02	0.00011	12470	-0.00421177								0				robustness
4.6	80	close	reverse	10	30	0.02	0.00011	12470	-0.0058958								0				robustness
4.6	80	close	reverse	15	1	0.02	0.00011	12470	0.00022364								0				robustness
4.6	80	close	reverse	15	7	0.02	0.00011	12470	-0.00631766								0				robustness
4.6	80	close	reverse	15	30	0.02	0.00011	12470	-0.0088437								0				robustness
4.6	80	close	reverse	30	1	0.02	0.00011	12470	0.000447281								0				robustness
4.6	80	close	reverse	30	7	0.02	0.00011	12470	-0.0126353								0				robustness
4.6	80	close	reverse	30	30	0.02	0.00011	12470	-0.0176874								0				robustness
4.6	80	hold	auto	3	1	0.005	0	12470	-0.0036575								0				robustness
4.6	80	hold	auto	3	1	0.005	0.00011	12470	-0.0056216								0				robustness
4.6	80	hold	auto	3	1	0.005	0.0005	12470	-0.0125852								0				robustness
4.6	80	hold	auto	3	1	0.02	0	12470	-0.0036575								0				robustness
4.6	80	hold	auto	3	1	0.02	0.0005	12470	-0.0125852								0				robustness
4.6	80	hold	auto	3	7	0.005	0	12470	-0.016227								0.00096231				robustness
4.6	80	hold	auto	3	7	0.005	0.00011	12470	-0.0242951								0.0010425				robustness
4.6	80	hold	auto	3	7	0.005	0.0005	12470	-0.0529269								0.00120289				robustness
4.6	80	hold	auto	3	7	0.02	0	12470	-0.0163145								0.00136327				robustness
4.6	80	hold	auto	3	7	0.02	0.0005	12470	-0.053016								0.00152366				robustness
4.6	80	hold	auto	3	30	0.005	0	12470	-0.0502884								0.0202085				robustness
4.6	80	hold	auto	3	30	0.005	0.00011	12470	-0.0695985								0.0205293				robustness
4.6	80	hold	auto	3	30	0.005	0.0005	12470	-0.138194								0.0226143				robustness
4.6	80	hold	auto	3	30	0.02	0	12470	-0.050621								0.0213312				robustness
4.6	80	hold	auto	3	30	0.02	0.0005	12470	-0.138695								0.0242181				robustness
4.6	80	hold	auto	5	1	0.005	0	12470	-0.00621653								0.00032077				robustness
4.6	80	hold	auto	5	1	0.005	0.00011	12470	-0.00948961								0.00032077				robustness
4.6	80	hold	auto	5	1	0.005	0.0005	12470	-0.0210942								0.00032077				robustness
4.6	80	hold	auto	5	1	0.02	0	12470	-0.00621653								0.00032077				robustness
4.6	80	hold	auto	5	1	0.02	0.0005	12470	-0.0210942								0.00032077				robustness
4.6	80	hold	auto	5	7	0.005	0	12470	-0.0275852								0.00625501				robustness
4.6	80	hold	auto	5	7	0.005	0.00011	12470	-0.0410737								0.0064154				robustness
4.6	80	hold	auto	5	7	0.005	0.0005	12470	-0.0888587								0.00697674				robustness
4.6	80	hold	auto	5	7	0.02	0	12470	-0.0277672								0.00673617				robustness
4.6	80	hold	auto	5	7	0.02	0.0005	12470	-0.0892651								0.00817963				robustness
4.6	80	hold	auto	5	30	0.005	0	12470	-0.0775837								0.0519647				robustness
4.6	80	hold	auto	5	30	0.005	0.00011	12470	-0.109981								0.0537289				robustness
4.6	80	hold	auto	5	30	0.005	0.0005	12470	-0.225079								0.0623897				robustness
4.6	80	hold	auto	5	30	0.02	0	12470	-0.0789802								0.0551724				robustness
4.6	80	hold	auto	5	30	0.02	0.0005	12470	-0.227333								0.0681636				robustness
4.6	80	hold	auto	10	1	0.005	0	12470	-0.0124752								0.00184443				robustness
4.6	80	hold	auto	10	1	0.005	0.00011	12470	-0.0190149								0.00184443				robustness
4.6	80	hold	auto	10	1	0.005	0.0005	12470	-0.0422624								0.00200481				robustness
4.6	80	hold	auto	10	1	0.02	0	12470	-0.0125731								0.002085				robustness
4.6	80	hold	auto	10	1	0.02	0.0005	12470	-0.0423423								0.00232558				robustness
4.6	80	hold	auto	10	7	0.005	0	12470	-0.0553836								0.0376103				robustness
4.6	80	hold	auto	10	7	0.005	0.00011	12470	-0.0823065								0.0392141				robustness
4.6	80	hold	auto	10	7	0.005	0.0005	12470	-0.177865								0.0469126				robustness
4.6	80	hold	auto	10	7	0.02	0	12470	-0.0577954								0.0434643				robustness
4.6	80	hold	auto	10	7	0.02	0.0005	12470	-0.18073								0.0541299				robustness
4.6	80	hold	auto	10	30	0.005	0	12470	-0.152596								0.22085				robustness
4.6	80	hold	auto	10	30	0.005	0.00011	12470	-0.216323								0.234403				robustness
4.6	80	hold	auto	10	30	0.005	0.0005	12470	-0.441184								0.302326				robustness
4.6	80	hold	auto	10	30	0.02	0	12470	-0.164946								0.242021				robustness
4.6	80	hold	auto	10	30	0.02	0.0005	12470	-0.457087								0.332318				robustness
4.6	80	hold	auto	15	1	0.005	0	12470	-0.0189673								0.00673617				robustness
4.6	80	hold	auto	15	1	0.005	0.00011	12470	-0.0289436								0.00705694				robustness
4.6	80	hold	auto	15	1	0.005	0.0005	12470	-0.0636863								0.00753809				robustness
4.6	80	hold	auto	15	1	0.02	0	12470	-0.02007								0.00898156				robustness
4.6	80	hold	auto	15	1	0.02	0.0005	12470	-0.0647557								0.0101844				robustness
4.6	80	hold	auto	15	7	0.005	0	12470	-0.0857186								0.0987971				robustness
4.6	80	hold	auto	15	7	0.005	0.00011	12470	-0.125914								0.10409				robustness
4.6	80	hold	auto	15	7	0.005	0.0005	12470	-0.268523								0.12903				robustness
4.6	80	hold	auto	15	7	0.02	0	12470	-0.096466								0.119647				robustness
4.6	80	hold	auto	15	7	0.02	0.0005	12470	-0.279923								0.153007				robustness
4.6	80	hold	auto	15	30	0.005	0	12470	-0.225743								0.397835				robustness
4.6	80	hold	auto	15	30	0.005	0.00011	12470	-0.318186								0.425341				robustness
4.6	80	hold	auto	15	30	0.005	0.0005	12470	-0.61835								0.539695				robustness
4.6	80	hold	auto	15	30	0.02	0	12470	-0.25999								0.435686				robustness
4.6	80	hold	auto	15	30	0.02	0.0005	12470	-0.648371								0.586207				robustness
4.6	80	hold	auto	30	1	0.005	0	12470	-0.0374322								0.0352045				robustness
4.6	80	hold	auto	30	1	0.005	0.00011	12470	-0.0567913								0.036247				robustness
4.6	80	hold	auto	30	1	0.005	0.0005	12470	-0.125717								0.0419407				robustness
4.6	80	hold	auto	30	1	0.02	0	12470	-0.0436554								0.0481155				robustness
4.6	80	hold	auto	30	1	0.02	0.0005	12470	-0.133812								0.059984				robustness
4.6	80	hold	auto	30	7	0.005	0	12470	-0.156855								0.297113				robustness
4.6	80	hold	auto	30	7	0.005	0.00011	12470	-0.232647								0.316119				robustness
4.6	80	hold	auto	30	7	0.005	0.0005	12470	-0.491602								0.404892				robustness
4.6	80	hold	auto	30	7	0.02	0	12470	-0.207723								0.358781				robustness
4.6	80	hold	auto	30	7	0.02	0.0005	12470	-0.547433								0.49158				robustness
4.6	80	hold	auto	30	30	0.005	0	12470	-0.35521								0.668324				robustness
4.6	80	hold	auto	30	30	0.005	0.00011	12470	-0.489856								0.701925				robustness
4.6	80	hold	auto	30	30	0.005	0.0005	12470	-0.860484								0.852767				robustness
4.6	80	hold	auto	30	30	0.02	0	12470	-0.437621								0.717322				robustness
4.6	80	hold	auto	30	30	0.02	0.0005	12470	-0.905923								0.90409				robustness
4.6	80	hold	reverse	3	1	0.02	0.00011	12470	-0.000316765								0				robustness
4.6	80	hold	reverse	3	7	0.02	0.00011	12470	-0.00383891								0.00128308				robustness
4.6	80	hold	reverse	3	30	0.02	0.00011	12470	-0.0218002								0.0205293				robustness
4.6	80	hold	reverse	5	1	0.02	0.00011	12470	-0.000649645								0.00032077				robustness
4.6	80	hold	reverse	5	7	0.02	0.00011	12470	-0.0069231								0.0063352				robustness
4.6	80	hold	reverse	5	30	0.02	0.00011	12470	-0.0310253								0.0527666				robustness
4.6	80	hold	reverse	10	1	0.02	0.00011	12470	-0.00145811								0.002085				robustness
4.6	80	hold	reverse	10	7	0.02	0.00011	12470	-0.0164182								0.0405774				robustness
4.6	80	hold	reverse	10	30	0.02	0.00011	12470	-0.0708387								0.224058				robustness
4.6	80	hold	reverse	15	1	0.02	0.00011	12470	-0.0031646								0.00825982				robustness
4.6	80	hold	reverse	15	7	0.02	0.00011	12470	-0.0328317								0.10842				robustness
4.6	80	hold	reverse	15	30	0.02	0.00011	12470	-0.12345								0.397995				robustness
4.6	80	hold	reverse	30	1	0.02	0.00011	12470	-0.0103045								0.0441059				robustness
4.6	80	hold	reverse	30	7	0.02	0.00011	12470	-0.0918213								0.328789				robustness
4.6	80	hold	reverse	30	30	0.02	0.00011	12470	-0.243176								0.672895				robustness
4.6	80	recover	auto	3	1	0.005	0	12470	-0.00274111								0				robustness
4.6	80	recover	auto	3	1	0.005	0.00011	12470	-0.00430937								0				robustness
4.6	80	recover	auto	3	1	0.005	0.0005	12470	-0.00986956								0				robustness
4.6	80	recover	auto	3	1	0.02	0	12470	-0.00274111								0				robustness
4.6	80	recover	auto	3	1	0.02	0.0005	12470	-0.00986956								0				robustness
4.6	80	recover	auto	3	7	0.005	0	12470	-0.0083833								0.000160385				robustness
4.6	80	recover	auto	3	7	0.005	0.00011	12470	-0.0116036								0.000160385				robustness
4.6	80	recover	auto	3	7	0.005	0.0005	12470	-0.023021								0.000160385				robustness
4.6	80	recover	auto	3	7	0.02	0	12470	-0.00841477								0.000240577				robustness
4.6	80	recover	auto	3	7	0.02	0.0005	12470	-0.0230866								0.00032077				robustness
4.6	80	recover	auto	3	30	0.005	0	12470	-0.0152121								0.00400962				robustness
4.6	80	recover	auto	3	30	0.005	0.00011	12470	-0.0186263								0.00400962				robustness
4.6	80	recover	auto	3	30	0.005	0.0005	12470	-0.0307566								0.00408982				robustness
4.6	80	recover	auto	3	30	0.02	0	12470	-0.0152942								0.0042502				robustness
4.6	80	recover	auto	3	30	0.02	0.0005	12470	-0.0309514								0.00449078				robustness
4.6	80	recover	auto	5	1	0.005	0	12470	-0.00462502								0.000240577				robustness
4.6	80	recover	auto	5	1	0.005	0.00011	12470	-0.0072386								0.000240577				robustness
4.6	80	recover	auto	5	1	0.005	0.0005	12470	-0.0165049								0.000240577				robustness
4.6	80	recover	auto	5	1	0.02	0	12470	-0.00462502								0.000240577				robustness
4.6	80	recover	auto	5	1	0.02	0.0005	12470	-0.0165049								0.000240577				robustness
4.6	80	recover	auto	5	7	0.005	0	12470	-0.0141382								0.00200481				robustness
4.6	80	recover	auto	5	7	0.005	0.00011	12470	-0.0194986								0.00200481				robustness
4.6	80	recover	auto	5	7	0.005	0.0005	12470	-0.0385289								0.002085				robustness
4.6	80	recover	auto	5	7	0.02	0	12470	-0.0142015								0.00224539				robustness
4.6	80	recover	auto	5	7	0.02	0.0005	12470	-0.0386448								0.00232558				robustness
4.6	80	recover	auto	5	30	0.005	0	12470	-0.0239388								0.010425				robustness
4.6	80	recover	auto	5	30	0.005	0.00011	12470	-0.029596								0.010425				robustness
4.6	80	recover	auto	5	30	0.005	0.0005	12470	-0.0497071								0.0109062				robustness
4.6	80	recover	auto	5	30	0.02	0	12470	-0.0239753								0.0107458				robustness
4.6	80	recover	auto	5	30	0.02	0.0005	12470	-0.0499267								0.0113071				robustness
4.6	80	recover	auto	10	1	0.005	0	12470	-0.0093459								0.00120289				robustness
4.6	80	recover	auto	10	1	0.005	0.00011	12470	-0.0145693								0.00120289				robustness
4.6	80	recover	auto	10	1	0.005	0.0005	12470	-0.0331133								0.00128308				robustness
4.6	80	recover	auto	10	1	0.02	0	12470	-0.00941376								0.00136327				robustness
4.6	80	recover	auto	10	1	0.02	0.0005	12470	-0.033187								0.00144346				robustness
4.6	80	recover	auto	10	7	0.005	0	12470	-0.0285271								0.0130714				robustness
4.6	80	recover	auto	10	7	0.005	0.00011	12470	-0.0393321								0.0133921				robustness
4.6	80	recover	auto	10	7	0.005	0.0005	12470	-0.0775644								0.014996				robustness
4.6	80	recover	auto	10	7	0.02	0	12470	-0.0294879								0.015397				robustness
4.6	80	recover	auto	10	7	0.02	0.0005	12470	-0.0784807								0.0172414				robustness
4.6	80	recover	auto	10	30	0.005	0	12470	-0.0456293								0.0526864				robustness
4.6	80	recover	auto	10	30	0.005	0.00011	12470	-0.0573771								0.0542101				robustness
4.6	80	recover	auto	10	30	0.005	0.0005	12470	-0.0980471								0.0590217				robustness
4.6	80	recover	auto	10	30	0.02	0	12470	-0.0487812								0.0588613				robustness
4.6	80	recover	auto	10	30	0.02	0.0005	12470	-0.100984								0.0646351				robustness
4.6	80	recover	auto	15	1	0.005	0	12470	-0.013857								0.00360866				robustness
4.6	80	recover	auto	15	1	0.005	0.00011	12470	-0.0216788								0.00360866				robustness
4.6	80	recover	auto	15	1	0.005	0.0005	12470	-0.0494814								0.00376905				robustness
4.6	80	recover	auto	15	1	0.02	0	12470	-0.0143028								0.00457097				robustness
4.6	80	recover	auto	15	1	0.02	0.0005	12470	-0.0500656								0.00521251				robustness
4.6	80	recover	auto	15	7	0.005	0	12470	-0.0433191								0.038733				robustness
4.6	80	recover	auto	15	7	0.005	0.00011	12470	-0.0594183								0.040016				robustness
4.6	80	recover	auto	15	7	0.005	0.0005	12470	-0.116516								0.044186				robustness
4.6	80	recover	auto	15	7	0.02	0	12470	-0.0459787								0.0444266				robustness
4.6	80	recover	auto	15	7	0.02	0.0005	12470	-0.119724								0.0510826				robustness
4.6	80	recover	auto	15	30	0.005	0	12470	-0.0661335								0.107298				robustness
4.6	80	recover	auto	15	30	0.005	0.00011	12470	-0.0829361								0.108982				robustness
4.6	80	recover	auto	15	30	0.005	0.0005	12470	-0.143712								0.119246				robustness
4.6	80	recover	auto	15	30	0.02	0	12470	-0.0723627								0.115557				robustness
4.6	80	recover	auto	15	30	0.02	0.0005	12470	-0.151063								0.129832				robustness
4.6	80	recover	auto	30	1	0.005	0	12470	-0.0281281								0.0222935				robustness
4.6	80	recover	auto	30	1	0.005	0.00011	12470	-0.0437873								0.0231756				robustness
4.6	80	recover	auto	30	1	0.005	0.0005	12470	-0.0994847								0.025421				robustness
4.6	80	recover	auto	30	1	0.02	0	12470	-0.031927								0.0301524				robustness
4.6	80	recover	auto	30	1	0.02	0.0005	12470	-0.103891								0.0354451				robustness
4.6	80	recover	auto	30	7	0.005	0	12470	-0.0808119								0.145309				robustness
4.6	80	recover	auto	30	7	0.005	0.00011	12470	-0.112911								0.151163				robustness
4.6	80	recover	auto	30	7	0.005	0.0005	12470	-0.227115								0.174419				robustness
4.6	80	recover	auto	30	7	0.02	0	12470	-0.101566								0.173777				robustness
4.6	80	recover	auto	30	7	0.02	0.0005	12470	-0.249666								0.20834				robustness
4.6	80	recover	auto	30	30	0.005	0	12470	-0.111404								0.234804				robustness
4.6	80	recover	auto	30	30	0.005	0.00011	12470	-0.145263								0.242101				robustness
4.6	80	recover	auto	30	30	0.005	0.0005	12470	-0.264391								0.270489				robustness
4.6	80	recover	auto	30	30	0.02	0	12470	-0.139231								0.261909				robustness
4.6	80	recover	auto	30	30	0.02	0.0005	12470	-0.292771								0.300481				robustness
4.6	80	recover	reverse	3	1	0.02	0.00011	12470	-0.000401589								0				robustness
4.6	80	recover	reverse	3	7	0.02	0.00011	12470	-0.00465499								0.000160385				robustness
4.6	80	recover	reverse	3	30	0.02	0.00011	12470	-0.011623								0.00417001				robustness
4.6	80	recover	reverse	5	1	0.02	0.00011	12470	-0.000726394								0.000240577				robustness
4.6	80	recover	reverse	5	7	0.02	0.00011	12470	-0.00793669								0.0021652				robustness
4.6	80	recover	reverse	5	30	0.02	0.00011	12470	-0.0179707								0.0109062				robustness
4.6	80	recover	reverse	10	1	0.02	0.00011	12470	-0.00163101								0.00136327				robustness
4.6	80	recover	reverse	10	7	0.02	0.00011	12470	-0.0169313								0.0146752				robustness
4.6	80	recover	reverse	10	30	0.02	0.00011	12470	-0.0363653								0.0581395				robustness
4.6	80	recover	reverse	15	1	0.02	0.00011	12470	-0.0026287								0.00449078				robustness
4.6	80	recover	reverse	15	7	0.02	0.00011	12470	-0.0273743								0.0435445				robustness
4.6	80	recover	reverse	15	30	0.02	0.00011	12470	-0.0539564								0.114435				robustness
4.6	80	recover	reverse	30	1	0.02	0.00011	12470	-0.00832871								0.0287089				robustness
4.6	80	recover	reverse	30	7	0.02	0.00011	12470	-0.0631048								0.167041				robustness
4.6	80	recover	reverse	30	30	0.02	0.00011	12470	-0.101053								0.255172				robustness
7	40	close	auto	3	1	0.005	0	12470	-0.000574117								0				robustness
7	40	close	auto	3	1	0.005	0.00011	12470	-0.00112709								0				robustness
7	40	close	auto	3	1	0.005	0.0005	12470	-0.00308762								0				robustness
7	40	close	auto	3	1	0.02	0	12470	-0.000574117								0				robustness
7	40	close	auto	3	1	0.02	0.0005	12470	-0.00308762								0				robustness
7	40	close	auto	3	7	0.005	0	12470	-0.00298115								0				robustness
7	40	close	auto	3	7	0.005	0.00011	12470	-0.00464646								0				robustness
7	40	close	auto	3	7	0.005	0.0005	12470	-0.0105507								0				robustness
7	40	close	auto	3	7	0.02	0	12470	-0.00298115								0				robustness
7	40	close	auto	3	7	0.02	0.0005	12470	-0.0105507								0				robustness
7	40	close	auto	3	30	0.005	0	12470	-0.00489816								0				robustness
7	40	close	auto	3	30	0.005	0.00011	12470	-0.00691777								0				robustness
7	40	close	auto	3	30	0.005	0.0005	12470	-0.0140782								0				robustness
7	40	close	auto	3	30	0.02	0	12470	-0.00489816								0				robustness
7	40	close	auto	3	30	0.02	0.0005	12470	-0.0140782								0				robustness
7	40	close	auto	5	1	0.005	0	12470	-0.000956862								0				robustness
7	40	close	auto	5	1	0.005	0.00011	12470	-0.00187848								0				robustness
7	40	close	auto	5	1	0.005	0.0005	12470	-0.00514604								0				robustness
7	40	close	auto	5	1	0.02	0	12470	-0.000956862								0				robustness
7	40	close	auto	5	1	0.02	0.0005	12470	-0.00514604								0				robustness
7	40	close	auto	5	7	0.005	0	12470	-0.00496859								0				robustness
7	40	close	auto	5	7	0.005	0.00011	12470	-0.0077441								0				robustness
7	40	close	auto	5	7	0.005	0.0005	12470	-0.0175846								0				robustness
7	40	close	auto	5	7	0.02	0	12470	-0.00496859								0				robustness
7	40	close	auto	5	7	0.02	0.0005	12470	-0.0175846								0				robustness
7	40	close	auto	5	30	0.005	0	12470	-0.00816359								0				robustness
7	40	close	auto	5	30	0.005	0.00011	12470	-0.0115296								0				robustness
7	40	close	auto	5	30	0.005	0.0005	12470	-0.0234637								0				robustness
7	40	close	auto	5	30	0.02	0	12470	-0.00816359								0				robustness
7	40	close	auto	5	30	0.02	0.0005	12470	-0.0234637								0				robustness
7	40	close	auto	10	1	0.005	0	12470	-0.00191372								0				robustness
7	40	close	auto	10	1	0.005	0.00011	12470	-0.00375696								0				robustness
7	40	close	auto	10	1	0.005	0.0005	12470	-0.0102921								0				robustness
7	40	close	auto	10	1	0.02	0	12470	-0.00191372								0				robustness
7	40	close	auto	10	1	0.02	0.0005	12470	-0.0102921								0				robustness
7	40	close	auto	10	7	0.005	0	12470	-0.00993718								0				robustness
7	40	close	auto	10	7	0.005	0.00011	12470	-0.0154882								0				robustness
7	40	close	auto	10	7	0.005	0.0005	12470	-0.0351691								0				robustness
7	40	close	auto	10	7	0.02	0	12470	-0.00993718								0				robustness
7	40	close	auto	10	7	0.02	0.0005	12470	-0.0351691								0				robustness
7	40	close	auto	10	30	0.005	0	12470	-0.0163272								0				robustness
7	40	close	auto	10	30	0.005	0.00011	12470	-0.0230592								0				robustness
7	40	close	auto	10	30	0.005	0.0005	12470	-0.0469274								0				robustness
7	40	close	auto	10	30	0.02	0	12470	-0.0163272								0				robustness
7	40	close	auto	10	30	0.02	0.0005	12470	-0.0469274								0				robustness
7	40	close	auto	15	1	0.005	0	12470	-0.00287059								0				robustness
7	40	close	auto	15	1	0.005	0.00011	12470	-0.00563544								0				robustness
7	40	close	auto	15	1	0.005	0.0005	12470	-0.0154381								0				robustness
7	40	close	auto	15	1	0.02	0	12470	-0.00287059								0				robustness
7	40	close	auto	15	1	0.02	0.0005	12470	-0.0154381								0				robustness
7	40	close	auto	15	7	0.005	0	12470	-0.0149058								0				robustness
7	40	close	auto	15	7	0.005	0.00011	12470	-0.0232323								0				robustness
7	40	close	auto	15	7	0.005	0.0005	12470	-0.0527537								0				robustness
7	40	close	auto	15	7	0.02	0	12470	-0.0149058								0				robustness
7	40	close	auto	15	7	0.02	0.0005	12470	-0.0527537								0				robustness
7	40	close	auto	15	30	0.005	0	12470	-0.0244908								0				robustness
7	40	close	auto	15	30	0.005	0.00011	12470	-0.0345888								0				robustness
7	40	close	auto	15	30	0.005	0.0005	12470	-0.0703911								0				robustness
7	40	close	auto	15	30	0.02	0	12470	-0.0244908								0				robustness
7	40	close	auto	15	30	0.02	0.0005	12470	-0.0703911								0				robustness
7	40	close	auto	30	1	0.005	0	12470	-0.00574117								0				robustness
7	40	close	auto	30	1	0.005	0.00011	12470	-0.0112709								0				robustness
7	40	close	auto	30	1	0.005	0.0005	12470	-0.0308762								0				robustness
7	40	close	auto	30	1	0.02	0	12470	-0.00574117								0				robustness
7	40	close	auto	30	1	0.02	0.0005	12470	-0.0308762								0				robustness
7	40	close	auto	30	7	0.005	0	12470	-0.0298115								0				robustness
7	40	close	auto	30	7	0.005	0.00011	12470	-0.0464646								0				robustness
7	40	close	auto	30	7	0.005	0.0005	12470	-0.105507								0				robustness
7	40	close	auto	30	7	0.02	0	12470	-0.0298115								0				robustness
7	40	close	auto	30	7	0.02	0.0005	12470	-0.105507								0				robustness
7	40	close	auto	30	30	0.005	0	12470	-0.0489816								0				robustness
7	40	close	auto	30	30	0.005	0.00011	12470	-0.0691777								0				robustness
7	40	close	auto	30	30	0.005	0.0005	12470	-0.140782								0				robustness
7	40	close	auto	30	30	0.02	0	12470	-0.0489816								0				robustness
7	40	close	auto	30	30	0.02	0.0005	12470	-0.140782								0				robustness
7	40	close	reverse	3	1	0.02	0.00011	12470	0.000649807								0				robustness
7	40	close	reverse	3	7	0.02	0.00011	12470	-0.000351657								0				robustness
7	40	close	reverse	3	30	0.02	0.00011	12470	-0.00197799								0				robustness
7	40	close	reverse	5	1	0.02	0.00011	12470	0.00108301								0				robustness
7	40	close	reverse	5	7	0.02	0.00011	12470	-0.000586095								0				robustness
7	40	close	reverse	5	30	0.02	0.00011	12470	-0.00329665								0				robustness
7	40	close	reverse	10	1	0.02	0.00011	12470	0.00216602								0				robustness
7	40	close	reverse	10	7	0.02	0.00011	12470	-0.00117219								0				robustness
7	40	close	reverse	10	30	0.02	0.00011	12470	-0.0065933								0				robustness
7	40	close	reverse	15	1	0.02	0.00011	12470	0.00324904								0				robustness
7	40	close	reverse	15	7	0.02	0.00011	12470	-0.00175828								0				robustness
7	40	close	reverse	15	30	0.02	0.00011	12470	-0.00988995								0				robustness
7	40	close	reverse	30	1	0.02	0.00011	12470	0.00649807								0				robustness
7	40	close	reverse	30	7	0.02	0.00011	12470	-0.00351657								0				robustness
7	40	close	reverse	30	30	0.02	0.00011	12470	-0.0197799								0				robustness
7	40	hold	auto	3	1	0.005	0	12470	-0.000920472								0				robustness
7	40	hold	auto	3	1	0.005	0.00011	12470	-0.00152423								0				robustness
7	40	hold	auto	3	1	0.005	0.0005	12470	-0.00366482								0				robustness
7	40	hold	auto	3	1	0.02	0	12470	-0.000920472								0				robustness
7	40	hold	auto	3	1	0.02	0.0005	12470	-0.00366482								0				robustness
7	40	hold	auto	3	7	0.005	0	12470	-0.00589372								0.00096231				robustness
7	40	hold	auto	3	7	0.005	0.00011	12470	-0.00870497								0.00096231				robustness
7	40	hold	auto	3	7	0.005	0.0005	12470	-0.0186721								0.00096231				robustness
7	40	hold	auto	3	7	0.02	0	12470	-0.00595095								0.00120289				robustness
7	40	hold	auto	3	7	0.02	0.0005	12470	-0.0187279								0.00120289				robustness
7	40	hold	auto	3	30	0.005	0	12470	-0.0272832								0.0192462				robustness
7	40	hold	auto	3	30	0.005	0.00011	12470	-0.0344809								0.0194066				robustness
7	40	hold	auto	3	30	0.005	0.0005	12470	-0.0599563								0.0201283				robustness
7	40	hold	auto	3	30	0.02	0	12470	-0.027742								0.0207698				robustness
7	40	hold	auto	3	30	0.02	0.0005	12470	-0.0603041								0.021251				robustness
7	40	hold	auto	5	1	0.005	0	12470	-0.00166356								0.00032077				robustness
7	40	hold	auto	5	1	0.005	0.00011	12470	-0.00266956								0.00032077				robustness
7	40	hold	auto	5	1	0.005	0.0005	12470	-0.00623628								0.00032077				robustness
7	40	hold	auto	5	1	0.02	0	12470	-0.00166356								0.00032077				robustness
7	40	hold	auto	5	1	0.02	0.0005	12470	-0.00623628								0.00032077				robustness
7	40	hold	auto	5	7	0.005	0	12470	-0.0102702								0.00561347				robustness
7	40	hold	auto	5	7	0.005	0.00011	12470	-0.0149666								0.00577386				robustness
7	40	hold	auto	5	7	0.005	0.0005	12470	-0.0316676								0.00609463				robustness
7	40	hold	auto	5	7	0.02	0	12470	-0.010499								0.00625501				robustness
7	40	hold	auto	5	7	0.02	0.0005	12470	-0.0318204								0.00649559				robustness
7	40	hold	auto	5	30	0.005	0	12470	-0.0396765								0.0489976				robustness
7	40	hold	auto	5	30	0.005	0.00011	12470	-0.051573								0.0493986				robustness
7	40	hold	auto	5	30	0.005	0.0005	12470	-0.0938856								0.0514836				robustness
7	40	hold	auto	5	30	0.02	0	12470	-0.0407843								0.0522053				robustness
7	40	hold	auto	5	30	0.02	0.0005	12470	-0.0951557								0.0549318				robustness
7	40	hold	auto	10	1	0.005	0	12470	-0.00332522								0.00144346				robustness
7	40	hold	auto	10	1	0.005	0.00011	12470	-0.00533478								0.00144346				robustness
7	40	hold	auto	10	1	0.005	0.0005	12470	-0.0124596								0.00144346				robustness
7	40	hold	auto	10	1	0.02	0	12470	-0.00340577								0.00176423				robustness
7	40	hold	auto	10	1	0.02	0.0005	12470	-0.0126129								0.00192462				robustness
7	40	hold	auto	10	7	0.005	0	12470	-0.0205216								0.0317562				robustness
7	40	hold	auto	10	7	0.005	0.00011	12470	-0.0299046								0.0323176				robustness
7	40	hold	auto	10	7	0.005	0.0005	12470	-0.0632196								0.0342422				robustness
7	40	hold	auto	10	7	0.02	0	12470	-0.0230554								0.0372895				robustness
7	40	hold	auto	10	7	0.02	0.0005	12470	-0.0658957								0.0404972				robustness
7	40	hold	auto	10	30	0.005	0	12470	-0.0770227								0.19567				robustness
7	40	hold	auto	10	30	0.005	0.00011	12470	-0.100994								0.20016				robustness
7	40	hold	auto	10	30	0.005	0.0005	12470	-0.185111								0.215317				robustness
7	40	hold	auto	10	30	0.02	0	12470	-0.0902746								0.215557				robustness
7	40	hold	auto	10	30	0.02	0.0005	12470	-0.196793								0.235044				robustness
7	40	hold	auto	15	1	0.005	0	12470	-0.00484724								0.00417001				robustness
7	40	hold	auto	15	1	0.005	0.00011	12470	-0.00786667								0.0042502				robustness
7	40	hold	auto	15	1	0.005	0.0005	12470	-0.0186537								0.00481155				robustness
7	40	hold	auto	15	1	0.02	0	12470	-0.00582528								0.00665597				robustness
7	40	hold	auto	15	1	0.02	0.0005	12470	-0.0197069								0.00713713				robustness
7	40	hold	auto	15	7	0.005	0	12470	-0.0315855								0.0801925				robustness
7	40	hold	auto	15	7	0.005	0.00011	12470	-0.0457247								0.0816359				robustness
7	40	hold	auto	15	7	0.005	0.0005	12470	-0.096323								0.0882919				robustness
7	40	hold	auto	15	7	0.02	0	12470	-0.041527								0.0959102				robustness
7	40	hold	auto	15	7	0.02	0.0005	12470	-0.106567								0.106576				robustness
7	40	hold	auto	15	30	0.005	0	12470	-0.114319								0.349158				robustness
7	40	hold	auto	15	30	0.005	0.00011	12470	-0.148403								0.356937				robustness
7	40	hold	auto	15	30	0.005	0.0005	12470	-0.272287								0.390858				robustness
7	40	hold	auto	15	30	0.02	0	12470	-0.148091								0.383641				robustness
7	40	hold	auto	15	30	0.02	0.0005	12470	-0.304661								0.426704				robustness
7	40	hold	auto	30	1	0.005	0	12470	-0.0110967								0.0259022				robustness
7	40	hold	auto	30	1	0.005	0.00011	12470	-0.0171375								0.0264635				robustness
7	40	hold	auto	30	1	0.005	0.0005	12470	-0.0381982								0.0276664				robustness
7	40	hold	auto	30	1	0.02	0	12470	-0.0159673								0.0344828				robustness
7	40	hold	auto	30	1	0.02	0.0005	12470	-0.0434791								0.0376905				robustness
7	40	hold	auto	30	7	0.005	0	12470	-0.0641058								0.243705				robustness
7	40	hold	auto	30	7	0.005	0.00011	12470	-0.0916975								0.249479				robustness
7	40	hold	auto	30	7	0.005	0.0005	12470	-0.185155								0.27081				robustness
7	40	hold	auto	30	7	0.02	0	12470	-0.108728								0.294948				robustness
7	40	hold	auto	30	7	0.02	0.0005	12470	-0.23147								0.32935				robustness
7	40	hold	auto	30	30	0.005	0	12470	-0.204052								0.607859				robustness
7	40	hold	auto	30	30	0.005	0.00011	12470	-0.257696								0.619808				robustness
7	40	hold	auto	30	30	0.005	0.0005	12470	-0.444869								0.668244				robustness
7	40	hold	auto	30	30	0.02	0	12470	-0.288603								0.657097				robustness
7	40	hold	auto	30	30	0.02	0.0005	12470	-0.520177								0.718364				robustness
7	40	hold	reverse	3	1	0.02	0.00011	12470	0.000671075								0				robustness
7	40	hold	reverse	3	7	0.02	0.00011	12470	0.000185039								0.0010425				robustness
7	40	hold	reverse	3	30	0.02	0.00011	12470	-0.0127516								0.0199679				robustness
7	40	hold	reverse	5	1	0.02	0.00011	12470	0.000986218								0.00032077				robustness
7	40	hold	reverse	5	7	0.02	0.00011	12470	-0.000269967								0.00601443				robustness
7	40	hold	reverse	5	30	0.02	0.00011	12470	-0.0162488								0.0507618				robustness
7	40	hold	reverse	10	1	0.02	0.00011	12470	0.00188107								0.00168404				robustness
7	40	hold	reverse	10	7	0.02	0.00011	12470	-0.00250851								0.0353649				robustness
7	40	hold	reverse	10	30	0.02	0.00011	12470	-0.0419982								0.207698				robustness
7	40	hold	reverse	15	1	0.02	0.00011	12470	0.00249247								0.00553328				robustness
7	40	hold	reverse	15	7	0.02	0.00011	12470	-0.00975796								0.0906175				robustness
7	40	hold	reverse	15	30	0.02	0.00011	12470	-0.0769843								0.367281				robustness
7	40	hold	reverse	30	1	0.02	0.00011	12470	-7.62924e-05								0.0319968				robustness
7	40	hold	reverse	30	7	0.02	0.00011	12470	-0.0536752								0.282438				robustness
7	40	hold	reverse	30	30	0.02	0.00011	12470	-0.183956								0.635204				robustness
7	40	recover	auto	3	1	0.005	0	12470	-0.000777284								0				robustness
7	40	recover	auto	3	1	0.005	0.00011	12470	-0.0013188								0				robustness
7	40	recover	auto	3	1	0.005	0.0005	12470	-0.00323871								0				robustness
7	40	recover	auto	3	1	0.02	0	12470	-0.000777284								0				robustness
7	40	recover	auto	3	1	0.02	0.0005	12470	-0.00323871								0				robustness
7	40	recover	auto	3	7	0.005	0	12470	-0.00512976								8.01925e-05				robustness
7	40	recover	auto	3	7	0.005	0.00011	12470	-0.00676125								8.01925e-05				robustness
7	40	recover	auto	3	7	0.005	0.0005	12470	-0.0125456								8.01925e-05				robustness
7	40	recover	auto	3	7	0.02	0	12470	-0.00512976								8.01925e-05				robustness
7	40	recover	auto	3	7	0.02	0.0005	12470	-0.0125456								8.01925e-05				robustness
7	40	recover	auto	3	30	0.005	0	12470	-0.015825								0.00625501				robustness
7	40	recover	auto	3	30	0.005	0.00011	12470	-0.0178128								0.00625501				robustness
7	40	recover	auto	3	30	0.005	0.0005	12470	-0.0248602								0.00625501				robustness
7	40	recover	auto	3	30	0.02	0	12470	-0.0159077								0.00657578				robustness
7	40	recover	auto	3	30	0.02	0.0005	12470	-0.0249643								0.00665597				robustness
7	40	recover	auto	5	1	0.005	0	12470	-0.00129386								0.000160385				robustness
7	40	recover	auto	5	1	0.005	0.00011	12470	-0.00219634								0.000160385				robustness
7	40	recover	auto	5	1	0.005	0.0005	12470	-0.00539603								0.000160385				robustness
7	40	recover	auto	5	1	0.02	0	12470	-0.00129386								0.000160385				robustness
7	40	recover	auto	5	1	0.02	0.0005	12470	-0.00539603								0.000160385				robustness
7	40	recover	auto	5	7	0.005	0	12470	-0.00873557								0.00232558				robustness
7	40	recover	auto	5	7	0.005	0.00011	12470	-0.0115293								0.00240577				robustness
7	40	recover	auto	5	7	0.005	0.0005	12470	-0.0212245								0.00248597				robustness
7	40	recover	auto	5	7	0.02	0	12470	-0.00881354								0.00240577				robustness
7	40	recover	auto	5	7	0.02	0.0005	12470	-0.0212462								0.00256616				robustness
7	40	recover	auto	5	30	0.005	0	12470	-0.0237903								0.014996				robustness
7	40	recover	auto	5	30	0.005	0.00011	12470	-0.0271454								0.0150762				robustness
7	40	recover	auto	5	30	0.005	0.0005	12470	-0.0389607								0.015397				robustness
7	40	recover	auto	5	30	0.02	0	12470	-0.0240802								0.0158781				robustness
7	40	recover	auto	5	30	0.02	0.0005	12470	-0.039247								0.0164395				robustness
7	40	recover	auto	10	1	0.005	0	12470	-0.00281686								0.00112269				robustness
7	40	recover	auto	10	1	0.005	0.00011	12470	-0.00462035								0.00112269				robustness
7	40	recover	auto	10	1	0.005	0.0005	12470	-0.0110145								0.00112269				robustness
7	40	recover	auto	10	1	0.02	0	12470	-0.00287134								0.00128308				robustness
7	40	recover	auto	10	1	0.02	0.0005	12470	-0.0111076								0.00136327				robustness
7	40	recover	auto	10	7	0.005	0	12470	-0.0180999								0.0155573				robustness
7	40	recover	auto	10	7	0.005	0.00011	12470	-0.0235181								0.0157177				robustness
7	40	recover	auto	10	7	0.005	0.0005	12470	-0.0428658								0.0163593				robustness
7	40	recover	auto	10	7	0.02	0	12470	-0.0189542								0.0176423				robustness
7	40	recover	auto	10	7	0.02	0.0005	12470	-0.0438939								0.018765				robustness
7	40	recover	auto	10	30	0.005	0	12470	-0.0431011								0.0650361				robustness
7	40	recover	auto	10	30	0.005	0.00011	12470	-0.049691								0.0656776				robustness
7	40	recover	auto	10	30	0.005	0.0005	12470	-0.0735676								0.0686447				robustness
7	40	recover	auto	10	30	0.02	0	12470	-0.0468284								0.0718524				robustness
7	40	recover	auto	10	30	0.02	0.0005	12470	-0.076797								0.07498				robustness
7	40	recover	auto	15	1	0.005	0	12470	-0.00406772								0.00272654				robustness
7	40	recover	auto	15	1	0.005	0.00011	12470	-0.00676817								0.00272654				robustness
7	40	recover	auto	15	1	0.005	0.0005	12470	-0.0163997								0.00288693				robustness
7	40	recover	auto	15	1	0.02	0	12470	-0.00456056								0.00392943				robustness
7	40	recover	auto	15	1	0.02	0.0005	12470	-0.0168488								0.00400962				robustness
7	40	recover	auto	15	7	0.005	0	12470	-0.0278065								0.0433039				robustness
7	40	recover	auto	15	7	0.005	0.00011	12470	-0.0357949								0.0435445				robustness
7	40	recover	auto	15	7	0.005	0.0005	12470	-0.0646596								0.0457097				robustness
7	40	recover	auto	15	7	0.02	0	12470	-0.031086								0.0498797				robustness
7	40	recover	auto	15	7	0.02	0.0005	12470	-0.0692295								0.0542903				robustness
7	40	recover	auto	15	30	0.005	0	12470	-0.0643864								0.135445				robustness
7	40	recover	auto	15	30	0.005	0.00011	12470	-0.0742255								0.137049				robustness
7	40	recover	auto	15	30	0.005	0.0005	12470	-0.108463								0.141941				robustness
7	40	recover	auto	15	30	0.02	0	12470	-0.0715349								0.146191				robustness
7	40	recover	auto	15	30	0.02	0.0005	12470	-0.118278								0.155573				robustness
7	40	recover	auto	30	1	0.005	0	12470	-0.00958259								0.019166				robustness
7	40	recover	auto	30	1	0.005	0.00011	12470	-0.0151389								0.019567				robustness
7	40	recover	auto	30	1	0.005	0.0005	12470	-0.0344176								0.0206095				robustness
7	40	recover	auto	30	1	0.02	0	12470	-0.0134625								0.0264635				robustness
7	40	recover	auto	30	1	0.02	0.0005	12470	-0.0381106								0.0283079				robustness
7	40	recover	auto	30	7	0.005	0	12470	-0.0569769								0.15814				robustness
7	40	recover	auto	30	7	0.005	0.00011	12470	-0.0733613								0.161026				robustness
7	40	recover	auto	30	7	0.005	0.0005	12470	-0.130784								0.17081				robustness
7	40	recover	auto	30	7	0.02	0	12470	-0.0797984								0.191018				robustness
7	40	recover	auto	30	7	0.02	0.0005	12470	-0.154589								0.206736				robustness
7	40	recover	auto	30	30	0.005	0	12470	-0.112757								0.306736				robustness
7	40	recover	auto	30	30	0.005	0.00011	12470	-0.132667								0.311387				robustness
7	40	recover	auto	30	30	0.005	0.0005	12470	-0.201726								0.327586				robustness
7	40	recover	auto	30	30	0.02	0	12470	-0.149488								0.341059				robustness
7	40	recover	auto	30	30	0.02	0.0005	12470	-0.24019								0.364876				robustness
7	40	recover	reverse	3	1	0.02	0.00011	12470	0.000425259								0				robustness
7	40	recover	reverse	3	7	0.02	0.00011	12470	-0.00271674								8.01925e-05				robustness
7	40	recover	reverse	3	30	0.02	0.00011	12470	-0.0135176								0.00649559				robustness
7	40	recover	reverse	5	1	0.02	0.00011	12470	0.000709526								0.000160385				robustness
7	40	recover	reverse	5	7	0.02	0.00011	12470	-0.00481333								0.00248597				robustness
7	40	recover	reverse	5	30	0.02	0.00011	12470	-0.0201118								0.0157979				robustness
7	40	recover	reverse	10	1	0.02	0.00011	12470	0.00112089								0.00128308				robustness
7	40	recover	reverse	10	7	0.02	0.00011	12470	-0.0109923								0.017482				robustness
7	40	recover	reverse	10	30	0.02	0.00011	12470	-0.038815								0.0711307				robustness
7	40	recover	reverse	15	1	0.02	0.00011	12470	0.0015744								0.00344828				robustness
7	40	recover	reverse	15	7	0.02	0.00011	12470	-0.0189759								0.0489976				robustness
7	40	recover	reverse	15	30	0.02	0.00011	12470	-0.059413								0.145068				robustness
7	40	recover	reverse	30	1	0.02	0.00011	12470	-0.0011737								0.0246191				robustness
7	40	recover	reverse	30	7	0.02	0.00011	12470	-0.0546226								0.184924				robustness
7	40	recover	reverse	30	30	0.02	0.00011	12470	-0.122598								0.335044				robustness
7	80	close	auto	3	1	0.005	0	12470	-0.0013906								0				robustness
7	80	close	auto	3	1	0.005	0.00011	12470	-0.00237705								0				robustness
7	80	close	auto	3	1	0.005	0.0005	12470	-0.00587448								0				robustness
7	80	close	auto	3	1	0.02	0	12470	-0.0013906								0				robustness
7	80	close	auto	3	1	0.02	0.0005	12470	-0.00587448								0				robustness
7	80	close	auto	3	7	0.005	0	12470	-0.00506037								0				robustness
7	80	close	auto	3	7	0.005	0.00011	12470	-0.0080447								0				robustness
7	80	close	auto	3	7	0.005	0.0005	12470	-0.0186255								0				robustness
7	80	close	auto	3	7	0.02	0	12470	-0.00506037								0				robustness
7	80	close	auto	3	7	0.02	0.0005	12470	-0.0186255								0				robustness
7	80	close	auto	3	30	0.005	0	12470	-0.00731306								0				robustness
7	80	close	auto	3	30	0.005	0.00011	12470	-0.0109364								0				robustness
7	80	close	auto	3	30	0.005	0.0005	12470	-0.0237829								0				robustness
7	80	close	auto	3	30	0.02	0	12470	-0.00731306								0				robustness
7	80	close	auto	3	30	0.02	0.0005	12470	-0.0237829								0				robustness
7	80	close	auto	5	1	0.005	0	12470	-0.00231767								0				robustness
7	80	close	auto	5	1	0.005	0.00011	12470	-0.00396176								0				robustness
7	80	close	auto	5	1	0.005	0.0005	12470	-0.0097908								0				robustness
7	80	close	auto	5	1	0.02	0	12470	-0.00231767								0				robustness
7	80	close	auto	5	1	0.02	0.0005	12470	-0.0097908								0				robustness
7	80	close	auto	5	7	0.005	0	12470	-0.00843395								0				robustness
7	80	close	auto	5	7	0.005	0.00011	12470	-0.0134078								0				robustness
7	80	close	auto	5	7	0.005	0.0005	12470	-0.0310425								0				robustness
7	80	close	auto	5	7	0.02	0	12470	-0.00843395								0				robustness
7	80	close	auto	5	7	0.02	0.0005	12470	-0.0310425								0				robustness
7	80	close	auto	5	30	0.005	0	12470	-0.0121884								0				robustness
7	80	close	auto	5	30	0.005	0.00011	12470	-0.0182274								0				robustness
7	80	close	auto	5	30	0.005	0.0005	12470	-0.0396382								0				robustness
7	80	close	auto	5	30	0.02	0	12470	-0.0121884								0				robustness
7	80	close	auto	5	30	0.02	0.0005	12470	-0.0396382								0				robustness
7	80	close	auto	10	1	0.005	0	12470	-0.00463534								0				robustness
7	80	close	auto	10	1	0.005	0.00011	12470	-0.00792351								0				robustness
7	80	close	auto	10	1	0.005	0.0005	12470	-0.0195816								0				robustness
7	80	close	auto	10	1	0.02	0	12470	-0.00463534								0				robustness
7	80	close	auto	10	1	0.02	0.0005	12470	-0.0195816								0				robustness
7	80	close	auto	10	7	0.005	0	12470	-0.0168679								0				robustness
7	80	close	auto	10	7	0.005	0.00011	12470	-0.0268157								0				robustness
7	80	close	auto	10	7	0.005	0.0005	12470	-0.062085								0				robustness
7	80	close	auto	10	7	0.02	0	12470	-0.0168679								0				robustness
7	80	close	auto	10	7	0.02	0.0005	12470	-0.062085								0				robustness
7	80	close	auto	10	30	0.005	0	12470	-0.0243769								0				robustness
7	80	close	auto	10	30	0.005	0.00011	12470	-0.0364548								0				robustness
7	80	close	auto	10	30	0.005	0.0005	12470	-0.0792764								0				robustness
7	80	close	auto	10	30	0.02	0	12470	-0.0243769								0				robustness
7	80	close	auto	10	30	0.02	0.0005	12470	-0.0792764								0				robustness
7	80	close	auto	15	1	0.005	0	12470	-0.006953								0				robustness
7	80	close	auto	15	1	0.005	0.00011	12470	-0.0118853								0				robustness
7	80	close	auto	15	1	0.005	0.0005	12470	-0.0293724								0				robustness
7	80	close	auto	15	1	0.02	0	12470	-0.006953								0				robustness
7	80	close	auto	15	1	0.02	0.0005	12470	-0.0293724								0				robustness
7	80	close	auto	15	7	0.005	0	12470	-0.0253018								0				robustness
7	80	close	auto	15	7	0.005	0.00011	12470	-0.0402235								0				robustness
7	80	close	auto	15	7	0.005	0.0005	12470	-0.0931275								0				robustness
7	80	close	auto	15	7	0.02	0	12470	-0.0253018								0				robustness
7	80	close	auto	15	7	0.02	0.0005	12470	-0.0931275								0				robustness
7	80	close	auto	15	30	0.005	0	12470	-0.0365653								0				robustness
7	80	close	auto	15	30	0.005	0.00011	12470	-0.0546822								0				robustness
7	80	close	auto	15	30	0.005	0.0005	12470	-0.118915								0				robustness
7	80	close	auto	15	30	0.02	0	12470	-0.0365653								0				robustness
7	80	close	auto	15	30	0.02	0.0005	12470	-0.118915								0				robustness
7	80	close	auto	30	1	0.005	0	12470	-0.013906								0				robustness
7	80	close	auto	30	1	0.005	0.00011	12470	-0.0237705								0				robustness
7	80	close	auto	30	1	0.005	0.0005	12470	-0.0587448								0				robustness
7	80	close	auto	30	1	0.02	0	12470	-0.013906								0				robustness
7	80	close	auto	30	1	0.02	0.0005	12470	-0.0587448								0				robustness
7	80	close	auto	30	7	0.005	0	12470	-0.0506037								0				robustness
7	80	close	auto	30	7	0.005	0.00011	12470	-0.080447								0				robustness
7	80	close	auto	30	7	0.005	0.0005	12470	-0.186255								0				robustness
7	80	close	auto	30	7	0.02	0	12470	-0.0506037								0				robustness
7	80	close	auto	30	7	0.02	0.0005	12470	-0.186255								0				robustness
7	80	close	auto	30	30	0.005	0	12470	-0.0731306								0				robustness
7	80	close	auto	30	30	0.005	0.00011	12470	-0.109364								0				robustness
7	80	close	auto	30	30	0.005	0.0005	12470	-0.237829								0				robustness
7	80	close	auto	30	30	0.02	0	12470	-0.0731306								0				robustness
7	80	close	auto	30	30	0.02	0.0005	12470	-0.237829								0				robustness
7	80	close	reverse	3	1	0.02	0.00011	12470	0.000858283								0				robustness
7	80	close	reverse	3	7	0.02	0.00011	12470	0.000234278								0				robustness
7	80	close	reverse	3	30	0.02	0.00011	12470	-0.00146708								0				robustness
7	80	close	reverse	5	1	0.02	0.00011	12470	0.00143047								0				robustness
7	80	close	reverse	5	7	0.02	0.00011	12470	0.000390463								0				robustness
7	80	close	reverse	5	30	0.02	0.00011	12470	-0.00244513								0				robustness
7	80	close	reverse	10	1	0.02	0.00011	12470	0.00286094								0				robustness
7	80	close	reverse	10	7	0.02	0.00011	12470	0.000780925								0				robustness
7	80	close	reverse	10	30	0.02	0.00011	12470	-0.00489025								0				robustness
7	80	close	reverse	15	1	0.02	0.00011	12470	0.00429142								0				robustness
7	80	close	reverse	15	7	0.02	0.00011	12470	0.00117139								0				robustness
7	80	close	reverse	15	30	0.02	0.00011	12470	-0.00733538								0				robustness
7	80	close	reverse	30	1	0.02	0.00011	12470	0.00858283								0				robustness
7	80	close	reverse	30	7	0.02	0.00011	12470	0.00234278								0				robustness
7	80	close	reverse	30	30	0.02	0.00011	12470	-0.0146708								0				robustness
7	80	hold	auto	3	1	0.005	0	12470	-0.00190998								0				robustness
7	80	hold	auto	3	1	0.005	0.00011	12470	-0.00299453								0				robustness
7	80	hold	auto	3	1	0.005	0.0005	12470	-0.00683974								0				robustness
7	80	hold	auto	3	1	0.02	0	12470	-0.00190998								0				robustness
7	80	hold	auto	3	1	0.02	0.0005	12470	-0.00683974								0				robustness
7	80	hold	auto	3	7	0.005	0	12470	-0.0100517								0.00096231				robustness
7	80	hold	auto	3	7	0.005	0.00011	12470	-0.0151516								0.00096231				robustness
7	80	hold	auto	3	7	0.005	0.0005	12470	-0.0332331								0.00096231				robustness
7	80	hold	auto	3	7	0.02	0	12470	-0.0101086								0.00120289				robustness
7	80	hold	auto	3	7	0.02	0.0005	12470	-0.0332872								0.00120289				robustness
7	80	hold	auto	3	30	0.005	0	12470	-0.0376033								0.0194066				robustness
7	80	hold	auto	3	30	0.005	0.00011	12470	-0.0507343								0.0199679				robustness
7	80	hold	auto	3	30	0.005	0.0005	12470	-0.0969954								0.0210906				robustness
7	80	hold	auto	3	30	0.02	0	12470	-0.0380535								0.0209302				robustness
7	80	hold	auto	3	30	0.02	0.0005	12470	-0.0974539								0.0226945				robustness
7	80	hold	auto	5	1	0.005	0	12470	-0.00331116								0.00032077				robustness
7	80	hold	auto	5	1	0.005	0.00011	12470	-0.00511841								0.00032077				robustness
7	80	hold	auto	5	1	0.005	0.0005	12470	-0.0115259								0.00032077				robustness
7	80	hold	auto	5	1	0.02	0	12470	-0.00331116								0.00032077				robustness
7	80	hold	auto	5	1	0.02	0.0005	12470	-0.0115259								0.00032077				robustness
7	80	hold	auto	5	7	0.005	0	12470	-0.0171958								0.00577386				robustness
7	80	hold	auto	5	7	0.005	0.00011	12470	-0.0257337								0.00593424				robustness
7	80	hold	auto	5	7	0.005	0.0005	12470	-0.0559483								0.0063352				robustness
7	80	hold	auto	5	7	0.02	0	12470	-0.0174191								0.0063352				robustness
7	80	hold	auto	5	7	0.02	0.0005	12470	-0.0561316								0.00673617				robustness
7	80	hold	auto	5	30	0.005	0	12470	-0.0566716								0.0495589				robustness
7	80	hold	auto	5	30	0.005	0.00011	12470	-0.0782757								0.0505213				robustness
7	80	hold	auto	5	30	0.005	0.0005	12470	-0.15658								0.0564555				robustness
7	80	hold	auto	5	30	0.02	0	12470	-0.0577839								0.0526864				robustness
7	80	hold	auto	5	30	0.02	0.0005	12470	-0.157628								0.0595028				robustness
7	80	hold	auto	10	1	0.005	0	12470	-0.0066109								0.00144346				robustness
7	80	hold	auto	10	1	0.005	0.00011	12470	-0.0102217								0.00144346				robustness
7	80	hold	auto	10	1	0.005	0.0005	12470	-0.0230285								0.00152366				robustness
7	80	hold	auto	10	1	0.02	0	12470	-0.00673242								0.00184443				robustness
7	80	hold	auto	10	1	0.02	0.0005	12470	-0.0231708								0.00192462				robustness
7	80	hold	auto	10	7	0.005	0	12470	-0.0345747								0.0328789				robustness
7	80	hold	auto	10	7	0.005	0.00011	12470	-0.0515339								0.0338412				robustness
7	80	hold	auto	10	7	0.005	0.0005	12470	-0.111795								0.0375301				robustness
7	80	hold	auto	10	7	0.02	0	12470	-0.0368477								0.0380112				robustness
7	80	hold	auto	10	7	0.02	0.0005	12470	-0.114415								0.0444266				robustness
7	80	hold	auto	10	30	0.005	0	12470	-0.111225								0.202245				robustness
7	80	hold	auto	10	30	0.005	0.00011	12470	-0.155088								0.210746				robustness
7	80	hold	auto	10	30	0.005	0.0005	12470	-0.305991								0.244988				robustness
7	80	hold	auto	10	30	0.02	0	12470	-0.123112								0.221171				robustness
7	80	hold	auto	10	30	0.02	0.0005	12470	-0.319104								0.268244				robustness
7	80	hold	auto	15	1	0.005	0	12470	-0.00981271								0.00457097				robustness
7	80	hold	auto	15	1	0.005	0.00011	12470	-0.0153022								0.00489174				robustness
7	80	hold	auto	15	1	0.005	0.0005	12470	-0.0346619								0.00561347				robustness
7	80	hold	auto	15	1	0.02	0	12470	-0.0107969								0.00681636				robustness
7	80	hold	auto	15	1	0.02	0.0005	12470	-0.0355365								0.00753809				robustness
7	80	hold	auto	15	7	0.005	0	12470	-0.0529496								0.0834002				robustness
7	80	hold	auto	15	7	0.005	0.00011	12470	-0.0784451								0.0862871				robustness
7	80	hold	auto	15	7	0.005	0.0005	12470	-0.170189								0.100642				robustness
7	80	hold	auto	15	7	0.02	0	12470	-0.0621809								0.0989575				robustness
7	80	hold	auto	15	7	0.02	0.0005	12470	-0.180175								0.12077				robustness
7	80	hold	auto	15	30	0.005	0	12470	-0.163618								0.36263				robustness
7	80	hold	auto	15	30	0.005	0.00011	12470	-0.225658								0.378508				robustness
7	80	hold	auto	15	30	0.005	0.0005	12470	-0.444087								0.44988				robustness
7	80	hold	auto	15	30	0.02	0	12470	-0.195917								0.396391				robustness
7	80	hold	auto	15	30	0.02	0.0005	12470	-0.475347								0.489334				robustness
7	80	hold	auto	30	1	0.005	0	12470	-0.020648								0.0268645				robustness
7	80	hold	auto	30	1	0.005	0.00011	12470	-0.0315295								0.0275862				robustness
7	80	hold	auto	30	1	0.005	0.0005	12470	-0.0698489								0.0311147				robustness
7	80	hold	auto	30	1	0.02	0	12470	-0.026014								0.0367281				robustness
7	80	hold	auto	30	1	0.02	0.0005	12470	-0.075511								0.0423416				robustness
7	80	hold	auto	30	7	0.005	0	12470	-0.103494								0.25397				robustness
7	80	hold	auto	30	7	0.005	0.00011	12470	-0.15173								0.264395				robustness
7	80	hold	auto	30	7	0.005	0.0005	12470	-0.317057								0.30834				robustness
7	80	hold	auto	30	7	0.02	0	12470	-0.147331								0.306095				robustness
7	80	hold	auto	30	7	0.02	0.0005	12470	-0.364952								0.373136				robustness
7	80	hold	auto	30	30	0.005	0	12470	-0.275073								0.624539				robustness
7	80	hold	auto	30	30	0.005	0.00011	12470	-0.372537								0.649399				robustness
7	80	hold	auto	30	30	0.005	0.0005	12470	-0.668937								0.740738				robustness
7	80	hold	auto	30	30	0.02	0	12470	-0.357907								0.675381				robustness
7	80	hold	auto	30	30	0.02	0.0005	12470	-0.728947								0.793264				robustness
7	80	hold	reverse	3	1	0.02	0.00011	12470	0.000799198								0				robustness
7	80	hold	reverse	3	7	0.02	0.00011	12470	0.00105195								0.0010425				robustness
7	80	hold	reverse	3	30	0.02	0.00011	12470	-0.0110844								0.0198075				robustness
7	80	hold	reverse	5	1	0.02	0.00011	12470	0.00120264								0.00032077				robustness
7	80	hold	reverse	5	7	0.02	0.00011	12470	0.00118949								0.00601443				robustness
7	80	hold	reverse	5	30	0.02	0.00011	12470	-0.0135028								0.0506014				robustness
7	80	hold	reverse	10	1	0.02	0.00011	12470	0.00232848								0.00168404				robustness
7	80	hold	reverse	10	7	0.02	0.00011	12470	0.00020459								0.0356856				robustness
7	80	hold	reverse	10	30	0.02	0.00011	12470	-0.0362483								0.207779				robustness
7	80	hold	reverse	15	1	0.02	0.00011	12470	0.00296793								0.00617482				robustness
7	80	hold	reverse	15	7	0.02	0.00011	12470	-0.00507848								0.0902165				robustness
7	80	hold	reverse	15	30	0.02	0.00011	12470	-0.0659747								0.364715				robustness
7	80	hold	reverse	30	1	0.02	0.00011	12470	0.00163776								0.0323978				robustness
7	80	hold	reverse	30	7	0.02	0.00011	12470	-0.0418988								0.27931				robustness
7	80	hold	reverse	30	30	0.02	0.00011	12470	-0.166512								0.6332				robustness
7	80	recover	auto	3	1	0.005	0	12470	-0.0015895								0				robustness
7	80	recover	auto	3	1	0.005	0.00011	12470	-0.00256463								0				robustness
7	80	recover	auto	3	1	0.005	0.0005	12470	-0.00602192								0				robustness
7	80	recover	auto	3	1	0.02	0	12470	-0.0015895								0				robustness
7	80	recover	auto	3	1	0.02	0.0005	12470	-0.00602192								0				robustness
7	80	recover	auto	3	7	0.005	0	12470	-0.00721117								8.01925e-05				robustness
7	80	recover	auto	3	7	0.005	0.00011	12470	-0.0101621								8.01925e-05				robustness
7	80	recover	auto	3	7	0.005	0.0005	12470	-0.0206243								8.01925e-05				robustness
7	80	recover	auto	3	7	0.02	0	12470	-0.00721117								8.01925e-05				robustness
7	80	recover	auto	3	7	0.02	0.0005	12470	-0.0206243								8.01925e-05				robustness
7	80	recover	auto	3	30	0.005	0	12470	-0.0182282								0.00625501				robustness
7	80	recover	auto	3	30	0.005	0.00011	12470	-0.0218124								0.00625501				robustness
7	80	recover	auto	3	30	0.005	0.0005	12470	-0.0345818								0.00649559				robustness
7	80	recover	auto	3	30	0.02	0	12470	-0.018335								0.00665597				robustness
7	80	recover	auto	3	30	0.02	0.0005	12470	-0.0346686								0.00681636				robustness
7	80	recover	auto	5	1	0.005	0	12470	-0.0026473								0.000160385				robustness
7	80	recover	auto	5	1	0.005	0.00011	12470	-0.00427246								0.000160385				robustness
7	80	recover	auto	5	1	0.005	0.0005	12470	-0.0100344								0.000160385				robustness
7	80	recover	auto	5	1	0.02	0	12470	-0.0026473								0.000160385				robustness
7	80	recover	auto	5	1	0.02	0.0005	12470	-0.0100344								0.000160385				robustness
7	80	recover	auto	5	7	0.005	0	12470	-0.012205								0.00232558				robustness
7	80	recover	auto	5	7	0.005	0.00011	12470	-0.0171176								0.00232558				robustness
7	80	recover	auto	5	7	0.005	0.0005	12470	-0.0346007								0.00240577				robustness
7	80	recover	auto	5	7	0.02	0	12470	-0.0122905								0.00248597				robustness
7	80	recover	auto	5	7	0.02	0.0005	12470	-0.0347153								0.00264635				robustness
7	80	recover	auto	5	30	0.005	0	12470	-0.0275475								0.0143545				robustness
7	80	recover	auto	5	30	0.005	0.00011	12470	-0.0334794								0.0143545				robustness
7	80	recover	auto	5	30	0.005	0.0005	12470	-0.054898								0.015397				robustness
7	80	recover	auto	5	30	0.02	0	12470	-0.0279899								0.0155573				robustness
7	80	recover	auto	5	30	0.02	0.0005	12470	-0.0553362								0.0167602				robustness
7	80	recover	auto	10	1	0.005	0	12470	-0.0055203								0.00112269				robustness
7	80	recover	auto	10	1	0.005	0.00011	12470	-0.00876839								0.00112269				robustness
7	80	recover	auto	10	1	0.005	0.0005	12470	-0.0202844								0.00112269				robustness
7	80	recover	auto	10	1	0.02	0	12470	-0.0056141								0.00136327				robustness
7	80	recover	auto	10	1	0.02	0.0005	12470	-0.0203758								0.00136327				robustness
7	80	recover	auto	10	7	0.005	0	12470	-0.0250516								0.0157177				robustness
7	80	recover	auto	10	7	0.005	0.00011	12470	-0.034873								0.0159583				robustness
7	80	recover	auto	10	7	0.005	0.0005	12470	-0.0698742								0.0171612				robustness
7	80	recover	auto	10	7	0.02	0	12470	-0.0259284								0.0176423				robustness
7	80	recover	auto	10	7	0.02	0.0005	12470	-0.0710107								0.0200481				robustness
7	80	recover	auto	10	30	0.005	0	12470	-0.0509982								0.0645549				robustness
7	80	recover	auto	10	30	0.005	0.00011	12470	-0.0631489								0.0660786				robustness
7	80	recover	auto	10	30	0.005	0.0005	12470	-0.105583								0.0712109				robustness
7	80	recover	auto	10	30	0.02	0	12470	-0.0542476								0.0708901				robustness
7	80	recover	auto	10	30	0.02	0.0005	12470	-0.108909								0.0773857				robustness
7	80	recover	auto	15	1	0.005	0	12470	-0.00810881								0.00272654				robustness
7	80	recover	auto	15	1	0.005	0.00011	12470	-0.0129736								0.00272654				robustness
7	80	recover	auto	15	1	0.005	0.0005	12470	-0.0303985								0.00304731				robustness
7	80	recover	auto	15	1	0.02	0	12470	-0.00856224								0.00384924				robustness
7	80	recover	auto	15	1	0.02	0.0005	12470	-0.0308146								0.00417001				robustness
7	80	recover	auto	15	7	0.005	0	12470	-0.038085								0.0432237				robustness
7	80	recover	auto	15	7	0.005	0.00011	12470	-0.0527656								0.0443464				robustness
7	80	recover	auto	15	7	0.005	0.0005	12470	-0.105937								0.049158				robustness
7	80	recover	auto	15	7	0.02	0	12470	-0.0417335								0.0503609				robustness
7	80	recover	auto	15	7	0.02	0.0005	12470	-0.109905								0.0574178				robustness
7	80	recover	auto	15	30	0.005	0	12470	-0.0758503								0.134643				robustness
7	80	recover	auto	15	30	0.005	0.00011	12470	-0.0938106								0.138172				robustness
7	80	recover	auto	15	30	0.005	0.0005	12470	-0.15762								0.149399				robustness
7	80	recover	auto	15	30	0.02	0	12470	-0.083704								0.146512				robustness
7	80	recover	auto	15	30	0.02	0.0005	12470	-0.16661								0.162871				robustness
7	80	recover	auto	30	1	0.005	0	12470	-0.0179448								0.0199679				robustness
7	80	recover	auto	30	1	0.005	0.00011	12470	-0.0277718								0.0203689				robustness
7	80	recover	auto	30	1	0.005	0.0005	12470	-0.0623469								0.0225341				robustness
7	80	recover	auto	30	1	0.02	0	12470	-0.0214888								0.0269447				robustness
7	80	recover	auto	30	1	0.02	0.0005	12470	-0.0664554								0.0308741				robustness
7	80	recover	auto	30	7	0.005	0	12470	-0.0784354								0.161427				robustness
7	80	recover	auto	30	7	0.005	0.00011	12470	-0.106955								0.165036				robustness
7	80	recover	auto	30	7	0.005	0.0005	12470	-0.211035								0.187009				robustness
7	80	recover	auto	30	7	0.02	0	12470	-0.100477								0.193745				robustness
7	80	recover	auto	30	7	0.02	0.0005	12470	-0.237519								0.225742				robustness
7	80	recover	auto	30	30	0.005	0	12470	-0.137652								0.310265				robustness
7	80	recover	auto	30	30	0.005	0.00011	12470	-0.171289								0.317642				robustness
7	80	recover	auto	30	30	0.005	0.0005	12470	-0.297301								0.352366				robustness
7	80	recover	auto	30	30	0.02	0	12470	-0.172705								0.343785				robustness
7	80	recover	auto	30	30	0.02	0.0005	12470	-0.336622								0.392622				robustness
7	80	recover	reverse	3	1	0.02	0.00011	12470	0.000627793								0				robustness
7	80	recover	reverse	3	7	0.02	0.00011	12470	-0.00215503								8.01925e-05				robustness
7	80	recover	reverse	3	30	0.02	0.00011	12470	-0.0130166								0.00649559				robustness
7	80	recover	reverse	5	1	0.02	0.00011	12470	0.00104777								0.000160385				robustness
7	80	recover	reverse	5	7	0.02	0.00011	12470	-0.00380093								0.00240577				robustness
7	80	recover	reverse	5	30	0.02	0.00011	12470	-0.0191472								0.0153168				robustness
7	80	recover	reverse	10	1	0.02	0.00011	12470	0.00180646								0.00128308				robustness
7	80	recover	reverse	10	7	0.02	0.00011	12470	-0.00894007								0.0168404				robustness
7	80	recover	reverse	10	30	0.02	0.00011	12470	-0.0364406								0.0692061				robustness
7	80	recover	reverse	15	1	0.02	0.00011	12470	0.0026404								0.00344828				robustness
7	80	recover	reverse	15	7	0.02	0.00011	12470	-0.0161869								0.0483561				robustness
7	80	recover	reverse	15	30	0.02	0.00011	12470	-0.0571011								0.143545				robustness
7	80	recover	reverse	30	1	0.02	0.00011	12470	0.00119157								0.0243785				robustness
7	80	recover	reverse	30	7	0.02	0.00011	12470	-0.0488324								0.182678				robustness
7	80	recover	reverse	30	30	0.02	0.00011	12470	-0.116483								0.331435				robustness
10	40	close	auto	3	1	0.005	0	12470	-0.000287219								0				robustness
10	40	close	auto	3	1	0.005	0.00011	12470	-0.000604864								0				robustness
10	40	close	auto	3	1	0.005	0.0005	12470	-0.00173106								0				robustness
10	40	close	auto	3	1	0.02	0	12470	-0.000287219								0				robustness
10	40	close	auto	3	1	0.02	0.0005	12470	-0.00173106								0				robustness
10	40	close	auto	3	7	0.005	0	12470	-0.00235681								0				robustness
10	40	close	auto	3	7	0.005	0.00011	12470	-0.00365212								0				robustness
10	40	close	auto	3	7	0.005	0.0005	12470	-0.00824457								0				robustness
10	40	close	auto	3	7	0.02	0	12470	-0.00235681								0				robustness
10	40	close	auto	3	7	0.02	0.0005	12470	-0.00824457								0				robustness
10	40	close	auto	3	30	0.005	0	12470	-0.00595164								0				robustness
10	40	close	auto	3	30	0.005	0.00011	12470	-0.00791875								0				robustness
10	40	close	auto	3	30	0.005	0.0005	12470	-0.0148931								0				robustness
10	40	close	auto	3	30	0.02	0	12470	-0.00595164								0				robustness
10	40	close	auto	3	30	0.02	0.0005	12470	-0.0148931								0				robustness
10	40	close	auto	5	1	0.005	0	12470	-0.000478699								0				robustness
10	40	close	auto	5	1	0.005	0.00011	12470	-0.00100811								0				robustness
10	40	close	auto	5	1	0.005	0.0005	12470	-0.0028851								0				robustness
10	40	close	auto	5	1	0.02	0	12470	-0.000478699								0				robustness
10	40	close	auto	5	1	0.02	0.0005	12470	-0.0028851								0				robustness
10	40	close	auto	5	7	0.005	0	12470	-0.00392802								0				robustness
10	40	close	auto	5	7	0.005	0.00011	12470	-0.00608687								0				robustness
10	40	close	auto	5	7	0.005	0.0005	12470	-0.013741								0				robustness
10	40	close	auto	5	7	0.02	0	12470	-0.00392802								0				robustness
10	40	close	auto	5	7	0.02	0.0005	12470	-0.013741								0				robustness
10	40	close	auto	5	30	0.005	0	12470	-0.0099194								0				robustness
10	40	close	auto	5	30	0.005	0.00011	12470	-0.0131979								0				robustness
10	40	close	auto	5	30	0.005	0.0005	12470	-0.0248218								0				robustness
10	40	close	auto	5	30	0.02	0	12470	-0.0099194								0				robustness
10	40	close	auto	5	30	0.02	0.0005	12470	-0.0248218								0				robustness
10	40	close	auto	10	1	0.005	0	12470	-0.000957398								0				robustness
10	40	close	auto	10	1	0.005	0.00011	12470	-0.00201621								0				robustness
10	40	close	auto	10	1	0.005	0.0005	12470	-0.00577019								0				robustness
10	40	close	auto	10	1	0.02	0	12470	-0.000957398								0				robustness
10	40	close	auto	10	1	0.02	0.0005	12470	-0.00577019								0				robustness
10	40	close	auto	10	7	0.005	0	12470	-0.00785605								0				robustness
10	40	close	auto	10	7	0.005	0.00011	12470	-0.0121737								0				robustness
10	40	close	auto	10	7	0.005	0.0005	12470	-0.0274819								0				robustness
10	40	close	auto	10	7	0.02	0	12470	-0.00785605								0				robustness
10	40	close	auto	10	7	0.02	0.0005	12470	-0.0274819								0				robustness
10	40	close	auto	10	30	0.005	0	12470	-0.0198388								0				robustness
10	40	close	auto	10	30	0.005	0.00011	12470	-0.0263958								0				robustness
10	40	close	auto	10	30	0.005	0.0005	12470	-0.0496436								0				robustness
10	40	close	auto	10	30	0.02	0	12470	-0.0198388								0				robustness
10	40	close	auto	10	30	0.02	0.0005	12470	-0.0496436								0				robustness
10	40	close	auto	15	1	0.005	0	12470	-0.0014361								0				robustness
10	40	close	auto	15	1	0.005	0.00011	12470	-0.00302432								0				robustness
10	40	close	auto	15	1	0.005	0.0005	12470	-0.00865529								0				robustness
10	40	close	auto	15	1	0.02	0	12470	-0.0014361								0				robustness
10	40	close	auto	15	1	0.02	0.0005	12470	-0.00865529								0				robustness
10	40	close	auto	15	7	0.005	0	12470	-0.0117841								0				robustness
10	40	close	auto	15	7	0.005	0.00011	12470	-0.0182606								0				robustness
10	40	close	auto	15	7	0.005	0.0005	12470	-0.0412229								0				robustness
10	40	close	auto	15	7	0.02	0	12470	-0.0117841								0				robustness
10	40	close	auto	15	7	0.02	0.0005	12470	-0.0412229								0				robustness
10	40	close	auto	15	30	0.005	0	12470	-0.0297582								0				robustness
10	40	close	auto	15	30	0.005	0.00011	12470	-0.0395938								0				robustness
10	40	close	auto	15	30	0.005	0.0005	12470	-0.0744653								0				robustness
10	40	close	auto	15	30	0.02	0	12470	-0.0297582								0				robustness
10	40	close	auto	15	30	0.02	0.0005	12470	-0.0744653								0				robustness
10	40	close	auto	30	1	0.005	0	12470	-0.00287219								0				robustness
10	40	close	auto	30	1	0.005	0.00011	12470	-0.00604864								0				robustness
10	40	close	auto	30	1	0.005	0.0005	12470	-0.0173106								0				robustness
10	40	close	auto	30	1	0.02	0	12470	-0.00287219								0				robustness
10	40	close	auto	30	1	0.02	0.0005	12470	-0.0173106								0				robustness
10	40	close	auto	30	7	0.005	0	12470	-0.0235681								0				robustness
10	40	close	auto	30	7	0.005	0.00011	12470	-0.0365212								0				robustness
10	40	close	auto	30	7	0.005	0.0005	12470	-0.0824457								0				robustness
10	40	close	auto	30	7	0.02	0	12470	-0.0235681								0				robustness
10	40	close	auto	30	7	0.02	0.0005	12470	-0.0824457								0				robustness
10	40	close	auto	30	30	0.005	0	12470	-0.0595164								0				robustness
10	40	close	auto	30	30	0.005	0.00011	12470	-0.0791875								0				robustness
10	40	close	auto	30	30	0.005	0.0005	12470	-0.148931								0				robustness
10	40	close	auto	30	30	0.02	0	12470	-0.0595164								0				robustness
10	40	close	auto	30	30	0.02	0.0005	12470	-0.148931								0				robustness
10	40	close	reverse	3	1	0.02	0.00011	12470	0.000442348								0				robustness
10	40	close	reverse	3	7	0.02	0.00011	12470	-0.000247392								0				robustness
10	40	close	reverse	3	30	0.02	0.00011	12470	-0.0030653								0				robustness
10	40	close	reverse	5	1	0.02	0.00011	12470	0.000737246								0				robustness
10	40	close	reverse	5	7	0.02	0.00011	12470	-0.000412321								0				robustness
10	40	close	reverse	5	30	0.02	0.00011	12470	-0.00510883								0				robustness
10	40	close	reverse	10	1	0.02	0.00011	12470	0.00147449								0				robustness
10	40	close	reverse	10	7	0.02	0.00011	12470	-0.000824641								0				robustness
10	40	close	reverse	10	30	0.02	0.00011	12470	-0.0102177								0				robustness
10	40	close	reverse	15	1	0.02	0.00011	12470	0.00221174								0				robustness
10	40	close	reverse	15	7	0.02	0.00011	12470	-0.00123696								0				robustness
10	40	close	reverse	15	30	0.02	0.00011	12470	-0.0153265								0				robustness
10	40	close	reverse	30	1	0.02	0.00011	12470	0.00442348								0				robustness
10	40	close	reverse	30	7	0.02	0.00011	12470	-0.00247392								0				robustness
10	40	close	reverse	30	30	0.02	0.00011	12470	-0.030653								0				robustness
10	40	hold	auto	3	1	0.005	0	12470	-0.000459657								0				robustness
10	40	hold	auto	3	1	0.005	0.00011	12470	-0.000789211								0				robustness
10	40	hold	auto	3	1	0.005	0.0005	12470	-0.00195763								0				robustness
10	40	hold	auto	3	1	0.02	0	12470	-0.000459657								0				robustness
10	40	hold	auto	3	1	0.02	0.0005	12470	-0.00195763								0				robustness
10	40	hold	auto	3	7	0.005	0	12470	-0.00344968								0.000882117				robustness
10	40	hold	auto	3	7	0.005	0.00011	12470	-0.00518547								0.000882117				robustness
10	40	hold	auto	3	7	0.005	0.0005	12470	-0.0113396								0.000882117				robustness
10	40	hold	auto	3	7	0.02	0	12470	-0.00347298								0.00096231				robustness
10	40	hold	auto	3	7	0.02	0.0005	12470	-0.0113626								0.00096231				robustness
10	40	hold	auto	3	30	0.005	0	12470	-0.0221194								0.0186047				robustness
10	40	hold	auto	3	30	0.005	0.00011	12470	-0.0269154								0.018765				robustness
10	40	hold	auto	3	30	0.005	0.0005	12470	-0.0438416								0.0192462				robustness
10	40	hold	auto	3	30	0.02	0	12470	-0.0225958								0.0202085				robustness
10	40	hold	auto	3	30	0.02	0.0005	12470	-0.0441532								0.0204491				robustness
10	40	hold	auto	5	1	0.005	0	12470	-0.000838679								0.000240577				robustness
10	40	hold	auto	5	1	0.005	0.00011	12470	-0.00138776								0.000240577				robustness
10	40	hold	auto	5	1	0.005	0.0005	12470	-0.00340045								0.00032077				robustness
10	40	hold	auto	5	1	0.02	0	12470	-0.000904817								0.00032077				robustness
10	40	hold	auto	5	1	0.02	0.0005	12470	-0.00340045								0.00032077				robustness
10	40	hold	auto	5	7	0.005	0	12470	-0.00618584								0.0052927				robustness
10	40	hold	auto	5	7	0.005	0.00011	12470	-0.00907015								0.0052927				robustness
10	40	hold	auto	5	7	0.005	0.0005	12470	-0.0194206								0.00545309				robustness
10	40	hold	auto	5	7	0.02	0	12470	-0.00648156								0.00601443				robustness
10	40	hold	auto	5	7	0.02	0.0005	12470	-0.0196074								0.00609463				robustness
10	40	hold	auto	5	30	0.005	0	12470	-0.0311711								0.046672				robustness
10	40	hold	auto	5	30	0.005	0.00011	12470	-0.0391592								0.047073				robustness
10	40	hold	auto	5	30	0.005	0.0005	12470	-0.067257								0.0484362				robustness
10	40	hold	auto	5	30	0.02	0	12470	-0.0326137								0.0502807				robustness
10	40	hold	auto	5	30	0.02	0.0005	12470	-0.0687115								0.0524459				robustness
10	40	hold	auto	10	1	0.005	0	12470	-0.00177608								0.00112269				robustness
10	40	hold	auto	10	1	0.005	0.00011	12470	-0.00288184								0.00120289				robustness
10	40	hold	auto	10	1	0.005	0.0005	12470	-0.00676836								0.00120289				robustness
10	40	hold	auto	10	1	0.02	0	12470	-0.00188106								0.00144346				robustness
10	40	hold	auto	10	1	0.02	0.0005	12470	-0.00686162								0.00144346				robustness
10	40	hold	auto	10	7	0.005	0	12470	-0.0121938								0.0275862				robustness
10	40	hold	auto	10	7	0.005	0.00011	12470	-0.0182791								0.0283881				robustness
10	40	hold	auto	10	7	0.005	0.0005	12470	-0.0386863								0.0292702				robustness
10	40	hold	auto	10	7	0.02	0	12470	-0.0143791								0.0323978				robustness
10	40	hold	auto	10	7	0.02	0.0005	12470	-0.040554								0.0336006				robustness
10	40	hold	auto	10	30	0.005	0	12470	-0.0596044								0.178508				robustness
10	40	hold	auto	10	30	0.005	0.00011	12470	-0.0756415								0.181395				robustness
10	40	hold	auto	10	30	0.005	0.0005	12470	-0.131027								0.190377				robustness
10	40	hold	auto	10	30	0.02	0	12470	-0.0721993								0.196071				robustness
10	40	hold	auto	10	30	0.02	0.0005	12470	-0.142637								0.20826				robustness
10	40	hold	auto	15	1	0.005	0	12470	-0.0026505								0.00352847				robustness
10	40	hold	auto	15	1	0.005	0.00011	12470	-0.00428542								0.00352847				robustness
10	40	hold	auto	15	1	0.005	0.0005	12470	-0.0101396								0.00368885				robustness
10	40	hold	auto	15	1	0.02	0	12470	-0.00296686								0.00433039				robustness
10	40	hold	auto	15	1	0.02	0.0005	12470	-0.0104161								0.00441059				robustness
10	40	hold	auto	15	7	0.005	0	12470	-0.0196517								0.0686447				robustness
10	40	hold	auto	15	7	0.005	0.00011	12470	-0.0283616								0.0696872				robustness
10	40	hold	auto	15	7	0.005	0.0005	12470	-0.0588552								0.0725742				robustness
10	40	hold	auto	15	7	0.02	0	12470	-0.0257542								0.0797113				robustness
10	40	hold	auto	15	7	0.02	0.0005	12470	-0.0661643								0.085004				robustness
10	40	hold	auto	15	30	0.005	0	12470	-0.0900334								0.319727				robustness
10	40	hold	auto	15	30	0.005	0.00011	12470	-0.113101								0.3251				robustness
10	40	hold	auto	15	30	0.005	0.0005	12470	-0.194978								0.346512				robustness
10	40	hold	auto	15	30	0.02	0	12470	-0.116377								0.347314				robustness
10	40	hold	auto	15	30	0.02	0.0005	12470	-0.22337								0.377386				robustness
10	40	hold	auto	30	1	0.005	0	12470	-0.00606622								0.0178027				robustness
10	40	hold	auto	30	1	0.005	0.00011	12470	-0.00925306								0.0178829				robustness
10	40	hold	auto	30	1	0.005	0.0005	12470	-0.02111								0.0190056				robustness
10	40	hold	auto	30	1	0.02	0	12470	-0.010522								0.025421				robustness
10	40	hold	auto	30	1	0.02	0.0005	12470	-0.0254136								0.0267843				robustness
10	40	hold	auto	30	7	0.005	0	12470	-0.0445629								0.203368				robustness
10	40	hold	auto	30	7	0.005	0.00011	12470	-0.0607829								0.206014				robustness
10	40	hold	auto	30	7	0.005	0.0005	12470	-0.11885								0.217642				robustness
10	40	hold	auto	30	7	0.02	0	12470	-0.0821226								0.244908				robustness
10	40	hold	auto	30	7	0.02	0.0005	12470	-0.156993								0.263833				robustness
10	40	hold	auto	30	30	0.005	0	12470	-0.176289								0.568484				robustness
10	40	hold	auto	30	30	0.005	0.00011	12470	-0.213465								0.576664				robustness
10	40	hold	auto	30	30	0.005	0.0005	12470	-0.340736								0.607298				robustness
10	40	hold	auto	30	30	0.02	0	12470	-0.265108								0.621812				robustness
10	40	hold	auto	30	30	0.02	0.0005	12470	-0.420008								0.660866				robustness
10	40	hold	reverse	3	1	0.02	0.00011	12470	0.000401372								0				robustness
10	40	hold	reverse	3	7	0.02	0.00011	12470	0.0001805								0.00096231				robustness
10	40	hold	reverse	3	30	0.02	0.00011	12470	-0.0128982								0.019567				robustness
10	40	hold	reverse	5	1	0.02	0.00011	12470	0.00059342								0.000240577				robustness
10	40	hold	reverse	5	7	0.02	0.00011	12470	-0.000310478								0.00577386				robustness
10	40	hold	reverse	5	30	0.02	0.00011	12470	-0.0168354								0.0495589				robustness
10	40	hold	reverse	10	1	0.02	0.00011	12470	0.000985526								0.00136327				robustness
10	40	hold	reverse	10	7	0.02	0.00011	12470	-0.00218395								0.0313553				robustness
10	40	hold	reverse	10	30	0.02	0.00011	12470	-0.0412863								0.190858				robustness
10	40	hold	reverse	15	1	0.02	0.00011	12470	0.0014251								0.00392943				robustness
10	40	hold	reverse	15	7	0.02	0.00011	12470	-0.00775055								0.0773857				robustness
10	40	hold	reverse	15	30	0.02	0.00011	12470	-0.0732623								0.338653				robustness
10	40	hold	reverse	30	1	0.02	0.00011	12470	-0.00231276								0.0238172				robustness
10	40	hold	reverse	30	7	0.02	0.00011	12470	-0.0491811								0.236247				robustness
10	40	hold	reverse	30	30	0.02	0.00011	12470	-0.200278								0.606897				robustness
10	40	recover	auto	3	1	0.005	0	12470	-0.000411037								0				robustness
10	40	recover	auto	3	1	0.005	0.00011	12470	-0.000723569								0				robustness
10	40	recover	auto	3	1	0.005	0.0005	12470	-0.00183164								0				robustness
10	40	recover	auto	3	1	0.02	0	12470	-0.000411037								0				robustness
10	40	recover	auto	3	1	0.02	0.0005	12470	-0.00183164								0				robustness
10	40	recover	auto	3	7	0.005	0	12470	-0.00353951								0.00032077				robustness
10	40	recover	auto	3	7	0.005	0.00011	12470	-0.00480454								0.00032077				robustness
10	40	recover	auto	3	7	0.005	0.0005	12470	-0.00928965								0.00032077				robustness
10	40	recover	auto	3	7	0.02	0	12470	-0.00353951								0.00032077				robustness
10	40	recover	auto	3	7	0.02	0.0005	12470	-0.00928965								0.00032077				robustness
10	40	recover	auto	3	30	0.005	0	12470	-0.018283								0.00842021				robustness
10	40	recover	auto	3	30	0.005	0.00011	12470	-0.0202074								0.00842021				robustness
10	40	recover	auto	3	30	0.005	0.0005	12470	-0.0270301								0.00842021				robustness
10	40	recover	auto	3	30	0.02	0	12470	-0.0183394								0.00866079				robustness
10	40	recover	auto	3	30	0.02	0.0005	12470	-0.0270997								0.00882117				robustness
10	40	recover	auto	5	1	0.005	0	12470	-0.000781737								0.000240577				robustness
10	40	recover	auto	5	1	0.005	0.00011	12470	-0.00130252								0.000240577				robustness
10	40	recover	auto	5	1	0.005	0.0005	12470	-0.00321486								0.00032077				robustness
10	40	recover	auto	5	1	0.02	0	12470	-0.000847875								0.00032077				robustness
10	40	recover	auto	5	1	0.02	0.0005	12470	-0.00321486								0.00032077				robustness
10	40	recover	auto	5	7	0.005	0	12470	-0.00644767								0.00336808				robustness
10	40	recover	auto	5	7	0.005	0.00011	12470	-0.00855205								0.00336808				robustness
10	40	recover	auto	5	7	0.005	0.0005	12470	-0.0160813								0.00344828				robustness
10	40	recover	auto	5	7	0.02	0	12470	-0.00654581								0.00352847				robustness
10	40	recover	auto	5	7	0.02	0.0005	12470	-0.0161894								0.00360866				robustness
10	40	recover	auto	5	30	0.005	0	12470	-0.0276725								0.0203689				robustness
10	40	recover	auto	5	30	0.005	0.00011	12470	-0.0309164								0.0204491				robustness
10	40	recover	auto	5	30	0.005	0.0005	12470	-0.042302								0.0206897				robustness
10	40	recover	auto	5	30	0.02	0	12470	-0.0281306								0.0214916				robustness
10	40	recover	auto	5	30	0.02	0.0005	12470	-0.0427677								0.0222133				robustness
10	40	recover	auto	10	1	0.005	0	12470	-0.00158477								0.000882117				robustness
10	40	recover	auto	10	1	0.005	0.00011	12470	-0.00262549								0.000882117				robustness
10	40	recover	auto	10	1	0.005	0.0005	12470	-0.00631532								0.000882117				robustness
10	40	recover	auto	10	1	0.02	0	12470	-0.00160906								0.00096231				robustness
10	40	recover	auto	10	1	0.02	0.0005	12470	-0.00633917								0.00096231				robustness
10	40	recover	auto	10	7	0.005	0	12470	-0.0124772								0.0157177				robustness
10	40	recover	auto	10	7	0.005	0.00011	12470	-0.0166945								0.0157979				robustness
10	40	recover	auto	10	7	0.005	0.0005	12470	-0.0317492								0.0163593				robustness
10	40	recover	auto	10	7	0.02	0	12470	-0.0135228								0.0181235				robustness
10	40	recover	auto	10	7	0.02	0.0005	12470	-0.0327239								0.0188452				robustness
10	40	recover	auto	10	30	0.005	0	12470	-0.0469798								0.077065				robustness
10	40	recover	auto	10	30	0.005	0.00011	12470	-0.0534018								0.0779471				robustness
10	40	recover	auto	10	30	0.005	0.0005	12470	-0.076744								0.0813953				robustness
10	40	recover	auto	10	30	0.02	0	12470	-0.0512396								0.0854852				robustness
10	40	recover	auto	10	30	0.02	0.0005	12470	-0.0801377								0.0886929				robustness
10	40	recover	auto	15	1	0.005	0	12470	-0.00221503								0.00248597				robustness
10	40	recover	auto	15	1	0.005	0.00011	12470	-0.00377103								0.00248597				robustness
10	40	recover	auto	15	1	0.005	0.0005	12470	-0.00928775								0.00248597				robustness
10	40	recover	auto	15	1	0.02	0	12470	-0.00251613								0.00312751				robustness
10	40	recover	auto	15	1	0.02	0.0005	12470	-0.00960892								0.0032077				robustness
10	40	recover	auto	15	7	0.005	0	12470	-0.0196868								0.0429832				robustness
10	40	recover	auto	15	7	0.005	0.00011	12470	-0.0258515								0.0430634				robustness
10	40	recover	auto	15	7	0.005	0.0005	12470	-0.0482106								0.0445068				robustness
10	40	recover	auto	15	7	0.02	0	12470	-0.0228977								0.0495589				robustness
10	40	recover	auto	15	7	0.02	0.0005	12470	-0.0518599								0.0520449				robustness
10	40	recover	auto	15	30	0.005	0	12470	-0.0707727								0.161588				robustness
10	40	recover	auto	15	30	0.005	0.00011	12470	-0.0803595								0.163352				robustness
10	40	recover	auto	15	30	0.005	0.0005	12470	-0.11467								0.170489				robustness
10	40	recover	auto	15	30	0.02	0	12470	-0.0812707								0.176744				robustness
10	40	recover	auto	15	30	0.02	0.0005	12470	-0.126261								0.186528				robustness
10	40	recover	auto	30	1	0.005	0	12470	-0.00590624								0.0157979				robustness
10	40	recover	auto	30	1	0.005	0.00011	12470	-0.00894441								0.0157979				robustness
10	40	recover	auto	30	1	0.005	0.0005	12470	-0.0201412								0.0165196				robustness
10	40	recover	auto	30	1	0.02	0	12470	-0.00897912								0.0213312				robustness
10	40	recover	auto	30	1	0.02	0.0005	12470	-0.0233241								0.0226143				robustness
10	40	recover	auto	30	7	0.005	0	12470	-0.0453092								0.158621				robustness
10	40	recover	auto	30	7	0.005	0.00011	12470	-0.0581017								0.161187				robustness
10	40	recover	auto	30	7	0.005	0.0005	12470	-0.102592								0.168966				robustness
10	40	recover	auto	30	7	0.02	0	12470	-0.0697138								0.190617				robustness
10	40	recover	auto	30	7	0.02	0.0005	12470	-0.127208								0.202245				robustness
10	40	recover	auto	30	30	0.005	0	12470	-0.133696								0.367843				robustness
10	40	recover	auto	30	30	0.005	0.00011	12470	-0.153246								0.372574				robustness
10	40	recover	auto	30	30	0.005	0.0005	12470	-0.221934								0.392141				robustness
10	40	recover	auto	30	30	0.02	0	12470	-0.182064								0.412029				robustness
10	40	recover	auto	30	30	0.02	0.0005	12470	-0.271982								0.439214				robustness
10	40	recover	reverse	3	1	0.02	0.00011	12470	0.000309481								0				robustness
10	40	recover	reverse	3	7	0.02	0.00011	12470	-0.00156264								0.00032077				robustness
10	40	recover	reverse	3	30	0.02	0.00011	12470	-0.0159363								0.00866079				robustness
10	40	recover	reverse	5	1	0.02	0.00011	12470	0.000417048								0.000240577				robustness
10	40	recover	reverse	5	7	0.02	0.00011	12470	-0.00307216								0.00328789				robustness
10	40	recover	reverse	5	30	0.02	0.00011	12470	-0.0240099								0.0211708				robustness
10	40	recover	reverse	10	1	0.02	0.00011	12470	0.000799432								0.000882117				robustness
10	40	recover	reverse	10	7	0.02	0.00011	12470	-0.00686395								0.0177225				robustness
10	40	recover	reverse	10	30	0.02	0.00011	12470	-0.0430155								0.0843625				robustness
10	40	recover	reverse	15	1	0.02	0.00011	12470	0.00113745								0.00280674				robustness
10	40	recover	reverse	15	7	0.02	0.00011	12470	-0.0131789								0.0488372				robustness
10	40	recover	reverse	15	30	0.02	0.00011	12470	-0.0694792								0.17482				robustness
10	40	recover	reverse	30	1	0.02	0.00011	12470	-0.00177448								0.0202085				robustness
10	40	recover	reverse	30	7	0.02	0.00011	12470	-0.048459								0.185084				robustness
10	40	recover	reverse	30	30	0.02	0.00011	12470	-0.155758								0.405132				robustness
10	80	close	auto	3	1	0.005	0	12470	-0.000812089								0				robustness
10	80	close	auto	3	1	0.005	0.00011	12470	-0.0013952								0				robustness
10	80	close	auto	3	1	0.005	0.0005	12470	-0.00346258								0				robustness
10	80	close	auto	3	1	0.02	0	12470	-0.000812089								0				robustness
10	80	close	auto	3	1	0.02	0.0005	12470	-0.00346258								0				robustness
10	80	close	auto	3	7	0.005	0	12470	-0.00413659								0				robustness
10	80	close	auto	3	7	0.005	0.00011	12470	-0.00651159								0				robustness
10	80	close	auto	3	7	0.005	0.0005	12470	-0.014932								0				robustness
10	80	close	auto	3	7	0.02	0	12470	-0.00413659								0				robustness
10	80	close	auto	3	7	0.02	0.0005	12470	-0.014932								0				robustness
10	80	close	auto	3	30	0.005	0	12470	-0.00848151								0				robustness
10	80	close	auto	3	30	0.005	0.00011	12470	-0.0120867								0				robustness
10	80	close	auto	3	30	0.005	0.0005	12470	-0.0248688								0				robustness
10	80	close	auto	3	30	0.02	0	12470	-0.00848151								0				robustness
10	80	close	auto	3	30	0.02	0.0005	12470	-0.0248688								0				robustness
10	80	close	auto	5	1	0.005	0	12470	-0.00135348								0				robustness
10	80	close	auto	5	1	0.005	0.00011	12470	-0.00232533								0				robustness
10	80	close	auto	5	1	0.005	0.0005	12470	-0.00577097								0				robustness
10	80	close	auto	5	1	0.02	0	12470	-0.00135348								0				robustness
10	80	close	auto	5	1	0.02	0.0005	12470	-0.00577097								0				robustness
10	80	close	auto	5	7	0.005	0	12470	-0.00689431								0				robustness
10	80	close	auto	5	7	0.005	0.00011	12470	-0.0108526								0				robustness
10	80	close	auto	5	7	0.005	0.0005	12470	-0.0248867								0				robustness
10	80	close	auto	5	7	0.02	0	12470	-0.00689431								0				robustness
10	80	close	auto	5	7	0.02	0.0005	12470	-0.0248867								0				robustness
10	80	close	auto	5	30	0.005	0	12470	-0.0141359								0				robustness
10	80	close	auto	5	30	0.005	0.00011	12470	-0.0201445								0				robustness
10	80	close	auto	5	30	0.005	0.0005	12470	-0.041448								0				robustness
10	80	close	auto	5	30	0.02	0	12470	-0.0141359								0				robustness
10	80	close	auto	5	30	0.02	0.0005	12470	-0.041448								0				robustness
10	80	close	auto	10	1	0.005	0	12470	-0.00270696								0				robustness
10	80	close	auto	10	1	0.005	0.00011	12470	-0.00465066								0				robustness
10	80	close	auto	10	1	0.005	0.0005	12470	-0.0115419								0				robustness
10	80	close	auto	10	1	0.02	0	12470	-0.00270696								0				robustness
10	80	close	auto	10	1	0.02	0.0005	12470	-0.0115419								0				robustness
10	80	close	auto	10	7	0.005	0	12470	-0.0137886								0				robustness
10	80	close	auto	10	7	0.005	0.00011	12470	-0.0217053								0				robustness
10	80	close	auto	10	7	0.005	0.0005	12470	-0.0497735								0				robustness
10	80	close	auto	10	7	0.02	0	12470	-0.0137886								0				robustness
10	80	close	auto	10	7	0.02	0.0005	12470	-0.0497735								0				robustness
10	80	close	auto	10	30	0.005	0	12470	-0.0282717								0				robustness
10	80	close	auto	10	30	0.005	0.00011	12470	-0.0402891								0				robustness
10	80	close	auto	10	30	0.005	0.0005	12470	-0.082896								0				robustness
10	80	close	auto	10	30	0.02	0	12470	-0.0282717								0				robustness
10	80	close	auto	10	30	0.02	0.0005	12470	-0.082896								0				robustness
10	80	close	auto	15	1	0.005	0	12470	-0.00406045								0				robustness
10	80	close	auto	15	1	0.005	0.00011	12470	-0.00697599								0				robustness
10	80	close	auto	15	1	0.005	0.0005	12470	-0.0173129								0				robustness
10	80	close	auto	15	1	0.02	0	12470	-0.00406045								0				robustness
10	80	close	auto	15	1	0.02	0.0005	12470	-0.0173129								0				robustness
10	80	close	auto	15	7	0.005	0	12470	-0.0206829								0				robustness
10	80	close	auto	15	7	0.005	0.00011	12470	-0.0325579								0				robustness
10	80	close	auto	15	7	0.005	0.0005	12470	-0.0746602								0				robustness
10	80	close	auto	15	7	0.02	0	12470	-0.0206829								0				robustness
10	80	close	auto	15	7	0.02	0.0005	12470	-0.0746602								0				robustness
10	80	close	auto	15	30	0.005	0	12470	-0.0424076								0				robustness
10	80	close	auto	15	30	0.005	0.00011	12470	-0.0604336								0				robustness
10	80	close	auto	15	30	0.005	0.0005	12470	-0.124344								0				robustness
10	80	close	auto	15	30	0.02	0	12470	-0.0424076								0				robustness
10	80	close	auto	15	30	0.02	0.0005	12470	-0.124344								0				robustness
10	80	close	auto	30	1	0.005	0	12470	-0.00812089								0				robustness
10	80	close	auto	30	1	0.005	0.00011	12470	-0.013952								0				robustness
10	80	close	auto	30	1	0.005	0.0005	12470	-0.0346258								0				robustness
10	80	close	auto	30	1	0.02	0	12470	-0.00812089								0				robustness
10	80	close	auto	30	1	0.02	0.0005	12470	-0.0346258								0				robustness
10	80	close	auto	30	7	0.005	0	12470	-0.0413659								0				robustness
10	80	close	auto	30	7	0.005	0.00011	12470	-0.0651159								0				robustness
10	80	close	auto	30	7	0.005	0.0005	12470	-0.14932								0				robustness
10	80	close	auto	30	7	0.02	0	12470	-0.0413659								0				robustness
10	80	close	auto	30	7	0.02	0.0005	12470	-0.14932								0				robustness
10	80	close	auto	30	30	0.005	0	12470	-0.0848151								0				robustness
10	80	close	auto	30	30	0.005	0.00011	12470	-0.120867								0				robustness
10	80	close	auto	30	30	0.005	0.0005	12470	-0.248688								0				robustness
10	80	close	auto	30	30	0.02	0	12470	-0.0848151								0				robustness
10	80	close	auto	30	30	0.02	0.0005	12470	-0.248688								0				robustness
10	80	close	reverse	3	1	0.02	0.00011	12470	0.000787338								0				robustness
10	80	close	reverse	3	7	0.02	0.00011	12470	0.000775397								0				robustness
10	80	close	reverse	3	30	0.02	0.00011	12470	-0.00200136								0				robustness
10	80	close	reverse	5	1	0.02	0.00011	12470	0.00131223								0				robustness
10	80	close	reverse	5	7	0.02	0.00011	12470	0.00129233								0				robustness
10	80	close	reverse	5	30	0.02	0.00011	12470	-0.0033356								0				robustness
10	80	close	reverse	10	1	0.02	0.00011	12470	0.00262446								0				robustness
10	80	close	reverse	10	7	0.02	0.00011	12470	0.00258466								0				robustness
10	80	close	reverse	10	30	0.02	0.00011	12470	-0.00667121								0				robustness
10	80	close	reverse	15	1	0.02	0.00011	12470	0.00393669								0				robustness
10	80	close	reverse	15	7	0.02	0.00011	12470	0.00387699								0				robustness
10	80	close	reverse	15	30	0.02	0.00011	12470	-0.0100068								0				robustness
10	80	close	reverse	30	1	0.02	0.00011	12470	0.00787338								0				robustness
10	80	close	reverse	30	7	0.02	0.00011	12470	0.00775397								0				robustness
10	80	close	reverse	30	30	0.02	0.00011	12470	-0.0200136								0				robustness
10	80	hold	auto	3	1	0.005	0	12470	-0.00104382								0				robustness
10	80	hold	auto	3	1	0.005	0.00011	12470	-0.00165296								0				robustness
10	80	hold	auto	3	1	0.005	0.0005	12470	-0.00381265								0				robustness
10	80	hold	auto	3	1	0.02	0	12470	-0.00104382								0				robustness
10	80	hold	auto	3	1	0.02	0.0005	12470	-0.00381265								0				robustness
10	80	hold	auto	3	7	0.005	0	12470	-0.00618708								0.000882117				robustness
10	80	hold	auto	3	7	0.005	0.00011	12470	-0.00941812								0.000882117				robustness
10	80	hold	auto	3	7	0.005	0.0005	12470	-0.0208736								0.000882117				robustness
10	80	hold	auto	3	7	0.02	0	12470	-0.00621039								0.00096231				robustness
10	80	hold	auto	3	7	0.02	0.0005	12470	-0.0209144								0.0010425				robustness
10	80	hold	auto	3	30	0.005	0	12470	-0.0295717								0.0190858				robustness
10	80	hold	auto	3	30	0.005	0.00011	12470	-0.0383961								0.0190858				robustness
10	80	hold	auto	3	30	0.005	0.0005	12470	-0.0698924								0.0198877				robustness
10	80	hold	auto	3	30	0.02	0	12470	-0.029904								0.0202887				robustness
10	80	hold	auto	3	30	0.02	0.0005	12470	-0.0703006								0.0213312				robustness
10	80	hold	auto	5	1	0.005	0	12470	-0.00187646								0.00032077				robustness
10	80	hold	auto	5	1	0.005	0.00011	12470	-0.00289143								0.00032077				robustness
10	80	hold	auto	5	1	0.005	0.0005	12470	-0.00648995								0.00032077				robustness
10	80	hold	auto	5	1	0.02	0	12470	-0.00187646								0.00032077				robustness
10	80	hold	auto	5	1	0.02	0.0005	12470	-0.00648995								0.00032077				robustness
10	80	hold	auto	5	7	0.005	0	12470	-0.0107916								0.00537289				robustness
10	80	hold	auto	5	7	0.005	0.00011	12470	-0.0162221								0.00545309				robustness
10	80	hold	auto	5	7	0.005	0.0005	12470	-0.0353185								0.00569366				robustness
10	80	hold	auto	5	7	0.02	0	12470	-0.0110191								0.00601443				robustness
10	80	hold	auto	5	7	0.02	0.0005	12470	-0.0354819								0.00625501				robustness
10	80	hold	auto	5	30	0.005	0	12470	-0.0433374								0.0471532				robustness
10	80	hold	auto	5	30	0.005	0.00011	12470	-0.0582189								0.0481155				robustness
10	80	hold	auto	5	30	0.005	0.0005	12470	-0.110673								0.0510826				robustness
10	80	hold	auto	5	30	0.02	0	12470	-0.04488								0.0513232				robustness
10	80	hold	auto	5	30	0.02	0.0005	12470	-0.11203								0.0546913				robustness
10	80	hold	auto	10	1	0.005	0	12470	-0.00372011								0.00120289				robustness
10	80	hold	auto	10	1	0.005	0.00011	12470	-0.00574706								0.00120289				robustness
10	80	hold	auto	10	1	0.005	0.0005	12470	-0.012962								0.00128308				robustness
10	80	hold	auto	10	1	0.02	0	12470	-0.00381306								0.00144346				robustness
10	80	hold	auto	10	1	0.02	0.0005	12470	-0.0130611								0.00160385				robustness
10	80	hold	auto	10	7	0.005	0	12470	-0.0215739								0.0287891				robustness
10	80	hold	auto	10	7	0.005	0.00011	12470	-0.0322251								0.0290297				robustness
10	80	hold	auto	10	7	0.005	0.0005	12470	-0.0703246								0.0311147				robustness
10	80	hold	auto	10	7	0.02	0	12470	-0.0234733								0.0329591				robustness
10	80	hold	auto	10	7	0.02	0.0005	12470	-0.0724631								0.0361668				robustness
10	80	hold	auto	10	30	0.005	0	12470	-0.0844255								0.183561				robustness
10	80	hold	auto	10	30	0.005	0.00011	12470	-0.113326								0.18765				robustness
10	80	hold	auto	10	30	0.005	0.0005	12470	-0.21688								0.207618				robustness
10	80	hold	auto	10	30	0.02	0	12470	-0.0957966								0.20008				robustness
10	80	hold	auto	10	30	0.02	0.0005	12470	-0.228214								0.227666				robustness
10	80	hold	auto	15	1	0.005	0	12470	-0.00556947								0.00368885				robustness
10	80	hold	auto	15	1	0.005	0.00011	12470	-0.00859265								0.00368885				robustness
10	80	hold	auto	15	1	0.005	0.0005	12470	-0.019376								0.00392943				robustness
10	80	hold	auto	15	1	0.02	0	12470	-0.00588911								0.00449078				robustness
10	80	hold	auto	15	1	0.02	0.0005	12470	-0.0198125								0.00505213				robustness
10	80	hold	auto	15	7	0.005	0	12470	-0.033272								0.0704892				robustness
10	80	hold	auto	15	7	0.005	0.00011	12470	-0.0493881								0.072093				robustness
10	80	hold	auto	15	7	0.005	0.0005	12470	-0.10651								0.078348				robustness
10	80	hold	auto	15	7	0.02	0	12470	-0.0397497								0.0816359				robustness
10	80	hold	auto	15	7	0.02	0.0005	12470	-0.115348								0.0944667				robustness
10	80	hold	auto	15	30	0.005	0	12470	-0.125349								0.328869				robustness
10	80	hold	auto	15	30	0.005	0.00011	12470	-0.168683								0.340016				robustness
10	80	hold	auto	15	30	0.005	0.0005	12470	-0.316596								0.379791				robustness
10	80	hold	auto	15	30	0.02	0	12470	-0.153561								0.35822				robustness
10	80	hold	auto	15	30	0.02	0.0005	12470	-0.347553								0.417562				robustness
10	80	hold	auto	30	1	0.005	0	12470	-0.0119972								0.018765				robustness
10	80	hold	auto	30	1	0.005	0.00011	12470	-0.018051								0.0190858				robustness
10	80	hold	auto	30	1	0.005	0.0005	12470	-0.0396187								0.0211708				robustness
10	80	hold	auto	30	1	0.02	0	12470	-0.0164019								0.0264635				robustness
10	80	hold	auto	30	1	0.02	0.0005	12470	-0.0440544								0.0290297				robustness
10	80	hold	auto	30	7	0.005	0	12470	-0.0692185								0.20818				robustness
10	80	hold	auto	30	7	0.005	0.00011	12470	-0.0998541								0.214515				robustness
10	80	hold	auto	30	7	0.005	0.0005	12470	-0.204002								0.236568				robustness
10	80	hold	auto	30	7	0.02	0	12470	-0.106825								0.251564				robustness
10	80	hold	auto	30	7	0.02	0.0005	12470	-0.246155								0.2915				robustness
10	80	hold	auto	30	30	0.005	0	12470	-0.228162								0.579711				robustness
10	80	hold	auto	30	30	0.005	0.00011	12470	-0.297173								0.596872				robustness
10	80	hold	auto	30	30	0.005	0.0005	12470	-0.514797								0.657819				robustness
10	80	hold	auto	30	30	0.02	0	12470	-0.315774								0.634563				robustness
10	80	hold	auto	30	30	0.02	0.0005	12470	-0.583394								0.711468				robustness
10	80	hold	reverse	3	1	0.02	0.00011	12470	0.000747619								0				robustness
10	80	hold	reverse	3	7	0.02	0.00011	12470	0.00181339								0.00096231				robustness
10	80	hold	reverse	3	30	0.02	0.00011	12470	-0.00950887								0.0192462				robustness
10	80	hold	reverse	5	1	0.02	0.00011	12470	0.00110732								0.00032077				robustness
10	80	hold	reverse	5	7	0.02	0.00011	12470	0.00235844								0.00577386				robustness
10	80	hold	reverse	5	30	0.02	0.00011	12470	-0.011265								0.049158				robustness
10	80	hold	reverse	10	1	0.02	0.00011	12470	0.00212786								0.00144346				robustness
10	80	hold	reverse	10	7	0.02	0.00011	12470	0.00340861								0.0310345				robustness
10	80	hold	reverse	10	30	0.02	0.00011	12470	-0.0305791								0.189735				robustness
10	80	hold	reverse	15	1	0.02	0.00011	12470	0.00319178								0.00400962				robustness
10	80	hold	reverse	15	7	0.02	0.00011	12470	0.000940748								0.0759423				robustness
10	80	hold	reverse	15	30	0.02	0.00011	12470	-0.0561741								0.335686				robustness
10	80	hold	reverse	30	1	0.02	0.00011	12470	0.00144346								0.023737				robustness
10	80	hold	reverse	30	7	0.02	0.00011	12470	-0.0331238								0.233681				robustness
10	80	hold	reverse	30	30	0.02	0.00011	12470	-0.169869								0.600722				robustness
10	80	recover	auto	3	1	0.005	0	12470	-0.000930259								0				robustness
10	80	recover	auto	3	1	0.005	0.00011	12470	-0.00150832								0				robustness
10	80	recover	auto	3	1	0.005	0.0005	12470	-0.00355781								0				robustness
10	80	recover	auto	3	1	0.02	0	12470	-0.000930259								0				robustness
10	80	recover	auto	3	1	0.02	0.0005	12470	-0.00355781								0				robustness
10	80	recover	auto	3	7	0.005	0	12470	-0.00526142								0.000240577				robustness
10	80	recover	auto	3	7	0.005	0.00011	12470	-0.00760624								0.000240577				robustness
10	80	recover	auto	3	7	0.005	0.0005	12470	-0.0159197								0.000240577				robustness
10	80	recover	auto	3	7	0.02	0	12470	-0.00528576								0.00032077				robustness
10	80	recover	auto	3	7	0.02	0.0005	12470	-0.0159437								0.00032077				robustness
10	80	recover	auto	3	30	0.005	0	12470	-0.0206094								0.00809944				robustness
10	80	recover	auto	3	30	0.005	0.00011	12470	-0.024162								0.00809944				robustness
10	80	recover	auto	3	30	0.005	0.0005	12470	-0.0368138								0.00825982				robustness
10	80	recover	auto	3	30	0.02	0	12470	-0.0207058								0.00858059				robustness
10	80	recover	auto	3	30	0.02	0.0005	12470	-0.0369077								0.00874098				robustness
10	80	recover	auto	5	1	0.005	0	12470	-0.00171261								0.00032077				robustness
10	80	recover	auto	5	1	0.005	0.00011	12470	-0.00267585								0.00032077				robustness
10	80	recover	auto	5	1	0.005	0.0005	12470	-0.00609097								0.00032077				robustness
10	80	recover	auto	5	1	0.02	0	12470	-0.00171261								0.00032077				robustness
10	80	recover	auto	5	1	0.02	0.0005	12470	-0.00609097								0.00032077				robustness
10	80	recover	auto	5	7	0.005	0	12470	-0.00943166								0.00336808				robustness
10	80	recover	auto	5	7	0.005	0.00011	12470	-0.0133324								0.00336808				robustness
10	80	recover	auto	5	7	0.005	0.0005	12470	-0.0272512								0.00352847				robustness
10	80	recover	auto	5	7	0.02	0	12470	-0.0094726								0.00352847				robustness
10	80	recover	auto	5	7	0.02	0.0005	12470	-0.0272798								0.00360866				robustness
10	80	recover	auto	5	30	0.005	0	12470	-0.031684								0.0200481				robustness
10	80	recover	auto	5	30	0.005	0.00011	12470	-0.037567								0.0201283				robustness
10	80	recover	auto	5	30	0.005	0.0005	12470	-0.0586184								0.02085				robustness
10	80	recover	auto	5	30	0.02	0	12470	-0.0319969								0.0210906				robustness
10	80	recover	auto	5	30	0.02	0.0005	12470	-0.0591526								0.0223737				robustness
10	80	recover	auto	10	1	0.005	0	12470	-0.00331455								0.000882117				robustness
10	80	recover	auto	10	1	0.005	0.00011	12470	-0.0052399								0.000882117				robustness
10	80	recover	auto	10	1	0.005	0.0005	12470	-0.0120661								0.000882117				robustness
10	80	recover	auto	10	1	0.02	0	12470	-0.00333844								0.00096231				robustness
10	80	recover	auto	10	1	0.02	0.0005	12470	-0.0120893								0.00096231				robustness
10	80	recover	auto	10	7	0.005	0	12470	-0.0184757								0.0157979				robustness
10	80	recover	auto	10	7	0.005	0.00011	12470	-0.0262799								0.0159583				robustness
10	80	recover	auto	10	7	0.005	0.0005	12470	-0.0539165								0.0167602				robustness
10	80	recover	auto	10	7	0.02	0	12470	-0.0192312								0.0178027				robustness
10	80	recover	auto	10	7	0.02	0.0005	12470	-0.0550645								0.0197273				robustness
10	80	recover	auto	10	30	0.005	0	12470	-0.0552008								0.0769046				robustness
10	80	recover	auto	10	30	0.005	0.00011	12470	-0.0670084								0.0781075				robustness
10	80	recover	auto	10	30	0.005	0.0005	12470	-0.109163								0.0836407				robustness
10	80	recover	auto	10	30	0.02	0	12470	-0.0591911								0.0842823				robustness
10	80	recover	auto	10	30	0.02	0.0005	12470	-0.113018								0.0914194				robustness
10	80	recover	auto	15	1	0.005	0	12470	-0.0048024								0.00248597				robustness
10	80	recover	auto	15	1	0.005	0.00011	12470	-0.00768185								0.00248597				robustness
10	80	recover	auto	15	1	0.005	0.0005	12470	-0.0179297								0.00256616				robustness
10	80	recover	auto	15	1	0.02	0	12470	-0.00505565								0.00304731				robustness
10	80	recover	auto	15	1	0.02	0.0005	12470	-0.018226								0.00328789				robustness
10	80	recover	auto	15	7	0.005	0	12470	-0.0285359								0.0432237				robustness
10	80	recover	auto	15	7	0.005	0.00011	12470	-0.040107								0.0437049				robustness
10	80	recover	auto	15	7	0.005	0.0005	12470	-0.0815912								0.0465918				robustness
10	80	recover	auto	15	7	0.02	0	12470	-0.0314633								0.049158				robustness
10	80	recover	auto	15	7	0.02	0.0005	12470	-0.0858058								0.055012				robustness
10	80	recover	auto	15	30	0.005	0	12470	-0.0830243								0.161748				robustness
10	80	recover	auto	15	30	0.005	0.00011	12470	-0.100969								0.165517				robustness
10	80	recover	auto	15	30	0.005	0.0005	12470	-0.164629								0.178348				robustness
10	80	recover	auto	15	30	0.02	0	12470	-0.0934402								0.176423				robustness
10	80	recover	auto	15	30	0.02	0.0005	12470	-0.176354								0.194948				robustness
10	80	recover	auto	30	1	0.005	0	12470	-0.0110865								0.0162791				robustness
10	80	recover	auto	30	1	0.005	0.00011	12470	-0.0169347								0.0165998				robustness
10	80	recover	auto	30	1	0.005	0.0005	12470	-0.0371669								0.0172414				robustness
10	80	recover	auto	30	1	0.02	0	12470	-0.0140874								0.021652				robustness
10	80	recover	auto	30	1	0.02	0.0005	12470	-0.0405775								0.023737				robustness
10	80	recover	auto	30	7	0.005	0	12470	-0.0630482								0.160786				robustness
10	80	recover	auto	30	7	0.005	0.00011	12470	-0.0863979								0.164796				robustness
10	80	recover	auto	30	7	0.005	0.0005	12470	-0.167814								0.179551				robustness
10	80	recover	auto	30	7	0.02	0	12470	-0.085559								0.191179				robustness
10	80	recover	auto	30	7	0.02	0.0005	12470	-0.195185								0.217081				robustness
10	80	recover	auto	30	30	0.005	0	12470	-0.158925								0.371131				robustness
10	80	recover	auto	30	30	0.005	0.00011	12470	-0.193958								0.379631				robustness
10	80	recover	auto	30	30	0.005	0.0005	12470	-0.319532								0.418364				robustness
10	80	recover	auto	30	30	0.02	0	12470	-0.204813								0.414114				robustness
10	80	recover	auto	30	30	0.02	0.0005	12470	-0.368519								0.467923				robustness
10	80	recover	reverse	3	1	0.02	0.00011	12470	0.000654752								0				robustness
10	80	recover	reverse	3	7	0.02	0.00011	12470	-0.000549175								0.00032077				robustness
10	80	recover	reverse	3	30	0.02	0.00011	12470	-0.0147997								0.00858059				robustness
10	80	recover	reverse	5	1	0.02	0.00011	12470	0.000927507								0.00032077				robustness
10	80	recover	reverse	5	7	0.02	0.00011	12470	-0.00152736								0.00344828				robustness
10	80	recover	reverse	5	30	0.02	0.00011	12470	-0.0221392								0.0206897				robustness
10	80	recover	reverse	10	1	0.02	0.00011	12470	0.00196368								0.000882117				robustness
10	80	recover	reverse	10	7	0.02	0.00011	12470	-0.00360755								0.0177225				robustness
10	80	recover	reverse	10	30	0.02	0.00011	12470	-0.0394592								0.0827586				robustness
10	80	recover	reverse	15	1	0.02	0.00011	12470	0.00290031								0.00280674				robustness
10	80	recover	reverse	15	7	0.02	0.00011	12470	-0.00810117								0.0477145				robustness
10	80	recover	reverse	15	30	0.02	0.00011	12470	-0.0637631								0.171852				robustness
10	80	recover	reverse	30	1	0.02	0.00011	12470	0.00213142								0.0196472				robustness
10	80	recover	reverse	30	7	0.02	0.00011	12470	-0.0370759								0.181476				robustness
10	80	recover	reverse	30	30	0.02	0.00011	12470	-0.141545								0.398236				robustness
