pair	ts	bucket	amp_1h	amp_4h	amp_12h	amp_24h
BTC/USDT	2025-01-01 00:00:00+00:00	(0.1, 0.25)	0.009550571035461848	0.009936877630499068	0.017312472065377837	0.024164449158613925
BTC/USDT	2025-01-02 00:00:00+00:00	(0.1, 0.25)	0.011890366169327066	0.011890366169327066	0.02628130596419291	0.03646978413590308
BTC/USDT	2025-01-03 00:00:00+00:00	(0.25, 0.5)	0.0037394317883266645	0.007142591160512235	0.012815795643745652	0.02967552496920692
BTC/USDT	2025-01-04 00:00:00+00:00	(0.1, 0.25)	0.003338663684469702	0.005240487035566045	0.008331981974314548	0.012879683045070017
BTC/USDT	2025-01-05 00:00:00+00:00	(0.1, 0.25)	0.0024426481814388825	0.0034754423204669	0.009703442284246406	0.01587253299706575
BTC/USDT	2025-01-06 00:00:00+00:00	(0.1, 0.25)	0.007512805988549726	0.014351604561189788	0.020029274023118375	0.04631515697029401
BTC/USDT	2025-01-07 00:00:00+00:00	(0.1, 0.25)	0.009151642289337666	0.011873436519302394	0.022070829571440236	0.06412275134183452
BTC/USDT	2025-01-08 00:00:00+00:00	(0.25, 0.5)	0.005130174704249573	0.010841913517025875	0.02808649534336396	0.04914484718944353
BTC/USDT	2025-01-09 00:00:00+00:00	(0.75, 1.0)	0.004406883766663315	0.020636618452102563	0.027723462172079917	0.04400933215010397
BTC/USDT	2025-01-10 00:00:00+00:00	(0.5, 0.75)	0.004825893369410745	0.015945116122721974	0.030890963804504342	0.03918466517490647
BTC/USDT	2025-01-11 00:00:00+00:00	(0.1, 0.25)	0.003552854574770433	0.0062377782151236535	0.01014072080311925	0.01287962602909667
BTC/USDT	2025-01-12 00:00:00+00:00	(0.25, 0.5)	0.002524949077745239	0.004248691049953269	0.01043978882628388	0.018377879539499885
BTC/USDT	2025-01-13 00:00:00+00:00	(0.5, 0.75)	0.01556688425337915	0.021572311355027372	0.0569442780411972	0.07067340071968682
BTC/USDT	2025-01-14 00:00:00+00:00	(0.75, 1.0)	0.007183792851560531	0.009898315036874838	0.032036021910631735	0.032036021910631735
BTC/USDT	2025-01-15 00:00:00+00:00	(0.1, 0.25)	0.00584904306454752	0.010100311346678926	0.012430739431584589	0.04486840685592515
BTC/USDT	2025-01-16 00:00:00+00:00	(0.5, 0.75)	0.008820614894665558	0.013693837623516733	0.019201861471779394	0.03296997690807488
BTC/USDT	2025-01-17 00:00:00+00:00	(0.25, 0.5)	0.003735722163828889	0.020923175418686935	0.025244371136981435	0.05799110072219375
BTC/USDT	2025-01-18 00:00:00+00:00	(0.5, 0.75)	0.004277022257284532	0.015874091210625788	0.022799158949708527	0.025980550592233687
BTC/USDT	2025-01-19 00:00:00+00:00	(0.25, 0.5)	0.0030065995065277486	0.013852809204836329	0.020937677888633367	0.06490824900928781
BTC/USDT	2025-01-20 00:00:00+00:00	(0.75, 1.0)	0.019710279267907846	0.027329402019564516	0.09898627327232566	0.09898627327232566
BTC/USDT	2025-01-21 00:00:00+00:00	(0.75, 1.0)	0.015565572134406276	0.03067334768439703	0.03768384614753634	0.06954611734201432
BTC/USDT	2025-01-22 00:00:00+00:00	(0.5, 0.75)	0.005995787692374221	0.008920419502288023	0.016480042675961742	0.028826842228860516
BTC/USDT	2025-01-23 00:00:00+00:00	(0.25, 0.5)	0.006037398595430705	0.015227516224152412	0.023307473970560655	0.053894548893138786
BTC/USDT	2025-01-24 00:00:00+00:00	(0.75, 1.0)	0.005195262730936353	0.014908823586914637	0.028979748173789496	0.042087570461768066
BTC/USDT	2025-01-25 00:00:00+00:00	(0.5, 0.75)	0.004191323975634055	0.008791247268789638	0.011238442432029924	0.011292973364127119
BTC/USDT	2025-01-26 00:00:00+00:00	(0.0, 0.05)	0.0028334486329311963	0.007347031676615353	0.010081856667865222	0.030426109506421658
BTC/USDT	2025-01-27 00:00:00+00:00	(0.75, 1.0)	0.0182156476023058	0.022568321058678315	0.051142335247614995	0.051142335247614995
BTC/USDT	2025-01-28 00:00:00+00:00	(0.75, 1.0)	0.0088462011072368	0.015083642994780209	0.019878161604088774	0.03442675958998889
BTC/USDT	2025-01-29 00:00:00+00:00	(0.75, 1.0)	0.00588644947564323	0.009097266959170413	0.015797525362956515	0.03335483989789119
BTC/USDT	2025-01-30 00:00:00+00:00	(0.75, 1.0)	0.008530993290463234	0.01951659860904681	0.022372556696044363	0.030691339585398117
BTC/USDT	2025-01-31 00:00:00+00:00	(0.5, 0.75)	0.0060222873981063746	0.010516241967191337	0.010516241967191337	0.042576420466825776
BTC/USDT	2025-02-01 00:00:00+00:00	(0.25, 0.5)	0.003894394704949503	0.006487244272470002	0.013378362536254605	0.024423599349198286
BTC/USDT	2025-02-02 00:00:00+00:00	(0.5, 0.75)	0.006071790990935215	0.024049682508613324	0.027879033788603687	0.05261875113906821
BTC/USDT	2025-02-03 00:00:00+00:00	(0.5, 0.75)	0.02149063634311233	0.06535893444325228	0.06535893444325228	0.1158004895697957
BTC/USDT	2025-02-04 00:00:00+00:00	(0.5, 0.75)	0.008860895270935117	0.01557109736032055	0.038106386245010726	0.05493404737724662
BTC/USDT	2025-02-05 00:00:00+00:00	(0.75, 1.0)	0.012444877039010966	0.018370167748618358	0.018370167748618358	0.030572527245186564
BTC/USDT	2025-02-06 00:00:00+00:00	(0.5, 0.75)	0.006549839587959098	0.009393672051502353	0.026212590768693898	0.03559685539883642
BTC/USDT	2025-02-07 00:00:00+00:00	(0.25, 0.5)	0.005356876375260645	0.01442641376684687	0.015387313478184204	0.04668755195658537
BTC/USDT	2025-02-08 00:00:00+00:00	(0.5, 0.75)	0.005351010352379032	0.005646733359877913	0.011353088293848334	0.01235981153361205
BTC/USDT	2025-02-09 00:00:00+00:00	(0.0, 0.05)	0.0037537839518971233	0.009982894464026509	0.010458117354343703	0.027058780841799673
BTC/USDT	2025-02-10 00:00:00+00:00	(0.5, 0.75)	0.0070963772342829915	0.019345382228266796	0.027836856662917207	0.031862885411718715
BTC/USDT	2025-02-11 00:00:00+00:00	(0.05, 0.1)	0.005258180972856112	0.007011283126714067	0.010372401706977579	0.036849933064116366
BTC/USDT	2025-02-12 00:00:00+00:00	(0.5, 0.75)	0.005042312374991805	0.012126949835461769	0.01427095881031515	0.04200461453158638
BTC/USDT	2025-02-13 00:00:00+00:00	(0.5, 0.75)	0.0036017450431155198	0.007344755090768469	0.025468091536442437	0.029386298893786376
BTC/USDT	2025-02-14 00:00:00+00:00	(0.25, 0.5)	0.004494556736182555	0.009236435735240765	0.009236435735240765	0.02663895773905413
BTC/USDT	2025-02-15 00:00:00+00:00	(0.5, 0.75)	0.004809671059011142	0.007682421335681045	0.007682421335681045	0.007682421335681045
BTC/USDT	2025-02-16 00:00:00+00:00	(0.0, 0.05)	0.0014798659055264458	0.0030050076974128576	0.00658538791447282	0.017222250619239966
BTC/USDT	2025-02-17 00:00:00+00:00	(0.5, 0.75)	0.0030105271780064926	0.006289446772752678	0.008711319320241663	0.019142865636851927
BTC/USDT	2025-02-18 00:00:00+00:00	(0.25, 0.5)	0.005755838736829164	0.008185117800796055	0.013273809374846207	0.035096862510542205
BTC/USDT	2025-02-19 00:00:00+00:00	(0.75, 1.0)	0.004996756779377308	0.009484223300970807	0.015326937562771958	0.0195639437562772
BTC/USDT	2025-02-20 00:00:00+00:00	(0.25, 0.5)	0.0060584309046163385	0.009816582560635117	0.010949838831299135	0.02378450211715187
BTC/USDT	2025-02-21 00:00:00+00:00	(0.1, 0.25)	0.003977031031179637	0.003977031031179637	0.008253324406575566	0.04674311277722262
BTC/USDT	2025-02-22 00:00:00+00:00	(0.5, 0.75)	0.0053860693549540525	0.007141420184982202	0.00945455772899749	0.012600833179579034
BTC/USDT	2025-02-23 00:00:00+00:00	(0.0, 0.05)	0.001576200103836517	0.0030552996490079243	0.006715172040013306	0.014736693751884734
BTC/USDT	2025-02-24 00:00:00+00:00	(0.25, 0.5)	0.004452250548432649	0.012315242849747195	0.01473050247227469	0.057916783374670995
BTC/USDT	2025-02-25 00:00:00+00:00	(0.75, 1.0)	0.013212225660067304	0.017369285882719316	0.0621118551595477	0.07131019699446038
BTC/USDT	2025-02-26 00:00:00+00:00	(0.75, 1.0)	0.004869508143515093	0.014303064219082418	0.014421496443134443	0.08089259926298542
BTC/USDT	2025-02-27 00:00:00+00:00	(0.75, 1.0)	0.00926258049101215	0.017070112333170646	0.03618352988327951	0.051722586218243084
BTC/USDT	2025-02-28 00:00:00+00:00	(0.75, 1.0)	0.00678306605749395	0.0637177512263988	0.07721671256275667	0.08114277361862934
BTC/USDT	2025-03-01 00:00:00+00:00	(0.25, 0.5)	0.009512456864796352	0.024955368401727435	0.03233182534601615	0.03233182534601615
BTC/USDT	2025-03-02 00:00:00+00:00	(0.5, 0.75)	0.006197427963937877	0.010301651791126968	0.012299768407252712	0.11565571854372875
BTC/USDT	2025-03-03 00:00:00+00:00	(0.5, 0.75)	0.011702759767559315	0.01574564974254811	0.02953514506196738	0.09386359450448846
BTC/USDT	2025-03-04 00:00:00+00:00	(0.5, 0.75)	0.014596232667654882	0.050365850943224676	0.050365850943224676	0.08659817533755518
BTC/USDT	2025-03-05 00:00:00+00:00	(0.5, 0.75)	0.009702211299053432	0.01783698077126774	0.04963703491279004	0.05353871308194822
BTC/USDT	2025-03-06 00:00:00+00:00	(0.5, 0.75)	0.007584818342335684	0.022520222701907483	0.031200519111866196	0.054963278006258644
BTC/USDT	2025-03-07 00:00:00+00:00	(0.75, 1.0)	0.06376743000288192	0.06376743000288192	0.06376743000288192	0.07130472854640982
BTC/USDT	2025-03-08 00:00:00+00:00	(0.75, 1.0)	0.007477269069702872	0.019381005695460588	0.019381005695460588	0.019381005695460588
BTC/USDT	2025-03-09 00:00:00+00:00	(0.1, 0.25)	0.0029824381944855197	0.006489076537739621	0.026176875672120153	0.07529946888388463
BTC/USDT	2025-03-10 00:00:00+00:00	(0.75, 1.0)	0.022746801642318567	0.033446242837286665	0.05049401666961014	0.08235011766950734
BTC/USDT	2025-03-11 00:00:00+00:00	(0.5, 0.75)	0.027463210661363122	0.04230921543714313	0.0696590435413143	0.08902244809573796
BTC/USDT	2025-03-12 00:00:00+00:00	(0.25, 0.5)	0.006700657381734072	0.024268607101858363	0.030046110583013545	0.047500991466322966
BTC/USDT	2025-03-13 00:00:00+00:00	(0.5, 0.75)	0.008213256828641465	0.01223369792600566	0.02314613591536678	0.052554300400454335
BTC/USDT	2025-03-14 00:00:00+00:00	(0.5, 0.75)	0.009740755503222587	0.016852120516220072	0.030917958597561263	0.054367934693450345
BTC/USDT	2025-03-15 00:00:00+00:00	(0.25, 0.5)	0.0042845380960698	0.006761189543555211	0.012573110879041356	0.012573110879041356
BTC/USDT	2025-03-16 00:00:00+00:00	(0.0, 0.05)	0.0020506880666767433	0.008112395824773477	0.024148885597953838	0.0371851146180952
BTC/USDT	2025-03-17 00:00:00+00:00	(0.5, 0.75)	0.0064917517348198174	0.013982011387969492	0.01592125830851169	0.027806789805502472
BTC/USDT	2025-03-18 00:00:00+00:00	(0.25, 0.5)	0.004757160897000637	0.0122442468659154	0.020772371603629033	0.03400615371702822
BTC/USDT	2025-03-19 00:00:00+00:00	(0.25, 0.5)	0.006690992347333053	0.008857026176474065	0.018998178534993835	0.059299557209120585
BTC/USDT	2025-03-20 00:00:00+00:00	(0.75, 1.0)	0.01727032597740279	0.019074360028545533	0.02897935948541026	0.0415827327907481
BTC/USDT	2025-03-21 00:00:00+00:00	(0.1, 0.25)	0.0038267427135548803	0.007039856395883456	0.013618750778732083	0.01983936918793466
BTC/USDT	2025-03-22 00:00:00+00:00	(0.1, 0.25)	0.003134210504719329	0.004155635816442619	0.006536622462389017	0.010871614283731358
BTC/USDT	2025-03-23 00:00:00+00:00	(0.1, 0.25)	0.0019828699584174382	0.004571507583121755	0.013514388174061105	0.026653896515286293
BTC/USDT	2025-03-24 00:00:00+00:00	(0.5, 0.75)	0.010861093856508533	0.015923594292720306	0.027811705367383553	0.037762454139592415
BTC/USDT	2025-03-25 00:00:00+00:00	(0.5, 0.75)	0.004761214496130867	0.015677784067592918	0.015677784067592918	0.025529054365986684
BTC/USDT	2025-03-26 00:00:00+00:00	(0.25, 0.5)	0.005837739567128089	0.0098686961037676	0.014254045102454269	0.0276618550692898
BTC/USDT	2025-03-27 00:00:00+00:00	(0.25, 0.5)	0.007169165305065058	0.01104850754298012	0.011281185224668089	0.02251277397020275
BTC/USDT	2025-03-28 00:00:00+00:00	(0.1, 0.25)	0.005426996672475755	0.008794261465004236	0.031191390589507352	0.045146524890159294
BTC/USDT	2025-03-29 00:00:00+00:00	(0.25, 0.5)	0.0032110664116817124	0.010832909713440352	0.030989916228623522	0.03527769142272117
BTC/USDT	2025-03-30 00:00:00+00:00	(0.05, 0.1)	0.006663648429698975	0.012128502446053027	0.012504492910809156	0.02380475278052864
BTC/USDT	2025-03-31 00:00:00+00:00	(0.25, 0.5)	0.012527991123053962	0.012527991123053962	0.012527991123053962	0.03238383797872034
BTC/USDT	2025-04-01 00:00:00+00:00	(0.1, 0.25)	0.004905709009160492	0.009990605392667037	0.025120178595740793	0.03814969516929995
BTC/USDT	2025-04-02 00:00:00+00:00	(0.1, 0.25)	0.004495687500602274	0.008616421033237226	0.01815759535005377	0.07430950775629477
BTC/USDT	2025-04-03 00:00:00+00:00	(0.75, 1.0)	0.008703095260880185	0.01563024097235717	0.01563024097235717	0.03367247710767439
BTC/USDT	2025-04-04 00:00:00+00:00	(0.5, 0.75)	0.004976129766449066	0.010059980995286155	0.03684194372847452	0.03684194372847452
BTC/USDT	2025-04-05 00:00:00+00:00	(0.25, 0.5)	0.00803215009234975	0.010394238143322061	0.011561969080920489	0.022519416511834894
BTC/USDT	2025-04-06 00:00:00+00:00	(0.25, 0.5)	0.001916781628035045	0.00783798103155402	0.013798119929329066	0.07984153902300452
BTC/USDT	2025-04-07 00:00:00+00:00	(0.75, 1.0)	0.01898006459249177	0.027727540177276296	0.06248606334288943	0.0869683556700745
BTC/USDT	2025-04-08 00:00:00+00:00	(0.75, 1.0)	0.010411977755080322	0.026359779643637133	0.026359779643637133	0.0621495146673871
BTC/USDT	2025-04-09 00:00:00+00:00	(0.5, 0.75)	0.020667881081303945	0.029333306195576062	0.043828782670663265	0.11700548417542578
BTC/USDT	2025-04-10 00:00:00+00:00	(0.75, 1.0)	0.006796800048108532	0.013869424571947658	0.01604995344931526	0.050344695725593476
BTC/USDT	2025-04-11 00:00:00+00:00	(0.25, 0.5)	0.009451149465311096	0.02518068798395262	0.050394377193467926	0.06688608089867731
BTC/USDT	2025-04-12 00:00:00+00:00	(0.5, 0.75)	0.003916008574847155	0.009355022784442923	0.01487725412759382	0.0373702569235935
BTC/USDT	2025-04-13 00:00:00+00:00	(0.25, 0.5)	0.009221886908068671	0.01609254374164482	0.02204651224843302	0.0358784063783626
BTC/USDT	2025-04-14 00:00:00+00:00	(0.5, 0.75)	0.012265229482090734	0.017914814726784474	0.017914814726784474	0.024846576189004887
BTC/USDT	2025-04-15 00:00:00+00:00	(0.1, 0.25)	0.007328161521001027	0.013592731441285597	0.019560116131936492	0.037833929341666024
BTC/USDT	2025-04-16 00:00:00+00:00	(0.25, 0.5)	0.005801398773969257	0.010182634716523767	0.012187690505805822	0.028666836545283483
BTC/USDT	2025-04-17 00:00:00+00:00	(0.25, 0.5)	0.00441177959203593	0.00811616916148683	0.014753964629308083	0.02064709514574438
BTC/USDT	2025-04-18 00:00:00+00:00	(0.05, 0.1)	0.0035215064649833034	0.005649738132618612	0.008462658116382015	0.009749038658048518
BTC/USDT	2025-04-19 00:00:00+00:00	(0.0, 0.05)	0.0022984262633556187	0.007417610700542104	0.012703126279100151	0.01556143927616109
BTC/USDT	2025-04-20 00:00:00+00:00	(0.05, 0.1)	0.002209389671361393	0.0027630281690139546	0.01609436619718299	0.01656713615023462
BTC/USDT	2025-04-21 00:00:00+00:00	(0.25, 0.5)	0.02278879520530484	0.02705957754845637	0.0288790810651748	0.03673941594710583
BTC/USDT	2025-04-22 00:00:00+00:00	(0.1, 0.25)	0.008705445368345475	0.020579176931192544	0.020579176931192544	0.07783846253961788
BTC/USDT	2025-04-23 00:00:00+00:00	(0.75, 1.0)	0.01203229163580142	0.014214904817676918	0.020769376495104477	0.029530529574654636
BTC/USDT	2025-04-24 00:00:00+00:00	(0.25, 0.5)	0.004963890320071422	0.013430544814254443	0.021191145310129753	0.02510831619660265
BTC/USDT	2025-04-25 00:00:00+00:00	(0.25, 0.5)	0.009861957148088494	0.016949331633604316	0.0227768517665657	0.030974230086931308
BTC/USDT	2025-04-26 00:00:00+00:00	(0.1, 0.25)	0.004522347008431029	0.0070800522933953955	0.01274738540934935	0.014012313400440986
BTC/USDT	2025-04-27 00:00:00+00:00	(0.25, 0.5)	0.005136183502855056	0.014003840981184533	0.018082404280360398	0.021954401957710427
BTC/USDT	2025-04-28 00:00:00+00:00	(0.5, 0.75)	0.006292286519276843	0.01295215740660558	0.029436614336025905	0.030292955321586604
BTC/USDT	2025-04-29 00:00:00+00:00	(0.25, 0.5)	0.006272139769958203	0.010730086093277962	0.01329920075970733	0.01812179901701061
BTC/USDT	2025-04-30 00:00:00+00:00	(0.75, 1.0)	0.003085898160592789	0.009454132428207107	0.009967477547110838	0.024564808894167702
BTC/USDT	2025-05-01 00:00:00+00:00	(0.25, 0.5)	0.004383199404597858	0.009053979970518522	0.02343844808433399	0.03434033061119548
BTC/USDT	2025-05-02 00:00:00+00:00	(0.1, 0.25)	0.006425959107024821	0.007769483116371195	0.009933652828676406	0.015997674992423782
BTC/USDT	2025-05-03 00:00:00+00:00	(0.1, 0.25)	0.003056726021342266	0.005784547455074887	0.010409561619974987	0.011435115874305199
BTC/USDT	2025-05-04 00:00:00+00:00	(0.1, 0.25)	0.0027266393235057694	0.007466396111238088	0.010605392086878941	0.02243732897932497
BTC/USDT	2025-05-05 00:00:00+00:00	(0.75, 1.0)	0.004803493126121383	0.013704450807077993	0.013885087391153492	0.017840245047396924
BTC/USDT	2025-05-06 00:00:00+00:00	(0.5, 0.75)	0.0035875420784740293	0.009655460561592772	0.01274101289975277	0.03909647761202856
BTC/USDT	2025-05-07 00:00:00+00:00	(0.75, 1.0)	0.0078135525553667	0.015708539233671857	0.015708539233671857	0.02007392362901788
BTC/USDT	2025-05-08 00:00:00+00:00	(0.75, 1.0)	0.01534477301126254	0.02582749921020847	0.031022149496042453	0.07487924969435812
BTC/USDT	2025-05-09 00:00:00+00:00	(0.75, 1.0)	0.0061701488458893155	0.007879248830518814	0.019381056034181637	0.01985517529409759
BTC/USDT	2025-05-10 00:00:00+00:00	(0.1, 0.25)	0.002730485701988954	0.004340388770911649	0.012439224508662625	0.02102728359488202
BTC/USDT	2025-05-11 00:00:00+00:00	(0.75, 1.0)	0.007043464964257043	0.011443671394166428	0.014745785389349769	0.014745785389349769
BTC/USDT	2025-05-12 00:00:00+00:00	(0.5, 0.75)	0.007705598609923119	0.013268436750081802	0.021034134255757102	0.048894621235096546
BTC/USDT	2025-05-13 00:00:00+00:00	(0.75, 1.0)	0.004693615108159176	0.012522318286548244	0.023320684192199896	0.03457214202131251
BTC/USDT	2025-05-14 00:00:00+00:00	(0.5, 0.75)	0.0031094350280746297	0.006097274725410105	0.012215136002068649	0.016881934012214887
BTC/USDT	2025-05-15 00:00:00+00:00	(0.0, 0.05)	0.002845378992852723	0.011142279653081252	0.02281963481217244	0.02709252467022069
BTC/USDT	2025-05-16 00:00:00+00:00	(0.5, 0.75)	0.005137111517367403	0.009603579332242772	0.013138843452323579	0.013950158760704287
BTC/USDT	2025-05-17 00:00:00+00:00	(0.1, 0.25)	0.006178371613855128	0.009537654127283399	0.010598724185433636	0.010598724185433636
BTC/USDT	2025-05-18 00:00:00+00:00	(0.1, 0.25)	0.0029538627163504076	0.0029538627163504076	0.009524654711769021	0.038787359378104784
BTC/USDT	2025-05-19 00:00:00+00:00	(0.75, 1.0)	0.016690081462464975	0.035362943100919975	0.04403170496005723	0.04403170496005723
BTC/USDT	2025-05-20 00:00:00+00:00	(0.25, 0.5)	0.009330378238714966	0.012455284193894823	0.018925567823166782	0.02957811599793546
BTC/USDT	2025-05-21 00:00:00+00:00	(0.25, 0.5)	0.006982616822429901	0.009534112149532791	0.01761719626168232	0.04390065420560757
BTC/USDT	2025-05-22 00:00:00+00:00	(0.75, 1.0)	0.012724920631225482	0.024576584683790773	0.024576584683790773	0.025485942778823784
BTC/USDT	2025-05-23 00:00:00+00:00	(0.5, 0.75)	0.004791589303489508	0.0070068562076809815	0.034264399078324466	0.044580692101159634
BTC/USDT	2025-05-24 00:00:00+00:00	(0.75, 1.0)	0.006461452188828454	0.012186378326771491	0.022397671564862782	0.022397671564862782
BTC/USDT	2025-05-25 00:00:00+00:00	(0.75, 1.0)	0.008157004052791668	0.009738818550506461	0.014636022844169792	0.025009494315038613
BTC/USDT	2025-05-26 00:00:00+00:00	(0.75, 1.0)	0.01035013347681507	0.010780689041295987	0.014298575870913372	0.016080561811667646
BTC/USDT	2025-05-27 00:00:00+00:00	(0.1, 0.25)	0.008976712166380218	0.019630096479655114	0.02175801526731494	0.029237695469432518
BTC/USDT	2025-05-28 00:00:00+00:00	(0.75, 1.0)	0.005309104423241792	0.00813834543306997	0.009444509859476266	0.02313794067756076
BTC/USDT	2025-05-29 00:00:00+00:00	(0.5, 0.75)	0.0070063646887624864	0.008722924502424489	0.018074972221318302	0.033186110194195095
BTC/USDT	2025-05-30 00:00:00+00:00	(0.25, 0.5)	0.01524195349043589	0.01524195349043589	0.016168972570374904	0.02541650479158116
BTC/USDT	2025-05-31 00:00:00+00:00	(0.5, 0.75)	0.00714331744091321	0.01177398458592342	0.01177398458592342	0.01761519439760928
BTC/USDT	2025-06-01 00:00:00+00:00	(0.0, 0.05)	0.0016324790488950489	0.005561819267962106	0.009356483554939213	0.02023891146622461
BTC/USDT	2025-06-02 00:00:00+00:00	(0.5, 0.75)	0.0023921127051900045	0.010294693851341293	0.01929952022309347	0.02377356750030232
BTC/USDT	2025-06-03 00:00:00+00:00	(0.75, 1.0)	0.0038747998115873546	0.011262835609985896	0.015332077249175695	0.01810805463966084
BTC/USDT	2025-06-04 00:00:00+00:00	(0.5, 0.75)	0.00507118880565432	0.006712492727484434	0.00973356995085294	0.017280379519267624
BTC/USDT	2025-06-05 00:00:00+00:00	(0.05, 0.1)	0.004196681654951723	0.005628409839637786	0.008216592603367639	0.05285415490859906
BTC/USDT	2025-06-06 00:00:00+00:00	(0.75, 1.0)	0.008202803968758672	0.014057944949948279	0.02903120603190656	0.04182440973312802
BTC/USDT	2025-06-07 00:00:00+00:00	(0.0, 0.05)	0.006694363217433195	0.009988512557263154	0.013911747579466099	0.019492337077328285
BTC/USDT	2025-06-08 00:00:00+00:00	(0.05, 0.1)	0.0024124013246489234	0.0037203594608845683	0.007797202001388399	0.014452785670119908
BTC/USDT	2025-06-09 00:00:00+00:00	(0.5, 0.75)	0.003828311489438419	0.006130975562769419	0.02353787076241121	0.049313874989260695
BTC/USDT	2025-06-10 00:00:00+00:00	(0.75, 1.0)	0.005356593524056995	0.008462048316188074	0.011411371051334464	0.018813776467088927
BTC/USDT	2025-06-11 00:00:00+00:00	(0.25, 0.5)	0.00436695912773192	0.005412261725877589	0.008924758488003483	0.021166172927799157
BTC/USDT	2025-06-12 00:00:00+00:00	(0.25, 0.5)	0.0044839176513331415	0.009982010927500748	0.01789469846252267	0.043951139845013
BTC/USDT	2025-06-13 00:00:00+00:00	(0.75, 1.0)	0.0186473173052702	0.0186473173052702	0.026550992497940153	0.03369370723371561
BTC/USDT	2025-06-14 00:00:00+00:00	(0.5, 0.75)	0.007568997540113537	0.009948655934733193	0.013771097853871345	0.018424136071305938
BTC/USDT	2025-06-15 00:00:00+00:00	(0.5, 0.75)	0.003937731403950837	0.003937731403950837	0.01195714306847383	0.015495269411949085
BTC/USDT	2025-06-16 00:00:00+00:00	(0.5, 0.75)	0.006804799119244029	0.00989826874127566	0.021627844202637588	0.037646043914966495
BTC/USDT	2025-06-17 00:00:00+00:00	(0.75, 1.0)	0.011252647392416716	0.01558844523993681	0.02130348994073249	0.04142183670082489
BTC/USDT	2025-06-18 00:00:00+00:00	(0.25, 0.5)	0.006506638218751421	0.008323998701789705	0.013142753211722149	0.019605786253927133
BTC/USDT	2025-06-19 00:00:00+00:00	(0.75, 1.0)	0.00725629666405693	0.007342607267658376	0.007342607267658376	0.012382325421527948
BTC/USDT	2025-06-20 00:00:00+00:00	(0.25, 0.5)	0.0033357966879486102	0.0040940017649424365	0.02184094828932477	0.0399222959190934
BTC/USDT	2025-06-21 00:00:00+00:00	(0.25, 0.5)	0.0020603028570548606	0.00546987091864729	0.00829085027169999	0.03048852668907077
BTC/USDT	2025-06-22 00:00:00+00:00	(0.75, 1.0)	0.013905660723333178	0.014842301284282072	0.014842301284282072	0.050985919111399484
BTC/USDT	2025-06-23 00:00:00+00:00	(0.75, 1.0)	0.01118740975911815	0.01118740975911815	0.01632522085879755	0.0642064402313068
BTC/USDT	2025-06-24 00:00:00+00:00	(0.75, 1.0)	0.004013232806275183	0.007404491027125678	0.011298935715481701	0.017371384303509114
BTC/USDT	2025-06-25 00:00:00+00:00	(0.25, 0.5)	0.006221262082479661	0.009236814486075951	0.013429481762235605	0.02186498626761953
BTC/USDT	2025-06-26 00:00:00+00:00	(0.25, 0.5)	0.003939433626422074	0.010855208327132274	0.010855208327132274	0.01590535164691242
BTC/USDT	2025-06-27 00:00:00+00:00	(0.5, 0.75)	0.006928590117365638	0.010063448456305572	0.012119776482021331	0.01288199895342754
BTC/USDT	2025-06-28 00:00:00+00:00	(0.1, 0.25)	0.0030798305863890796	0.005012387078805733	0.00640700968655338	0.0071709544152505685
BTC/USDT	2025-06-29 00:00:00+00:00	(0.0, 0.05)	0.0022140072785908436	0.0030530701684054777	0.012641694414787158	0.012641694414787158
BTC/USDT	2025-06-30 00:00:00+00:00	(0.75, 1.0)	0.0039011470870040288	0.0039011470870040288	0.012818067888295778	0.01896589723893146
BTC/USDT	2025-07-01 00:00:00+00:00	(0.25, 0.5)	0.004285830876541053	0.004780077491906718	0.011535278121560997	0.02132713740931664
BTC/USDT	2025-07-02 00:00:00+00:00	(0.25, 0.5)	0.003857680577237947	0.010912738480280909	0.026106050509746296	0.0437914137876729
BTC/USDT	2025-07-03 00:00:00+00:00	(0.5, 0.75)	0.0036681354390165127	0.005368368142068828	0.01600336226618368	0.018353808177829122
BTC/USDT	2025-07-04 00:00:00+00:00	(0.1, 0.25)	0.002952626698346379	0.006056323958778446	0.01139196105736617	0.02301262616011196
BTC/USDT	2025-07-05 00:00:00+00:00	(0.5, 0.75)	0.0020091651554494574	0.0046628406464396775	0.006149324768498867	0.006149324768498867
BTC/USDT	2025-07-06 00:00:00+00:00	(0.0, 0.05)	0.001147828702265485	0.002241646288414409	0.004331432555144851	0.01757201721067919
BTC/USDT	2025-07-07 00:00:00+00:00	(0.75, 1.0)	0.005566513832412161	0.009336702019692686	0.010981572219172826	0.02001225187617152
BTC/USDT	2025-07-08 00:00:00+00:00	(0.1, 0.25)	0.003617246356897711	0.010115491107771936	0.014547938394892573	0.016501539536690972
BTC/USDT	2025-07-09 00:00:00+00:00	(0.05, 0.1)	0.0032897033928517504	0.007240416371720771	0.010009875633903998	0.03376955923138381
BTC/USDT	2025-07-10 00:00:00+00:00	(0.5, 0.75)	0.0037752398224040026	0.006299705100110043	0.007068430883652657	0.05722756359129921
BTC/USDT	2025-07-11 00:00:00+00:00	(0.75, 1.0)	0.0057662209641759984	0.014908733643821922	0.03147592994280974	0.03147592994280974
BTC/USDT	2025-07-12 00:00:00+00:00	(0.25, 0.5)	0.004620272865777979	0.006256552156891589	0.00900804332422461	0.011058964669247223
BTC/USDT	2025-07-13 00:00:00+00:00	(0.1, 0.25)	0.0015702353878481118	0.005113962249741081	0.0077540920349550525	0.019290915384496763
BTC/USDT	2025-07-14 00:00:00+00:00	(0.5, 0.75)	0.004437094987073089	0.021717926333814617	0.03620202800255185	0.03620202800255185
BTC/USDT	2025-07-15 00:00:00+00:00	(0.25, 0.5)	0.006945143953976472	0.030852696291244826	0.030852696291244826	0.035141677743414645
BTC/USDT	2025-07-16 00:00:00+00:00	(0.75, 1.0)	0.006478477101038796	0.01002847920855991	0.01952935436199383	0.02594209383705501
BTC/USDT	2025-07-17 00:00:00+00:00	(0.75, 1.0)	0.0032130897119164122	0.012416161965854565	0.01270005617266157	0.029847114718853804
BTC/USDT	2025-07-18 00:00:00+00:00	(0.75, 1.0)	0.012021399113491236	0.014547657679700985	0.020374952342866327	0.03366510846003484
BTC/USDT	2025-07-19 00:00:00+00:00	(0.5, 0.75)	0.0035233947782764897	0.00642819638412569	0.007517666580060697	0.010366926235541266
BTC/USDT	2025-07-20 00:00:00+00:00	(0.25, 0.5)	0.0035697533075825867	0.004378759186171732	0.00532854670105804	0.020303991477995616
BTC/USDT	2025-07-21 00:00:00+00:00	(0.75, 1.0)	0.007929995721009803	0.017969191270860052	0.02705802310654682	0.02705802310654682
BTC/USDT	2025-07-22 00:00:00+00:00	(0.25, 0.5)	0.005626252241099292	0.015530218890849155	0.02703724166946955	0.03511602403211877
BTC/USDT	2025-07-23 00:00:00+00:00	(0.5, 0.75)	0.005931216029120255	0.013000465399695123	0.01875091531111556	0.023286683707386995
BTC/USDT	2025-07-24 00:00:00+00:00	(0.5, 0.75)	0.003861707469743336	0.009166302520152096	0.018276183032655918	0.019763702947729844
BTC/USDT	2025-07-25 00:00:00+00:00	(0.5, 0.75)	0.00538733087789934	0.025903161589205897	0.029310675027701263	0.029310675027701263
BTC/USDT	2025-07-26 00:00:00+00:00	(0.5, 0.75)	0.0023154326919064155	0.005209169951533098	0.009190443444623825	0.009870952059658556
BTC/USDT	2025-07-27 00:00:00+00:00	(0.05, 0.1)	0.0026920739682885046	0.004518429471682651	0.005202538762234671	0.016465700549967835
BTC/USDT	2025-07-28 00:00:00+00:00	(0.5, 0.75)	0.0052262864326753315	0.00702759395859638	0.011087860662274752	0.019860591622120203
BTC/USDT	2025-07-29 00:00:00+00:00	(0.25, 0.5)	0.007695988502346087	0.011413112398021728	0.015414972312634743	0.019635710360569814
BTC/USDT	2025-07-30 00:00:00+00:00	(0.25, 0.5)	0.0038815938791157034	0.007313756109951568	0.009520812263133805	0.025398865288946602
BTC/USDT	2025-07-31 00:00:00+00:00	(0.75, 1.0)	0.00558329982222502	0.006071949883384741	0.008806982207997641	0.030653227842824104
BTC/USDT	2025-08-01 00:00:00+00:00	(0.75, 1.0)	0.014047590987348223	0.01507956474295481	0.016789085637431544	0.02887289127219902
BTC/USDT	2025-08-02 00:00:00+00:00	(0.5, 0.75)	0.005042665929381202	0.0052790078122504965	0.0064029330036486825	0.018177681457016436
BTC/USDT	2025-08-03 00:00:00+00:00	(0.25, 0.5)	0.01087459864784059	0.01616095680632817	0.020773250154291944	0.025563424181777733
BTC/USDT	2025-08-04 00:00:00+00:00	(0.1, 0.25)	0.007777836857176149	0.007777836857176149	0.007777836857176149	0.014084830288004505
BTC/USDT	2025-08-05 00:00:00+00:00	(0.25, 0.5)	0.0024148841579825523	0.007827507578898598	0.012102589801548389	0.021455049430094773
BTC/USDT	2025-08-06 00:00:00+00:00	(0.25, 0.5)	0.002641299992371806	0.005805353621528874	0.00931074906685582	0.020700325033165268
BTC/USDT	2025-08-07 00:00:00+00:00	(0.1, 0.25)	0.0013891393782604065	0.0067978827869823065	0.022358558040787062	0.02924961852389999
BTC/USDT	2025-08-08 00:00:00+00:00	(0.25, 0.5)	0.006865584560865186	0.008213175876641506	0.011185936589170282	0.014920801640045073
BTC/USDT	2025-08-09 00:00:00+00:00	(0.25, 0.5)	0.0017103241595947298	0.003863202514084794	0.014094215803820209	0.014094215803820209
BTC/USDT	2025-08-10 00:00:00+00:00	(0.1, 0.25)	0.0019682776605417767	0.018887401993583464	0.018887401993583464	0.023771338377339676
BTC/USDT	2025-08-11 00:00:00+00:00	(0.5, 0.75)	0.0037260523631897128	0.026769667273136538	0.02820474515981006	0.03594237242556852
BTC/USDT	2025-08-12 00:00:00+00:00	(0.25, 0.5)	0.0038244230433300335	0.005234356351968551	0.008995189213218515	0.01783018170283888
BTC/USDT	2025-08-13 00:00:00+00:00	(0.25, 0.5)	0.00605548407558859	0.00808264076241549	0.015092027033420009	0.04115497041928715
BTC/USDT	2025-08-14 00:00:00+00:00	(0.5, 0.75)	0.007945605349429532	0.010888795918172977	0.03051779001467599	0.05888803184313404
BTC/USDT	2025-08-15 00:00:00+00:00	(0.5, 0.75)	0.003715946512113465	0.009087035563660842	0.00999804343902983	0.020366044027855097
BTC/USDT	2025-08-16 00:00:00+00:00	(0.25, 0.5)	0.003622136216902329	0.004617953444097774	0.006426085168417455	0.006426085168417455
BTC/USDT	2025-08-17 00:00:00+00:00	(0.1, 0.25)	0.0021072038689912277	0.005106585787675167	0.011180265989743136	0.011955850652735408
BTC/USDT	2025-08-18 00:00:00+00:00	(0.1, 0.25)	0.00419511068521017	0.021384699682988204	0.024446999433849793	0.024446999433849793
BTC/USDT	2025-08-19 00:00:00+00:00	(0.25, 0.5)	0.010397155569010868	0.020295039189192697	0.020295039189192697	0.034343631551923
BTC/USDT	2025-08-20 00:00:00+00:00	(0.25, 0.5)	0.0049450142550719065	0.009738289389595622	0.012835979389315154	0.019778110512619032
BTC/USDT	2025-08-21 00:00:00+00:00	(0.25, 0.5)	0.004224899246539429	0.008333537760644716	0.015960749956194103	0.02458463290695634
BTC/USDT	2025-08-22 00:00:00+00:00	(0.25, 0.5)	0.00447588806091462	0.010554364115090968	0.013523500009583583	0.050972769137172386
BTC/USDT	2025-08-23 00:00:00+00:00	(0.1, 0.25)	0.002598806921881807	0.013465649315357684	0.01567765507513966	0.021160550839122928
BTC/USDT	2025-08-24 00:00:00+00:00	(0.05, 0.1)	0.002451782109652459	0.00634847582670063	0.009245146142265358	0.04322063352149853
BTC/USDT	2025-08-25 00:00:00+00:00	(0.75, 1.0)	0.011648027471356964	0.013299384462148574	0.024140779417926667	0.03873723037593937
BTC/USDT	2025-08-26 00:00:00+00:00	(0.75, 1.0)	0.011058917762025154	0.013899616081449528	0.01714107644118928	0.03376299423292757
BTC/USDT	2025-08-27 00:00:00+00:00	(0.75, 1.0)	0.004842849320238527	0.008118412629668424	0.013246377665261306	0.020406407610915625
BTC/USDT	2025-08-28 00:00:00+00:00	(0.75, 1.0)	0.006359855578204803	0.01195733948254539	0.022406263182041416	0.02353573592550464
BTC/USDT	2025-08-29 00:00:00+00:00	(0.25, 0.5)	0.006547701851376767	0.011886371423112692	0.028680028135149818	0.04602683512652817
BTC/USDT	2025-08-30 00:00:00+00:00	(0.5, 0.75)	0.0025056590722150702	0.010628266021843958	0.013185379603099937	0.014559224232283837
BTC/USDT	2025-08-31 00:00:00+00:00	(0.05, 0.1)	0.00556235874149468	0.0062031762828044425	0.010813313604655619	0.013869096247872801
BTC/USDT	2025-09-01 00:00:00+00:00	(0.75, 1.0)	0.007173245027862199	0.010095149923136489	0.024612241881266577	0.024612241881266577
BTC/USDT	2025-09-02 00:00:00+00:00	(0.75, 1.0)	0.004160158398415984	0.015951398819345125	0.016750082499175034	0.03096588200784663
BTC/USDT	2025-09-03 00:00:00+00:00	(0.5, 0.75)	0.005738539508430585	0.007980534764958623	0.011239116392952863	0.018349841280543747
BTC/USDT	2025-09-04 00:00:00+00:00	(0.25, 0.5)	0.004546299110609484	0.009538850827044079	0.01700807765547157	0.025515696528179827
BTC/USDT	2025-09-05 00:00:00+00:00	(0.75, 1.0)	0.004460313377795211	0.009455990881819873	0.023164620130956354	0.0287171703132096
BTC/USDT	2025-09-06 00:00:00+00:00	(0.75, 1.0)	0.0027101284580472607	0.006821982078768529	0.006821982078768529	0.012021627184650885
BTC/USDT	2025-09-07 00:00:00+00:00	(0.0, 0.05)	0.002391827208691952	0.004769686748727538	0.010611346717262254	0.01263221441423493
BTC/USDT	2025-09-08 00:00:00+00:00	(0.05, 0.1)	0.005053727635983912	0.006751682925951269	0.01408618020807082	0.02072239821447853
BTC/USDT	2025-09-09 00:00:00+00:00	(0.1, 0.25)	0.005661917412719209	0.0087760657167683	0.019479963030479445	0.02255367480568588
BTC/USDT	2025-09-10 00:00:00+00:00	(0.1, 0.25)	0.004233579262929192	0.006002926023659484	0.017433625935699335	0.030478036871488392
BTC/USDT	2025-09-11 00:00:00+00:00	(0.25, 0.5)	0.0034068478132705487	0.006711237338785036	0.007151360214981488	0.019922825292113727
BTC/USDT	2025-09-12 00:00:00+00:00	(0.75, 1.0)	0.007886531056148808	0.011136757733097195	0.013772642912532718	0.016662714483836695
BTC/USDT	2025-09-13 00:00:00+00:00	(0.25, 0.5)	0.0029237689251091605	0.006228018289955093	0.006228018289955093	0.010098247393657223
BTC/USDT	2025-09-14 00:00:00+00:00	(0.0, 0.05)	0.0021185229474173822	0.00438216674307864	0.00617043844345263	0.010248135955901887
BTC/USDT	2025-09-15 00:00:00+00:00	(0.5, 0.75)	0.003277188900959425	0.006688335634738116	0.01852232000719315	0.0206235120320978
BTC/USDT	2025-09-16 00:00:00+00:00	(0.05, 0.1)	0.0029380455942596725	0.004990832332545595	0.009370949760626798	0.01933143556888322
BTC/USDT	2025-09-17 00:00:00+00:00	(0.1, 0.25)	0.00150691927529312	0.0060874428195563	0.009659494894789997	0.02200201608546719
BTC/USDT	2025-09-18 00:00:00+00:00	(0.75, 1.0)	0.004551813742420164	0.015507590570163113	0.015507590570163113	0.015541989963633008
BTC/USDT	2025-09-19 00:00:00+00:00	(0.5, 0.75)	0.003338711067554705	0.006491634472725655	0.00990858990751879	0.020158943694208755
BTC/USDT	2025-09-20 00:00:00+00:00	(0.1, 0.25)	0.0015696030614049165	0.002784274668514452	0.00498780744726445	0.006169269093738197
BTC/USDT	2025-09-21 00:00:00+00:00	(0.0, 0.05)	0.001494662911906149	0.0025155305560790714	0.004234431790029274	0.005453095780698876
BTC/USDT	2025-09-22 00:00:00+00:00	(0.1, 0.25)	0.008914284246995344	0.010117400325445922	0.030503317005515247	0.030503317005515247
BTC/USDT	2025-09-23 00:00:00+00:00	(0.5, 0.75)	0.004674188003326181	0.012039890171508586	0.016023985066907578	0.01627516225451032
BTC/USDT	2025-09-24 00:00:00+00:00	(0.25, 0.5)	0.0032505280010368866	0.01300836027304218	0.01891895486455846	0.025861941999462082
BTC/USDT	2025-09-25 00:00:00+00:00	(0.1, 0.25)	0.00491135001762422	0.011151656679591036	0.019354776172012603	0.04272559041240747
BTC/USDT	2025-09-26 00:00:00+00:00	(0.25, 0.5)	0.0076017595811785285	0.009053896208278326	0.010784621294899193	0.015369757333440863
BTC/USDT	2025-09-27 00:00:00+00:00	(0.25, 0.5)	0.0017213466049324656	0.00382765802970101	0.006200223861741964	0.006200223861741964
BTC/USDT	2025-09-28 00:00:00+00:00	(0.1, 0.25)	0.002808580366806601	0.004222955629030069	0.004907919579664867	0.028840678662829848
BTC/USDT	2025-09-29 00:00:00+00:00	(0.75, 1.0)	0.0028987810901139853	0.006439525608917458	0.007683045430976809	0.025673452818631644
BTC/USDT	2025-09-30 00:00:00+00:00	(0.1, 0.25)	0.006278219290024461	0.006575661575067077	0.018684012101001915	0.018684012101001915
BTC/USDT	2025-10-01 00:00:00+00:00	(0.5, 0.75)	0.0037869171866122616	0.005125346696078973	0.025476763500670765	0.04809419866712429
BTC/USDT	2025-10-02 00:00:00+00:00	(0.75, 1.0)	0.006878085298160888	0.006878085298160888	0.007622837039188076	0.023018653202835405
BTC/USDT	2025-10-03 00:00:00+00:00	(0.5, 0.75)	0.0018239541371576184	0.005427253932849054	0.010549489070631421	0.03867197230146378
BTC/USDT	2025-10-04 00:00:00+00:00	(0.25, 0.5)	0.002564490599582385	0.005243320501740868	0.009126109703036185	0.010558174683117667
BTC/USDT	2025-10-05 00:00:00+00:00	(0.25, 0.5)	0.002023421697130408	0.018210386287291516	0.0292214582983479	0.0292214582983479
BTC/USDT	2025-10-06 00:00:00+00:00	(0.75, 1.0)	0.010318344479168405	0.010318344479168405	0.011720614667163265	0.025224913774956722
BTC/USDT	2025-10-07 00:00:00+00:00	(0.5, 0.75)	0.0038653919938047613	0.007862790967388419	0.014101343048790644	0.03647672649620532
BTC/USDT	2025-10-08 00:00:00+00:00	(0.5, 0.75)	0.00669412446770442	0.009572249165106112	0.017555211430360682	0.025759561574665926
BTC/USDT	2025-10-09 00:00:00+00:00	(0.25, 0.5)	0.005578525284896176	0.014570020961908677	0.01725434410538916	0.0333943964256892
BTC/USDT	2025-10-10 00:00:00+00:00	(0.5, 0.75)	0.0021582122301762705	0.008007843680130857	0.008374396142016852	0.16893144408517172
BTC/USDT	2025-10-11 00:00:00+00:00	(0.75, 1.0)	0.013871229953226129	0.020499042411946996	0.02876947709888744	0.03347552658441749
BTC/USDT	2025-10-12 00:00:00+00:00	(0.75, 1.0)	0.008461986772254236	0.016342801102523657	0.024335825583007887	0.05624048864891912
BTC/USDT	2025-10-13 00:00:00+00:00	(0.75, 1.0)	0.007997971523930768	0.011665820022037641	0.02036902019989373	0.02036902019989373
BTC/USDT	2025-10-14 00:00:00+00:00	(0.25, 0.5)	0.007532665111174906	0.018956460838099803	0.04684457477751362	0.04811373112787338
BTC/USDT	2025-10-15 00:00:00+00:00	(0.5, 0.75)	0.006455136363414686	0.01654004017116419	0.017014363119484708	0.030572552127870425
BTC/USDT	2025-10-16 00:00:00+00:00	(0.5, 0.75)	0.006772048234097801	0.013624331648635747	0.021232924357039887	0.04120714236027656
BTC/USDT	2025-10-17 00:00:00+00:00	(0.25, 0.5)	0.008411777634253633	0.009565842632354656	0.05276780206695151	0.05276780206695151
BTC/USDT	2025-10-18 00:00:00+00:00	(0.5, 0.75)	0.006280241608504491	0.009250095076114958	0.011064086237444457	0.011064086237444457
BTC/USDT	2025-10-19 00:00:00+00:00	(0.05, 0.1)	0.004047753499142563	0.0059111488924265525	0.0201443557114787	0.031253102118157856
BTC/USDT	2025-10-20 00:00:00+00:00	(0.5, 0.75)	0.008083150067023275	0.028987724072096908	0.039574881383529666	0.039818341954854154
BTC/USDT	2025-10-21 00:00:00+00:00	(0.25, 0.5)	0.003612028573448799	0.02291736049330468	0.02770568334673558	0.059239338170853764
BTC/USDT	2025-10-22 00:00:00+00:00	(0.75, 1.0)	0.006563307493540062	0.007710575891150533	0.018148009967435534	0.023004232935833504
BTC/USDT	2025-10-23 00:00:00+00:00	(0.5, 0.75)	0.008496543203754406	0.01107164723173531	0.02572457419080856	0.034967461104367686
BTC/USDT	2025-10-24 00:00:00+00:00	(0.5, 0.75)	0.005251418189571267	0.00634423503954595	0.012628317520226633	0.021819773679399575
BTC/USDT	2025-10-25 00:00:00+00:00	(0.1, 0.25)	0.002498831266021835	0.00499522719981078	0.010618679918241423	0.011458057761209917
BTC/USDT	2025-10-26 00:00:00+00:00	(0.0, 0.05)	0.0028978397009685555	0.005728012653592321	0.022983750480165058	0.037699341311257954
BTC/USDT	2025-10-27 00:00:00+00:00	(0.75, 1.0)	0.0044642686145255	0.006805306631408955	0.015115504092725074	0.022372617481073782
BTC/USDT	2025-10-28 00:00:00+00:00	(0.5, 0.75)	0.005135275613050392	0.00856600925766039	0.010433756715134461	0.033964622449256854
BTC/USDT	2025-10-29 00:00:00+00:00	(0.5, 0.75)	0.004927080573485023	0.00776785989095814	0.013518870244941004	0.039415668893231386
BTC/USDT	2025-10-30 00:00:00+00:00	(0.75, 1.0)	0.004567551501158682	0.01009514945494786	0.03329014410410737	0.04800377518408383
BTC/USDT	2025-10-31 00:00:00+00:00	(0.75, 1.0)	0.014907748276029281	0.014907748276029281	0.0207871350726626	0.02547157543251229
BTC/USDT	2025-11-01 00:00:00+00:00	(0.05, 0.1)	0.004404710488872736	0.0106847959613942	0.0106847959613942	0.0106847959613942
BTC/USDT	2025-11-02 00:00:00+00:00	(0.1, 0.25)	0.0021082908476238965	0.003494460954042768	0.01245599207539278	0.0161642901932986
BTC/USDT	2025-11-03 00:00:00+00:00	(0.25, 0.5)	0.010886802532309588	0.028688462014859816	0.03579837470415266	0.04862805526717809
BTC/USDT	2025-11-04 00:00:00+00:00	(0.25, 0.5)	0.008992992512454782	0.013606305309151915	0.034743985547103964	0.07857972155150424
BTC/USDT	2025-11-05 00:00:00+00:00	(0.75, 1.0)	0.014449273397086529	0.0326929028440905	0.033659913221278	0.055070632704890356
BTC/USDT	2025-11-06 00:00:00+00:00	(0.5, 0.75)	0.006400118266930742	0.011729068887885195	0.014921851983809182	0.037575674404355164
BTC/USDT	2025-11-07 00:00:00+00:00	(0.25, 0.5)	0.008539130098445372	0.017267904624442835	0.026872082564197878	0.0477120514790884
BTC/USDT	2025-11-08 00:00:00+00:00	(0.25, 0.5)	0.008389116884122458	0.008389116884122458	0.016362034921986977	0.018895621200975658
BTC/USDT	2025-11-09 00:00:00+00:00	(0.1, 0.25)	0.004438456167856808	0.006859298636714396	0.008894354552246964	0.040132972403571686
BTC/USDT	2025-11-10 00:00:00+00:00	(0.1, 0.25)	0.016404156367057728	0.016404156367057728	0.016404156367057728	0.01907210497441356
BTC/USDT	2025-11-11 00:00:00+00:00	(0.25, 0.5)	0.007082705954614219	0.018887467711873947	0.02605337296175895	0.04744446895618035
BTC/USDT	2025-11-12 00:00:00+00:00	(0.25, 0.5)	0.00521510080539778	0.007318123869476992	0.024408125212162818	0.04391165787508596
BTC/USDT	2025-11-13 00:00:00+00:00	(0.25, 0.5)	0.011175744118173044	0.016529405768132943	0.031088396660911514	0.05981443850892954
BTC/USDT	2025-11-14 00:00:00+00:00	(0.75, 1.0)	0.010852777641586715	0.011738920023787557	0.043572392104211675	0.05893088461916775
BTC/USDT	2025-11-15 00:00:00+00:00	(0.5, 0.75)	0.007479021277574506	0.022525916004450103	0.022525916004450103	0.022525916004450103
BTC/USDT	2025-11-16 00:00:00+00:00	(0.25, 0.5)	0.005489116861760874	0.011933277569145511	0.018804057379378195	0.03805454978945836
BTC/USDT	2025-11-17 00:00:00+00:00	(0.5, 0.75)	0.01825917774323044	0.01919456621439242	0.023978376756095307	0.051184236401341725
BTC/USDT	2025-11-18 00:00:00+00:00	(0.25, 0.5)	0.01192832939192413	0.028194233108184308	0.0330330141456974	0.04968940799050587
BTC/USDT	2025-11-19 00:00:00+00:00	(0.25, 0.5)	0.007911377867144782	0.013022588448480327	0.03070055634746209	0.04601808213024151
BTC/USDT	2025-11-20 00:00:00+00:00	(0.75, 1.0)	0.009879017934724997	0.014941050070551923	0.01889611106435582	0.07716445756993166
BTC/USDT	2025-11-21 00:00:00+00:00	(0.75, 1.0)	0.005354077222487909	0.024504750148218398	0.06703125044751927	0.07903765462684774
BTC/USDT	2025-11-22 00:00:00+00:00	(0.75, 1.0)	0.01104580667107829	0.016998163261463892	0.023571341452933044	0.023571341452933044
BTC/USDT	2025-11-23 00:00:00+00:00	(0.25, 0.5)	0.0052951735246956925	0.01895429831379208	0.02308790976464597	0.03796858229910867
BTC/USDT	2025-11-24 00:00:00+00:00	(0.5, 0.75)	0.014648600044501402	0.024472131834157296	0.027368887049017406	0.045821758686819744
BTC/USDT	2025-11-25 00:00:00+00:00	(0.25, 0.5)	0.004712668851606823	0.009337075266843372	0.021060189756286686	0.027307852562427844
BTC/USDT	2025-11-26 00:00:00+00:00	(0.5, 0.75)	0.004938409081139189	0.01502284735897146	0.01928569076675841	0.049724903346891114
BTC/USDT	2025-11-27 00:00:00+00:00	(0.25, 0.5)	0.009326893253762672	0.020626640279151398	0.020626640279151398	0.020626640279151398
BTC/USDT	2025-11-28 00:00:00+00:00	(0.05, 0.1)	0.005935546548684952	0.008396889035107038	0.015110648517725922	0.031937775436532534
BTC/USDT	2025-11-29 00:00:00+00:00	(0.05, 0.1)	0.0030357987872651902	0.006312713906832965	0.008892691677029647	0.011116882545202357
BTC/USDT	2025-11-30 00:00:00+00:00	(0.1, 0.25)	0.0023821796982747847	0.00643103798273357	0.012774054915232978	0.03438641351079103
BTC/USDT	2025-12-01 00:00:00+00:00	(0.75, 1.0)	0.02424887539361231	0.035261695906432765	0.03928936122357175	0.05932130004498432
BTC/USDT	2025-12-02 00:00:00+00:00	(0.75, 1.0)	0.01350390869693613	0.01350390869693613	0.016733650777504962	0.0709396315814046
BTC/USDT	2025-12-03 00:00:00+00:00	(0.5, 0.75)	0.009854820014297567	0.022966066767262646	0.03251114728146094	0.03460769378460821
BTC/USDT	2025-12-04 00:00:00+00:00	(0.5, 0.75)	0.011357999349993956	0.015170894448903611	0.015170894448903611	0.0343291808041893
BTC/USDT	2025-12-05 00:00:00+00:00	(0.25, 0.5)	0.004611764838765853	0.007954786610709641	0.018855311810822832	0.050353959983656875
BTC/USDT	2025-12-06 00:00:00+00:00	(0.1, 0.25)	0.00455097958949165	0.008367289503167083	0.008367289503167083	0.015507623418221584
BTC/USDT	2025-12-07 00:00:00+00:00	(0.1, 0.25)	0.0041770945461070755	0.00693700663796211	0.008409019555077274	0.04530767850735559
BTC/USDT	2025-12-08 00:00:00+00:00	(0.75, 1.0)	0.01009479265999997	0.020428734747423676	0.026947610620765897	0.029701048782375176
BTC/USDT	2025-12-09 00:00:00+00:00	(0.5, 0.75)	0.006757417186046291	0.011575170673765891	0.01483519855987513	0.05607845224490018
BTC/USDT	2025-12-10 00:00:00+00:00	(0.5, 0.75)	0.006896739202546547	0.007813672292213003	0.016481171102627118	0.03142221823805812
BTC/USDT	2025-12-11 00:00:00+00:00	(0.75, 1.0)	0.011295508127795211	0.028664326974434457	0.028664326974434457	0.04666745996686608
BTC/USDT	2025-12-12 00:00:00+00:00	(0.75, 1.0)	0.013022247159355807	0.014126566435834716	0.014126566435834716	0.035422174107883786
BTC/USDT	2025-12-13 00:00:00+00:00	(0.0, 0.05)	0.0012077476480353664	0.0038706142778085935	0.005695074709463231	0.00960885445489766
BTC/USDT	2025-12-14 00:00:00+00:00	(0.0, 0.05)	0.00307705328721588	0.00307705328721588	0.019775850138996822	0.03207154503391997
BTC/USDT	2025-12-15 00:00:00+00:00	(0.25, 0.5)	0.007008876193345391	0.022438544021182408	0.022438544021182408	0.05564634603361557
BTC/USDT	2025-12-16 00:00:00+00:00	(0.25, 0.5)	0.008100602375652962	0.011947771636388351	0.024057724452091218	0.03371028487008298
BTC/USDT	2025-12-17 00:00:00+00:00	(0.1, 0.25)	0.002910079292378379	0.009138505723689088	0.01988666511995523	0.05770867153366725
BTC/USDT	2025-12-18 00:00:00+00:00	(0.25, 0.5)	0.005220337519461228	0.011944055177869742	0.018450732701959464	0.058352458786167724
BTC/USDT	2025-12-19 00:00:00+00:00	(0.5, 0.75)	0.0036222331755293817	0.02875925413437306	0.03905316640119054	0.05017567269459849
BTC/USDT	2025-12-20 00:00:00+00:00	(0.25, 0.5)	0.0025691153301289843	0.004285679270008101	0.006938767451033628	0.00882066712571839
BTC/USDT	2025-12-21 00:00:00+00:00	(0.0, 0.05)	0.0016324660925618388	0.0063886836214140695	0.013726572854870585	0.02130368816874765
BTC/USDT	2025-12-22 00:00:00+00:00	(0.5, 0.75)	0.012418864550737653	0.019303084488153835	0.02478766204738489	0.030042802860974473
BTC/USDT	2025-12-23 00:00:00+00:00	(0.25, 0.5)	0.004495723472690663	0.012873963222474957	0.021326510584543382	0.026404046851288398
BTC/USDT	2025-12-24 00:00:00+00:00	(0.25, 0.5)	0.006585800339025866	0.011163346862409431	0.012763062773547938	0.018646649262715493
BTC/USDT	2025-12-25 00:00:00+00:00	(0.1, 0.25)	0.002743342449288673	0.005235941938516821	0.008166828257841725	0.018914324050938514
BTC/USDT	2025-12-26 00:00:00+00:00	(0.5, 0.75)	0.00504162167710387	0.02922491417338957	0.03069000179480405	0.03340365371636246
BTC/USDT	2025-12-27 00:00:00+00:00	(0.1, 0.25)	0.0018461763273034586	0.003194534374426651	0.005141373749413338	0.008370836712626548
BTC/USDT	2025-12-28 00:00:00+00:00	(0.1, 0.25)	0.0027264097572262985	0.002874106418120244	0.004500477822042564	0.007444617737810983
BTC/USDT	2025-12-29 00:00:00+00:00	(0.25, 0.5)	0.007179771572168857	0.026816222674638387	0.04021386621403298	0.04095616962338344
BTC/USDT	2025-12-30 00:00:00+00:00	(0.1, 0.25)	0.002912983676020199	0.006620563229534439	0.01579684553340202	0.029258584888543483
BTC/USDT	2025-12-31 00:00:00+00:00	(0.25, 0.5)	0.0031436770737068194	0.007327703641483557	0.009893785917231985	0.022062876709476945
BTC/USDT	2026-01-01 00:00:00+00:00	(0.1, 0.25)	0.0031799829068226266	0.005094104221426752	0.006127809510111596	0.01560268152497406
BTC/USDT	2026-01-02 00:00:00+00:00	(0.5, 0.75)	0.0033107079808664267	0.008350444035845884	0.017629429738899246	0.02913037165021252
BTC/USDT	2026-01-03 00:00:00+00:00	(0.25, 0.5)	0.0029468219411022726	0.005709738205382655	0.012955688504651399	0.025499810319507276
BTC/USDT	2026-01-04 00:00:00+00:00	(0.5, 0.75)	0.004556783868357154	0.005143873648126315	0.008803392648073644	0.01320054849021317
BTC/USDT	2026-01-05 00:00:00+00:00	(0.25, 0.5)	0.013964253904033228	0.018334442384734438	0.018334442384734438	0.03358091568289372
BTC/USDT	2026-01-06 00:00:00+00:00	(0.5, 0.75)	0.004477843004598646	0.006750319788771449	0.010924191416398906	0.03394471519247662
BTC/USDT	2026-01-07 00:00:00+00:00	(0.75, 1.0)	0.01002296928233907	0.014193800206895604	0.020992028031267186	0.030872741882061825
BTC/USDT	2026-01-08 00:00:00+00:00	(0.25, 0.5)	0.00391299243064976	0.011747857002457538	0.022431135378422114	0.026058003803804936
BTC/USDT	2026-01-09 00:00:00+00:00	(0.5, 0.75)	0.002962292972749867	0.008580775311065512	0.0212565366560167	0.026198628765554365
BTC/USDT	2026-01-10 00:00:00+00:00	(0.25, 0.5)	0.0014517455777787321	0.002895100838910123	0.004678374323158169	0.004725073059234201
BTC/USDT	2026-01-11 00:00:00+00:00	(0.1, 0.25)	0.0018289693767504956	0.002518617005702816	0.003756601895547605	0.011577617012221517
BTC/USDT	2026-01-12 00:00:00+00:00	(0.25, 0.5)	0.012084664252982245	0.02001436243829726	0.023647208008208707	0.02630411610675186
BTC/USDT	2026-01-13 00:00:00+00:00	(0.5, 0.75)	0.0032528194459652	0.005512098981714642	0.01784134457461948	0.05969933209241209
BTC/USDT	2026-01-14 00:00:00+00:00	(0.75, 1.0)	0.004916376161779579	0.007153577045058272	0.012983220365124695	0.03523659451660667
BTC/USDT	2026-01-15 00:00:00+00:00	(0.5, 0.75)	0.005155661803434001	0.012610748771199566	0.01460434007735139	0.02122957172123626
BTC/USDT	2026-01-16 00:00:00+00:00	(0.25, 0.5)	0.0042568376356039404	0.005576764602711113	0.007718457947344261	0.01649396542100731
BTC/USDT	2026-01-17 00:00:00+00:00	(0.5, 0.75)	0.0014289500336408677	0.003877591777487468	0.005744165609154409	0.006466281510274152
BTC/USDT	2026-01-18 00:00:00+00:00	(0.1, 0.25)	0.003925481921268474	0.003925481921268474	0.004402313415384604	0.038038525967724196
BTC/USDT	2026-01-19 00:00:00+00:00	(0.75, 1.0)	0.010007938464407428	0.010007938464407428	0.013446821969524467	0.01400453722343686
BTC/USDT	2026-01-20 00:00:00+00:00	(0.5, 0.75)	0.004635907180888131	0.0065001511286755685	0.023454393766896786	0.05362640861957711
BTC/USDT	2026-01-21 00:00:00+00:00	(0.75, 1.0)	0.009764074543681398	0.015254634664053688	0.02175685483091141	0.037440695741629386
BTC/USDT	2026-01-22 00:00:00+00:00	(0.5, 0.75)	0.005749166205924784	0.008468806292247113	0.008468806292247113	0.02056194153632143
BTC/USDT	2026-01-23 00:00:00+00:00	(0.5, 0.75)	0.0018467225839597689	0.006309346973876702	0.013720584786177782	0.029559064967555365
BTC/USDT	2026-01-24 00:00:00+00:00	(0.5, 0.75)	0.0016369210377758083	0.005954674536817373	0.005954674536817373	0.008885201136728351
BTC/USDT	2026-01-25 00:00:00+00:00	(0.05, 0.1)	0.0015195138899857987	0.005381817073784179	0.013254073051156834	0.036345665436514685
BTC/USDT	2026-01-26 00:00:00+00:00	(0.5, 0.75)	0.010802483317878787	0.016811699954325725	0.021996460017589547	0.026999832742264047
BTC/USDT	2026-01-27 00:00:00+00:00	(0.5, 0.75)	0.002974679412788627	0.00923841497911098	0.014352986828362493	0.02514594605866313
BTC/USDT	2026-01-28 00:00:00+00:00	(0.75, 1.0)	0.003662501295550816	0.006555123238401118	0.015050575504704717	0.019791535360835492
BTC/USDT	2026-01-29 00:00:00+00:00	(0.25, 0.5)	0.0029179570237983727	0.016341075607062282	0.016341075607062282	0.06483343829029878
BTC/USDT	2026-01-30 00:00:00+00:00	(0.5, 0.75)	0.006588774279567559	0.04068343082301543	0.04068343082301543	0.04143678169077063
BTC/USDT	2026-01-31 00:00:00+00:00	(0.25, 0.5)	0.0030414112357223713	0.005405422101689889	0.020306210628034064	0.10157584092329848
BTC/USDT	2026-02-01 00:00:00+00:00	(0.75, 1.0)	0.01280372160230678	0.014368926213925331	0.01835579906543997	0.04693849229882275
BTC/USDT	2026-02-02 00:00:00+00:00	(0.75, 1.0)	0.018550566068054462	0.04677858934811666	0.04677858934811666	0.061335269856487594
BTC/USDT	2026-02-03 00:00:00+00:00	(0.5, 0.75)	0.008469288346376709	0.019633263486637617	0.019633263486637617	0.07942937391865412
BTC/USDT	2026-02-04 00:00:00+00:00	(0.75, 1.0)	0.014546313678135584	0.019933022584769682	0.019933022584769682	0.06736062791757434
BTC/USDT	2026-02-05 00:00:00+00:00	(0.75, 1.0)	0.008065162146212054	0.035974660081383884	0.04703562661749451	0.18193819736474182
BTC/USDT	2026-02-06 00:00:00+00:00	(0.75, 1.0)	0.08187331810377951	0.09974168397486377	0.11329228047494301	0.1950245329691075
BTC/USDT	2026-02-07 00:00:00+00:00	(0.75, 1.0)	0.010407609554121827	0.022740319497219788	0.06247283755642042	0.06247283755642042
BTC/USDT	2026-02-08 00:00:00+00:00	(0.25, 0.5)	0.0073820763762309834	0.011658057608455348	0.03362305099486456	0.048782404359577536
BTC/USDT	2026-02-09 00:00:00+00:00	(0.5, 0.75)	0.009225040252802614	0.019619745024747996	0.042953553739350434	0.04454794569436986
BTC/USDT	2026-02-10 00:00:00+00:00	(0.5, 0.75)	0.006499982902280794	0.018792958019400154	0.0294607949299563	0.03886297317937782
BTC/USDT	2026-02-11 00:00:00+00:00	(0.25, 0.5)	0.007198934330980967	0.018629876958250455	0.042489991184830045	0.05140675723109196
BTC/USDT	2026-02-12 00:00:00+00:00	(0.5, 0.75)	0.005691187010098327	0.010997756123455299	0.024174815736705862	0.04887541942796889
BTC/USDT	2026-02-13 00:00:00+00:00	(0.5, 0.75)	0.007676850037242829	0.014185185720862976	0.020402296772513893	0.05439572922768365
BTC/USDT	2026-02-14 00:00:00+00:00	(0.05, 0.1)	0.00535584800563838	0.00535584800563838	0.02656410025629491	0.02656410025629491
BTC/USDT	2026-02-15 00:00:00+00:00	(0.1, 0.25)	0.00434402434031315	0.017211061748720263	0.024848622878269878	0.04280880279865957
BTC/USDT	2026-02-16 00:00:00+00:00	(0.25, 0.5)	0.005301452481942789	0.013377355937198876	0.013377355937198876	0.04108531393228961
BTC/USDT	2026-02-17 00:00:00+00:00	(0.5, 0.75)	0.004911176329633787	0.012399130972297716	0.022518145503359288	0.03803251640529994
BTC/USDT	2026-02-18 00:00:00+00:00	(0.1, 0.25)	0.008420211464985457	0.012224996000022493	0.023425968179402498	0.038539081037326534
BTC/USDT	2026-02-19 00:00:00+00:00	(0.05, 0.1)	0.006399538390002626	0.010925291939412449	0.014977329070588317	0.025420020526707585
BTC/USDT	2026-02-20 00:00:00+00:00	(0.05, 0.1)	0.005009843474761405	0.005040353186374724	0.01790414056970107	0.030333945908811416
BTC/USDT	2026-02-21 00:00:00+00:00	(0.25, 0.5)	0.00338398902868324	0.008304497557682205	0.011465455289649455	0.017113425160870617
BTC/USDT	2026-02-22 00:00:00+00:00	(0.25, 0.5)	0.003991467187649034	0.006063066298964019	0.00639887413219627	0.015511263750441264
BTC/USDT	2026-02-23 00:00:00+00:00	(0.05, 0.1)	0.034990621425735544	0.04938490304616988	0.04938490304616988	0.05532804308303353
BTC/USDT	2026-02-24 00:00:00+00:00	(0.5, 0.75)	0.012115875763656473	0.031231210037380375	0.03584173331019849	0.038777551805978354
BTC/USDT	2026-02-25 00:00:00+00:00	(0.25, 0.5)	0.03164399821462174	0.03741816038772679	0.03741816038772679	0.09497251453122948
BTC/USDT	2026-02-26 00:00:00+00:00	(0.5, 0.75)	0.010644930265575305	0.013499953120577644	0.015847592429861074	0.034627679811930615
BTC/USDT	2026-02-27 00:00:00+00:00	(0.0, 0.05)	0.007436386375567419	0.015993671893372335	0.03432683102957629	0.04902768309108061
BTC/USDT	2026-02-28 00:00:00+00:00	(0.25, 0.5)	0.004420434303806457	0.004715746103975368	0.04528695094581606	0.07166879501270039
BTC/USDT	2026-03-01 00:00:00+00:00	(0.5, 0.75)	0.01255074112454374	0.032239836755628776	0.032239836755628776	0.046986109463038606
BTC/USDT	2026-03-02 00:00:00+00:00	(0.25, 0.5)	0.01925514211269945	0.01925514211269945	0.023283723322564804	0.07330023439817018
BTC/USDT	2026-03-03 00:00:00+00:00	(0.25, 0.5)	0.008918763104020172	0.015221190992761303	0.04240576114020656	0.04505276050759492
BTC/USDT	2026-03-04 00:00:00+00:00	(0.25, 0.5)	0.008167339656002349	0.022159831088803858	0.06596533655902312	0.09763398355608809
BTC/USDT	2026-03-05 00:00:00+00:00	(0.5, 0.75)	0.00862851053318142	0.013342323027095237	0.024770897599465626	0.040061354384841326
BTC/USDT	2026-03-06 00:00:00+00:00	(0.1, 0.25)	0.0038682987342699158	0.015150320410373059	0.02289747853722209	0.05175004189061125
BTC/USDT	2026-03-07 00:00:00+00:00	(0.1, 0.25)	0.00407672672663863	0.010760834573058474	0.016193587126638303	0.023980107321014837
BTC/USDT	2026-03-08 00:00:00+00:00	(0.0, 0.05)	0.004806814173959109	0.009620453679810988	0.024524456128621388	0.03830361420612702
BTC/USDT	2026-03-09 00:00:00+00:00	(0.75, 1.0)	0.014339060282915345	0.027842983347161798	0.03977599204395719	0.05570617041111387
BTC/USDT	2026-03-10 00:00:00+00:00	(0.25, 0.5)	0.01307111013666586	0.03189549075495125	0.04244449316670316	0.04941664839581958
BTC/USDT	2026-03-11 00:00:00+00:00	(0.25, 0.5)	0.005221264558156108	0.009772294335709579	0.018614682524273944	0.03344878406991108
BTC/USDT	2026-03-12 00:00:00+00:00	(0.1, 0.25)	0.006672627682118894	0.016043651369114578	0.02268596639108706	0.027219914933852125
BTC/USDT	2026-03-13 00:00:00+00:00	(0.25, 0.5)	0.012579975584439372	0.014561173746720012	0.02266004186247817	0.047170795592375456
BTC/USDT	2026-03-14 00:00:00+00:00	(0.25, 0.5)	0.005597453384413898	0.010362342003837552	0.01397839845686333	0.01397839845686333
BTC/USDT	2026-03-15 00:00:00+00:00	(0.1, 0.25)	0.00460835651461396	0.011081156168564997	0.015215876041399222	0.032919364311260906
BTC/USDT	2026-03-16 00:00:00+00:00	(0.75, 1.0)	0.008246488084440819	0.028328977719601984	0.029988754663953898	0.04389325443490767
BTC/USDT	2026-03-17 00:00:00+00:00	(0.5, 0.75)	0.015126510207689061	0.02295829972232884	0.03234374314159805	0.034489233626661286
BTC/USDT	2026-03-18 00:00:00+00:00	(0.25, 0.5)	0.006454322977268199	0.015366843552914514	0.027426446329915512	0.05639122590508849
BTC/USDT	2026-03-19 00:00:00+00:00	(0.1, 0.25)	0.005036537728022748	0.012301093638157378	0.029998377349769616	0.039624135201183866
BTC/USDT	2026-03-20 00:00:00+00:00	(0.25, 0.5)	0.007019116465450903	0.014608569141029835	0.020277542694238603	0.02823856291827212
BTC/USDT	2026-03-21 00:00:00+00:00	(0.5, 0.75)	0.003617973911944789	0.005585825350210154	0.006347354959489862	0.04068913896725483
BTC/USDT	2026-03-22 00:00:00+00:00	(0.75, 1.0)	0.00724788853164965	0.01355052056074825	0.0215203445607715	0.03243730742382285
BTC/USDT	2026-03-23 00:00:00+00:00	(0.25, 0.5)	0.010539384332674056	0.016774312408288278	0.059652300232439566	0.06433302117735978
BTC/USDT	2026-03-24 00:00:00+00:00	(0.1, 0.25)	0.005645846562659066	0.008660826103263861	0.018095810574183968	0.03499153440872585
BTC/USDT	2026-03-25 00:00:00+00:00	(0.75, 1.0)	0.008814014648078567	0.009788196702768414	0.02287829086898731	0.02287829086898731
BTC/USDT	2026-03-26 00:00:00+00:00	(0.25, 0.5)	0.004132491228070208	0.010729122807017707	0.03149277192982457	0.04608870175438606
BTC/USDT	2026-03-27 00:00:00+00:00	(0.25, 0.5)	0.006167101827676291	0.012690890629532978	0.0427486219901363	0.052666086451987275
BTC/USDT	2026-03-28 00:00:00+00:00	(0.1, 0.25)	0.006113754318410271	0.008873525157440106	0.00967510896034964	0.020463386321315596
BTC/USDT	2026-03-29 00:00:00+00:00	(0.25, 0.5)	0.004746863080141203	0.012785286094680168	0.012785286094680168	0.03207991052257203
BTC/USDT	2026-03-30 00:00:00+00:00	(0.5, 0.75)	0.019119268752165897	0.02570662194514927	0.034040884108443296	0.035974723271943454
BTC/USDT	2026-03-31 00:00:00+00:00	(0.1, 0.25)	0.011384601397172543	0.027963552832205037	0.03616211017057087	0.03887945948273447
BTC/USDT	2026-04-01 00:00:00+00:00	(0.1, 0.25)	0.007720365635011559	0.011755136231372885	0.02544234782353114	0.02544234782353114
BTC/USDT	2026-04-02 00:00:00+00:00	(0.05, 0.1)	0.014875617703779565	0.03157066314255788	0.03789365100355886	0.043121756807753334
BTC/USDT	2026-04-03 00:00:00+00:00	(0.0, 0.05)	0.003925920344095926	0.01021788872861068	0.015041038411762034	0.016273327065735595
BTC/USDT	2026-04-04 00:00:00+00:00	(0.0, 0.05)	0.0017345379748887693	0.002514975447305583	0.006827109187566349	0.011762158168162746
BTC/USDT	2026-04-05 00:00:00+00:00	(0.0, 0.05)	0.0022836159070745185	0.004726173503364692	0.009841746711178167	0.044252994132836246
BTC/USDT	2026-04-06 00:00:00+00:00	(0.75, 1.0)	0.008431049464313793	0.009548843814418704	0.021762397276735873	0.029630577561264294
BTC/USDT	2026-04-07 00:00:00+00:00	(0.75, 1.0)	0.007578833283218752	0.011527804309737997	0.01705694394462807	0.07294521874253457
BTC/USDT	2026-04-08 00:00:00+00:00	(0.75, 1.0)	0.008169948717578061	0.011841117591624135	0.011841117591624135	0.02987194818455008
BTC/USDT	2026-04-09 00:00:00+00:00	(0.25, 0.5)	0.007691089885396188	0.010321455302661786	0.015620215516719263	0.03773359546374293
BTC/USDT	2026-04-10 00:00:00+00:00	(0.5, 0.75)	0.007030884482566462	0.011329647989305924	0.013379330511306754	0.027958254427982703
BTC/USDT	2026-04-11 00:00:00+00:00	(0.25, 0.5)	0.002286494054799769	0.005830683344999998	0.00662441048537699	0.017522789122040947
BTC/USDT	2026-04-12 00:00:00+00:00	(0.25, 0.5)	0.002819283322703179	0.025025539269254438	0.025025539269254438	0.036038617265134944
BTC/USDT	2026-04-13 00:00:00+00:00	(0.5, 0.75)	0.006084648101462882	0.006213673663753381	0.009938352573418276	0.06110044280444879
BTC/USDT	2026-04-14 00:00:00+00:00	(0.75, 1.0)	0.00684279818628442	0.008400278673050387	0.013045546955050303	0.03016666709264882
BTC/USDT	2026-04-15 00:00:00+00:00	(0.25, 0.5)	0.004820617335226439	0.00822311406460117	0.0170737911028259	0.025636443834857834
BTC/USDT	2026-04-16 00:00:00+00:00	(0.25, 0.5)	0.005675565767213177	0.010942057599004077	0.01327627207652215	0.02982151669925036
BTC/USDT	2026-04-17 00:00:00+00:00	(0.25, 0.5)	0.003025787430461955	0.007718886324524151	0.024558091756827143	0.050742405848530604
BTC/USDT	2026-04-18 00:00:00+00:00	(0.25, 0.5)	0.004434811538992884	0.005932927220761983	0.021483627411496148	0.025616091967440927
BTC/USDT	2026-04-19 00:00:00+00:00	(0.0, 0.05)	0.003256385380553322	0.005826361570693233	0.012283702249128394	0.03320987822142821
BTC/USDT	2026-04-20 00:00:00+00:00	(0.75, 1.0)	0.00431120405249401	0.00948959190365541	0.020632518811716464	0.033957248284404905
BTC/USDT	2026-04-21 00:00:00+00:00	(0.5, 0.75)	0.006000220648683418	0.010394872831095147	0.019149247744842637	0.027759027912058448
BTC/USDT	2026-04-22 00:00:00+00:00	(0.75, 1.0)	0.0028643831251468003	0.020939610313558985	0.030494969434497313	0.04370536464975146
BTC/USDT	2026-04-23 00:00:00+00:00	(0.5, 0.75)	0.012739701527873213	0.014392587511222965	0.01798004596599666	0.021858306560919968
BTC/USDT	2026-04-24 00:00:00+00:00	(0.25, 0.5)	0.005297083168573857	0.013116009110053155	0.015070006202111148	0.016831656106729334
BTC/USDT	2026-04-25 00:00:00+00:00	(0.1, 0.25)	0.002710927323125343	0.005191316043497753	0.007431867125040361	0.009623469113897562
BTC/USDT	2026-04-26 00:00:00+00:00	(0.1, 0.25)	0.0018942551715164133	0.0034342884944179013	0.011392481289878232	0.021076522364138837
BTC/USDT	2026-04-27 00:00:00+00:00	(0.25, 0.5)	0.013815146586540412	0.013815146586540412	0.02571320186825098	0.03850751165111769
BTC/USDT	2026-04-28 00:00:00+00:00	(0.25, 0.5)	0.003453908912398919	0.010423283598148534	0.017431195982561227	0.023425230657178903
BTC/USDT	2026-04-29 00:00:00+00:00	(0.0, 0.05)	0.0036939752975145702	0.012312857973809226	0.022496082921537815	0.038874842137807654
BTC/USDT	2026-04-30 00:00:00+00:00	(0.25, 0.5)	0.009304424504578636	0.012923420781514575	0.015182404517492044	0.017769307377493618
BTC/USDT	2026-05-01 00:00:00+00:00	(0.1, 0.25)	0.002459663493344583	0.013741762925787337	0.01667141581756252	0.032839234202360276
BTC/USDT	2026-05-02 00:00:00+00:00	(0.25, 0.5)	0.0029016586935311267	0.004454470007071744	0.006071859243146837	0.014827091013950057
BTC/USDT	2026-05-03 00:00:00+00:00	(0.25, 0.5)	0.005337576005636526	0.007232117039516823	0.010114018636398839	0.017345881135940617
BTC/USDT	2026-05-04 00:00:00+00:00	(0.5, 0.75)	0.0037826223795774045	0.027960047213363343	0.030995519519582182	0.032797544619799904
BTC/USDT	2026-05-05 00:00:00+00:00	(0.25, 0.5)	0.0049872825857474904	0.01529616766574908	0.018292164331805492	0.02414507657964588
BTC/USDT	2026-05-06 00:00:00+00:00	(0.5, 0.75)	0.006544605998429455	0.012687767437178142	0.02610818967848826	0.02610818967848826
BTC/USDT	2026-05-07 00:00:00+00:00	(0.1, 0.25)	0.007474340688261752	0.00876556524908697	0.013950235905769501	0.02712038255812791
BTC/USDT	2026-05-08 00:00:00+00:00	(0.25, 0.5)	0.005498184898490316	0.01200403114485189	0.01447760875344308	0.016463713016050336
BTC/USDT	2026-05-09 00:00:00+00:00	(0.05, 0.1)	0.002379073731824859	0.006696610403130154	0.006696610403130154	0.011852954256690643
BTC/USDT	2026-05-10 00:00:00+00:00	(0.0, 0.05)	0.0023684718815667203	0.003894963593277862	0.004988323657870973	0.027250992975362945
BTC/USDT	2026-05-11 00:00:00+00:00	(0.75, 1.0)	0.007300276558751219	0.016521344268013275	0.016521344268013275	0.020448664178728884
BTC/USDT	2026-05-12 00:00:00+00:00	(0.1, 0.25)	0.0035367198412115403	0.011791271533240274	0.014458697836261566	0.022459138915435405
BTC/USDT	2026-05-13 00:00:00+00:00	(0.1, 0.25)	0.006667536664180974	0.010465075814069153	0.01081158339547594	0.031941213025105705
BTC/USDT	2026-05-14 00:00:00+00:00	(0.25, 0.5)	0.003014495304979782	0.009553257907030061	0.013530208768857886	0.03930965756374513
BTC/USDT	2026-05-15 00:00:00+00:00	(0.1, 0.25)	0.0048487799932965606	0.011222959564822329	0.016573946901759888	0.03688560754999764
BTC/USDT	2026-05-16 00:00:00+00:00	(0.0, 0.05)	0.0019284386088870298	0.0027505637664220297	0.020054473212158863	0.020054473212158863
BTC/USDT	2026-05-17 00:00:00+00:00	(0.0, 0.05)	0.005324999670696356	0.006486322517296717	0.011238525686514997	0.023848361238033352
BTC/USDT	2026-05-18 00:00:00+00:00	(0.75, 1.0)	0.0048182084761094575	0.008061303154424092	0.011659416903518774	0.022653351141708175
BTC/USDT	2026-05-19 00:00:00+00:00	(0.25, 0.5)	0.004776954430256181	0.012018116066065515	0.012018116066065515	0.01646751235280617
BTC/USDT	2026-05-20 00:00:00+00:00	(0.25, 0.5)	0.005227374876373373	0.00529788802668428	0.014967852532453607	0.017449393103761514
BTC/USDT	2026-05-21 00:00:00+00:00	(0.25, 0.5)	0.0067849130418659465	0.007402952373889036	0.013556306473344038	0.01906303692166968
BTC/USDT	2026-05-22 00:00:00+00:00	(0.1, 0.25)	0.0030310234084673145	0.0072600971378890995	0.009239759723634956	0.032809120677808876
BTC/USDT	2026-05-23 00:00:00+00:00	(0.5, 0.75)	0.003969767379609082	0.005891904971531629	0.018221148787628635	0.041273018276805136
BTC/USDT	2026-05-24 00:00:00+00:00	(0.75, 1.0)	0.003933031926497042	0.004988820790630187	0.011919578539829659	0.0187132936687743
BTC/USDT	2026-05-25 00:00:00+00:00	(0.75, 1.0)	0.003457966251534505	0.007394103993943247	0.010179054560001921	0.012841968403111963
BTC/USDT	2026-05-26 00:00:00+00:00	(0.1, 0.25)	0.008661177835764665	0.009954683286032212	0.014840482551336609	0.031101490457516357
BTC/USDT	2026-05-27 00:00:00+00:00	(0.25, 0.5)	0.0030442992860353862	0.006533181296044303	0.010438349616274437	0.02540307254305515
BTC/USDT	2026-05-28 00:00:00+00:00	(0.75, 1.0)	0.0030078582109505044	0.025015148115655	0.025015148115655	0.02697708100177743
BTC/USDT	2026-05-29 00:00:00+00:00	(0.25, 0.5)	0.0025638184962412875	0.009210328444581086	0.010171201024279888	0.02714214174782533
BTC/USDT	2026-05-30 00:00:00+00:00	(0.25, 0.5)	0.002685754235934415	0.006046961102691308	0.007897924466325652	0.012624051828606953
BTC/USDT	2026-05-31 00:00:00+00:00	(0.05, 0.1)	0.0038712777476989004	0.005355576610720063	0.007802652950731002	0.011852463454250183
BTC/USDT	2026-06-01 00:00:00+00:00	(0.25, 0.5)	0.007031934330675696	0.011787635583213595	0.02965904602800721	0.04613870253359655
BTC/USDT	2026-06-02 00:00:00+00:00	(0.5, 0.75)	0.0038165791355756953	0.01769377312485644	0.029241731318160845	0.07266935052627399
BTC/USDT	2026-06-03 00:00:00+00:00	(0.75, 1.0)	0.007955013625001589	0.026605155995756455	0.03127203147585659	0.05123326879870872
BTC/USDT	2026-06-04 00:00:00+00:00	(0.75, 1.0)	0.021572059313523326	0.05134527624546918	0.05256440296141602	0.05256440296141602
BTC/USDT	2026-06-05 00:00:00+00:00	(0.5, 0.75)	0.014545392856766993	0.0257450312011243	0.04479839629975256	0.07613696356598992
BTC/USDT	2026-06-06 00:00:00+00:00	(0.75, 1.0)	0.006805798758692683	0.02348940734117859	0.033048945748317196	0.033048945748317196
BTC/USDT	2026-06-07 00:00:00+00:00	(0.25, 0.5)	0.010754551855850855	0.016975912106040568	0.03640761132852262	0.05736879200071829
BTC/USDT	2026-06-08 00:00:00+00:00	(0.75, 1.0)	0.012603165828732513	0.018060542505681232	0.023165942579428785	0.0283352234023646
BTC/USDT	2026-06-09 00:00:00+00:00	(0.5, 0.75)	0.012077352959382401	0.012077352959382401	0.017505678147820756	0.04358420879712152
BTC/USDT	2026-06-10 00:00:00+00:00	(0.5, 0.75)	0.008647544708630904	0.011958258898464146	0.019725846794683272	0.034011034312331746
BTC/USDT	2026-06-11 00:00:00+00:00	(0.5, 0.75)	0.00688555570018544	0.018771272690667418	0.02540459954537208	0.0363595337397416
BTC/USDT	2026-06-12 00:00:00+00:00	(0.25, 0.5)	0.004269761571769295	0.007493028336318041	0.01763555559460515	0.024548383361642633
BTC/USDT	2026-06-13 00:00:00+00:00	(0.05, 0.1)	0.0030222331250526176	0.006625670976167564	0.008898439348943701	0.021136447087332352
BTC/USDT	2026-06-14 00:00:00+00:00	(0.25, 0.5)	0.004653766045776521	0.004966831653431871	0.0076985890628194	0.03483254559900686
BTC/USDT	2026-06-15 00:00:00+00:00	(0.75, 1.0)	0.00810481423020876	0.009728630403108306	0.015649587178241796	0.02941582685769782
BTC/USDT	2026-06-16 00:00:00+00:00	(0.25, 0.5)	0.0033326319432906534	0.012249372928683918	0.020213287841888108	0.024567428862255505
BTC/USDT	2026-06-17 00:00:00+00:00	(0.0, 0.05)	0.002433419734942797	0.010988410990601069	0.02486650791644671	0.038480882978517865
BTC/USDT	2026-06-18 00:00:00+00:00	(0.25, 0.5)	0.00538919292995073	0.01514769650023493	0.017168895261090316	0.03920373680415119
BTC/USDT	2026-06-19 00:00:00+00:00	(0.25, 0.5)	0.0036933282428175725	0.011507588050014308	0.012628455982946749	0.021468613788934453
BTC/USDT	2026-06-20 00:00:00+00:00	(0.25, 0.5)	0.005468012950697816	0.007191928592646661	0.009239501485974045	0.018950163552383926
BTC/USDT	2026-06-21 00:00:00+00:00	(0.25, 0.5)	0.0013319202945287457	0.004151670245165133	0.010702508600299615	0.02050783817977532
BTC/USDT	2026-06-22 00:00:00+00:00	(0.5, 0.75)	0.009352499975201704	0.020838755500301228	0.02221061294615875	0.033423851047739817
BTC/USDT	2026-06-23 00:00:00+00:00	(0.5, 0.75)	0.006944013422757875	0.006979815365161787	0.03654268302883178	0.03654268302883178
BTC/USDT	2026-06-24 00:00:00+00:00	(0.25, 0.5)	0.003561741840092829	0.010454538227952661	0.014629485365427118	0.06576193580184106
BTC/USDT	2026-06-25 00:00:00+00:00	(0.75, 1.0)	0.006227213842690323	0.006911852197986932	0.02090839381681381	0.06297085254087903
BTC/USDT	2026-06-26 00:00:00+00:00	(0.5, 0.75)	0.00724734365651198	0.029964092251003275	0.0404613852679538	0.0404613852679538
BTC/USDT	2026-06-27 00:00:00+00:00	(0.25, 0.5)	0.0041218351798249795	0.009578134877066886	0.011607612203480035	0.018065841567687972
BTC/USDT	2026-06-28 00:00:00+00:00	(0.25, 0.5)	0.003392237430014317	0.0058863633718174565	0.01316204751460406	0.02727109464508719
BTC/USDT	2026-06-29 00:00:00+00:00	(0.5, 0.75)	0.011747952470461835	0.02237160982814175	0.0315614930182599	0.0315614930182599
ETH/USDT	2025-01-01 00:00:00+00:00	(0.05, 0.1)	0.005695087352545965	0.007690010452441391	0.016287890100044784	0.01820815290428544
ETH/USDT	2025-01-02 00:00:00+00:00	(0.05, 0.1)	0.014913473295273715	0.014913473295273715	0.03738334439026721	0.04596907826821642
ETH/USDT	2025-01-03 00:00:00+00:00	(0.25, 0.5)	0.006931324253839488	0.009971022891915477	0.015528832222544232	0.05985511445957692
ETH/USDT	2025-01-04 00:00:00+00:00	(0.0, 0.05)	0.011343233957663764	0.011343233957663764	0.013421256788207929	0.027479773911115994
ETH/USDT	2025-01-05 00:00:00+00:00	(0.25, 0.5)	0.009183868240940156	0.01243148910642711	0.019611158072696554	0.022237068142775387
ETH/USDT	2025-01-06 00:00:00+00:00	(0.0, 0.05)	0.011653814137873267	0.020164779767088577	0.024013670292114542	0.03686803058233351
ETH/USDT	2025-01-07 00:00:00+00:00	(0.1, 0.25)	0.00833988214851899	0.010295009394943896	0.020478530309910765	0.09369111164891467
ETH/USDT	2025-01-08 00:00:00+00:00	(0.5, 0.75)	0.006054849466855563	0.02113757064971273	0.0319621946844362	0.060842562151162474
ETH/USDT	2025-01-09 00:00:00+00:00	(0.5, 0.75)	0.009245802003507329	0.01524551372907007	0.027476157301751267	0.059837965743387705
ETH/USDT	2025-01-10 00:00:00+00:00	(0.5, 0.75)	0.0057727882598281825	0.015908478221126034	0.033313605250355635	0.03982387263301737
ETH/USDT	2025-01-11 00:00:00+00:00	(0.25, 0.5)	0.003237454100367175	0.01106793145654837	0.019259485924112623	0.03140146878824966
ETH/USDT	2025-01-12 00:00:00+00:00	(0.25, 0.5)	0.002429985657603455	0.005112714184356119	0.020225519721556555	0.022993510902962033
ETH/USDT	2025-01-13 00:00:00+00:00	(0.5, 0.75)	0.020336956654344884	0.03150886310678425	0.08979919237760611	0.12779221412973196
ETH/USDT	2025-01-14 00:00:00+00:00	(0.75, 1.0)	0.010851360335481173	0.015936637005216366	0.04187762094712079	0.04187762094712079
ETH/USDT	2025-01-15 00:00:00+00:00	(0.1, 0.25)	0.0077919985624305115	0.014617355553696578	0.020445088872158484	0.08903946190285868
ETH/USDT	2025-01-16 00:00:00+00:00	(0.5, 0.75)	0.01454373010747051	0.026908373627524507	0.04023018602242503	0.050345919085772725
ETH/USDT	2025-01-17 00:00:00+00:00	(0.5, 0.75)	0.005730096448065088	0.027233816328811434	0.03972101649554913	0.06591574311527545
ETH/USDT	2025-01-18 00:00:00+00:00	(0.75, 1.0)	0.007263225747041698	0.036353538376536654	0.07694587688199268	0.07694587688199268
ETH/USDT	2025-01-19 00:00:00+00:00	(0.25, 0.5)	0.02025380895240164	0.023944583833315148	0.07503666533338185	0.09651467219373834
ETH/USDT	2025-01-20 00:00:00+00:00	(0.75, 1.0)	0.024032491480322986	0.04293917184071699	0.0967617447053514	0.0967617447053514
ETH/USDT	2025-01-21 00:00:00+00:00	(0.5, 0.75)	0.01852450418364111	0.02353145659014956	0.033359354036054965	0.04982557997706928
ETH/USDT	2025-01-22 00:00:00+00:00	(0.25, 0.5)	0.012782293134990819	0.013400113966949534	0.027639984404522644	0.04292955043037515
ETH/USDT	2025-01-23 00:00:00+00:00	(0.25, 0.5)	0.005174429336122613	0.017584445948440382	0.02348489509628996	0.05063680551282838
ETH/USDT	2025-01-24 00:00:00+00:00	(0.75, 1.0)	0.015115612057651337	0.017629374682776318	0.04357789210342163	0.045680202542594285
ETH/USDT	2025-01-25 00:00:00+00:00	(0.75, 1.0)	0.01231443483321112	0.01707593547878697	0.01707593547878697	0.024859215973910245
ETH/USDT	2025-01-26 00:00:00+00:00	(0.1, 0.25)	0.004007231093702978	0.010470021090689967	0.02084362759867425	0.0456251883097318
ETH/USDT	2025-01-27 00:00:00+00:00	(0.75, 1.0)	0.017111556858509434	0.02553618268785681	0.06895540811603142	0.06895540811603142
ETH/USDT	2025-01-28 00:00:00+00:00	(0.75, 1.0)	0.009479757910251189	0.02093825457054156	0.0223870300103485	0.05738028787356142
ETH/USDT	2025-01-29 00:00:00+00:00	(0.75, 1.0)	0.009764819587628848	0.014790592783505108	0.02397551546391755	0.041385309278350525
ETH/USDT	2025-01-30 00:00:00+00:00	(0.5, 0.75)	0.013505111130440969	0.04016417472881855	0.044703464228530256	0.06197467147335217
ETH/USDT	2025-01-31 00:00:00+00:00	(0.25, 0.5)	0.011313557752842231	0.017991828068486274	0.04036279919515114	0.06897690380081219
ETH/USDT	2025-02-01 00:00:00+00:00	(0.25, 0.5)	0.012360920729733056	0.014817975229743614	0.032670957434254064	0.0696810973229605
ETH/USDT	2025-02-02 00:00:00+00:00	(0.75, 1.0)	0.007375835842989093	0.02993721606860283	0.0354148588637639	0.1315942269409422
ETH/USDT	2025-02-03 00:00:00+00:00	(0.75, 1.0)	0.031622466047402084	0.257285825995785	0.257285825995785	0.27912138776970086
ETH/USDT	2025-02-04 00:00:00+00:00	(0.75, 1.0)	0.017349208061726257	0.0319385521328911	0.07683767614579591	0.08749082075501244
ETH/USDT	2025-02-05 00:00:00+00:00	(0.75, 1.0)	0.020363211858900325	0.02520163140640892	0.043597170368901865	0.046923124928873655
ETH/USDT	2025-02-06 00:00:00+00:00	(0.5, 0.75)	0.015419432925824846	0.02285341870241861	0.03650745905220256	0.07246345673176764
ETH/USDT	2025-02-07 00:00:00+00:00	(0.25, 0.5)	0.013473868021206014	0.022130883718521264	0.0381130665443339	0.08693641532957694
ETH/USDT	2025-02-08 00:00:00+00:00	(0.75, 1.0)	0.015638898814728214	0.016976986413849326	0.027624666428446555	0.02984087401449088
ETH/USDT	2025-02-09 00:00:00+00:00	(0.0, 0.05)	0.00960848280917087	0.027446840024457946	0.027446840024457946	0.06793539149820177
ETH/USDT	2025-02-10 00:00:00+00:00	(0.75, 1.0)	0.01157028542053324	0.0373265496660455	0.038611716945686596	0.0506280310103305
ETH/USDT	2025-02-11 00:00:00+00:00	(0.25, 0.5)	0.02278281730264628	0.02278281730264628	0.02278281730264628	0.06252342754329417
ETH/USDT	2025-02-12 00:00:00+00:00	(0.25, 0.5)	0.010738887569249237	0.021090822714490483	0.026887446650371183	0.09521711479077741
ETH/USDT	2025-02-13 00:00:00+00:00	(0.75, 1.0)	0.008321541428079086	0.01513274141634842	0.0409405174752371	0.05297925846634357
ETH/USDT	2025-02-14 00:00:00+00:00	(0.25, 0.5)	0.006974938969283985	0.021337313298508673	0.021337313298508673	0.04772958236615437
ETH/USDT	2025-02-15 00:00:00+00:00	(0.25, 0.5)	0.007958854776597843	0.01285237572549301	0.01651976314330711	0.028164360630100402
ETH/USDT	2025-02-16 00:00:00+00:00	(0.0, 0.05)	0.004063034548780466	0.006779145315636554	0.014693713984630935	0.02821860981139346
ETH/USDT	2025-02-17 00:00:00+00:00	(0.25, 0.5)	0.004636338381373694	0.009760712381839069	0.05153280725596342	0.07958359299331008
ETH/USDT	2025-02-18 00:00:00+00:00	(0.5, 0.75)	0.01035215554478222	0.013304706950160203	0.033473184636526314	0.050506854657923206
ETH/USDT	2025-02-19 00:00:00+00:00	(0.5, 0.75)	0.005998420877348646	0.01645355994865973	0.03018668822056812	0.03018668822056812
ETH/USDT	2025-02-20 00:00:00+00:00	(0.0, 0.05)	0.00870507814660374	0.015415472990660732	0.018062760626942523	0.023379458080311003
ETH/USDT	2025-02-21 00:00:00+00:00	(0.25, 0.5)	0.00594023323615167	0.009110787172011662	0.038524052478134126	0.08330903790087477
ETH/USDT	2025-02-22 00:00:00+00:00	(0.25, 0.5)	0.0107656086305108	0.0107656086305108	0.03503047189188579	0.051732748553383064
ETH/USDT	2025-02-23 00:00:00+00:00	(0.0, 0.05)	0.0073802612481858295	0.011055878084180064	0.031266328011611055	0.04061320754716992
ETH/USDT	2025-02-24 00:00:00+00:00	(0.25, 0.5)	0.01637062099104808	0.046095016564460405	0.06204623951504889	0.13421089730034536
ETH/USDT	2025-02-25 00:00:00+00:00	(0.75, 1.0)	0.02400969139078741	0.02400969139078741	0.08642030330163651	0.08913486510248483
ETH/USDT	2025-02-26 00:00:00+00:00	(0.75, 1.0)	0.007919247792057363	0.014351124171393352	0.020437287195340163	0.10199749960805754
ETH/USDT	2025-02-27 00:00:00+00:00	(0.75, 1.0)	0.014302267411781422	0.023537812287550478	0.03351305589642512	0.06457612697163907
ETH/USDT	2025-02-28 00:00:00+00:00	(0.5, 0.75)	0.008548270158331874	0.09434355450010634	0.10245334051115955	0.10245334051115955
ETH/USDT	2025-03-01 00:00:00+00:00	(0.25, 0.5)	0.014814715802512042	0.028586832056817158	0.04889524547872687	0.06166931772107337
ETH/USDT	2025-03-02 00:00:00+00:00	(0.1, 0.25)	0.009862369771068143	0.01343307193382913	0.027001740152319934	0.1710953919862596
ETH/USDT	2025-03-03 00:00:00+00:00	(0.5, 0.75)	0.01304179660115565	0.030052134954593496	0.06899622082013844	0.15928558190506134
ETH/USDT	2025-03-04 00:00:00+00:00	(0.75, 1.0)	0.024513739667983238	0.07516092652839605	0.07516092652839605	0.10613029131530465
ETH/USDT	2025-03-05 00:00:00+00:00	(0.5, 0.75)	0.009517056572846516	0.01736736206713959	0.05455156568702836	0.05455156568702836
ETH/USDT	2025-03-06 00:00:00+00:00	(0.25, 0.5)	0.01049445903244467	0.02770038720014232	0.03823935199608332	0.06368329698695967
ETH/USDT	2025-03-07 00:00:00+00:00	(0.1, 0.25)	0.0483963851215011	0.0483963851215011	0.049416640593471284	0.07103245319294602
ETH/USDT	2025-03-08 00:00:00+00:00	(0.75, 1.0)	0.011926622695248107	0.02386261430070457	0.02386261430070457	0.06083701843801524
ETH/USDT	2025-03-09 00:00:00+00:00	(0.25, 0.5)	0.004120767033863795	0.016256403282107132	0.03788476358855803	0.1007933269867174
ETH/USDT	2025-03-10 00:00:00+00:00	(0.5, 0.75)	0.029024333582122874	0.03894954847192231	0.07776069753303058	0.16923776524494227
ETH/USDT	2025-03-11 00:00:00+00:00	(0.5, 0.75)	0.06496268656716424	0.06782515991471216	0.09349680170575699	0.11136460554371005
ETH/USDT	2025-03-12 00:00:00+00:00	(0.5, 0.75)	0.009126323968855767	0.04023926613925198	0.056166005225472375	0.06794157066643024
ETH/USDT	2025-03-13 00:00:00+00:00	(0.5, 0.75)	0.012221831226332337	0.01844041660320273	0.03320430468967463	0.05319411545349978
ETH/USDT	2025-03-14 00:00:00+00:00	(0.5, 0.75)	0.008490091324689853	0.01659475605708596	0.024169459225078474	0.04382086228493738
ETH/USDT	2025-03-15 00:00:00+00:00	(0.25, 0.5)	0.004495133756363703	0.01073605201810596	0.01644382650874462	0.027932552086055704
ETH/USDT	2025-03-16 00:00:00+00:00	(0.1, 0.25)	0.0058496123471182245	0.012540041989280841	0.03815659835241067	0.04151986753258801
ETH/USDT	2025-03-17 00:00:00+00:00	(0.1, 0.25)	0.012417262377548343	0.014932486100079452	0.02158856235107227	0.03834789515488487
ETH/USDT	2025-03-18 00:00:00+00:00	(0.1, 0.25)	0.007024484455797133	0.017018669657134538	0.02319170145162299	0.03317031129939988
ETH/USDT	2025-03-19 00:00:00+00:00	(0.5, 0.75)	0.008603929679420823	0.011091003102378514	0.05491726990692866	0.07358841778697009
ETH/USDT	2025-03-20 00:00:00+00:00	(0.25, 0.5)	0.016792708939305845	0.02080182276517359	0.04407601318596086	0.05388307155322866
ETH/USDT	2025-03-21 00:00:00+00:00	(0.05, 0.1)	0.007499271671538965	0.01191947198698051	0.020157118029394388	0.02995188009202059
ETH/USDT	2025-03-22 00:00:00+00:00	(0.05, 0.1)	0.008514870577011864	0.010047344304221384	0.01834908939599215	0.01834908939599215
ETH/USDT	2025-03-23 00:00:00+00:00	(0.25, 0.5)	0.0034351433831874426	0.013594289893818277	0.019652450250952122	0.02016192085550709
ETH/USDT	2025-03-24 00:00:00+00:00	(0.1, 0.25)	0.01699287589051369	0.02238720159980001	0.06321209848768906	0.06321209848768906
ETH/USDT	2025-03-25 00:00:00+00:00	(0.25, 0.5)	0.008691022634070483	0.029075595589258	0.029075595589258	0.029075595589258
ETH/USDT	2025-03-26 00:00:00+00:00	(0.1, 0.25)	0.006840919551367404	0.017736973426031408	0.017736973426031408	0.04729052106295881
ETH/USDT	2025-03-27 00:00:00+00:00	(0.1, 0.25)	0.009359419626419311	0.01522585010996454	0.01522585010996454	0.025038064625274994
ETH/USDT	2025-03-28 00:00:00+00:00	(0.1, 0.25)	0.007766679344236034	0.01216045799387471	0.07803210761254682	0.07803210761254682
ETH/USDT	2025-03-29 00:00:00+00:00	(0.25, 0.5)	0.005790339276049949	0.014360251580258162	0.04208767477419248	0.06116111540219731
ETH/USDT	2025-03-30 00:00:00+00:00	(0.05, 0.1)	0.014132247218653422	0.01743979444004038	0.01985621736872314	0.04445780827160153
ETH/USDT	2025-03-31 00:00:00+00:00	(0.5, 0.75)	0.0189706841831713	0.02584900861449314	0.02584900861449314	0.04283471010405956
ETH/USDT	2025-04-01 00:00:00+00:00	(0.1, 0.25)	0.013784626190789703	0.013784626190789703	0.04097524035295659	0.060373589709820444
ETH/USDT	2025-04-02 00:00:00+00:00	(0.1, 0.25)	0.011604357683547138	0.017190861699833162	0.027916738996638595	0.09230356494705448
ETH/USDT	2025-04-03 00:00:00+00:00	(0.75, 1.0)	0.013118218887800796	0.016985631373069777	0.03210671624036603	0.05270525226705617
ETH/USDT	2025-04-04 00:00:00+00:00	(0.5, 0.75)	0.007954376558534754	0.02863025085186143	0.04236462421763617	0.04236462421763617
ETH/USDT	2025-04-05 00:00:00+00:00	(0.1, 0.25)	0.006281857005097171	0.009863617578178737	0.01295495247279239	0.03466042154566737
ETH/USDT	2025-04-06 00:00:00+00:00	(0.25, 0.5)	0.005586716030771363	0.008435497816303471	0.01884408184982375	0.15490943755958056
ETH/USDT	2025-04-07 00:00:00+00:00	(0.75, 1.0)	0.022711613545308335	0.05959884655625595	0.12962844820986555	0.14545002169086688
ETH/USDT	2025-04-08 00:00:00+00:00	(0.75, 1.0)	0.014266578648840915	0.04975357145146102	0.04975357145146102	0.11367758557704025
ETH/USDT	2025-04-09 00:00:00+00:00	(0.5, 0.75)	0.03876671037158198	0.06448953109582195	0.07535718630459172	0.2054243657155216
ETH/USDT	2025-04-10 00:00:00+00:00	(0.75, 1.0)	0.018175239703310545	0.03771332087077125	0.0500150756799132	0.11655309654465415
ETH/USDT	2025-04-11 00:00:00+00:00	(0.25, 0.5)	0.016149523896842037	0.032672333625849634	0.05263330233532849	0.056870423974118796
ETH/USDT	2025-04-12 00:00:00+00:00	(0.25, 0.5)	0.006676695579809918	0.014051147457030403	0.03863265371443212	0.07907691322856318
ETH/USDT	2025-04-13 00:00:00+00:00	(0.1, 0.25)	0.008935780150669898	0.026224572181313806	0.03470506462050256	0.05326259174047387
ETH/USDT	2025-04-14 00:00:00+00:00	(0.5, 0.75)	0.017611392680575814	0.03399148036441644	0.05338142470694314	0.05338142470694314
ETH/USDT	2025-04-15 00:00:00+00:00	(0.5, 0.75)	0.012099191121492535	0.017858356660425567	0.02296250980973749	0.0490579562377572
ETH/USDT	2025-04-16 00:00:00+00:00	(0.5, 0.75)	0.011735058012113971	0.017621534905165884	0.0336135515287787	0.04774235926456944
ETH/USDT	2025-04-17 00:00:00+00:00	(0.5, 0.75)	0.008373660341027008	0.012155109072943213	0.021630900200157	0.034052040842179936
ETH/USDT	2025-04-18 00:00:00+00:00	(0.05, 0.1)	0.0060578467453301	0.007562823285401751	0.012191574660747918	0.017136497578126072
ETH/USDT	2025-04-19 00:00:00+00:00	(0.05, 0.1)	0.0032747035448666157	0.009603697896002973	0.01792900190814458	0.029472331903799255
ETH/USDT	2025-04-20 00:00:00+00:00	(0.0, 0.05)	0.0041016109045848145	0.006369268897149921	0.03320941759603478	0.03320941759603478
ETH/USDT	2025-04-21 00:00:00+00:00	(0.25, 0.5)	0.017155016571256357	0.032822386260921946	0.041170784372803006	0.05943055137089489
ETH/USDT	2025-04-22 00:00:00+00:00	(0.0, 0.05)	0.025571228243834006	0.035831445631000214	0.06402324887848279	0.1527547763627942
ETH/USDT	2025-04-23 00:00:00+00:00	(0.75, 1.0)	0.02453257047771551	0.035679076367241984	0.04846678557792579	0.05123631618237864
ETH/USDT	2025-04-24 00:00:00+00:00	(0.25, 0.5)	0.008331985566814859	0.02499595670044445	0.0445711035140455	0.0445711035140455
ETH/USDT	2025-04-25 00:00:00+00:00	(0.1, 0.25)	0.01503555092613556	0.029380462841356873	0.036286852950500506	0.05022417462977222
ETH/USDT	2025-04-26 00:00:00+00:00	(0.1, 0.25)	0.007059191178522252	0.016618396308015097	0.034721175899419095	0.034721175899419095
ETH/USDT	2025-04-27 00:00:00+00:00	(0.25, 0.5)	0.013476868346819321	0.030800373205585013	0.03666581185855292	0.046072338591312635
ETH/USDT	2025-04-28 00:00:00+00:00	(0.25, 0.5)	0.01174410970895036	0.020620928418725485	0.042532418343929006	0.04672393767149036
ETH/USDT	2025-04-29 00:00:00+00:00	(0.25, 0.5)	0.007167522061399292	0.013161772474268564	0.030638515561140747	0.03476442818298588
ETH/USDT	2025-04-30 00:00:00+00:00	(0.5, 0.75)	0.008205270457697622	0.013420249653259267	0.015478502080443752	0.04721220527045765
ETH/USDT	2025-05-01 00:00:00+00:00	(0.25, 0.5)	0.007646469146803308	0.014479839607930497	0.03688460681666297	0.04464802851414573
ETH/USDT	2025-05-02 00:00:00+00:00	(0.1, 0.25)	0.008530687079382213	0.009080176489469963	0.02110365764089505	0.031554837410979995
ETH/USDT	2025-05-03 00:00:00+00:00	(0.05, 0.1)	0.004741704732471182	0.00894569037156934	0.013806888235901085	0.020965613135554048
ETH/USDT	2025-05-04 00:00:00+00:00	(0.1, 0.25)	0.00618582478569765	0.012589077507623487	0.015192777043958517	0.025520604014806866
ETH/USDT	2025-05-05 00:00:00+00:00	(0.5, 0.75)	0.004959863176188248	0.0202146147692478	0.027419933243220902	0.028523351079970234
ETH/USDT	2025-05-06 00:00:00+00:00	(0.25, 0.5)	0.005008972114887181	0.01563790085537836	0.034985743694750035	0.03798011823375937
ETH/USDT	2025-05-07 00:00:00+00:00	(0.75, 1.0)	0.01695157399623049	0.018023067328245088	0.018023067328245088	0.03461198204287073
ETH/USDT	2025-05-08 00:00:00+00:00	(0.5, 0.75)	0.015705276620140686	0.05946947145597665	0.08820643425723798	0.23003351635024585
ETH/USDT	2025-05-09 00:00:00+00:00	(0.75, 1.0)	0.01401672684063803	0.027740962478863065	0.1400484438553997	0.1400484438553997
ETH/USDT	2025-05-10 00:00:00+00:00	(0.25, 0.5)	0.027098932814568488	0.027098932814568488	0.05053699817382301	0.123928877007624
ETH/USDT	2025-05-11 00:00:00+00:00	(0.75, 1.0)	0.030670329798075727	0.030670329798075727	0.050180767010117526	0.05731457334723147
ETH/USDT	2025-05-12 00:00:00+00:00	(0.25, 0.5)	0.01292421207132512	0.023047781502271023	0.054426086439097854	0.08622885137949497
ETH/USDT	2025-05-13 00:00:00+00:00	(0.5, 0.75)	0.010711633463562674	0.026795227793742483	0.04447709147266791	0.13044460947337827
ETH/USDT	2025-05-14 00:00:00+00:00	(0.25, 0.5)	0.011887859104646735	0.03838399648208809	0.05534376036461062	0.06660555040042318
ETH/USDT	2025-05-15 00:00:00+00:00	(0.1, 0.25)	0.011363983503894996	0.03059416526653442	0.05015274171376208	0.06529708263326714
ETH/USDT	2025-05-16 00:00:00+00:00	(0.5, 0.75)	0.012164012676552347	0.021616651668688133	0.04503697327751482	0.05215384013459045
ETH/USDT	2025-05-17 00:00:00+00:00	(0.75, 1.0)	0.017990405644297068	0.030044649742740067	0.030044649742740067	0.032488718920180217
ETH/USDT	2025-05-18 00:00:00+00:00	(0.25, 0.5)	0.0056532486018088714	0.00793954814333931	0.024516227888015753	0.10661333311827875
ETH/USDT	2025-05-19 00:00:00+00:00	(0.75, 1.0)	0.02421159141024675	0.04190870867481246	0.05457484590608035	0.08021349415269509
ETH/USDT	2025-05-20 00:00:00+00:00	(0.5, 0.75)	0.02093096398804853	0.03062981600880654	0.03776144047806266	0.05748938512344709
ETH/USDT	2025-05-21 00:00:00+00:00	(0.5, 0.75)	0.010616750697846988	0.017964379202381562	0.042226161663619886	0.06465202405252705
ETH/USDT	2025-05-22 00:00:00+00:00	(0.75, 1.0)	0.019682499970681444	0.037156338077721514	0.054821723850811646	0.054821723850811646
ETH/USDT	2025-05-23 00:00:00+00:00	(0.25, 0.5)	0.012707854535622605	0.03344824478392147	0.07997236116744026	0.08859823051387193
ETH/USDT	2025-05-24 00:00:00+00:00	(0.5, 0.75)	0.01150249634513008	0.016412434832979376	0.02394678666987165	0.02394678666987165
ETH/USDT	2025-05-25 00:00:00+00:00	(0.25, 0.5)	0.024730923916689962	0.024730923916689962	0.02986182099484142	0.03773972143175705
ETH/USDT	2025-05-26 00:00:00+00:00	(0.5, 0.75)	0.015761938216027983	0.015761938216027983	0.024396466123214656	0.028705880505983286
ETH/USDT	2025-05-27 00:00:00+00:00	(0.25, 0.5)	0.014891728374874442	0.02493245189874402	0.056662539808607214	0.07899429247743858
ETH/USDT	2025-05-28 00:00:00+00:00	(0.25, 0.5)	0.00730185923826699	0.01578484609492037	0.019498039630039158	0.03043007384877788
ETH/USDT	2025-05-29 00:00:00+00:00	(0.75, 1.0)	0.017362393793867826	0.04180333068401048	0.04180333068401048	0.06304269141358164
ETH/USDT	2025-05-30 00:00:00+00:00	(0.25, 0.5)	0.03337295488442868	0.03337295488442868	0.03488715428934831	0.05370865289249946
ETH/USDT	2025-05-31 00:00:00+00:00	(0.75, 1.0)	0.012672254806512628	0.02365856940453866	0.024980409849690074	0.029686003530184746
ETH/USDT	2025-06-01 00:00:00+00:00	(0.1, 0.25)	0.0053363698401865615	0.015227499960324431	0.0208733395756297	0.03143498754185778
ETH/USDT	2025-06-02 00:00:00+00:00	(0.1, 0.25)	0.005894668774815695	0.022104022174994752	0.026303234379127762	0.05635224490278728
ETH/USDT	2025-06-03 00:00:00+00:00	(0.75, 1.0)	0.005648940154868179	0.023165241054570622	0.023165241054570622	0.030721367364566893
ETH/USDT	2025-06-04 00:00:00+00:00	(0.25, 0.5)	0.011753277541564269	0.022099553999930584	0.02563440329662281	0.037152538191406154
ETH/USDT	2025-06-05 00:00:00+00:00	(0.1, 0.25)	0.005399725411690684	0.011972970692683448	0.0205481028095446	0.09556900373532153
ETH/USDT	2025-06-06 00:00:00+00:00	(0.75, 1.0)	0.01975985707756882	0.031953965681997716	0.04666999044413992	0.062266816236653096
ETH/USDT	2025-06-07 00:00:00+00:00	(0.25, 0.5)	0.010386816576693651	0.014802938669480781	0.01826521086171206	0.03545886268620373
ETH/USDT	2025-06-08 00:00:00+00:00	(0.05, 0.1)	0.005878147589165216	0.007085550877750474	0.014036063229803854	0.02305584240209714
ETH/USDT	2025-06-09 00:00:00+00:00	(0.5, 0.75)	0.006448139729632761	0.011572357140008767	0.027690712605176082	0.08664114527256052
ETH/USDT	2025-06-10 00:00:00+00:00	(0.75, 1.0)	0.014067028312402514	0.019179609125362394	0.05318793193133688	0.06457977260905103
ETH/USDT	2025-06-11 00:00:00+00:00	(0.75, 1.0)	0.018054930371200033	0.022350685300507888	0.028659632308897433	0.04801533995654617
ETH/USDT	2025-06-12 00:00:00+00:00	(0.75, 1.0)	0.00936101083032485	0.013841155234657091	0.026314079422382626	0.0905379061371841
ETH/USDT	2025-06-13 00:00:00+00:00	(0.75, 1.0)	0.04606536375282787	0.05309393362382156	0.05309393362382156	0.057716045777211775
ETH/USDT	2025-06-14 00:00:00+00:00	(0.5, 0.75)	0.009750437095273127	0.011012075121977712	0.022117604912600307	0.03371766565813509
ETH/USDT	2025-06-15 00:00:00+00:00	(0.25, 0.5)	0.003858277346230978	0.00639890169282897	0.01760684232743287	0.026633159881805823
ETH/USDT	2025-06-16 00:00:00+00:00	(0.75, 1.0)	0.011562852615893853	0.02522125111559318	0.04861430554081207	0.06506414414839463
ETH/USDT	2025-06-17 00:00:00+00:00	(0.75, 1.0)	0.025209951628405315	0.03555390990593528	0.03555390990593528	0.06491562544314358
ETH/USDT	2025-06-18 00:00:00+00:00	(0.25, 0.5)	0.012817661124395256	0.012817661124395256	0.02389161191919356	0.03282465185373483
ETH/USDT	2025-06-19 00:00:00+00:00	(0.5, 0.75)	0.01617298860620701	0.01617298860620701	0.01617298860620701	0.024583260499928355
ETH/USDT	2025-06-20 00:00:00+00:00	(0.25, 0.5)	0.005383404400072652	0.007242478660200938	0.025852998647226868	0.07975824123664033
ETH/USDT	2025-06-21 00:00:00+00:00	(0.5, 0.75)	0.009473811499505984	0.014661056880397429	0.021620472106046795	0.09707320937873987
ETH/USDT	2025-06-22 00:00:00+00:00	(0.75, 1.0)	0.017791814712462144	0.029929376672369182	0.03440364960301787	0.0888669561784446
ETH/USDT	2025-06-23 00:00:00+00:00	(0.75, 1.0)	0.015664343197231628	0.015897737422519882	0.022742471914146866	0.11251396999088858
ETH/USDT	2025-06-24 00:00:00+00:00	(0.75, 1.0)	0.0070377452610576536	0.011631193880944472	0.030358330562021845	0.04403475224476216
ETH/USDT	2025-06-25 00:00:00+00:00	(0.1, 0.25)	0.010673054204450203	0.013064307188424282	0.024873919455103897	0.03218211000578463
ETH/USDT	2025-06-26 00:00:00+00:00	(0.25, 0.5)	0.004742427181661062	0.04289647145256966	0.04289647145256966	0.05225337521307899
ETH/USDT	2025-06-27 00:00:00+00:00	(0.5, 0.75)	0.01634933774834437	0.02744619205298011	0.03353062913907275	0.03353062913907275
ETH/USDT	2025-06-28 00:00:00+00:00	(0.1, 0.25)	0.00437264716832818	0.00718570305712981	0.01160385554130649	0.0173706201133497
ETH/USDT	2025-06-29 00:00:00+00:00	(0.0, 0.05)	0.0044255605915540334	0.007445789964620125	0.016120217456514867	0.04643345838863572
ETH/USDT	2025-06-30 00:00:00+00:00	(0.75, 1.0)	0.009465849911207875	0.011624797972743824	0.03097551728954261	0.03723287507233082
ETH/USDT	2025-07-01 00:00:00+00:00	(0.5, 0.75)	0.008527467590809815	0.009369785650109153	0.024387113335900473	0.045838146579386556
ETH/USDT	2025-07-02 00:00:00+00:00	(0.25, 0.5)	0.005030511234531542	0.024678998550248972	0.03613576980114725	0.1023050624971442
ETH/USDT	2025-07-03 00:00:00+00:00	(0.25, 0.5)	0.006778462745646369	0.012205117448035051	0.02363333372178398	0.030835207607416343
ETH/USDT	2025-07-04 00:00:00+00:00	(0.0, 0.05)	0.006575674247654057	0.01219103008612017	0.029233789323881917	0.049724438753668804
ETH/USDT	2025-07-05 00:00:00+00:00	(0.5, 0.75)	0.0034082322529330536	0.010455358918273996	0.012400079538675616	0.016647444820043798
ETH/USDT	2025-07-06 00:00:00+00:00	(0.25, 0.5)	0.0032816620723397655	0.004522727001515669	0.009212520435804667	0.04037438792030136
ETH/USDT	2025-07-07 00:00:00+00:00	(0.75, 1.0)	0.008176367034939964	0.015587171186855684	0.015587171186855684	0.030533134882853398
ETH/USDT	2025-07-08 00:00:00+00:00	(0.1, 0.25)	0.00792495044452733	0.012156300904755285	0.024253724020175442	0.04106529546837277
ETH/USDT	2025-07-09 00:00:00+00:00	(0.05, 0.1)	0.008991923742969596	0.014152606010451475	0.02411383384671954	0.07890824942914486
ETH/USDT	2025-07-10 00:00:00+00:00	(0.5, 0.75)	0.006103859517325604	0.015349942573156021	0.024444332078851695	0.08830731668556817
ETH/USDT	2025-07-11 00:00:00+00:00	(0.75, 1.0)	0.010645416594485766	0.020805097843403002	0.04293492844744721	0.04293492844744721
ETH/USDT	2025-07-12 00:00:00+00:00	(0.75, 1.0)	0.010900740019210743	0.01313973781403463	0.016160017316720173	0.02568083120256514
ETH/USDT	2025-07-13 00:00:00+00:00	(0.1, 0.25)	0.003742848304160041	0.007546887588769353	0.010018323299145638	0.027811300614289432
ETH/USDT	2025-07-14 00:00:00+00:00	(0.5, 0.75)	0.006560538011145927	0.029712216440647882	0.040374350412679026	0.040374350412679026
ETH/USDT	2025-07-15 00:00:00+00:00	(0.1, 0.25)	0.013639387890884896	0.030186294078509576	0.030186294078509576	0.07041916167664665
ETH/USDT	2025-07-16 00:00:00+00:00	(0.75, 1.0)	0.011071861316442522	0.016518037453279632	0.02372083779434675	0.10385880331578846
ETH/USDT	2025-07-17 00:00:00+00:00	(0.5, 0.75)	0.007166504150822558	0.025906705038188708	0.05021295009232285	0.0630314490386867
ETH/USDT	2025-07-18 00:00:00+00:00	(0.75, 1.0)	0.033884678558049774	0.04618044549462588	0.05980174624672224	0.05980174624672224
ETH/USDT	2025-07-19 00:00:00+00:00	(0.75, 1.0)	0.016384444769700187	0.028572152354789014	0.028572152354789014	0.028572152354789014
ETH/USDT	2025-07-20 00:00:00+00:00	(0.25, 0.5)	0.010689382884152299	0.03232764032779649	0.052266645832926346	0.0684806901920517
ETH/USDT	2025-07-21 00:00:00+00:00	(0.25, 0.5)	0.01180977896851974	0.017486939048894836	0.03643402545210979	0.04259611520428661
ETH/USDT	2025-07-22 00:00:00+00:00	(0.25, 0.5)	0.016533544837791844	0.027272896644052438	0.048469476020770765	0.048469476020770765
ETH/USDT	2025-07-23 00:00:00+00:00	(0.5, 0.75)	0.01305120396486852	0.013848673471026167	0.033247520619135995	0.06347643183241361
ETH/USDT	2025-07-24 00:00:00+00:00	(0.75, 1.0)	0.009086589199971233	0.014225250164381836	0.04488316453108338	0.07408236223691993
ETH/USDT	2025-07-25 00:00:00+00:00	(0.25, 0.5)	0.011108035345969257	0.03189930306780433	0.047015784102998275	0.047015784102998275
ETH/USDT	2025-07-26 00:00:00+00:00	(0.75, 1.0)	0.004020108621019227	0.018705756590904878	0.02293319834241203	0.025671611247687735
ETH/USDT	2025-07-27 00:00:00+00:00	(0.05, 0.1)	0.009618627057406556	0.0146527498996387	0.02941255185333859	0.039812658905392685
ETH/USDT	2025-07-28 00:00:00+00:00	(0.5, 0.75)	0.009857344185171786	0.01659207960075955	0.025248816783764495	0.04817886467922409
ETH/USDT	2025-07-29 00:00:00+00:00	(0.25, 0.5)	0.02026338727801636	0.02370012917318658	0.04075519055670493	0.04473803047647055
ETH/USDT	2025-07-30 00:00:00+00:00	(0.25, 0.5)	0.009197198602997312	0.01919426838185798	0.02372423187288657	0.04128180015891833
ETH/USDT	2025-07-31 00:00:00+00:00	(0.5, 0.75)	0.011776410951064542	0.016504301303910653	0.019305333511843343	0.05776636713735563
ETH/USDT	2025-08-01 00:00:00+00:00	(0.75, 1.0)	0.02258018671972373	0.029341670857292817	0.03780582460589892	0.07987788879900298
ETH/USDT	2025-08-02 00:00:00+00:00	(0.75, 1.0)	0.011967191457831969	0.014698364742304838	0.023747709662781964	0.04864992159723382
ETH/USDT	2025-08-03 00:00:00+00:00	(0.25, 0.5)	0.01862155771741807	0.028823418696843794	0.04765083697020308	0.04926243103671369
ETH/USDT	2025-08-04 00:00:00+00:00	(0.05, 0.1)	0.020377550408151066	0.0225918804090368	0.0225918804090368	0.06849565562739827
ETH/USDT	2025-08-05 00:00:00+00:00	(0.5, 0.75)	0.005429221685569536	0.02062618283329241	0.02966228675253707	0.04465406597678747
ETH/USDT	2025-08-06 00:00:00+00:00	(0.25, 0.5)	0.00938174833598877	0.011263649333562768	0.027148781205415865	0.037307715794090014
ETH/USDT	2025-08-07 00:00:00+00:00	(0.0, 0.05)	0.005008301804621693	0.01877568796102235	0.05335746754130481	0.07625139497536675
ETH/USDT	2025-08-08 00:00:00+00:00	(0.5, 0.75)	0.01400385995628114	0.022796267002493088	0.022796267002493088	0.0488893666907274
ETH/USDT	2025-08-09 00:00:00+00:00	(0.25, 0.5)	0.004804924549226737	0.013300768837771464	0.05981732314862108	0.07964262127574727
ETH/USDT	2025-08-10 00:00:00+00:00	(0.1, 0.25)	0.016800320675857204	0.02954765482338219	0.040459541630430536	0.042084018012231786
ETH/USDT	2025-08-11 00:00:00+00:00	(0.25, 0.5)	0.008534177888314395	0.02378605025447242	0.04230382802702136	0.04698621402033416
ETH/USDT	2025-08-12 00:00:00+00:00	(0.5, 0.75)	0.013643525112731352	0.01844804901842666	0.023455714052877934	0.09606213284012542
ETH/USDT	2025-08-13 00:00:00+00:00	(0.75, 1.0)	0.015309787716141682	0.024019481238239323	0.032863737680439126	0.04764395519488844
ETH/USDT	2025-08-14 00:00:00+00:00	(0.1, 0.25)	0.011874990767178751	0.015120723093448736	0.02367611896516422	0.07104946048669104
ETH/USDT	2025-08-15 00:00:00+00:00	(0.5, 0.75)	0.011755739902064764	0.02467654195537731	0.028325026060600784	0.06672170782343616
ETH/USDT	2025-08-16 00:00:00+00:00	(0.5, 0.75)	0.010344379583626466	0.014983446304650788	0.026405272094367285	0.026405272094367285
ETH/USDT	2025-08-17 00:00:00+00:00	(0.0, 0.05)	0.006602930361486538	0.016321774056683853	0.04118798438649102	0.04118798438649102
ETH/USDT	2025-08-18 00:00:00+00:00	(0.25, 0.5)	0.008853569905009373	0.04448003144759433	0.0561545041755169	0.0561545041755169
ETH/USDT	2025-08-19 00:00:00+00:00	(0.25, 0.5)	0.020780658127494835	0.03733109203226723	0.03733109203226723	0.06660461411649204
ETH/USDT	2025-08-20 00:00:00+00:00	(0.5, 0.75)	0.011640852360397734	0.025254399499990136	0.04443446161057833	0.07763823512177973
ETH/USDT	2025-08-21 00:00:00+00:00	(0.1, 0.25)	0.006090542984644	0.014411197335908607	0.01943415845138104	0.03150871781333305
ETH/USDT	2025-08-22 00:00:00+00:00	(0.1, 0.25)	0.008045803186185363	0.021890255717128066	0.031176601244795533	0.16072702870024239
ETH/USDT	2025-08-23 00:00:00+00:00	(0.25, 0.5)	0.005716914864603228	0.034719952365982576	0.034719952365982576	0.034719952365982576
ETH/USDT	2025-08-24 00:00:00+00:00	(0.1, 0.25)	0.010912777208787082	0.01337290721735668	0.02035825512614168	0.05137219655958024
ETH/USDT	2025-08-25 00:00:00+00:00	(0.75, 1.0)	0.02631480035247893	0.02631480035247893	0.05764532443505252	0.09644931863836263
ETH/USDT	2025-08-26 00:00:00+00:00	(0.75, 1.0)	0.01916678886974366	0.032234116655057446	0.035474025735967966	0.07387634270630937
ETH/USDT	2025-08-27 00:00:00+00:00	(0.25, 0.5)	0.009677517745020734	0.02272539117476621	0.023363732619901587	0.03973838893948186
ETH/USDT	2025-08-28 00:00:00+00:00	(0.75, 1.0)	0.012025392103480775	0.018508435260317733	0.03681766468788877	0.04514668189484594
ETH/USDT	2025-08-29 00:00:00+00:00	(0.25, 0.5)	0.011235180436731041	0.01749547990810816	0.04334173229046907	0.05525520449940956
ETH/USDT	2025-08-30 00:00:00+00:00	(0.25, 0.5)	0.007803372492019398	0.028612365804071612	0.03643183720780472	0.03643183720780472
ETH/USDT	2025-08-31 00:00:00+00:00	(0.1, 0.25)	0.02140582077701617	0.026302099969883034	0.026302099969883034	0.0288095607494548
ETH/USDT	2025-09-01 00:00:00+00:00	(0.5, 0.75)	0.011579297674567071	0.016468587735973778	0.03035462738823016	0.06410326545311991
ETH/USDT	2025-09-02 00:00:00+00:00	(0.75, 1.0)	0.0065188745238665595	0.024167478136787296	0.029236164531280178	0.036935640929700586
ETH/USDT	2025-09-03 00:00:00+00:00	(0.25, 0.5)	0.009004065605349054	0.016702321747747325	0.023766195278711728	0.04802091147352744
ETH/USDT	2025-09-04 00:00:00+00:00	(0.0, 0.05)	0.006954455267966335	0.021114461545359838	0.028418657310361112	0.04858702597271582
ETH/USDT	2025-09-05 00:00:00+00:00	(0.25, 0.5)	0.005395854886142842	0.010384870218182046	0.032000836927082645	0.05439328598495862
ETH/USDT	2025-09-06 00:00:00+00:00	(0.1, 0.25)	0.006156319403789504	0.006156319403789504	0.010040608476671093	0.02167489058013441
ETH/USDT	2025-09-07 00:00:00+00:00	(0.0, 0.05)	0.005716903429674617	0.007631107807803511	0.010265183917878546	0.01524118040266073
ETH/USDT	2025-09-08 00:00:00+00:00	(0.25, 0.5)	0.0061730833122297	0.012074337212517222	0.013654200461413102	0.024408887195440793
ETH/USDT	2025-09-09 00:00:00+00:00	(0.1, 0.25)	0.006206926967635258	0.009115408452469546	0.02439828322992316	0.02439828322992316
ETH/USDT	2025-09-10 00:00:00+00:00	(0.1, 0.25)	0.0060586098598540295	0.00950774954653202	0.01185047387978327	0.039077105784441374
ETH/USDT	2025-09-11 00:00:00+00:00	(0.25, 0.5)	0.010124149311037072	0.016058518643138207	0.02907956203202031	0.03278767863604004
ETH/USDT	2025-09-12 00:00:00+00:00	(0.25, 0.5)	0.01980857765931669	0.01980857765931669	0.025193172333952553	0.06678916619551455
ETH/USDT	2025-09-13 00:00:00+00:00	(0.5, 0.75)	0.007269399785067482	0.01649447240458366	0.01649447240458366	0.03497653831011985
ETH/USDT	2025-09-14 00:00:00+00:00	(0.1, 0.25)	0.005766849914363296	0.008963527935117075	0.014044000829639382	0.024690328498758612
ETH/USDT	2025-09-15 00:00:00+00:00	(0.1, 0.25)	0.007590009025369018	0.015275708708937243	0.037419396931374464	0.04442656285680105
ETH/USDT	2025-09-16 00:00:00+00:00	(0.1, 0.25)	0.006034818645508691	0.007803644800226693	0.011228393312553188	0.025292664352507793
ETH/USDT	2025-09-17 00:00:00+00:00	(0.25, 0.5)	0.004186463250056122	0.012706127176883197	0.020825598121760956	0.0455263982853955
ETH/USDT	2025-09-18 00:00:00+00:00	(0.75, 1.0)	0.006179525303061404	0.013934862116492804	0.01970198495816295	0.01970198495816295
ETH/USDT	2025-09-19 00:00:00+00:00	(0.0, 0.05)	0.005048491226694049	0.019196032674654563	0.024575715384498053	0.04031384750811102
ETH/USDT	2025-09-20 00:00:00+00:00	(0.1, 0.25)	0.00340931970202004	0.004800787454419372	0.006791794367016528	0.012138430907586008
ETH/USDT	2025-09-21 00:00:00+00:00	(0.05, 0.1)	0.003464267629731524	0.007138220486246657	0.010685023790350384	0.013004945448380668
ETH/USDT	2025-09-22 00:00:00+00:00	(0.5, 0.75)	0.029190945638324323	0.04276394884505861	0.08424700169213094	0.08424700169213094
ETH/USDT	2025-09-23 00:00:00+00:00	(0.5, 0.75)	0.008549671331132868	0.023109083817695816	0.027263819788624397	0.027263819788624397
ETH/USDT	2025-09-24 00:00:00+00:00	(0.25, 0.5)	0.006049286217793381	0.028922924948570305	0.02987479440099368	0.03192718798102971
ETH/USDT	2025-09-25 00:00:00+00:00	(0.1, 0.25)	0.010003846708659826	0.03308409866807705	0.0465475789777371	0.08285089195557044
ETH/USDT	2025-09-26 00:00:00+00:00	(0.5, 0.75)	0.01882898354292929	0.026709689674734693	0.028065068449195096	0.051506960434748034
ETH/USDT	2025-09-27 00:00:00+00:00	(0.1, 0.25)	0.003837979592090395	0.006636920667669316	0.014780198610472424	0.0164133285275731
ETH/USDT	2025-09-28 00:00:00+00:00	(0.25, 0.5)	0.006881048331825566	0.009340879807201056	0.011788250130219087	0.04495485324500872
ETH/USDT	2025-09-29 00:00:00+00:00	(0.75, 1.0)	0.006279624576101285	0.00996811845721366	0.01375329631948257	0.03712906586354499
ETH/USDT	2025-09-30 00:00:00+00:00	(0.5, 0.75)	0.01203177452055712	0.01352506303149444	0.02635215019301169	0.03629949337397739
ETH/USDT	2025-10-01 00:00:00+00:00	(0.5, 0.75)	0.007858479825560061	0.012183296991683282	0.04966906585878859	0.06218040252397583
ETH/USDT	2025-10-02 00:00:00+00:00	(0.5, 0.75)	0.01073301956378268	0.015158677417955225	0.020694175167446704	0.04202091340280114
ETH/USDT	2025-10-03 00:00:00+00:00	(0.25, 0.5)	0.0033457390502576595	0.022153492213044083	0.02954097355411481	0.0366106656342246
ETH/USDT	2025-10-04 00:00:00+00:00	(0.25, 0.5)	0.005099030762747528	0.010504136447312901	0.012145407767205674	0.017284361345842547
ETH/USDT	2025-10-05 00:00:00+00:00	(0.1, 0.25)	0.005966068126922245	0.02407615156266375	0.033704381881887444	0.033704381881887444
ETH/USDT	2025-10-06 00:00:00+00:00	(0.25, 0.5)	0.014201484529696037	0.014201484529696037	0.023318842022588666	0.05479706633922948
ETH/USDT	2025-10-07 00:00:00+00:00	(0.25, 0.5)	0.005738497910264135	0.007534581550953408	0.01965227308159677	0.06931686887735156
ETH/USDT	2025-10-08 00:00:00+00:00	(0.5, 0.75)	0.010493186505101705	0.01980024531277386	0.02173893509095902	0.03322954715980826
ETH/USDT	2025-10-09 00:00:00+00:00	(0.1, 0.25)	0.0069785926357250885	0.029523963450949563	0.04683096174836781	0.05899479040974878
ETH/USDT	2025-10-10 00:00:00+00:00	(0.5, 0.75)	0.0052191038897094946	0.011599280913286054	0.01837564265512459	0.21953442570391493
ETH/USDT	2025-10-11 00:00:00+00:00	(0.75, 1.0)	0.018807198448102604	0.03826790894226624	0.03826790894226624	0.05966332505895816
ETH/USDT	2025-10-12 00:00:00+00:00	(0.75, 1.0)	0.018545455519570108	0.03334592377691878	0.046038162438152834	0.1347338192708794
ETH/USDT	2025-10-13 00:00:00+00:00	(0.25, 0.5)	0.014823225383417413	0.023226829820983546	0.04305461137548162	0.06019690373220322
ETH/USDT	2025-10-14 00:00:00+00:00	(0.25, 0.5)	0.014251624491645666	0.029681049682418668	0.08842710499420549	0.08842710499420549
ETH/USDT	2025-10-15 00:00:00+00:00	(0.5, 0.75)	0.008969176658750692	0.020811406653719153	0.03828064043324289	0.07069850197735114
ETH/USDT	2025-10-16 00:00:00+00:00	(0.25, 0.5)	0.008530457657041303	0.015282898343702998	0.036674429249007864	0.06549993209836176
ETH/USDT	2025-10-17 00:00:00+00:00	(0.5, 0.75)	0.013124119380043556	0.013124119380043556	0.0706929678493659	0.0706929678493659
ETH/USDT	2025-10-18 00:00:00+00:00	(0.5, 0.75)	0.008746294663530552	0.01653763941614625	0.028428728032881635	0.028428728032881635
ETH/USDT	2025-10-19 00:00:00+00:00	(0.0, 0.05)	0.008712752019891423	0.013505409113255545	0.03309044016771724	0.05248242649500274
ETH/USDT	2025-10-20 00:00:00+00:00	(0.5, 0.75)	0.013094708534686684	0.035113836261803144	0.04462715085832141	0.04462715085832141
ETH/USDT	2025-10-21 00:00:00+00:00	(0.1, 0.25)	0.007909983579721619	0.029960071734672564	0.03670474523345309	0.06804200160923779
ETH/USDT	2025-10-22 00:00:00+00:00	(0.75, 1.0)	0.01662528144097784	0.01662528144097784	0.029908009006111295	0.045352203280797684
ETH/USDT	2025-10-23 00:00:00+00:00	(0.75, 1.0)	0.008673454663752763	0.008673454663752763	0.02685202918436467	0.034628229917384484
ETH/USDT	2025-10-24 00:00:00+00:00	(0.25, 0.5)	0.008078654715963342	0.01396842192622092	0.03717477903647446	0.04681988879206599
ETH/USDT	2025-10-25 00:00:00+00:00	(0.0, 0.05)	0.004226579298678192	0.006850676150781082	0.012272111200562544	0.0144758430229595
ETH/USDT	2025-10-26 00:00:00+00:00	(0.0, 0.05)	0.00357259508141508	0.010846915186947163	0.0351258763745376	0.0657676521897652
ETH/USDT	2025-10-27 00:00:00+00:00	(0.75, 1.0)	0.00642917824590706	0.015102209295070316	0.028970899508992273	0.038090301276236346
ETH/USDT	2025-10-28 00:00:00+00:00	(0.75, 1.0)	0.006407176037161753	0.01779690222746444	0.018578383547148608	0.059271232264985325
ETH/USDT	2025-10-29 00:00:00+00:00	(0.75, 1.0)	0.0071367091339337605	0.011124132064250438	0.018092711974564784	0.04925684373768829
ETH/USDT	2025-10-30 00:00:00+00:00	(0.5, 0.75)	0.005824298204068048	0.01691222590596637	0.02796687190384142	0.06880096260928553
ETH/USDT	2025-10-31 00:00:00+00:00	(0.75, 1.0)	0.01367124998032722	0.016493633897985013	0.02252661067364746	0.02727167805937505
ETH/USDT	2025-11-01 00:00:00+00:00	(0.25, 0.5)	0.005528958734453869	0.009848051204662514	0.0135140760784722	0.020396003538533557
ETH/USDT	2025-11-02 00:00:00+00:00	(0.0, 0.05)	0.00227368442810382	0.0064955030139237	0.016657322168164748	0.02043990626219202
ETH/USDT	2025-11-03 00:00:00+00:00	(0.5, 0.75)	0.016448176347783363	0.050810512096278994	0.06432160546890987	0.09094467640918576
ETH/USDT	2025-11-04 00:00:00+00:00	(0.5, 0.75)	0.0192371309987462	0.02426046852977724	0.053997403543301556	0.1661120701877288
ETH/USDT	2025-11-05 00:00:00+00:00	(0.75, 1.0)	0.026963188403139934	0.05575366450631149	0.05742816895383197	0.0958867692758991
ETH/USDT	2025-11-06 00:00:00+00:00	(0.5, 0.75)	0.009357160440281884	0.022087353034263645	0.027974774056664604	0.06183696913573017
ETH/USDT	2025-11-07 00:00:00+00:00	(0.25, 0.5)	0.011509082468695125	0.026867588277496128	0.04359765839306912	0.08404222609408635
ETH/USDT	2025-11-08 00:00:00+00:00	(0.25, 0.5)	0.012517441979020178	0.017994004911428243	0.026074848302119903	0.03857481188880249
ETH/USDT	2025-11-09 00:00:00+00:00	(0.1, 0.25)	0.007547559661732416	0.013374263913691559	0.022571837596115606	0.07809967973788691
ETH/USDT	2025-11-10 00:00:00+00:00	(0.1, 0.25)	0.02097812241614335	0.02260385706943174	0.02260385706943174	0.042369661891885804
ETH/USDT	2025-11-11 00:00:00+00:00	(0.25, 0.5)	0.011042896651825078	0.026740005772232154	0.0325234461907471	0.06809832969533268
ETH/USDT	2025-11-12 00:00:00+00:00	(0.25, 0.5)	0.008752216584440984	0.012919102714913616	0.04627760123133828	0.06336359007672454
ETH/USDT	2025-11-13 00:00:00+00:00	(0.1, 0.25)	0.014463989321062012	0.02804392181659046	0.05508083850740772	0.1204951889159181
ETH/USDT	2025-11-14 00:00:00+00:00	(0.75, 1.0)	0.01689088562351074	0.020378276409849176	0.04567737291501199	0.05792978057982527
ETH/USDT	2025-11-15 00:00:00+00:00	(0.75, 1.0)	0.010475317949598812	0.02417307655602841	0.02417307655602841	0.035624988070925435
ETH/USDT	2025-11-16 00:00:00+00:00	(0.25, 0.5)	0.00898358020511291	0.024751519677489724	0.03709247170282981	0.07752649349252107
ETH/USDT	2025-11-17 00:00:00+00:00	(0.5, 0.75)	0.023590956530730355	0.03616676844931704	0.04988319229166065	0.08527770507588464
ETH/USDT	2025-11-18 00:00:00+00:00	(0.5, 0.75)	0.01854646832798388	0.03410401576515724	0.04214477317814228	0.07361577042978504
ETH/USDT	2025-11-19 00:00:00+00:00	(0.5, 0.75)	0.010104948395807115	0.02032589747472955	0.042955697405773596	0.08116825576861733
ETH/USDT	2025-11-20 00:00:00+00:00	(0.75, 1.0)	0.011419401045120578	0.014357144751850242	0.02311069259131551	0.09071858669991244
ETH/USDT	2025-11-21 00:00:00+00:00	(0.75, 1.0)	0.008260848267705952	0.039848708564550736	0.07827687312372722	0.09207644346164875
ETH/USDT	2025-11-22 00:00:00+00:00	(0.5, 0.75)	0.00712513816431381	0.01839790602306396	0.028727376156169767	0.03408833155114881
ETH/USDT	2025-11-23 00:00:00+00:00	(0.5, 0.75)	0.0075888150437732095	0.024004260387393006	0.0301717468667801	0.032327128664418815
ETH/USDT	2025-11-24 00:00:00+00:00	(0.5, 0.75)	0.01457033695253308	0.03859880127499441	0.04416071261539347	0.08058655499672618
ETH/USDT	2025-11-25 00:00:00+00:00	(0.1, 0.25)	0.00645339066656681	0.015791586438694515	0.029161025194418107	0.04201337624254135
ETH/USDT	2025-11-26 00:00:00+00:00	(0.5, 0.75)	0.00891862893426612	0.021286245680303496	0.03161628572105502	0.05290591608027103
ETH/USDT	2025-11-27 00:00:00+00:00	(0.0, 0.05)	0.013680122161731522	0.020538441110078305	0.020538441110078305	0.02841256141282688
ETH/USDT	2025-11-28 00:00:00+00:00	(0.25, 0.5)	0.009281566285050539	0.009825783972125328	0.027678778828604565	0.03472374315579886
ETH/USDT	2025-11-29 00:00:00+00:00	(0.1, 0.25)	0.006172900538192562	0.011505390164885276	0.02193307692561201	0.02990214980406891
ETH/USDT	2025-11-30 00:00:00+00:00	(0.0, 0.05)	0.0060459653524810785	0.01234217761524697	0.014407548781464323	0.049048394415823614
ETH/USDT	2025-12-01 00:00:00+00:00	(0.75, 1.0)	0.032276311278711035	0.03825162838532752	0.04047651696948926	0.07155982173465898
ETH/USDT	2025-12-02 00:00:00+00:00	(0.75, 1.0)	0.01513974738454607	0.01513974738454607	0.01872246301857212	0.09004033686832721
ETH/USDT	2025-12-03 00:00:00+00:00	(0.25, 0.5)	0.008973679208475426	0.020815200899035297	0.033340336204510525	0.0765013655598795
ETH/USDT	2025-12-04 00:00:00+00:00	(0.5, 0.75)	0.019992190796475715	0.02083293972428469	0.022004320252917466	0.05478408182030016
ETH/USDT	2025-12-05 00:00:00+00:00	(0.25, 0.5)	0.007862708932981998	0.01910791440369142	0.027286535749159086	0.06709149972238
ETH/USDT	2025-12-06 00:00:00+00:00	(0.1, 0.25)	0.005985920161215462	0.011176369204661545	0.011176369204661545	0.018700200193564664
ETH/USDT	2025-12-07 00:00:00+00:00	(0.0, 0.05)	0.005342359206918384	0.00830191415313227	0.0111856675806792	0.07991457498418056
ETH/USDT	2025-12-08 00:00:00+00:00	(0.75, 1.0)	0.013773842498391987	0.030803260826758775	0.04582748073565523	0.04582748073565523
ETH/USDT	2025-12-09 00:00:00+00:00	(0.1, 0.25)	0.0117725966145002	0.016831683168316774	0.016831683168316774	0.09806770999680604
ETH/USDT	2025-12-10 00:00:00+00:00	(0.25, 0.5)	0.006140266429198863	0.011101216621138669	0.026444361544663623	0.047936798276754275
ETH/USDT	2025-12-11 00:00:00+00:00	(0.75, 1.0)	0.020442427816625964	0.04720052475116441	0.04720052475116441	0.053756905412399004
ETH/USDT	2025-12-12 00:00:00+00:00	(0.5, 0.75)	0.019130402481380416	0.024857141088266123	0.024857141088266123	0.06816057155946832
ETH/USDT	2025-12-13 00:00:00+00:00	(0.1, 0.25)	0.0032814896798121487	0.004760425363908804	0.018472133227186504	0.018472133227186504
ETH/USDT	2025-12-14 00:00:00+00:00	(0.0, 0.05)	0.0048067191250229045	0.007068704595621902	0.025553367113173093	0.03376912968181187
ETH/USDT	2025-12-15 00:00:00+00:00	(0.25, 0.5)	0.00822468385452409	0.030787831258373442	0.03947325425611874	0.09245172041956665
ETH/USDT	2025-12-16 00:00:00+00:00	(0.5, 0.75)	0.013755783490366024	0.018729416835597458	0.03443491847551579	0.03565054585373406
ETH/USDT	2025-12-17 00:00:00+00:00	(0.1, 0.25)	0.004347222081041953	0.012160701518986442	0.02226468923969357	0.08128593743117467
ETH/USDT	2025-12-18 00:00:00+00:00	(0.25, 0.5)	0.00591841346968763	0.009290779140064391	0.015226848974518295	0.07846841629470593
ETH/USDT	2025-12-19 00:00:00+00:00	(0.5, 0.75)	0.0067241031877624275	0.04533289967227952	0.0621148753990447	0.07472522033634653
ETH/USDT	2025-12-20 00:00:00+00:00	(0.05, 0.1)	0.0031917324051551517	0.010159788203356957	0.010159788203356957	0.010159788203356957
ETH/USDT	2025-12-21 00:00:00+00:00	(0.0, 0.05)	0.0028313959151319594	0.00672078674517093	0.017458595452972972	0.034352926951328945
ETH/USDT	2025-12-22 00:00:00+00:00	(0.5, 0.75)	0.015047938008931042	0.028917126346204414	0.028917126346204414	0.03741791436826899
ETH/USDT	2025-12-23 00:00:00+00:00	(0.5, 0.75)	0.008876437727020473	0.02134532366928208	0.030241700979365852	0.04481753619865146
ETH/USDT	2025-12-24 00:00:00+00:00	(0.5, 0.75)	0.0073409241325284105	0.01928765347056198	0.02154328241284769	0.030204492348420476
ETH/USDT	2025-12-25 00:00:00+00:00	(0.05, 0.1)	0.004075533215595707	0.006792555359326179	0.015245890504007565	0.02725852465697603
ETH/USDT	2025-12-26 00:00:00+00:00	(0.75, 1.0)	0.006356581143633885	0.034457006177619424	0.034457006177619424	0.034457006177619424
ETH/USDT	2025-12-27 00:00:00+00:00	(0.0, 0.05)	0.0022026958264891325	0.004326845910328107	0.008038986008612699	0.014944181297234084
ETH/USDT	2025-12-28 00:00:00+00:00	(0.25, 0.5)	0.0025952173367303284	0.0033042374980070213	0.007253038778992685	0.012446865893416308
ETH/USDT	2025-12-29 00:00:00+00:00	(0.25, 0.5)	0.011181994851602093	0.035241767820138395	0.049008136368107066	0.05003578102689859
ETH/USDT	2025-12-30 00:00:00+00:00	(0.05, 0.1)	0.002943678747660247	0.012441721966989942	0.02866088140207582	0.03075038284839208
ETH/USDT	2025-12-31 00:00:00+00:00	(0.1, 0.25)	0.0030710108041598974	0.007743262148359236	0.01407406158876772	0.023317433295690162
ETH/USDT	2026-01-01 00:00:00+00:00	(0.1, 0.25)	0.0035649246359476545	0.004351156836524121	0.006790492638313041	0.012435236642452581
ETH/USDT	2026-01-02 00:00:00+00:00	(0.25, 0.5)	0.003686678955596501	0.014170047233490852	0.025740085800286087	0.05250684168947245
ETH/USDT	2026-01-03 00:00:00+00:00	(0.1, 0.25)	0.004618088846276708	0.005576861617130015	0.019402364972834783	0.02652604666027485
ETH/USDT	2026-01-04 00:00:00+00:00	(0.5, 0.75)	0.008878737726217155	0.009409238334545721	0.013094152739702032	0.015397224242924742
ETH/USDT	2026-01-05 00:00:00+00:00	(0.25, 0.5)	0.0172648320602699	0.024503695530168335	0.0271132376395535	0.041422913872427275
ETH/USDT	2026-01-06 00:00:00+00:00	(0.5, 0.75)	0.0073261553381158105	0.01366388581517078	0.01567181808009352	0.039036565503350745
ETH/USDT	2026-01-07 00:00:00+00:00	(0.75, 1.0)	0.010501370471436084	0.015344412705076388	0.028489378466106337	0.05003057322515584
ETH/USDT	2026-01-08 00:00:00+00:00	(0.5, 0.75)	0.00637510672611702	0.01607374379407391	0.0298358789488663	0.04102710052809657
ETH/USDT	2026-01-09 00:00:00+00:00	(0.25, 0.5)	0.004242354120868613	0.021555658400503847	0.026022985845963915	0.028835152403357822
ETH/USDT	2026-01-10 00:00:00+00:00	(0.25, 0.5)	0.0025026176992126656	0.004703754250722167	0.00847064773062501	0.00847064773062501
ETH/USDT	2026-01-11 00:00:00+00:00	(0.1, 0.25)	0.002273220363132375	0.003743365726183789	0.007376632460421096	0.019516665425354497
ETH/USDT	2026-01-12 00:00:00+00:00	(0.25, 0.5)	0.012851292190368726	0.023831379748623076	0.023831379748623076	0.03400264472146962
ETH/USDT	2026-01-13 00:00:00+00:00	(0.5, 0.75)	0.004792404393789764	0.009559008494746375	0.01817953133768065	0.0889561846526958
ETH/USDT	2026-01-14 00:00:00+00:00	(0.75, 1.0)	0.006424837503525965	0.014851247456772571	0.025255222993776177	0.036733505782653796
ETH/USDT	2026-01-15 00:00:00+00:00	(0.5, 0.75)	0.00893971887526205	0.021105263472302658	0.030092772358257816	0.032996015507858543
ETH/USDT	2026-01-16 00:00:00+00:00	(0.5, 0.75)	0.007475035491348003	0.010519303977743711	0.014995282890909694	0.02223823058676007
ETH/USDT	2026-01-17 00:00:00+00:00	(0.5, 0.75)	0.0016910251194647507	0.0035702792468410203	0.006484792917731818	0.0140564565585666
ETH/USDT	2026-01-18 00:00:00+00:00	(0.25, 0.5)	0.004658394469099971	0.0069921202789601945	0.009014883917519449	0.046034477553361715
ETH/USDT	2026-01-19 00:00:00+00:00	(0.75, 1.0)	0.015245427459167968	0.015245427459167968	0.01664973420698616	0.022021518204724345
ETH/USDT	2026-01-20 00:00:00+00:00	(0.75, 1.0)	0.00535952011777778	0.007696283418690883	0.03600056383028703	0.08773825745117383
ETH/USDT	2026-01-21 00:00:00+00:00	(0.75, 1.0)	0.01621884887724843	0.021692114342544012	0.030189810257859898	0.06912594641172444
ETH/USDT	2026-01-22 00:00:00+00:00	(0.75, 1.0)	0.010158857295421039	0.01604258443465482	0.02039447336804169	0.04415632091843544
ETH/USDT	2026-01-23 00:00:00+00:00	(0.25, 0.5)	0.00431107468691371	0.011070623056968517	0.023631326916955155	0.042961738788835274
ETH/USDT	2026-01-24 00:00:00+00:00	(0.25, 0.5)	0.0025229179154263115	0.007158991239209826	0.007158991239209826	0.008997842820520538
ETH/USDT	2026-01-25 00:00:00+00:00	(0.1, 0.25)	0.0026226556842254877	0.007712299747548228	0.013296018301060556	0.05864258109928189
ETH/USDT	2026-01-26 00:00:00+00:00	(0.5, 0.75)	0.018103524345692942	0.02601697756913684	0.03859661507509306	0.04452994017259935
ETH/USDT	2026-01-27 00:00:00+00:00	(0.5, 0.75)	0.005929347361218006	0.015259601402788439	0.019594559917885546	0.04629544093747325
ETH/USDT	2026-01-28 00:00:00+00:00	(0.75, 1.0)	0.004645841393289547	0.0109913002073268	0.01943317428353189	0.02053759494215022
ETH/USDT	2026-01-29 00:00:00+00:00	(0.25, 0.5)	0.005196768082988534	0.02232845838091217	0.02922308150702952	0.0855652359186228
ETH/USDT	2026-01-30 00:00:00+00:00	(0.5, 0.75)	0.006850019323294734	0.04680137425853505	0.04680137425853505	0.06558928957641204
ETH/USDT	2026-01-31 00:00:00+00:00	(0.75, 1.0)	0.0034479448919470515	0.011063694690755447	0.038684169724533556	0.17152602939982128
ETH/USDT	2026-02-01 00:00:00+00:00	(0.75, 1.0)	0.017715521263087893	0.018997432121603007	0.04051811916091636	0.1030315569131911
ETH/USDT	2026-02-02 00:00:00+00:00	(0.75, 1.0)	0.02962642850283295	0.06898282740979378	0.07291148302384266	0.104537160716936
ETH/USDT	2026-02-03 00:00:00+00:00	(0.5, 0.75)	0.011794847626677948	0.03230408685257943	0.04187106642045869	0.10705762894857485
ETH/USDT	2026-02-04 00:00:00+00:00	(0.75, 1.0)	0.022081381299100443	0.03125350916988197	0.03336013403344547	0.09839600055697542
ETH/USDT	2026-02-05 00:00:00+00:00	(0.75, 1.0)	0.015429384134588402	0.04237700469711994	0.0523092613732058	0.1935784194471995
ETH/USDT	2026-02-06 00:00:00+00:00	(0.75, 1.0)	0.09441703541698451	0.11304952274384142	0.128822429061481	0.19561568587559133
ETH/USDT	2026-02-07 00:00:00+00:00	(0.5, 0.75)	0.012576440492142743	0.037154342794493846	0.0608551589718602	0.061946643927396704
ETH/USDT	2026-02-08 00:00:00+00:00	(0.25, 0.5)	0.007772999708213549	0.016760979063126305	0.03514352544999701	0.04206029934419813
ETH/USDT	2026-02-09 00:00:00+00:00	(0.5, 0.75)	0.009967332747487817	0.02292916364192095	0.04287338096511671	0.06643774118366261
ETH/USDT	2026-02-10 00:00:00+00:00	(0.5, 0.75)	0.007828270861962744	0.0343884755721936	0.06107188551390802	0.06412832298725296
ETH/USDT	2026-02-11 00:00:00+00:00	(0.25, 0.5)	0.005430558649538391	0.01698472810078956	0.049647285958268346	0.06391920992054646
ETH/USDT	2026-02-12 00:00:00+00:00	(0.5, 0.75)	0.010275340207452277	0.01488311608523358	0.02700156664379845	0.05333756566080629
ETH/USDT	2026-02-13 00:00:00+00:00	(0.5, 0.75)	0.010220590123520128	0.01570581135564055	0.02287563236691403	0.07650548265324456
ETH/USDT	2026-02-14 00:00:00+00:00	(0.1, 0.25)	0.006684864080941083	0.007422201170950028	0.03188616687256773	0.03188616687256773
ETH/USDT	2026-02-15 00:00:00+00:00	(0.05, 0.1)	0.007420562541998673	0.02750311990016306	0.034760487664394775	0.08372852068733803
ETH/USDT	2026-02-16 00:00:00+00:00	(0.25, 0.5)	0.00904461503382237	0.016437384408806495	0.022593803045273704	0.04371310582452939
ETH/USDT	2026-02-17 00:00:00+00:00	(0.25, 0.5)	0.006182875036892105	0.014446717723741481	0.02344590234459018	0.03685213624335308
ETH/USDT	2026-02-18 00:00:00+00:00	(0.05, 0.1)	0.013381093131606651	0.01708331245929558	0.03525374480236456	0.05774760783527879
ETH/USDT	2026-02-19 00:00:00+00:00	(0.1, 0.25)	0.012398174301035665	0.01501289451062258	0.021726227025256888	0.04121638216873386
ETH/USDT	2026-02-20 00:00:00+00:00	(0.1, 0.25)	0.006404321382351277	0.010164046794514325	0.02191894338927732	0.02977600220979781
ETH/USDT	2026-02-21 00:00:00+00:00	(0.05, 0.1)	0.0034555830534141437	0.007663263594924437	0.01675957780905872	0.020296468699023826
ETH/USDT	2026-02-22 00:00:00+00:00	(0.25, 0.5)	0.004418008450961133	0.00789871006312884	0.00796964139147001	0.024385177378986142
ETH/USDT	2026-02-23 00:00:00+00:00	(0.25, 0.5)	0.04512174531463454	0.0552983131149302	0.0552983131149302	0.06058357934806515
ETH/USDT	2026-02-24 00:00:00+00:00	(0.25, 0.5)	0.014344592201436078	0.031002135857723958	0.031002135857723958	0.03733994483261955
ETH/USDT	2026-02-25 00:00:00+00:00	(0.1, 0.25)	0.038429899663379834	0.05310155970948917	0.05310155970948917	0.16324995399885261
ETH/USDT	2026-02-26 00:00:00+00:00	(0.75, 1.0)	0.01223124469761242	0.018048721367107026	0.021311356199248593	0.05234759423100231
ETH/USDT	2026-02-27 00:00:00+00:00	(0.05, 0.1)	0.013346759067306346	0.029196035459732716	0.054369286659164094	0.08712906473967896
ETH/USDT	2026-02-28 00:00:00+00:00	(0.1, 0.25)	0.006506449647309072	0.008907639398101769	0.05251117973292576	0.07726667148625906
ETH/USDT	2026-03-01 00:00:00+00:00	(0.25, 0.5)	0.009580496555098024	0.056677809939255704	0.056677809939255704	0.07511007379020757
ETH/USDT	2026-03-02 00:00:00+00:00	(0.5, 0.75)	0.025442779466761337	0.025442779466761337	0.03561268949623709	0.08744990920641779
ETH/USDT	2026-03-03 00:00:00+00:00	(0.25, 0.5)	0.011208461599179112	0.0214499960533586	0.05050714342094883	0.05521351330018158
ETH/USDT	2026-03-04 00:00:00+00:00	(0.25, 0.5)	0.012574965167699783	0.02704803828524128	0.07462189285786411	0.12818286452759328
ETH/USDT	2026-03-05 00:00:00+00:00	(0.5, 0.75)	0.009278243858395104	0.016191076332718782	0.03293235769910827	0.051216094202625864
ETH/USDT	2026-03-06 00:00:00+00:00	(0.1, 0.25)	0.006099847143310383	0.01516069179669097	0.026971034137993972	0.06603601265153476
ETH/USDT	2026-03-07 00:00:00+00:00	(0.05, 0.1)	0.002772517233542918	0.01600888821553925	0.01600888821553925	0.024215337221927653
ETH/USDT	2026-03-08 00:00:00+00:00	(0.1, 0.25)	0.005572695816931876	0.021085054536427644	0.02522911378938247	0.032250710518716585
ETH/USDT	2026-03-09 00:00:00+00:00	(0.5, 0.75)	0.01874473462510531	0.039225758727679895	0.0474397435634002	0.06363141348346923
ETH/USDT	2026-03-10 00:00:00+00:00	(0.75, 1.0)	0.014068759432235782	0.029957533003424436	0.03988989666531291	0.047004497390310304
ETH/USDT	2026-03-11 00:00:00+00:00	(0.1, 0.25)	0.006329269190197036	0.011569315310453071	0.01694674091700805	0.038471162573902734
ETH/USDT	2026-03-12 00:00:00+00:00	(0.25, 0.5)	0.00741087220265145	0.019767198242049484	0.02877620725105861	0.03771700310369866
ETH/USDT	2026-03-13 00:00:00+00:00	(0.25, 0.5)	0.028224880382775232	0.028224880382775232	0.028224880382775232	0.06245454545454555
ETH/USDT	2026-03-14 00:00:00+00:00	(0.25, 0.5)	0.005917894586010017	0.01120053495092316	0.02124997014782807	0.02124997014782807
ETH/USDT	2026-03-15 00:00:00+00:00	(0.1, 0.25)	0.0052440538733403465	0.011729869137453407	0.019147005444646165	0.05708281593275383
ETH/USDT	2026-03-16 00:00:00+00:00	(0.75, 1.0)	0.007515200573988458	0.04081848536973499	0.059164957272819195	0.10177715636584399
ETH/USDT	2026-03-17 00:00:00+00:00	(0.5, 0.75)	0.0145861758705027	0.0289907109757487	0.0348539059100835	0.0348539059100835
ETH/USDT	2026-03-18 00:00:00+00:00	(0.1, 0.25)	0.0099081983879792	0.01852402307317851	0.04144211673580858	0.08477540699001855
ETH/USDT	2026-03-19 00:00:00+00:00	(0.25, 0.5)	0.00699561184348004	0.021114028473048732	0.04114691693392323	0.06102535682162993
ETH/USDT	2026-03-20 00:00:00+00:00	(0.1, 0.25)	0.007237320699110248	0.01309899087873764	0.025922851653578625	0.027960679711253305
ETH/USDT	2026-03-21 00:00:00+00:00	(0.5, 0.75)	0.006447405198919077	0.006447405198919077	0.007132209074815963	0.05504052920898169
ETH/USDT	2026-03-22 00:00:00+00:00	(0.75, 1.0)	0.012148738790049143	0.027487909181299442	0.0290758849707022	0.04885076888918923
ETH/USDT	2026-03-23 00:00:00+00:00	(0.25, 0.5)	0.01165656398714765	0.017810529795208013	0.08532429844303703	0.08532429844303703
ETH/USDT	2026-03-24 00:00:00+00:00	(0.1, 0.25)	0.008504177572443958	0.012933242671783448	0.023705511414972028	0.03359755586397036
ETH/USDT	2026-03-25 00:00:00+00:00	(0.5, 0.75)	0.010313621108668071	0.010313621108668071	0.024381437333641974	0.024381437333641974
ETH/USDT	2026-03-26 00:00:00+00:00	(0.05, 0.1)	0.004564250244595758	0.012986653375422215	0.05041904339960495	0.06352568717579521
ETH/USDT	2026-03-27 00:00:00+00:00	(0.25, 0.5)	0.0067356033736080565	0.01630674092604871	0.04556693747792303	0.05141704127008704
ETH/USDT	2026-03-28 00:00:00+00:00	(0.0, 0.05)	0.004875131301861116	0.006026064361785006	0.012655237750604283	0.03230654021480732
ETH/USDT	2026-03-29 00:00:00+00:00	(0.5, 0.75)	0.008062616817746735	0.01409579932151757	0.01409579932151757	0.04050350014782307
ETH/USDT	2026-03-30 00:00:00+00:00	(0.5, 0.75)	0.02112299734828248	0.033534648773454585	0.05032213831278177	0.05201096984301433
ETH/USDT	2026-03-31 00:00:00+00:00	(0.25, 0.5)	0.011490043941253329	0.03687502474169679	0.039438264518427635	0.05511955187838966
ETH/USDT	2026-04-01 00:00:00+00:00	(0.05, 0.1)	0.009941729099774095	0.016986562016886687	0.03611368771554291	0.040799143774527286
ETH/USDT	2026-04-02 00:00:00+00:00	(0.25, 0.5)	0.017853721900596697	0.05274814617530377	0.06291089025638144	0.06650406276136939
ETH/USDT	2026-04-03 00:00:00+00:00	(0.1, 0.25)	0.004665100282630234	0.010619305440022426	0.01678755065209248	0.019993286925557907
ETH/USDT	2026-04-04 00:00:00+00:00	(0.0, 0.05)	0.0014664328169152385	0.0028938906752411842	0.004925460391698285	0.019180551495663983
ETH/USDT	2026-04-05 00:00:00+00:00	(0.05, 0.1)	0.0039842182304643675	0.005544946053103549	0.01832158748315683	0.055202264509437014
ETH/USDT	2026-04-06 00:00:00+00:00	(0.75, 1.0)	0.007863912331765617	0.016397696019926203	0.029394143814775828	0.04117821880262852
ETH/USDT	2026-04-07 00:00:00+00:00	(0.75, 1.0)	0.007051472916578086	0.012505494193877713	0.028234248796003433	0.10096556026598993
ETH/USDT	2026-04-08 00:00:00+00:00	(0.75, 1.0)	0.009297433177484757	0.00969856883710782	0.0156487477881826	0.04045675980442407
ETH/USDT	2026-04-09 00:00:00+00:00	(0.5, 0.75)	0.013881030171391057	0.013881030171391057	0.01629036085202686	0.040470367057878716
ETH/USDT	2026-04-10 00:00:00+00:00	(0.5, 0.75)	0.007054899362591694	0.0127938589477051	0.02201457586072984	0.037417468186698895
ETH/USDT	2026-04-11 00:00:00+00:00	(0.1, 0.25)	0.0027880501938252495	0.007735166457748837	0.010326937917928764	0.04502366497004511
ETH/USDT	2026-04-12 00:00:00+00:00	(0.5, 0.75)	0.004063082864123241	0.03568770304468525	0.041265685338750774	0.04972460354293828
ETH/USDT	2026-04-13 00:00:00+00:00	(0.5, 0.75)	0.006989981785063918	0.008629326047358958	0.013683970856102087	0.09974043715847003
ETH/USDT	2026-04-14 00:00:00+00:00	(0.75, 1.0)	0.008409501765530888	0.009908935781986533	0.017499028535707773	0.04755951274730098
ETH/USDT	2026-04-15 00:00:00+00:00	(0.25, 0.5)	0.005392968185336632	0.010708955064300758	0.014583680818396783	0.03297793630224577
ETH/USDT	2026-04-16 00:00:00+00:00	(0.25, 0.5)	0.007861434775587907	0.01043233641841538	0.017401392111369023	0.035903385091320225
ETH/USDT	2026-04-17 00:00:00+00:00	(0.25, 0.5)	0.0040503454957510985	0.01137852591324828	0.02542456071463637	0.06294467373165287
ETH/USDT	2026-04-18 00:00:00+00:00	(0.1, 0.25)	0.007271072876168387	0.011622135825957444	0.034825047563900986	0.03628091653569352
ETH/USDT	2026-04-19 00:00:00+00:00	(0.0, 0.05)	0.0036777210884354128	0.008886054421768746	0.022534013605442178	0.04263605442176879
ETH/USDT	2026-04-20 00:00:00+00:00	(0.75, 1.0)	0.006931927851543056	0.011052304546516357	0.030715535362527167	0.03684101515505412
ETH/USDT	2026-04-21 00:00:00+00:00	(0.25, 0.5)	0.005890481948523006	0.011500259112109024	0.01673000518224209	0.023561927794092222
ETH/USDT	2026-04-22 00:00:00+00:00	(0.5, 0.75)	0.0030545042122945413	0.028659068354734925	0.04333873205854686	0.047600431325208116
ETH/USDT	2026-04-23 00:00:00+00:00	(0.5, 0.75)	0.016607495403282446	0.021394860149636923	0.03236343300654974	0.040917140460434306
ETH/USDT	2026-04-24 00:00:00+00:00	(0.25, 0.5)	0.005897111487573177	0.015504042201874247	0.015988677545943946	0.015988677545943946
ETH/USDT	2026-04-25 00:00:00+00:00	(0.1, 0.25)	0.0030914106344526217	0.004362564098129651	0.005192705135633033	0.009797393703034275
ETH/USDT	2026-04-26 00:00:00+00:00	(0.1, 0.25)	0.0026589315929416825	0.005041610552850708	0.01336372112296697	0.031630926482268125
ETH/USDT	2026-04-27 00:00:00+00:00	(0.1, 0.25)	0.018976991823540533	0.018976991823540533	0.04024423739198402	0.05843104941792894
ETH/USDT	2026-04-28 00:00:00+00:00	(0.25, 0.5)	0.004952385912827725	0.012973428127468739	0.017587263557210683	0.0228478172174624
ETH/USDT	2026-04-29 00:00:00+00:00	(0.25, 0.5)	0.005308760109583136	0.01639380076638396	0.029759642062857323	0.055311600187008036
ETH/USDT	2026-04-30 00:00:00+00:00	(0.5, 0.75)	0.012062469211412876	0.018923608799655555	0.02101834223151248	0.02101834223151248
ETH/USDT	2026-05-01 00:00:00+00:00	(0.1, 0.25)	0.00320923694424071	0.016028502974953906	0.016028502974953906	0.029413584885643492
ETH/USDT	2026-05-02 00:00:00+00:00	(0.25, 0.5)	0.0030643959042584205	0.006725978492561447	0.006725978492561447	0.022095907309652215
ETH/USDT	2026-05-03 00:00:00+00:00	(0.25, 0.5)	0.004992478863011449	0.008476407835814303	0.015137368812351946	0.0256453481335477
ETH/USDT	2026-05-04 00:00:00+00:00	(0.5, 0.75)	0.0053324129600069575	0.03527330773545029	0.038694507959791215	0.038694507959791215
ETH/USDT	2026-05-05 00:00:00+00:00	(0.25, 0.5)	0.005469361369126657	0.017539382804259908	0.018117791160559314	0.021843421455547667
ETH/USDT	2026-05-06 00:00:00+00:00	(0.5, 0.75)	0.0059212390615681985	0.010941603894483475	0.02907328379229976	0.036263359795632576
ETH/USDT	2026-05-07 00:00:00+00:00	(0.05, 0.1)	0.015344680851063807	0.015459574468085076	0.015459574468085076	0.02983829787234038
ETH/USDT	2026-05-08 00:00:00+00:00	(0.1, 0.25)	0.004971002485501282	0.012501635198186051	0.014128112327214096	0.0242488989665546
ETH/USDT	2026-05-09 00:00:00+00:00	(0.1, 0.25)	0.0031695652362431527	0.008355338180903686	0.008355338180903686	0.016636965542359827
ETH/USDT	2026-05-10 00:00:00+00:00	(0.0, 0.05)	0.0036741323890885497	0.00626536260034031	0.0065575742991217404	0.03038142221152701
ETH/USDT	2026-05-11 00:00:00+00:00	(0.75, 1.0)	0.008065608179017547	0.01928382815938239	0.01928382815938239	0.026058769762009517
ETH/USDT	2026-05-12 00:00:00+00:00	(0.0, 0.05)	0.0051619641145048386	0.018379331598411004	0.02541603889878084	0.034960964251472326
ETH/USDT	2026-05-13 00:00:00+00:00	(0.1, 0.25)	0.00657709870038638	0.01190288022479809	0.020218651211801976	0.03917720407446436
ETH/USDT	2026-05-14 00:00:00+00:00	(0.1, 0.25)	0.0029830460607022354	0.013560503764109905	0.01613316035196411	0.035606802757111235
ETH/USDT	2026-05-15 00:00:00+00:00	(0.25, 0.5)	0.0069897727669377555	0.017382805682571882	0.02719990226534964	0.041528500122168244
ETH/USDT	2026-05-16 00:00:00+00:00	(0.05, 0.1)	0.0023649785715890398	0.003581125047681028	0.03094666457244151	0.03094666457244151
ETH/USDT	2026-05-17 00:00:00+00:00	(0.0, 0.05)	0.004990454039749695	0.007787855340930313	0.013808448976041176	0.04883319521832085
ETH/USDT	2026-05-18 00:00:00+00:00	(0.75, 1.0)	0.010024613585567676	0.010024613585567676	0.02036514867171515	0.03772668546478171
ETH/USDT	2026-05-19 00:00:00+00:00	(0.75, 1.0)	0.007122126416571533	0.013292447920329667	0.018839173101899313	0.024606266908603295
ETH/USDT	2026-05-20 00:00:00+00:00	(0.25, 0.5)	0.006479933110367832	0.007577341137123659	0.01648962450592887	0.021715377014290074
ETH/USDT	2026-05-21 00:00:00+00:00	(0.5, 0.75)	0.008346775706193367	0.012454514761601055	0.022273699215965788	0.024547961135911726
ETH/USDT	2026-05-22 00:00:00+00:00	(0.25, 0.5)	0.0034871823754141144	0.0073733021692808974	0.01042400007509412	0.03923666845015156
ETH/USDT	2026-05-23 00:00:00+00:00	(0.25, 0.5)	0.007944802492790682	0.009193133213338752	0.030337339604017903	0.06805337823453127
ETH/USDT	2026-05-24 00:00:00+00:00	(0.75, 1.0)	0.003969960631223784	0.0067016716369945	0.008998577430773794	0.032676556909858205
ETH/USDT	2026-05-25 00:00:00+00:00	(0.75, 1.0)	0.0034441805225653207	0.009824228028503485	0.015125890736341897	0.023619952494061663
ETH/USDT	2026-05-26 00:00:00+00:00	(0.5, 0.75)	0.012838369195493736	0.012985228769316702	0.02499928938915891	0.040471656102252083
ETH/USDT	2026-05-27 00:00:00+00:00	(0.1, 0.25)	0.004791110469730879	0.007590735262284533	0.019433821584048917	0.039156264280732184
ETH/USDT	2026-05-28 00:00:00+00:00	(0.75, 1.0)	0.004203904190550612	0.03076268713555862	0.03076268713555862	0.031158348706433952
ETH/USDT	2026-05-29 00:00:00+00:00	(0.5, 0.75)	0.002828699889829606	0.009890524351632242	0.012044306373011217	0.034793008644903825
ETH/USDT	2026-05-30 00:00:00+00:00	(0.25, 0.5)	0.004001588720087352	0.0067272366199979915	0.010699036838447003	0.014894250819183795
ETH/USDT	2026-05-31 00:00:00+00:00	(0.1, 0.25)	0.0035250262028596263	0.007771867027903587	0.011202958451163843	0.02187691577511025
ETH/USDT	2026-06-01 00:00:00+00:00	(0.5, 0.75)	0.00839630145158088	0.015007953867568133	0.026839331875124287	0.03254126068800956
ETH/USDT	2026-06-02 00:00:00+00:00	(0.5, 0.75)	0.006367900988122563	0.02152909472003199	0.021798582692883553	0.083551252620022
ETH/USDT	2026-06-03 00:00:00+00:00	(0.75, 1.0)	0.009914612275489162	0.030616451189806916	0.04076661580877425	0.06608849273267488
ETH/USDT	2026-06-04 00:00:00+00:00	(0.75, 1.0)	0.020528230444521595	0.056477399684096465	0.056477399684096465	0.056477399684096465
ETH/USDT	2026-06-05 00:00:00+00:00	(0.5, 0.75)	0.016139730267521572	0.03216607992199414	0.08458760636518764	0.13310883971949633
ETH/USDT	2026-06-06 00:00:00+00:00	(0.75, 1.0)	0.01010410670937717	0.038814785154783635	0.05946720388398106	0.05946720388398106
ETH/USDT	2026-06-07 00:00:00+00:00	(0.5, 0.75)	0.015056798227410113	0.023249280044953344	0.05402057379299785	0.10078093571807145
ETH/USDT	2026-06-08 00:00:00+00:00	(0.75, 1.0)	0.016742255817400332	0.027591522157996123	0.03947235808507481	0.04120349785089669
ETH/USDT	2026-06-09 00:00:00+00:00	(0.75, 1.0)	0.022590289971999522	0.0250640690997105	0.0250640690997105	0.049155237055669
ETH/USDT	2026-06-10 00:00:00+00:00	(0.5, 0.75)	0.01058693891963308	0.01530509743758339	0.024899701081828145	0.03927943065524567
ETH/USDT	2026-06-11 00:00:00+00:00	(0.5, 0.75)	0.008523513458664728	0.021653168028829915	0.029155827783210082	0.041510617493496674
ETH/USDT	2026-06-12 00:00:00+00:00	(0.25, 0.5)	0.005519158939844151	0.01043568539004046	0.020024105299586016	0.02325803410541893
ETH/USDT	2026-06-13 00:00:00+00:00	(0.05, 0.1)	0.002470083215424765	0.007518165903259186	0.010623755965370888	0.02103167941677254
ETH/USDT	2026-06-14 00:00:00+00:00	(0.25, 0.5)	0.00426274208624318	0.006864443610947372	0.012627480397935195	0.04652104282388795
ETH/USDT	2026-06-15 00:00:00+00:00	(0.75, 1.0)	0.01107126150007801	0.012619043493829033	0.03427066548850421	0.08078497958429341
ETH/USDT	2026-06-16 00:00:00+00:00	(0.75, 1.0)	0.007283552192299086	0.020726685955931447	0.028833741375472923	0.04549855330514132
ETH/USDT	2026-06-17 00:00:00+00:00	(0.05, 0.1)	0.003935164541157555	0.017401676625345596	0.028348791581200464	0.047305582805672056
ETH/USDT	2026-06-18 00:00:00+00:00	(0.25, 0.5)	0.006441288029797334	0.018287334981148783	0.023208000637864067	0.05194035970977188
ETH/USDT	2026-06-19 00:00:00+00:00	(0.25, 0.5)	0.005822926897712944	0.021724895935643845	0.021724895935643845	0.023619101071044438
ETH/USDT	2026-06-20 00:00:00+00:00	(0.1, 0.25)	0.00665578813772458	0.00815304803513885	0.017446587007761277	0.026605606536475247
ETH/USDT	2026-06-21 00:00:00+00:00	(0.25, 0.5)	0.0025768007408302237	0.004566919170132151	0.013165841285179428	0.022690801166462507
ETH/USDT	2026-06-22 00:00:00+00:00	(0.5, 0.75)	0.011513849315708362	0.027651922088841083	0.036328179737493596	0.03936428604792381
ETH/USDT	2026-06-23 00:00:00+00:00	(0.25, 0.5)	0.00956211316905816	0.00956211316905816	0.05829991423074243	0.05829991423074243
ETH/USDT	2026-06-24 00:00:00+00:00	(0.1, 0.25)	0.0049067419831615245	0.013331976998150979	0.022684705924591802	0.08420447949640074
ETH/USDT	2026-06-25 00:00:00+00:00	(0.75, 1.0)	0.006226581102449342	0.006706495456195426	0.028210350152895736	0.07853367706686183
ETH/USDT	2026-06-26 00:00:00+00:00	(0.25, 0.5)	0.007643303994755962	0.03774557534795804	0.04741266841043461	0.05263124399386502
ETH/USDT	2026-06-27 00:00:00+00:00	(0.1, 0.25)	0.005532661058042305	0.009887890815402901	0.009887890815402901	0.03048660830152375
ETH/USDT	2026-06-28 00:00:00+00:00	(0.25, 0.5)	0.005126773432146346	0.006966828253090035	0.01518996979772076	0.025665592243851707
ETH/USDT	2026-06-29 00:00:00+00:00	(0.25, 0.5)	0.014317103461452738	0.02504219342101069	0.029837913575136075	0.05550425118619231
ADA/USDT	2025-01-01 00:00:00+00:00	(0.0, 0.05)	0.012922932330827079	0.013275375939849598	0.026785714285714336	0.11783364661654143
ADA/USDT	2025-01-02 00:00:00+00:00	(0.1, 0.25)	0.022693213444658526	0.023977734960393893	0.06240633697281098	0.06240633697281098
ADA/USDT	2025-01-03 00:00:00+00:00	(0.05, 0.1)	0.01374534931790005	0.07658123191401399	0.13517982637453485	0.16794129805704835
ADA/USDT	2025-01-04 00:00:00+00:00	(0.25, 0.5)	0.02372080341724985	0.03435426701808603	0.05262201217849683	0.05262201217849683
ADA/USDT	2025-01-05 00:00:00+00:00	(0.0, 0.05)	0.013356996076966167	0.022697552774145327	0.058752101625256827	0.058752101625256827
ADA/USDT	2025-01-06 00:00:00+00:00	(0.1, 0.25)	0.010177646188008994	0.030070318282753493	0.03340118430791987	0.054311621021465556
ADA/USDT	2025-01-07 00:00:00+00:00	(0.25, 0.5)	0.012926292629262927	0.01824349101576827	0.06499816648331497	0.15264026402640252
ADA/USDT	2025-01-08 00:00:00+00:00	(0.25, 0.5)	0.02715430861723448	0.036573146292585144	0.06252505010020042	0.11653306613226448
ADA/USDT	2025-01-09 00:00:00+00:00	(0.75, 1.0)	0.016983122362869203	0.03386075949367091	0.0670886075949367	0.08502109704641352
ADA/USDT	2025-01-10 00:00:00+00:00	(0.25, 0.5)	0.008880605196798593	0.021269597631838583	0.07290867229470453	0.07641705953294593
ADA/USDT	2025-01-11 00:00:00+00:00	(0.1, 0.25)	0.007857065977828096	0.014422559466150122	0.03982348509310089	0.11215154450543544
ADA/USDT	2025-01-12 00:00:00+00:00	(0.75, 1.0)	0.03286953014720706	0.05162331115144173	0.06160516233111508	0.0762250453720507
ADA/USDT	2025-01-13 00:00:00+00:00	(0.5, 0.75)	0.027815117361182955	0.05242477510081684	0.1087788232861132	0.12201426946541205
ADA/USDT	2025-01-14 00:00:00+00:00	(0.75, 1.0)	0.017140423719791336	0.017885659533695343	0.054934525710635555	0.07686575109123808
ADA/USDT	2025-01-15 00:00:00+00:00	(0.0, 0.05)	0.010456464910516867	0.047355720892821154	0.07078222400965213	0.10265433340036204
ADA/USDT	2025-01-16 00:00:00+00:00	(0.5, 0.75)	0.023746701846965805	0.023746701846965805	0.055032039200904645	0.1109121748963437
ADA/USDT	2025-01-17 00:00:00+00:00	(0.75, 1.0)	0.01542274855411746	0.03837326723583959	0.045350224915083184	0.07417607637932616
ADA/USDT	2025-01-18 00:00:00+00:00	(0.5, 0.75)	0.01891418563922948	0.04369527145359024	0.08616462346760075	0.08616462346760075
ADA/USDT	2025-01-19 00:00:00+00:00	(0.75, 1.0)	0.03131239789435467	0.06489381012887993	0.1324196768923579	0.1709929206752586
ADA/USDT	2025-01-20 00:00:00+00:00	(0.75, 1.0)	0.03571066247336919	0.05336309221872779	0.1440600588414324	0.1440600588414324
ADA/USDT	2025-01-21 00:00:00+00:00	(0.5, 0.75)	0.02263293140936947	0.03281280885550505	0.06246293733939517	0.0770903340581142
ADA/USDT	2025-01-22 00:00:00+00:00	(0.1, 0.25)	0.018965346043094147	0.020951246152318543	0.0413067222718698	0.04368980240293917
ADA/USDT	2025-01-23 00:00:00+00:00	(0.25, 0.5)	0.014951179820992725	0.028275020341741303	0.03814076484947109	0.06163547599674531
ADA/USDT	2025-01-24 00:00:00+00:00	(0.5, 0.75)	0.015659955257270663	0.025116941224323716	0.04718324181411429	0.04718324181411429
ADA/USDT	2025-01-25 00:00:00+00:00	(0.5, 0.75)	0.010237849017580165	0.026370217166494393	0.026370217166494393	0.028645294725956626
ADA/USDT	2025-01-26 00:00:00+00:00	(0.0, 0.05)	0.005837173579109102	0.013108038914490562	0.021095750128008257	0.0647209421402969
ADA/USDT	2025-01-27 00:00:00+00:00	(0.75, 1.0)	0.0325152087266625	0.041535556954059125	0.10258023914411579	0.10258023914411579
ADA/USDT	2025-01-28 00:00:00+00:00	(0.5, 0.75)	0.014597762386787476	0.02131060202450721	0.046670218433670814	0.069579115610016
ADA/USDT	2025-01-29 00:00:00+00:00	(0.5, 0.75)	0.012554112554112613	0.028030303030303065	0.036255411255411346	0.0633116883116883
ADA/USDT	2025-01-30 00:00:00+00:00	(0.75, 1.0)	0.02066027689030881	0.035356762513312046	0.037167199148029746	0.05569755058572952
ADA/USDT	2025-01-31 00:00:00+00:00	(0.1, 0.25)	0.006914614981665846	0.020953378732320605	0.04368779465688838	0.05133577789418548
ADA/USDT	2025-02-01 00:00:00+00:00	(0.1, 0.25)	0.014087490731913968	0.01959538184514348	0.04088549941743456	0.07425060904565199
ADA/USDT	2025-02-02 00:00:00+00:00	(0.5, 0.75)	0.012311446317657498	0.050576752440106454	0.0526841171251109	0.17746228926353155
ADA/USDT	2025-02-03 00:00:00+00:00	(0.75, 1.0)	0.08490092801605229	0.3660647103085027	0.3660647103085027	0.3994231251567595
ADA/USDT	2025-02-04 00:00:00+00:00	(0.75, 1.0)	0.022858547376182807	0.04203023227233625	0.12879439596903036	0.12879439596903036
ADA/USDT	2025-02-05 00:00:00+00:00	(0.75, 1.0)	0.02138246369015588	0.027972027972027875	0.04491662183969874	0.06898870360408824
ADA/USDT	2025-02-06 00:00:00+00:00	(0.5, 0.75)	0.01448490591579808	0.02815757411669154	0.04589143089210781	0.09232435359415193
ADA/USDT	2025-02-07 00:00:00+00:00	(0.25, 0.5)	0.015541865023802856	0.03220386446373568	0.04872584710165228	0.08821058527023236
ADA/USDT	2025-02-08 00:00:00+00:00	(0.5, 0.75)	0.015814741598418506	0.027534594747246486	0.04702061564529793	0.05153911324484605
ADA/USDT	2025-02-09 00:00:00+00:00	(0.0, 0.05)	0.01016900601546834	0.02893153824119163	0.02893153824119163	0.09409911200229157
ADA/USDT	2025-02-10 00:00:00+00:00	(0.75, 1.0)	0.017495662232504337	0.049595141700404854	0.061740890688259054	0.08863504916136498
ADA/USDT	2025-02-11 00:00:00+00:00	(0.25, 0.5)	0.04931048892603425	0.060036216743279046	0.14681710544644108	0.14681710544644108
ADA/USDT	2025-02-12 00:00:00+00:00	(0.5, 0.75)	0.016545755377370512	0.03869161257477407	0.05956471935853373	0.08031055110092902
ADA/USDT	2025-02-13 00:00:00+00:00	(0.25, 0.5)	0.00858585858585862	0.02462121212121207	0.04368686868686864	0.07777777777777777
ADA/USDT	2025-02-14 00:00:00+00:00	(0.5, 0.75)	0.010810139165009992	0.023359840954274402	0.041128230616302074	0.04995029821073561
ADA/USDT	2025-02-15 00:00:00+00:00	(0.5, 0.75)	0.010038900740368938	0.029112812147069893	0.03074413351737994	0.049692558664826296
ADA/USDT	2025-02-16 00:00:00+00:00	(0.1, 0.25)	0.013577558601255353	0.022287690534135995	0.022287690534135995	0.0356090687844243
ADA/USDT	2025-02-17 00:00:00+00:00	(0.25, 0.5)	0.02177293934681187	0.036677034733022286	0.061041990668740324	0.07594608605495073
ADA/USDT	2025-02-18 00:00:00+00:00	(0.25, 0.5)	0.01938128960119263	0.029568890545409284	0.06000745434215418	0.09802459932910917
ADA/USDT	2025-02-19 00:00:00+00:00	(0.25, 0.5)	0.016827878627269026	0.02424804558102555	0.057373790910295486	0.0606863654432224
ADA/USDT	2025-02-20 00:00:00+00:00	(0.5, 0.75)	0.01499676793794448	0.023012281835811298	0.03219133807369106	0.052747252747252824
ADA/USDT	2025-02-21 00:00:00+00:00	(0.1, 0.25)	0.00870646766169155	0.012810945273631948	0.023756218905472644	0.0853233830845771
ADA/USDT	2025-02-22 00:00:00+00:00	(0.25, 0.5)	0.02532981530343007	0.02532981530343007	0.02532981530343007	0.03482849604221633
ADA/USDT	2025-02-23 00:00:00+00:00	(0.05, 0.1)	0.007893374741200821	0.015139751552794943	0.03118530020703935	0.03713768115942022
ADA/USDT	2025-02-24 00:00:00+00:00	(0.1, 0.25)	0.014028314028314054	0.05456885456885456	0.0665379665379665	0.14440154440154435
ADA/USDT	2025-02-25 00:00:00+00:00	(0.75, 1.0)	0.03765690376569038	0.03765690376569038	0.09548714883442927	0.09683203825463235
ADA/USDT	2025-02-26 00:00:00+00:00	(0.75, 1.0)	0.010268446530732002	0.0284582660994572	0.031832184245269256	0.09417632389614206
ADA/USDT	2025-02-27 00:00:00+00:00	(0.5, 0.75)	0.016076673365280514	0.03354459731024896	0.05781419075591279	0.08270211779254906
ADA/USDT	2025-02-28 00:00:00+00:00	(0.5, 0.75)	0.012138188608776891	0.07967631497043266	0.10115157173980713	0.10115157173980713
ADA/USDT	2025-03-01 00:00:00+00:00	(0.1, 0.25)	0.012584552461853086	0.03413559855277637	0.041371716218341965	0.08148497719049877
ADA/USDT	2025-03-02 00:00:00+00:00	(0.75, 1.0)	0.012629336579427837	0.03347534996956789	0.03347534996956789	0.8059951308581863
ADA/USDT	2025-03-03 00:00:00+00:00	(0.75, 1.0)	0.04848046309696101	0.08411722141823443	0.18867583212735167	0.28247105643994214
ADA/USDT	2025-03-04 00:00:00+00:00	(0.5, 0.75)	0.06225908188295762	0.12264922322158625	0.12264922322158625	0.2511388856442004
ADA/USDT	2025-03-05 00:00:00+00:00	(0.75, 1.0)	0.0384534122121276	0.07437143460807101	0.12064229875343342	0.12064229875343342
ADA/USDT	2025-03-06 00:00:00+00:00	(0.25, 0.5)	0.027068912077693977	0.04111995040810007	0.056617419154871444	0.10662258497778704
ADA/USDT	2025-03-07 00:00:00+00:00	(0.25, 0.5)	0.09409263817408811	0.09409263817408811	0.09409263817408811	0.10539270530319976
ADA/USDT	2025-03-08 00:00:00+00:00	(0.75, 1.0)	0.029940119760479	0.03103996089453743	0.05633630697788087	0.05633630697788087
ADA/USDT	2025-03-09 00:00:00+00:00	(0.25, 0.5)	0.010881661926548682	0.029182638803017132	0.06170396933349814	0.13428960059354525
ADA/USDT	2025-03-10 00:00:00+00:00	(0.5, 0.75)	0.055180024831011074	0.06980273141122911	0.10511794730307619	0.16609187474134357
ADA/USDT	2025-03-11 00:00:00+00:00	(0.5, 0.75)	0.040634732314993295	0.08794305205398194	0.13584457956399232	0.14429779030105286
ADA/USDT	2025-03-12 00:00:00+00:00	(0.1, 0.25)	0.01665290393614093	0.046518029176988634	0.05436278557665853	0.08106248279658693
ADA/USDT	2025-03-13 00:00:00+00:00	(0.05, 0.1)	0.01788884337020347	0.02239519322681957	0.0426054895534617	0.06978014474941968
ADA/USDT	2025-03-14 00:00:00+00:00	(0.25, 0.5)	0.015551433870737654	0.020830360964474173	0.03980596376087876	0.07861321158510476
ADA/USDT	2025-03-15 00:00:00+00:00	(0.1, 0.25)	0.010797678499122698	0.022540153866918527	0.035902281009582884	0.03846672965312454
ADA/USDT	2025-03-16 00:00:00+00:00	(0.1, 0.25)	0.006044325050369455	0.018132975151108215	0.05668233713901949	0.0710543989254534
ADA/USDT	2025-03-17 00:00:00+00:00	(0.05, 0.1)	0.01939411098527737	0.01939411098527737	0.041902604756511835	0.041902604756511835
ADA/USDT	2025-03-18 00:00:00+00:00	(0.1, 0.25)	0.01257685858021242	0.02221911682504196	0.027110117384013532	0.05142537730575748
ADA/USDT	2025-03-19 00:00:00+00:00	(0.25, 0.5)	0.01052631578947379	0.017354196301564706	0.03769559032716923	0.06642958748221901
ADA/USDT	2025-03-20 00:00:00+00:00	(0.25, 0.5)	0.018001074691026436	0.023911875335841	0.03304674905964544	0.058301988178398705
ADA/USDT	2025-03-21 00:00:00+00:00	(0.1, 0.25)	0.009427422708997681	0.017468459725495707	0.037293775128240725	0.03757105226674062
ADA/USDT	2025-03-22 00:00:00+00:00	(0.25, 0.5)	0.00892983699503894	0.011481218993621539	0.017717930545712197	0.026931254429482503
ADA/USDT	2025-03-23 00:00:00+00:00	(0.1, 0.25)	0.009094784709393152	0.017479039363365038	0.02188432570697736	0.03453176069347732
ADA/USDT	2025-03-24 00:00:00+00:00	(0.25, 0.5)	0.013687032594892115	0.027091858332157465	0.04091999435586288	0.05601806123888804
ADA/USDT	2025-03-25 00:00:00+00:00	(0.25, 0.5)	0.009151755224695982	0.02363065155033463	0.05750580521786645	0.062423166234120975
ADA/USDT	2025-03-26 00:00:00+00:00	(0.1, 0.25)	0.014145224302842456	0.021958776774888836	0.048228479051596315	0.07368988279671289
ADA/USDT	2025-03-27 00:00:00+00:00	(0.1, 0.25)	0.014718019257221517	0.025171939477303965	0.025171939477303965	0.032324621733149886
ADA/USDT	2025-03-28 00:00:00+00:00	(0.05, 0.1)	0.012668573763792516	0.02424737774145217	0.07124369976842394	0.07764609726195348
ADA/USDT	2025-03-29 00:00:00+00:00	(0.25, 0.5)	0.006206799266469277	0.031316123571731004	0.07264776414162802	0.07532797291578502
ADA/USDT	2025-03-30 00:00:00+00:00	(0.05, 0.1)	0.014830194275545022	0.025952839982203872	0.029956992436600913	0.05413020910573925
ADA/USDT	2025-03-31 00:00:00+00:00	(0.5, 0.75)	0.021804966686856404	0.022107813446396042	0.04860690490611736	0.05814657783161719
ADA/USDT	2025-04-01 00:00:00+00:00	(0.1, 0.25)	0.013122171945701418	0.022775263951734542	0.040422322775264016	0.05610859728506789
ADA/USDT	2025-04-02 00:00:00+00:00	(0.1, 0.25)	0.00978212538906188	0.018823180672891723	0.03156958648288126	0.11116051578479318
ADA/USDT	2025-04-03 00:00:00+00:00	(0.75, 1.0)	0.018970611102472553	0.024879489970455627	0.03063287202612337	0.06935157829264496
ADA/USDT	2025-04-04 00:00:00+00:00	(0.5, 0.75)	0.010166358595193992	0.016943930991990156	0.060073937153419646	0.06808379544054223
ADA/USDT	2025-04-05 00:00:00+00:00	(0.05, 0.1)	0.010884353741496575	0.015570672713529821	0.022373393801965284	0.0343159486016628
ADA/USDT	2025-04-06 00:00:00+00:00	(0.1, 0.25)	0.004592774035517457	0.01791181873851813	0.03031230863441525	0.14635639926515617
ADA/USDT	2025-04-07 00:00:00+00:00	(0.75, 1.0)	0.027493831512160834	0.06732463870285514	0.13271060979908358	0.1665491716602045
ADA/USDT	2025-04-08 00:00:00+00:00	(0.75, 1.0)	0.020815704856997762	0.04247757657810122	0.057370113386359674	0.11389405990861402
ADA/USDT	2025-04-09 00:00:00+00:00	(0.5, 0.75)	0.03834492598537536	0.05029427501337615	0.07454967005528815	0.19582664526484753
ADA/USDT	2025-04-10 00:00:00+00:00	(0.5, 0.75)	0.02017153748411697	0.04097839898348164	0.04304320203303687	0.07544472681067342
ADA/USDT	2025-04-11 00:00:00+00:00	(0.5, 0.75)	0.011762783858846569	0.03398137559222356	0.06387845123345863	0.06387845123345863
ADA/USDT	2025-04-12 00:00:00+00:00	(0.25, 0.5)	0.007235890014471697	0.013346197137803464	0.03891300852227046	0.08120276571796108
ADA/USDT	2025-04-13 00:00:00+00:00	(0.25, 0.5)	0.013010590015128503	0.024508320726172452	0.042511346444780655	0.05839636913767014
ADA/USDT	2025-04-14 00:00:00+00:00	(0.5, 0.75)	0.019308626596075937	0.032855808159451896	0.03659296169417622	0.046402989722827685
ADA/USDT	2025-04-15 00:00:00+00:00	(0.25, 0.5)	0.010116977552956168	0.022763199494151246	0.027347454947834304	0.06639266519127399
ADA/USDT	2025-04-16 00:00:00+00:00	(0.5, 0.75)	0.014332784184514072	0.02240527182866566	0.029324546952224115	0.04925864909390451
ADA/USDT	2025-04-17 00:00:00+00:00	(0.5, 0.75)	0.008338783518639623	0.013734466971876982	0.02468933943754088	0.03449967298888163
ADA/USDT	2025-04-18 00:00:00+00:00	(0.1, 0.25)	0.008605293067056295	0.011040753369053464	0.013313849650917333	0.035070628348757835
ADA/USDT	2025-04-19 00:00:00+00:00	(0.0, 0.05)	0.0046060991105464	0.010800508259212242	0.013977128335451127	0.025095298602287222
ADA/USDT	2025-04-20 00:00:00+00:00	(0.0, 0.05)	0.005076142131979665	0.009041878172588894	0.0361675126903554	0.04013324873096445
ADA/USDT	2025-04-21 00:00:00+00:00	(0.25, 0.5)	0.02646775745909522	0.02823227462303489	0.04106512672441443	0.055822906641000876
ADA/USDT	2025-04-22 00:00:00+00:00	(0.0, 0.05)	0.01462317210348706	0.02587176602924635	0.04547645829985537	0.11200385666077471
ADA/USDT	2025-04-23 00:00:00+00:00	(0.75, 1.0)	0.014380044020542965	0.025091709464416734	0.04900953778429932	0.06001467351430675
ADA/USDT	2025-04-24 00:00:00+00:00	(0.05, 0.1)	0.011060040218328123	0.027434645216891703	0.041080149382361326	0.10902039643780517
ADA/USDT	2025-04-25 00:00:00+00:00	(0.5, 0.75)	0.01251564455569463	0.03365317758308997	0.03393130301766094	0.043387567793074684
ADA/USDT	2025-04-26 00:00:00+00:00	(0.1, 0.25)	0.007952008928571482	0.015206473214285744	0.04129464285714295	0.04854910714285722
ADA/USDT	2025-04-27 00:00:00+00:00	(0.05, 0.1)	0.013254371122391532	0.033135927805978675	0.037648054145516155	0.03919909757473215
ADA/USDT	2025-04-28 00:00:00+00:00	(0.5, 0.75)	0.011749534317237405	0.03969050007164343	0.06720160481444325	0.06720160481444325
ADA/USDT	2025-04-29 00:00:00+00:00	(0.25, 0.5)	0.012959270863001988	0.018228424950156696	0.028909142694389038	0.041726003987467945
ADA/USDT	2025-04-30 00:00:00+00:00	(0.5, 0.75)	0.01173608129383138	0.01760412194074707	0.01760412194074707	0.05581794761700306
ADA/USDT	2025-05-01 00:00:00+00:00	(0.25, 0.5)	0.007306736811340061	0.013152126260412112	0.036241414584246574	0.04442495981294751
ADA/USDT	2025-05-02 00:00:00+00:00	(0.1, 0.25)	0.01478322672352518	0.034541577825159896	0.035394456289978726	0.05216773276474778
ADA/USDT	2025-05-03 00:00:00+00:00	(0.1, 0.25)	0.007464829170255502	0.011484352569623898	0.017657192075796694	0.054550674705713516
ADA/USDT	2025-05-04 00:00:00+00:00	(0.5, 0.75)	0.01709158239567015	0.03019512889901723	0.03931063951004125	0.061102407064520796
ADA/USDT	2025-05-05 00:00:00+00:00	(0.5, 0.75)	0.00992151636309794	0.0205834443950837	0.049163334814156516	0.05612320450170285
ADA/USDT	2025-05-06 00:00:00+00:00	(0.25, 0.5)	0.0075505889459377895	0.019329507701600607	0.03533675626698879	0.05753548776804594
ADA/USDT	2025-05-07 00:00:00+00:00	(0.75, 1.0)	0.014281507656065858	0.025912838633686777	0.025912838633686777	0.050353356890459375
ADA/USDT	2025-05-08 00:00:00+00:00	(0.75, 1.0)	0.02039297409943426	0.059392676391783174	0.08082762727002087	0.1503423637987496
ADA/USDT	2025-05-09 00:00:00+00:00	(0.75, 1.0)	0.012726318551561179	0.029257412752558366	0.08501705589084226	0.08501705589084226
ADA/USDT	2025-05-10 00:00:00+00:00	(0.1, 0.25)	0.026647966339410977	0.026647966339410977	0.054315950529134224	0.0971567002422543
ADA/USDT	2025-05-11 00:00:00+00:00	(0.75, 1.0)	0.03628360694741847	0.04187485129669285	0.06899833452295985	0.07185343802046158
ADA/USDT	2025-05-12 00:00:00+00:00	(0.1, 0.25)	0.01935881627620214	0.031689272503082545	0.05992601726263869	0.10369913686806405
ADA/USDT	2025-05-13 00:00:00+00:00	(0.75, 1.0)	0.01703283139965431	0.04949395211059	0.04949395211059	0.0867686990866453
ADA/USDT	2025-05-14 00:00:00+00:00	(0.1, 0.25)	0.012534651078703237	0.025671929613113157	0.04194287091719892	0.054236471013619426
ADA/USDT	2025-05-15 00:00:00+00:00	(0.05, 0.1)	0.011564287490674069	0.03108679432976874	0.06341706043272823	0.08169609549863216
ADA/USDT	2025-05-16 00:00:00+00:00	(0.5, 0.75)	0.014456889815056002	0.03282104714769471	0.03425371190414169	0.046105756707476034
ADA/USDT	2025-05-17 00:00:00+00:00	(0.5, 0.75)	0.019448094612352213	0.033771353482260257	0.06070959264126152	0.07187910643889615
ADA/USDT	2025-05-18 00:00:00+00:00	(0.5, 0.75)	0.010092854259184582	0.014129995962858235	0.041582559547840035	0.08020454851298613
ADA/USDT	2025-05-19 00:00:00+00:00	(0.75, 1.0)	0.022979397781299486	0.044506075013206636	0.06325937665081888	0.06325937665081888
ADA/USDT	2025-05-20 00:00:00+00:00	(0.05, 0.1)	0.013524370648098551	0.01914836636314941	0.039903588644884906	0.04204606320299944
ADA/USDT	2025-05-21 00:00:00+00:00	(0.25, 0.5)	0.010429201764941727	0.02527075812274357	0.04064714534028611	0.06324374916432679
ADA/USDT	2025-05-22 00:00:00+00:00	(0.5, 0.75)	0.011898603207449543	0.028323848939472363	0.052250387997930664	0.05561303673047082
ADA/USDT	2025-05-23 00:00:00+00:00	(0.1, 0.25)	0.008986827526775789	0.04234888587960112	0.0898682752677583	0.12126061799827653
ADA/USDT	2025-05-24 00:00:00+00:00	(0.75, 1.0)	0.014515914236249861	0.026235184445332335	0.031162604874151133	0.0344919430017313
ADA/USDT	2025-05-25 00:00:00+00:00	(0.25, 0.5)	0.021441972661484877	0.02278209595282768	0.027606539801661688	0.04596622889305816
ADA/USDT	2025-05-26 00:00:00+00:00	(0.5, 0.75)	0.014123548046462422	0.014123548046462422	0.02943505807814148	0.034450897571277735
ADA/USDT	2025-05-27 00:00:00+00:00	(0.05, 0.1)	0.0209918656520597	0.026502230385725526	0.03909734977696149	0.04224612962477041
ADA/USDT	2025-05-28 00:00:00+00:00	(0.25, 0.5)	0.009004237288135632	0.013771186440677919	0.019729872881355817	0.03840042372881345
ADA/USDT	2025-05-29 00:00:00+00:00	(0.25, 0.5)	0.01678077594307955	0.027251980131561264	0.027654718754195128	0.06148476305544362
ADA/USDT	2025-05-30 00:00:00+00:00	(0.25, 0.5)	0.05998899284534944	0.05998899284534944	0.05998899284534944	0.06906989543203085
ADA/USDT	2025-05-31 00:00:00+00:00	(0.75, 1.0)	0.025874742722728532	0.04469273743016757	0.04469273743016757	0.057483093207880066
ADA/USDT	2025-06-01 00:00:00+00:00	(0.1, 0.25)	0.007320644216691075	0.01742313323572461	0.04480234260614928	0.04963396778916534
ADA/USDT	2025-06-02 00:00:00+00:00	(0.25, 0.5)	0.011191860465116176	0.022819767441860376	0.03808139534883721	0.043313953488372164
ADA/USDT	2025-06-03 00:00:00+00:00	(0.75, 1.0)	0.01240265359100078	0.022786270550908618	0.028266512835304385	0.048168445341794194
ADA/USDT	2025-06-04 00:00:00+00:00	(0.25, 0.5)	0.022056675430908564	0.028775927548933596	0.028775927548933596	0.059450774174700495
ADA/USDT	2025-06-05 00:00:00+00:00	(0.25, 0.5)	0.01006308200660865	0.020276359267047097	0.02838690297386607	0.1070892159807749
ADA/USDT	2025-06-06 00:00:00+00:00	(0.75, 1.0)	0.012662285622695973	0.027087674306779976	0.060105786183683244	0.08222471549927875
ADA/USDT	2025-06-07 00:00:00+00:00	(0.25, 0.5)	0.014891003991403197	0.019957015658581535	0.032391771568928474	0.03285231808412646
ADA/USDT	2025-06-08 00:00:00+00:00	(0.1, 0.25)	0.00923542770628328	0.009386828160484625	0.026192278576835874	0.042240726722180225
ADA/USDT	2025-06-09 00:00:00+00:00	(0.25, 0.5)	0.008064516129032365	0.014336917562724094	0.03166069295101553	0.0791517323775389
ADA/USDT	2025-06-10 00:00:00+00:00	(0.75, 1.0)	0.009461940403897811	0.01708798192345714	0.042225674339782575	0.04900437791272429
ADA/USDT	2025-06-11 00:00:00+00:00	(0.5, 0.75)	0.014339412501740185	0.017541417235138444	0.027425866629541888	0.05652234442433535
ADA/USDT	2025-06-12 00:00:00+00:00	(0.5, 0.75)	0.01004016064257029	0.016637980493402257	0.03542742398164093	0.08749282845668395
ADA/USDT	2025-06-13 00:00:00+00:00	(0.75, 1.0)	0.0439304563800062	0.04501707544240923	0.04501707544240923	0.04501707544240923
ADA/USDT	2025-06-14 00:00:00+00:00	(0.25, 0.5)	0.012349538846334246	0.014694387994372478	0.017664530248554147	0.04642801313115532
ADA/USDT	2025-06-15 00:00:00+00:00	(0.25, 0.5)	0.004960793726996306	0.010241638662185887	0.02192350776124187	0.024163866218594978
ADA/USDT	2025-06-16 00:00:00+00:00	(0.5, 0.75)	0.012173913043478325	0.025770750988142264	0.0409486166007904	0.05770750988142289
ADA/USDT	2025-06-17 00:00:00+00:00	(0.75, 1.0)	0.02891566265060243	0.03807228915662641	0.03807228915662641	0.0687550200803212
ADA/USDT	2025-06-18 00:00:00+00:00	(0.5, 0.75)	0.013418425789559787	0.01570937653411889	0.036327933235149726	0.05514645720831298
ADA/USDT	2025-06-19 00:00:00+00:00	(0.75, 1.0)	0.017232808616404433	0.021706710853355425	0.02468931234465621	0.03628831814415912
ADA/USDT	2025-06-20 00:00:00+00:00	(0.1, 0.25)	0.005968169761273289	0.010941644562334301	0.03348806366047745	0.07592838196286465
ADA/USDT	2025-06-21 00:00:00+00:00	(0.5, 0.75)	0.008644536652835415	0.016597510373443883	0.018672199170124342	0.07589903181189478
ADA/USDT	2025-06-22 00:00:00+00:00	(0.75, 1.0)	0.02208944414267606	0.03476371537208038	0.04635162049610731	0.09813507151910199
ADA/USDT	2025-06-23 00:00:00+00:00	(0.75, 1.0)	0.011651562788977202	0.01609025337525438	0.023857961901239177	0.10597373774736457
ADA/USDT	2025-06-24 00:00:00+00:00	(0.75, 1.0)	0.00961868773617303	0.011679835108210093	0.029886636894537907	0.029886636894537907
ADA/USDT	2025-06-25 00:00:00+00:00	(0.1, 0.25)	0.010533469249065551	0.014610941216445891	0.02769283044512399	0.04689092762487251
ADA/USDT	2025-06-26 00:00:00+00:00	(0.25, 0.5)	0.005803728455856631	0.027963418923672222	0.037108688005627874	0.05645444952514952
ADA/USDT	2025-06-27 00:00:00+00:00	(0.25, 0.5)	0.014074341392998969	0.022194153735113836	0.022194153735113836	0.03302057019126666
ADA/USDT	2025-06-28 00:00:00+00:00	(0.5, 0.75)	0.004303388918773658	0.012372243141473942	0.014703245472476216	0.024027254796485507
ADA/USDT	2025-06-29 00:00:00+00:00	(0.0, 0.05)	0.004769475357710715	0.010952128599187393	0.01713478184066407	0.05423070128952472
ADA/USDT	2025-06-30 00:00:00+00:00	(0.75, 1.0)	0.012146451500954374	0.023945861530452948	0.036612875238591025	0.059691133090404275
ADA/USDT	2025-07-01 00:00:00+00:00	(0.75, 1.0)	0.011666376458297125	0.02037262754657852	0.03203900400487545	0.06947588368448554
ADA/USDT	2025-07-02 00:00:00+00:00	(0.05, 0.1)	0.007729112992270853	0.026315789473684376	0.04821494295178506	0.1124401913875599
ADA/USDT	2025-07-03 00:00:00+00:00	(0.5, 0.75)	0.008691206543967269	0.011588275391956422	0.047886843899113865	0.04976141785957738
ADA/USDT	2025-07-04 00:00:00+00:00	(0.1, 0.25)	0.0074862751622027275	0.0207952087838963	0.04857760771918151	0.06737647645982381
ADA/USDT	2025-07-05 00:00:00+00:00	(0.25, 0.5)	0.0036598117811083844	0.018124782154060586	0.025792959219240217	0.025792959219240217
ADA/USDT	2025-07-06 00:00:00+00:00	(0.05, 0.1)	0.004005572971090158	0.010101010101010149	0.015499825844653464	0.039010797631487244
ADA/USDT	2025-07-07 00:00:00+00:00	(0.5, 0.75)	0.008182748039549994	0.021650187521309316	0.022332083191271737	0.036310944425502874
ADA/USDT	2025-07-08 00:00:00+00:00	(0.25, 0.5)	0.012031625988312146	0.019422481952560976	0.026469577174286645	0.034204193881058644
ADA/USDT	2025-07-09 00:00:00+00:00	(0.0, 0.05)	0.00732788002726648	0.008520790729379694	0.05436264485344247	0.07515337423312889
ADA/USDT	2025-07-10 00:00:00+00:00	(0.25, 0.5)	0.011547714514835758	0.015076182838813271	0.037690457097032996	0.10104250200481163
ADA/USDT	2025-07-11 00:00:00+00:00	(0.75, 1.0)	0.01271625018482913	0.034747892946917	0.10246931834984478	0.16161466804672475
ADA/USDT	2025-07-12 00:00:00+00:00	(0.75, 1.0)	0.03575953822328606	0.05363930733492893	0.05363930733492893	0.0685625791918907
ADA/USDT	2025-07-13 00:00:00+00:00	(0.25, 0.5)	0.008879492600422794	0.023114869626497492	0.05961945031712474	0.0703312191684284
ADA/USDT	2025-07-14 00:00:00+00:00	(0.75, 1.0)	0.013578919064264583	0.039392309760688346	0.039392309760688346	0.0633234740521646
ADA/USDT	2025-07-15 00:00:00+00:00	(0.25, 0.5)	0.023141174859646604	0.039572778310283344	0.039572778310283344	0.05340271121456941
ADA/USDT	2025-07-16 00:00:00+00:00	(0.75, 1.0)	0.012129380053908366	0.024528301886792444	0.03005390835579513	0.0703504043126685
ADA/USDT	2025-07-17 00:00:00+00:00	(0.75, 1.0)	0.013472858077174594	0.0425114453891432	0.11157619359058214	0.12884238064094183
ADA/USDT	2025-07-18 00:00:00+00:00	(0.75, 1.0)	0.049011282300133435	0.049011282300133435	0.08674026446682034	0.1208297949775566
ADA/USDT	2025-07-19 00:00:00+00:00	(0.5, 0.75)	0.025036638983878937	0.04066927210552027	0.043356130923302504	0.043356130923302504
ADA/USDT	2025-07-20 00:00:00+00:00	(0.25, 0.5)	0.0148004367341987	0.028751668082008908	0.04707024141695978	0.0669659104694893
ADA/USDT	2025-07-21 00:00:00+00:00	(0.75, 1.0)	0.016833431430253065	0.03425544437904651	0.08240141259564443	0.11277221895232489
ADA/USDT	2025-07-22 00:00:00+00:00	(0.25, 0.5)	0.024738558416732285	0.05048914876869441	0.06409535589789715	0.06409535589789715
ADA/USDT	2025-07-23 00:00:00+00:00	(0.5, 0.75)	0.021520963425512917	0.026650312221230956	0.05296610169491524	0.13024085637823374
ADA/USDT	2025-07-24 00:00:00+00:00	(0.5, 0.75)	0.014863038938705317	0.017442574622282263	0.0783687507677189	0.0943373049993858
ADA/USDT	2025-07-25 00:00:00+00:00	(0.5, 0.75)	0.01297081566475426	0.0365427787478174	0.044774257919680635	0.054876527812421964
ADA/USDT	2025-07-26 00:00:00+00:00	(0.75, 1.0)	0.010451248001967235	0.019058158121234424	0.021025451862781267	0.03246034673552192
ADA/USDT	2025-07-27 00:00:00+00:00	(0.1, 0.25)	0.008778346744696396	0.015240185320653445	0.030846135089002667	0.030846135089002667
ADA/USDT	2025-07-28 00:00:00+00:00	(0.25, 0.5)	0.015244268395150697	0.02484695714800137	0.03841075501140323	0.0839034929780338
ADA/USDT	2025-07-29 00:00:00+00:00	(0.1, 0.25)	0.02221385542168667	0.026355421686746875	0.03765060240963845	0.05082831325301203
ADA/USDT	2025-07-30 00:00:00+00:00	(0.25, 0.5)	0.010479233226837041	0.020702875399361012	0.048178913738019115	0.07629392971246003
ADA/USDT	2025-07-31 00:00:00+00:00	(0.25, 0.5)	0.013225088385491681	0.023962288856881096	0.03378289904412733	0.0756841691763781
ADA/USDT	2025-08-01 00:00:00+00:00	(0.5, 0.75)	0.03291900013659338	0.03291900013659338	0.04289031553066519	0.061603606064745145
ADA/USDT	2025-08-02 00:00:00+00:00	(0.75, 1.0)	0.013631253513209571	0.01812816188870155	0.031056773468240595	0.06127037661607641
ADA/USDT	2025-08-03 00:00:00+00:00	(0.1, 0.25)	0.02605583392984967	0.04452397995705085	0.06070150322118825	0.06313528990694349
ADA/USDT	2025-08-04 00:00:00+00:00	(0.0, 0.05)	0.02436674008810564	0.02436674008810564	0.02436674008810564	0.04598017621145372
ADA/USDT	2025-08-05 00:00:00+00:00	(0.25, 0.5)	0.01075840085004648	0.019126045955638157	0.035861336166821654	0.062026829592243274
ADA/USDT	2025-08-06 00:00:00+00:00	(0.05, 0.1)	0.010923672566371707	0.018805309734513352	0.027240044247787684	0.05157632743362832
ADA/USDT	2025-08-07 00:00:00+00:00	(0.0, 0.05)	0.006484733855714708	0.016482031883274777	0.05403944879762231	0.08159956768440964
ADA/USDT	2025-08-08 00:00:00+00:00	(0.75, 1.0)	0.029274447949526813	0.029274447949526813	0.03457413249211354	0.0391167192429021
ADA/USDT	2025-08-09 00:00:00+00:00	(0.0, 0.05)	0.006679269061121717	0.013484562066792745	0.035286704473850065	0.03957151858853194
ADA/USDT	2025-08-10 00:00:00+00:00	(0.5, 0.75)	0.013172610910898538	0.026966571393065804	0.06213495712687964	0.06213495712687964
ADA/USDT	2025-08-11 00:00:00+00:00	(0.1, 0.25)	0.00876095118898624	0.04405506883604506	0.05944931163954942	0.0846057571964956
ADA/USDT	2025-08-12 00:00:00+00:00	(0.5, 0.75)	0.010842906931715454	0.01845875822899184	0.02981799406221764	0.11888472957273777
ADA/USDT	2025-08-13 00:00:00+00:00	(0.1, 0.25)	0.0184615384615384	0.03585798816568047	0.06414201183431943	0.11289940828402359
ADA/USDT	2025-08-14 00:00:00+00:00	(0.75, 1.0)	0.021769587240004308	0.07845673025110463	0.10917124690160585	0.15217157021230748
ADA/USDT	2025-08-15 00:00:00+00:00	(0.75, 1.0)	0.03341820496499054	0.0363887120729896	0.05675790367069806	0.05686399321026957
ADA/USDT	2025-08-16 00:00:00+00:00	(0.75, 1.0)	0.02354411917908122	0.0281279299927076	0.0797999791644963	0.0797999791644963
ADA/USDT	2025-08-17 00:00:00+00:00	(0.0, 0.05)	0.011461630826329073	0.04846632463704835	0.0909289378888768	0.0909289378888768
ADA/USDT	2025-08-18 00:00:00+00:00	(0.25, 0.5)	0.018055411435093992	0.056967936079692916	0.08363598630279133	0.08363598630279133
ADA/USDT	2025-08-19 00:00:00+00:00	(0.25, 0.5)	0.0390540247342157	0.05044478194836189	0.07008027771750922	0.12584074636580603
ADA/USDT	2025-08-20 00:00:00+00:00	(0.25, 0.5)	0.013068048033906285	0.016364492582999792	0.03249352484106436	0.0652225100070638
ADA/USDT	2025-08-21 00:00:00+00:00	(0.05, 0.1)	0.013093476033245992	0.026073095753159425	0.03165205510645558	0.052373904132984095
ADA/USDT	2025-08-22 00:00:00+00:00	(0.1, 0.25)	0.018326135169837804	0.027314112291350504	0.046574063266020704	0.14100618652970703
ADA/USDT	2025-08-23 00:00:00+00:00	(0.1, 0.25)	0.010467249379518768	0.04186899751807495	0.051580878385669535	0.051580878385669535
ADA/USDT	2025-08-24 00:00:00+00:00	(0.05, 0.1)	0.010042571771640635	0.013426481825128357	0.036895535421897226	0.08317869228250195
ADA/USDT	2025-08-25 00:00:00+00:00	(0.75, 1.0)	0.028198376124643466	0.044985736229975905	0.08042571867456663	0.10829493087557605
ADA/USDT	2025-08-26 00:00:00+00:00	(0.75, 1.0)	0.016022958268563873	0.023197417194786525	0.0276216668659572	0.05751524572521826
ADA/USDT	2025-08-27 00:00:00+00:00	(0.1, 0.25)	0.008802409080379825	0.022585128561500998	0.027102154273801225	0.03648366921473242
ADA/USDT	2025-08-28 00:00:00+00:00	(0.5, 0.75)	0.013812478052206523	0.020601662179562285	0.04190565375160957	0.04471497132154982
ADA/USDT	2025-08-29 00:00:00+00:00	(0.5, 0.75)	0.02156931327970148	0.031129765652325926	0.06016089541797829	0.06575725778244129
ADA/USDT	2025-08-30 00:00:00+00:00	(0.25, 0.5)	0.008222490931076213	0.03059250302297473	0.03796856106408718	0.04715840386940754
ADA/USDT	2025-08-31 00:00:00+00:00	(0.0, 0.05)	0.0156667476317706	0.019310177313577745	0.025018217148408975	0.03995627884381823
ADA/USDT	2025-09-01 00:00:00+00:00	(0.5, 0.75)	0.01174870145931247	0.017066534751422256	0.062824635171902	0.07840712342320047
ADA/USDT	2025-09-02 00:00:00+00:00	(0.75, 1.0)	0.008604564160119598	0.02893128819054745	0.03479236812570137	0.0495074198777902
ADA/USDT	2025-09-03 00:00:00+00:00	(0.5, 0.75)	0.013373134328358193	0.016477611940298547	0.01707462686567175	0.021134328358209012
ADA/USDT	2025-09-04 00:00:00+00:00	(0.0, 0.05)	0.010019083969465605	0.02242366412213745	0.033277671755725234	0.04675572519083971
ADA/USDT	2025-09-05 00:00:00+00:00	(0.25, 0.5)	0.009738658777120338	0.01701183431952667	0.033777120315581825	0.055966469428007884
ADA/USDT	2025-09-06 00:00:00+00:00	(0.05, 0.1)	0.005897219882055621	0.009507762666987626	0.0207004453002768	0.02611625947767474
ADA/USDT	2025-09-07 00:00:00+00:00	(0.0, 0.05)	0.005606337599025043	0.012675198049969623	0.017428397318708214	0.02790981109079833
ADA/USDT	2025-09-08 00:00:00+00:00	(0.25, 0.5)	0.008633093525179837	0.02206235011990418	0.03189448441247011	0.049160671462829784
ADA/USDT	2025-09-09 00:00:00+00:00	(0.1, 0.25)	0.014479430016088193	0.022523557802803896	0.04493219949436914	0.0484945989427718
ADA/USDT	2025-09-10 00:00:00+00:00	(0.05, 0.1)	0.006702103073723037	0.02345736075803095	0.026808412294892534	0.042870348971573866
ADA/USDT	2025-09-11 00:00:00+00:00	(0.25, 0.5)	0.0058830184410000935	0.013463061432288745	0.014028736282384973	0.036542595316212234
ADA/USDT	2025-09-12 00:00:00+00:00	(0.5, 0.75)	0.02075154234436339	0.02075154234436339	0.030510375771172184	0.04789680314077406
ADA/USDT	2025-09-13 00:00:00+00:00	(0.5, 0.75)	0.013746076415196498	0.020023812100876795	0.03820759822491611	0.04297001840025972
ADA/USDT	2025-09-14 00:00:00+00:00	(0.0, 0.05)	0.01570736955352334	0.01796664873587944	0.03055406132329207	0.05433028509951586
ADA/USDT	2025-09-15 00:00:00+00:00	(0.1, 0.25)	0.012693776679397861	0.01875982925185357	0.056279487755560464	0.056279487755560464
ADA/USDT	2025-09-16 00:00:00+00:00	(0.05, 0.1)	0.007541478129713495	0.0122984104884558	0.025989093862397002	0.036083072282167325
ADA/USDT	2025-09-17 00:00:00+00:00	(0.1, 0.25)	0.004671832269826792	0.012762078395624415	0.02324521422060161	0.06711485870556057
ADA/USDT	2025-09-18 00:00:00+00:00	(0.75, 1.0)	0.012227074235807846	0.020196506550218297	0.028384279475982557	0.042576419213973836
ADA/USDT	2025-09-19 00:00:00+00:00	(0.25, 0.5)	0.013066954643628509	0.030777537796976208	0.04794816414686824	0.056479481641468696
ADA/USDT	2025-09-20 00:00:00+00:00	(0.25, 0.5)	0.010199506837032052	0.010423671822461428	0.021744003586639738	0.021744003586639738
ADA/USDT	2025-09-21 00:00:00+00:00	(0.0, 0.05)	0.008500167766469132	0.010289676769936232	0.028520299742758045	0.030869030309808698
ADA/USDT	2025-09-22 00:00:00+00:00	(0.05, 0.1)	0.027476255088195376	0.0443238353686115	0.11126187245590236	0.11126187245590236
ADA/USDT	2025-09-23 00:00:00+00:00	(0.5, 0.75)	0.012465206341522555	0.03182863366815925	0.03182863366815925	0.032070676509742185
ADA/USDT	2025-09-24 00:00:00+00:00	(0.25, 0.5)	0.0075439030422953185	0.032154340836012894	0.04105861983675489	0.04983922829581994
ADA/USDT	2025-09-25 00:00:00+00:00	(0.25, 0.5)	0.00994841562269712	0.0264062883812332	0.042127241464013754	0.07381478752149354
ADA/USDT	2025-09-26 00:00:00+00:00	(0.5, 0.75)	0.018386637317104885	0.019163537485433167	0.030817040010358582	0.05023954421856784
ADA/USDT	2025-09-27 00:00:00+00:00	(0.05, 0.1)	0.003543855208201384	0.00746740918871031	0.022149095051259424	0.022149095051259424
ADA/USDT	2025-09-28 00:00:00+00:00	(0.25, 0.5)	0.008740359897172272	0.013239074550128503	0.02185089974293061	0.06092544987146529
ADA/USDT	2025-09-29 00:00:00+00:00	(0.75, 1.0)	0.006078650291527125	0.012529462845800766	0.02319811437786881	0.034859198610594236
ADA/USDT	2025-09-30 00:00:00+00:00	(0.5, 0.75)	0.011795381177054821	0.015147752669480988	0.030295505338961977	0.04358082940153963
ADA/USDT	2025-10-01 00:00:00+00:00	(0.5, 0.75)	0.009277585353785194	0.018060366155368702	0.050470064324591855	0.07261256803562603
ADA/USDT	2025-10-02 00:00:00+00:00	(0.5, 0.75)	0.007839925111163163	0.014392698338403905	0.018956236835946633	0.048794757781418285
ADA/USDT	2025-10-03 00:00:00+00:00	(0.25, 0.5)	0.006249276704085129	0.01643328318481656	0.020136558268718994	0.051151487096400904
ADA/USDT	2025-10-04 00:00:00+00:00	(0.25, 0.5)	0.01140815856188064	0.021894445724821406	0.03215026503802724	0.041023277252823315
ADA/USDT	2025-10-05 00:00:00+00:00	(0.05, 0.1)	0.00894881279083649	0.033766853597422736	0.05667581434196409	0.06645984965994521
ADA/USDT	2025-10-06 00:00:00+00:00	(0.1, 0.25)	0.015189570625523185	0.015548379380456898	0.026791053701710293	0.05800741538093528
ADA/USDT	2025-10-07 00:00:00+00:00	(0.25, 0.5)	0.008246478066659013	0.01695109380368805	0.034360325277746	0.06986599473141686
ADA/USDT	2025-10-08 00:00:00+00:00	(0.5, 0.75)	0.011562804284323214	0.026533592989289242	0.026533592989289242	0.053067185978578485
ADA/USDT	2025-10-09 00:00:00+00:00	(0.0, 0.05)	0.013264818355640534	0.03166826003824101	0.04445506692160613	0.054373804971319294
ADA/USDT	2025-10-10 00:00:00+00:00	(0.25, 0.5)	0.00478645066273934	0.015954835542464425	0.017059401080019666	0.6756259204712813
ADA/USDT	2025-10-11 00:00:00+00:00	(0.75, 1.0)	0.05799999999999993	0.08323076923076911	0.09799999999999996	0.11384615384615394
ADA/USDT	2025-10-12 00:00:00+00:00	(0.75, 1.0)	0.021154763798313946	0.03515190074757437	0.05344361380626684	0.14617464609511688
ADA/USDT	2025-10-13 00:00:00+00:00	(0.25, 0.5)	0.019151064742032414	0.0305845362298129	0.0545948263541518	0.0633128483635844
ADA/USDT	2025-10-14 00:00:00+00:00	(0.5, 0.75)	0.017421124828532298	0.031412894375857384	0.09711934156378613	0.09807956104252402
ADA/USDT	2025-10-15 00:00:00+00:00	(0.5, 0.75)	0.01080069124423956	0.024337557603686673	0.042338709677419324	0.08424539170506912
ADA/USDT	2025-10-16 00:00:00+00:00	(0.25, 0.5)	0.009908422158834918	0.014862633238252378	0.04909172796877338	0.0773157183606065
ADA/USDT	2025-10-17 00:00:00+00:00	(0.25, 0.5)	0.014837712519320019	0.018392581143740372	0.09845440494590414	0.09845440494590414
ADA/USDT	2025-10-18 00:00:00+00:00	(0.5, 0.75)	0.011208967173739	0.02097678142514011	0.02610088070456362	0.027542033626901507
ADA/USDT	2025-10-19 00:00:00+00:00	(0.05, 0.1)	0.008857956342929355	0.013761467889908147	0.04349889275545708	0.06754191711483702
ADA/USDT	2025-10-20 00:00:00+00:00	(0.5, 0.75)	0.015574402467232072	0.04178874325366232	0.056900539707016265	0.056900539707016265
ADA/USDT	2025-10-21 00:00:00+00:00	(0.1, 0.25)	0.008631132646880568	0.03210175651120532	0.04027861901877643	0.07359176256814048
ADA/USDT	2025-10-22 00:00:00+00:00	(0.75, 1.0)	0.01345499536034632	0.013918960717599765	0.03634395298484375	0.06263532322919886
ADA/USDT	2025-10-23 00:00:00+00:00	(0.75, 1.0)	0.010075163921317723	0.011674396289780863	0.032944186790340564	0.050055973132896205
ADA/USDT	2025-10-24 00:00:00+00:00	(0.25, 0.5)	0.008705114254624497	0.01336856831960196	0.025338100419710838	0.03979480802114092
ADA/USDT	2025-10-25 00:00:00+00:00	(0.0, 0.05)	0.007328244274809031	0.010076335877862502	0.017557251908396878	0.017557251908396878
ADA/USDT	2025-10-26 00:00:00+00:00	(0.05, 0.1)	0.005050505050505004	0.014998469543924137	0.045913682277318686	0.06397306397306407
ADA/USDT	2025-10-27 00:00:00+00:00	(0.75, 1.0)	0.00687034059348054	0.016810407835111757	0.03230521853530187	0.044437947668469494
ADA/USDT	2025-10-28 00:00:00+00:00	(0.25, 0.5)	0.0076565080318272095	0.016514036931391696	0.023720162137817198	0.05945053295301001
ADA/USDT	2025-10-29 00:00:00+00:00	(0.5, 0.75)	0.006669768884752724	0.01023731968357366	0.01923375213277488	0.05459903831239337
ADA/USDT	2025-10-30 00:00:00+00:00	(0.5, 0.75)	0.010457312314655732	0.022163258935539238	0.04385828000624302	0.09708131730919294
ADA/USDT	2025-10-31 00:00:00+00:00	(0.5, 0.75)	0.01906498673740064	0.023872679045092972	0.029840848806366078	0.03680371352785146
ADA/USDT	2025-11-01 00:00:00+00:00	(0.05, 0.1)	0.007567034051653312	0.01661457476558644	0.02385260733673313	0.02385260733673313
ADA/USDT	2025-11-02 00:00:00+00:00	(0.1, 0.25)	0.006532745386248577	0.007186019924873544	0.022048015678588856	0.043606075453209305
ADA/USDT	2025-11-03 00:00:00+00:00	(0.5, 0.75)	0.01701292327825957	0.06968755112056288	0.0734500245378702	0.14002944544413548
ADA/USDT	2025-11-04 00:00:00+00:00	(0.5, 0.75)	0.021230266739248854	0.03066594084558161	0.05969878424968252	0.13336962438758848
ADA/USDT	2025-11-05 00:00:00+00:00	(0.75, 1.0)	0.03097345132743363	0.07599076567910741	0.08272412466333201	0.10696421700654105
ADA/USDT	2025-11-06 00:00:00+00:00	(0.25, 0.5)	0.013786764705882467	0.02003676470588239	0.025919117647058825	0.05294117647058812
ADA/USDT	2025-11-07 00:00:00+00:00	(0.25, 0.5)	0.01514301738642736	0.025986165638436927	0.04505515049541972	0.12469620489811196
ADA/USDT	2025-11-08 00:00:00+00:00	(0.25, 0.5)	0.017027863777089817	0.03302373581011351	0.03663570691434466	0.06759545923632611
ADA/USDT	2025-11-09 00:00:00+00:00	(0.5, 0.75)	0.010623229461756385	0.03151558073654398	0.03151558073654398	0.06480169971671403
ADA/USDT	2025-11-10 00:00:00+00:00	(0.1, 0.25)	0.023517205602628297	0.023517205602628297	0.04409476050492818	0.04409476050492818
ADA/USDT	2025-11-11 00:00:00+00:00	(0.5, 0.75)	0.015824915824915766	0.03417508417508415	0.05420875420875422	0.08989898989898991
ADA/USDT	2025-11-12 00:00:00+00:00	(0.25, 0.5)	0.011684342980406366	0.017077116663670795	0.0391874887650549	0.07460003595182452
ADA/USDT	2025-11-13 00:00:00+00:00	(0.25, 0.5)	0.016627078384798093	0.037273890005481404	0.0511602411839942	0.10451306413301668
ADA/USDT	2025-11-14 00:00:00+00:00	(0.75, 1.0)	0.01837121212121199	0.02215909090909078	0.051136363636363466	0.0823863636363636
ADA/USDT	2025-11-15 00:00:00+00:00	(0.75, 1.0)	0.010940919037199024	0.027849612094688704	0.030634573304157486	0.03282275711159729
ADA/USDT	2025-11-16 00:00:00+00:00	(0.25, 0.5)	0.010167464114832632	0.027511961722487994	0.03349282296650714	0.07137161084529504
ADA/USDT	2025-11-17 00:00:00+00:00	(0.5, 0.75)	0.028565514386255392	0.03477540881805006	0.04098530324984472	0.087145518526185
ADA/USDT	2025-11-18 00:00:00+00:00	(0.25, 0.5)	0.02583979328165377	0.030577088716623582	0.03359173126614988	0.05620155038759693
ADA/USDT	2025-11-19 00:00:00+00:00	(0.25, 0.5)	0.014394580863674912	0.021803556308213328	0.05165114309906854	0.08340389500423369
ADA/USDT	2025-11-20 00:00:00+00:00	(0.75, 1.0)	0.008849557522123878	0.016619900712281425	0.018994172242607327	0.0936758040146773
ADA/USDT	2025-11-21 00:00:00+00:00	(0.75, 1.0)	0.009630818619582622	0.034625085989451965	0.11121302453565693	0.11946801192387063
ADA/USDT	2025-11-22 00:00:00+00:00	(0.75, 1.0)	0.013391770148526782	0.029948867786705705	0.04163623082542002	0.05478451424397375
ADA/USDT	2025-11-23 00:00:00+00:00	(0.25, 0.5)	0.01135522093310292	0.026906936558874266	0.03480622068625031	0.0417180942977042
ADA/USDT	2025-11-24 00:00:00+00:00	(0.5, 0.75)	0.017751479289940787	0.039940828402366846	0.043885601577909224	0.0793885601577908
ADA/USDT	2025-11-25 00:00:00+00:00	(0.1, 0.25)	0.009114279037158248	0.016125262911895342	0.03669081561112408	0.056555269922879174
ADA/USDT	2025-11-26 00:00:00+00:00	(0.5, 0.75)	0.00805496327884391	0.02345415778251591	0.038616441601516185	0.06372897417673545
ADA/USDT	2025-11-27 00:00:00+00:00	(0.0, 0.05)	0.013354823854478533	0.014966612940363817	0.023716325120884126	0.028781947962238107
ADA/USDT	2025-11-28 00:00:00+00:00	(0.1, 0.25)	0.014348530432770155	0.026382781763480596	0.03563989817171944	0.05160842397593147
ADA/USDT	2025-11-29 00:00:00+00:00	(0.0, 0.05)	0.0061978545887961655	0.015494636471990479	0.020500595947556606	0.025268176400476756
ADA/USDT	2025-11-30 00:00:00+00:00	(0.05, 0.1)	0.006969478490747449	0.016822879115597225	0.0201874549387167	0.06392694063926943
ADA/USDT	2025-12-01 00:00:00+00:00	(0.75, 1.0)	0.038270377733598475	0.04746520874751493	0.0571570576540756	0.08051689860835
ADA/USDT	2025-12-02 00:00:00+00:00	(0.75, 1.0)	0.017366511145671434	0.023068947641264954	0.026179367547952304	0.14048729911871444
ADA/USDT	2025-12-03 00:00:00+00:00	(0.05, 0.1)	0.012023121387283196	0.021040462427745658	0.0402312138728323	0.06381502890173414
ADA/USDT	2025-12-04 00:00:00+00:00	(0.5, 0.75)	0.019664804469273687	0.0198882681564245	0.02569832402234639	0.04737430167597764
ADA/USDT	2025-12-05 00:00:00+00:00	(0.0, 0.05)	0.008191126279863464	0.010921501706484702	0.033902161547212796	0.07690557451649602
ADA/USDT	2025-12-06 00:00:00+00:00	(0.0, 0.05)	0.010653753026634285	0.013801452784503591	0.019128329297820868	0.027602905569007317
ADA/USDT	2025-12-07 00:00:00+00:00	(0.0, 0.05)	0.006510730648661635	0.014227152158186545	0.016397395707740604	0.07065348444658788
ADA/USDT	2025-12-08 00:00:00+00:00	(0.75, 1.0)	0.012512030798845001	0.03055822906640998	0.05943214629451395	0.06496631376323393
ADA/USDT	2025-12-09 00:00:00+00:00	(0.1, 0.25)	0.010829493087557563	0.017972350230414685	0.04631336405529955	0.13894009216589867
ADA/USDT	2025-12-10 00:00:00+00:00	(0.5, 0.75)	0.015315890236120058	0.01850670070197839	0.03786428419485224	0.05084024675600943
ADA/USDT	2025-12-11 00:00:00+00:00	(0.75, 1.0)	0.02624614027348924	0.05778561976179974	0.08689898544331713	0.09770621967357743
ADA/USDT	2025-12-12 00:00:00+00:00	(0.5, 0.75)	0.02262016965127238	0.02262016965127238	0.027568331762488192	0.06079170593779451
ADA/USDT	2025-12-13 00:00:00+00:00	(0.0, 0.05)	0.004144319843978497	0.007557289127254977	0.018527547537786435	0.023403217942467084
ADA/USDT	2025-12-14 00:00:00+00:00	(0.0, 0.05)	0.004863813229571989	0.0070525291828794105	0.03404669260700392	0.04888132295719846
ADA/USDT	2025-12-15 00:00:00+00:00	(0.1, 0.25)	0.010600706713780873	0.03054013124684503	0.03054013124684503	0.07672892478546184
ADA/USDT	2025-12-16 00:00:00+00:00	(0.5, 0.75)	0.013659793814433059	0.023453608247422673	0.034020618556701	0.03634020618556701
ADA/USDT	2025-12-17 00:00:00+00:00	(0.05, 0.1)	0.008600469116497185	0.014594735470419729	0.030492572322126776	0.09434454000521243
ADA/USDT	2025-12-18 00:00:00+00:00	(0.25, 0.5)	0.01308971911644388	0.016362148895554963	0.02208890100899917	0.08890100899918194
ADA/USDT	2025-12-19 00:00:00+00:00	(0.5, 0.75)	0.011092150170648346	0.046643913538111405	0.06541524459613186	0.09755403868031853
ADA/USDT	2025-12-20 00:00:00+00:00	(0.1, 0.25)	0.00478087649402382	0.012749003984063667	0.02204515272244349	0.02204515272244349
ADA/USDT	2025-12-21 00:00:00+00:00	(0.1, 0.25)	0.0072405470635560085	0.017162778224725173	0.021721641190667728	0.04585679806918746
ADA/USDT	2025-12-22 00:00:00+00:00	(0.5, 0.75)	0.022317827372949798	0.03630008066684596	0.03630008066684596	0.05458456574347939
ADA/USDT	2025-12-23 00:00:00+00:00	(0.25, 0.5)	0.01025087671971952	0.023199352576207168	0.032640949554896145	0.051793903425950895
ADA/USDT	2025-12-24 00:00:00+00:00	(0.1, 0.25)	0.008822718500137954	0.022883926109732642	0.03087951475048261	0.035566583953680786
ADA/USDT	2025-12-25 00:00:00+00:00	(0.05, 0.1)	0.005892255892255866	0.01739618406285068	0.03254769921436588	0.062008978675645365
ADA/USDT	2025-12-26 00:00:00+00:00	(0.75, 1.0)	0.00932672690177785	0.048382395802972905	0.048382395802972905	0.048382395802972905
ADA/USDT	2025-12-27 00:00:00+00:00	(0.0, 0.05)	0.00743494423791819	0.01973119816985993	0.0288818987703746	0.0634829854160709
ADA/USDT	2025-12-28 00:00:00+00:00	(0.75, 1.0)	0.007592190889370849	0.008947939262472802	0.025488069414316604	0.042570498915401274
ADA/USDT	2025-12-29 00:00:00+00:00	(0.5, 0.75)	0.016549104720564284	0.041237113402061834	0.0586001085187195	0.0925122083559413
ADA/USDT	2025-12-30 00:00:00+00:00	(0.1, 0.25)	0.006506364922206419	0.02093352192362083	0.024611032531824572	0.024611032531824572
ADA/USDT	2025-12-31 00:00:00+00:00	(0.05, 0.1)	0.007720903631684403	0.012010294538175684	0.014012010294538219	0.06977409207892472
ADA/USDT	2026-01-01 00:00:00+00:00	(0.05, 0.1)	0.005092869982025269	0.01048532055122829	0.027261833433193522	0.08687837028160567
ADA/USDT	2026-01-02 00:00:00+00:00	(0.25, 0.5)	0.008966096945923173	0.026618100308209606	0.037545530961053585	0.12188288035864384
ADA/USDT	2026-01-03 00:00:00+00:00	(0.75, 1.0)	0.0133333333333334	0.01987421383647803	0.041761006289308185	0.041761006289308185
ADA/USDT	2026-01-04 00:00:00+00:00	(0.25, 0.5)	0.012719409819384391	0.024166878656830343	0.03663190027982707	0.03663190027982707
ADA/USDT	2026-01-05 00:00:00+00:00	(0.1, 0.25)	0.02295409181636723	0.024950099800399087	0.03517964071856288	0.07759481037924155
ADA/USDT	2026-01-06 00:00:00+00:00	(0.5, 0.75)	0.025549188156637984	0.03127984718242598	0.040114613180515714	0.08667621776504297
ADA/USDT	2026-01-07 00:00:00+00:00	(0.75, 1.0)	0.016275730014361004	0.024652943992340907	0.03303015797032081	0.06031594064145524
ADA/USDT	2026-01-08 00:00:00+00:00	(0.1, 0.25)	0.010473815461346587	0.023441396508728087	0.04513715710723193	0.04987531172069816
ADA/USDT	2026-01-09 00:00:00+00:00	(0.5, 0.75)	0.007319535588086859	0.015396264512872272	0.02801615345784957	0.044926804644119085
ADA/USDT	2026-01-10 00:00:00+00:00	(0.1, 0.25)	0.004610655737704979	0.012038934426229603	0.017930327868852475	0.020235655737704965
ADA/USDT	2026-01-11 00:00:00+00:00	(0.25, 0.5)	0.004372427983539184	0.011059670781893072	0.014146090534979438	0.0342078189300411
ADA/USDT	2026-01-12 00:00:00+00:00	(0.5, 0.75)	0.02492932408121302	0.046003598046774674	0.04831662811616561	0.05679773837059884
ADA/USDT	2026-01-13 00:00:00+00:00	(0.5, 0.75)	0.008279430789133197	0.010349288486416568	0.027943078913324648	0.10789133247089266
ADA/USDT	2026-01-14 00:00:00+00:00	(0.75, 1.0)	0.0106812247804415	0.016852599098029896	0.03323047709470689	0.04177545691906006
ADA/USDT	2026-01-15 00:00:00+00:00	(0.25, 0.5)	0.008218515832729065	0.036258158085569286	0.036258158085569286	0.06067198452985258
ADA/USDT	2026-01-16 00:00:00+00:00	(0.1, 0.25)	0.007119247393846858	0.011950165268243025	0.015255530129672021	0.05059750826341209
ADA/USDT	2026-01-17 00:00:00+00:00	(0.75, 1.0)	0.005295007564296497	0.009329299041855726	0.009329299041855726	0.026979324256177478
ADA/USDT	2026-01-18 00:00:00+00:00	(0.25, 0.5)	0.01155488570710875	0.015071590052750578	0.017081135393117237	0.14242652599849276
ADA/USDT	2026-01-19 00:00:00+00:00	(0.75, 1.0)	0.026637069922308694	0.026637069922308694	0.0441176470588236	0.0441176470588236
ADA/USDT	2026-01-20 00:00:00+00:00	(0.25, 0.5)	0.007571660356949619	0.013791238507301226	0.035694970254191424	0.06462952947539204
ADA/USDT	2026-01-21 00:00:00+00:00	(0.1, 0.25)	0.027034718269778057	0.030165054069436537	0.035856573705179286	0.07768924302788842
ADA/USDT	2026-01-22 00:00:00+00:00	(0.5, 0.75)	0.0062704471101418325	0.015539803707742592	0.017175572519083894	0.03707742639040349
ADA/USDT	2026-01-23 00:00:00+00:00	(0.1, 0.25)	0.004724847137298596	0.013618677042801598	0.0211228460255699	0.05058365758754862
ADA/USDT	2026-01-24 00:00:00+00:00	(0.1, 0.25)	0.00583657587548651	0.01111728738187883	0.01139521956642577	0.016953863257365188
ADA/USDT	2026-01-25 00:00:00+00:00	(0.0, 0.05)	0.006143535325328064	0.014521083496230056	0.018151354370287646	0.07707344317229828
ADA/USDT	2026-01-26 00:00:00+00:00	(0.5, 0.75)	0.024926686217008817	0.027565982404691974	0.03401759530791788	0.05366568914956006
ADA/USDT	2026-01-27 00:00:00+00:00	(0.1, 0.25)	0.004836415362731094	0.011948790896159266	0.018207681365576153	0.04551920341394014
ADA/USDT	2026-01-28 00:00:00+00:00	(0.5, 0.75)	0.006948304613674269	0.012506948304613685	0.027793218454697077	0.028904947192884837
ADA/USDT	2026-01-29 00:00:00+00:00	(0.25, 0.5)	0.0072767982087881085	0.02910719283515259	0.03302546879373085	0.08536244052616856
ADA/USDT	2026-01-30 00:00:00+00:00	(0.5, 0.75)	0.004786120251271285	0.050254262638348736	0.050254262638348736	0.05593778043673346
ADA/USDT	2026-01-31 00:00:00+00:00	(0.75, 1.0)	0.009028642590286469	0.01369863013698635	0.047945205479452135	0.1678082191780822
ADA/USDT	2026-02-01 00:00:00+00:00	(0.75, 1.0)	0.014213197969543274	0.021319796954314817	0.02605752961082924	0.06835871404399323
ADA/USDT	2026-02-02 00:00:00+00:00	(0.5, 0.75)	0.021897810218978197	0.05978449774070229	0.06638859923531458	0.09628084810566563
ADA/USDT	2026-02-03 00:00:00+00:00	(0.1, 0.25)	0.007712944332662723	0.023474178403755888	0.028504359490275008	0.0781354795439302
ADA/USDT	2026-02-04 00:00:00+00:00	(0.75, 1.0)	0.02751977984176129	0.04093567251461996	0.04093567251461996	0.07705538355693164
ADA/USDT	2026-02-05 00:00:00+00:00	(0.75, 1.0)	0.014370837714686464	0.02909218366631607	0.0799158780231335	0.22292323869610933
ADA/USDT	2026-02-06 00:00:00+00:00	(0.75, 1.0)	0.12385521151330138	0.14566070649803756	0.1892716964675099	0.2782381160052333
ADA/USDT	2026-02-07 00:00:00+00:00	(0.25, 0.5)	0.01780523255813959	0.023982558139534864	0.0450581395348838	0.05159883720930229
ADA/USDT	2026-02-08 00:00:00+00:00	(0.25, 0.5)	0.011760382212421832	0.017273061374494605	0.028298419698640147	0.0352811466372657
ADA/USDT	2026-02-09 00:00:00+00:00	(0.5, 0.75)	0.010712966383450364	0.02179534540081277	0.05319541928333958	0.05319541928333958
ADA/USDT	2026-02-10 00:00:00+00:00	(0.1, 0.25)	0.007037037037037084	0.02222222222222224	0.03333333333333336	0.04000000000000011
ADA/USDT	2026-02-11 00:00:00+00:00	(0.05, 0.1)	0.006498470948012153	0.017201834862385336	0.04892966360856261	0.055045871559632906
ADA/USDT	2026-02-12 00:00:00+00:00	(0.25, 0.5)	0.006987577639751645	0.011257763975155332	0.05007763975155288	0.05007763975155288
ADA/USDT	2026-02-13 00:00:00+00:00	(0.5, 0.75)	0.008358662613981686	0.009878419452887505	0.02317629179331305	0.06268996960486328
ADA/USDT	2026-02-14 00:00:00+00:00	(0.1, 0.25)	0.009499451954695093	0.018633540372670985	0.042016806722689114	0.10157106320789203
ADA/USDT	2026-02-15 00:00:00+00:00	(0.25, 0.5)	0.010843781768892025	0.028464927143341118	0.04608607251779059	0.08302270416807851
ADA/USDT	2026-02-16 00:00:00+00:00	(0.25, 0.5)	0.010254596888260107	0.014497878359264471	0.0304101838755304	0.043493635077793615
ADA/USDT	2026-02-17 00:00:00+00:00	(0.25, 0.5)	0.006652661064425814	0.02170868347338949	0.03676470588235297	0.044117647058823525
ADA/USDT	2026-02-18 00:00:00+00:00	(0.1, 0.25)	0.00958806818181811	0.017755681818181636	0.026988636363636347	0.056818181818181865
ADA/USDT	2026-02-19 00:00:00+00:00	(0.05, 0.1)	0.009890109890109817	0.013553113553113482	0.021978021978021997	0.03809523809523797
ADA/USDT	2026-02-20 00:00:00+00:00	(0.0, 0.05)	0.008787989747345343	0.008787989747345343	0.03295496155254488	0.08751373123398035
ADA/USDT	2026-02-21 00:00:00+00:00	(0.1, 0.25)	0.010526315789473694	0.010526315789473694	0.01999999999999994	0.026315789473684043
ADA/USDT	2026-02-22 00:00:00+00:00	(0.0, 0.05)	0.00965665236051495	0.01537911301859789	0.022532188841201617	0.039699570815450634
ADA/USDT	2026-02-23 00:00:00+00:00	(0.1, 0.25)	0.04160530191458038	0.05338733431516941	0.05522827687776146	0.06774668630338743
ADA/USDT	2026-02-24 00:00:00+00:00	(0.25, 0.5)	0.011751326762698983	0.029567854435178276	0.033358605003790655	0.041698256254738476
ADA/USDT	2026-02-25 00:00:00+00:00	(0.1, 0.25)	0.037194885703215795	0.05308020147229752	0.05695466873304917	0.21580782642386662
ADA/USDT	2026-02-26 00:00:00+00:00	(0.75, 1.0)	0.02340354396522904	0.023737880307589422	0.041123370110330924	0.0628552323637579
ADA/USDT	2026-02-27 00:00:00+00:00	(0.1, 0.25)	0.006284916201117402	0.031075418994413476	0.05481843575418992	0.08275139664804469
ADA/USDT	2026-02-28 00:00:00+00:00	(0.1, 0.25)	0.00611510791366899	0.011151079136690617	0.0726618705035971	0.08956834532374092
ADA/USDT	2026-03-01 00:00:00+00:00	(0.5, 0.75)	0.011752136752136842	0.05235042735042732	0.052706552706552834	0.0822649572649573
ADA/USDT	2026-03-02 00:00:00+00:00	(0.25, 0.5)	0.030791788856305055	0.030791788856305055	0.04398826979472145	0.07404692082111436
ADA/USDT	2026-03-03 00:00:00+00:00	(0.25, 0.5)	0.010889292196007268	0.01923774954627959	0.05190562613430139	0.06025408348457351
ADA/USDT	2026-03-04 00:00:00+00:00	(0.25, 0.5)	0.009534706331045013	0.020976353928299028	0.06064073226544611	0.10144927536231868
ADA/USDT	2026-03-05 00:00:00+00:00	(0.75, 1.0)	0.015664845173041786	0.015664845173041786	0.028051001821493567	0.04699453551912576
ADA/USDT	2026-03-06 00:00:00+00:00	(0.1, 0.25)	0.004825538233110497	0.016703786191536764	0.02821083890126205	0.06124721603563481
ADA/USDT	2026-03-07 00:00:00+00:00	(0.05, 0.1)	0.004626060138781723	0.016191210485736456	0.016191210485736456	0.0358519660755591
ADA/USDT	2026-03-08 00:00:00+00:00	(0.0, 0.05)	0.005498821681068391	0.015710919088766706	0.030636292223095166	0.045561665357423516
ADA/USDT	2026-03-09 00:00:00+00:00	(0.5, 0.75)	0.017921146953405034	0.031063321385901926	0.04181600955794508	0.05575467941059344
ADA/USDT	2026-03-10 00:00:00+00:00	(0.5, 0.75)	0.014509803921568552	0.03333333333333336	0.05215686274509817	0.07372549019607837
ADA/USDT	2026-03-11 00:00:00+00:00	(0.1, 0.25)	0.008419441255262073	0.014925373134328415	0.022962112514351343	0.04324531190202845
ADA/USDT	2026-03-12 00:00:00+00:00	(0.25, 0.5)	0.008003048780487769	0.016387195121951106	0.022103658536585257	0.030106707317073236
ADA/USDT	2026-03-13 00:00:00+00:00	(0.1, 0.25)	0.02864681492649829	0.03128533735393884	0.03957783641160933	0.0678477195627592
ADA/USDT	2026-03-14 00:00:00+00:00	(0.25, 0.5)	0.006046863189720296	0.011715797430083113	0.027210884353741437	0.03061224489795917
ADA/USDT	2026-03-15 00:00:00+00:00	(0.25, 0.5)	0.007229832572298375	0.01902587519025877	0.02321156773211566	0.04375951293759517
ADA/USDT	2026-03-16 00:00:00+00:00	(0.75, 1.0)	0.013249907986750267	0.04343025395656987	0.09164519690835493	0.09164519690835493
ADA/USDT	2026-03-17 00:00:00+00:00	(0.25, 0.5)	0.014021887824897565	0.031463748290013825	0.03864569083447344	0.03864569083447344
ADA/USDT	2026-03-18 00:00:00+00:00	(0.25, 0.5)	0.012499999999999973	0.026388888888888875	0.06249999999999987	0.08993055555555549
ADA/USDT	2026-03-19 00:00:00+00:00	(0.1, 0.25)	0.005841548010222877	0.019715224534501703	0.037604965315808606	0.05184373859072651
ADA/USDT	2026-03-20 00:00:00+00:00	(0.05, 0.1)	0.010040907400520566	0.010040907400520566	0.02119747117887705	0.042394942357753894
ADA/USDT	2026-03-21 00:00:00+00:00	(0.5, 0.75)	0.005636978579481403	0.006764374295377767	0.01315295001878994	0.056745584366779414
ADA/USDT	2026-03-22 00:00:00+00:00	(0.75, 1.0)	0.012910798122065609	0.01877934272300458	0.020344287949921686	0.047339593114241
ADA/USDT	2026-03-23 00:00:00+00:00	(0.1, 0.25)	0.011947431302270023	0.019115890083632125	0.06690561529271222	0.07726005575467952
ADA/USDT	2026-03-24 00:00:00+00:00	(0.1, 0.25)	0.00918484500574058	0.017221584385763506	0.03941829314963656	0.04018369690011485
ADA/USDT	2026-03-25 00:00:00+00:00	(0.75, 1.0)	0.010808796123741924	0.013045098770033558	0.03466269101751782	0.0417443160641073
ADA/USDT	2026-03-26 00:00:00+00:00	(0.05, 0.1)	0.004446091144868392	0.017043349388662442	0.050389032975176	0.06557984438680992
ADA/USDT	2026-03-27 00:00:00+00:00	(0.25, 0.5)	0.0066666666666665856	0.014117647058823499	0.047058823529411695	0.047058823529411695
ADA/USDT	2026-03-28 00:00:00+00:00	(0.0, 0.05)	0.007720438845997614	0.013409183258837859	0.021535960991466877	0.03657049979683059
ADA/USDT	2026-03-29 00:00:00+00:00	(0.5, 0.75)	0.00854700854700851	0.009768009768009822	0.02442002442002444	0.05942205942205943
ADA/USDT	2026-03-30 00:00:00+00:00	(0.5, 0.75)	0.019991670137442727	0.03540191586838809	0.054560599750104126	0.054560599750104126
ADA/USDT	2026-03-31 00:00:00+00:00	(0.25, 0.5)	0.01065573770491811	0.02500000000000009	0.04016393442622952	0.062295081967213194
ADA/USDT	2026-04-01 00:00:00+00:00	(0.1, 0.25)	0.015689512799339493	0.021056977704376634	0.0557390586292322	0.0557390586292322
ADA/USDT	2026-04-02 00:00:00+00:00	(0.25, 0.5)	0.018525976641159746	0.051953282319774335	0.06041079339508653	0.06403544099879166
ADA/USDT	2026-04-03 00:00:00+00:00	(0.0, 0.05)	0.003751563151313097	0.01333889120466853	0.032513547311379745	0.05252188411838266
ADA/USDT	2026-04-04 00:00:00+00:00	(0.25, 0.5)	0.005686433793663738	0.011779041429731981	0.017059301380991102	0.027619821283509344
ADA/USDT	2026-04-05 00:00:00+00:00	(0.0, 0.05)	0.006041079339508665	0.01047120418848164	0.03503826016915028	0.0676600886024969
ADA/USDT	2026-04-06 00:00:00+00:00	(0.75, 1.0)	0.011385944248135115	0.025912838633686673	0.028661170003926085	0.06007067137809191
ADA/USDT	2026-04-07 00:00:00+00:00	(0.75, 1.0)	0.006112469437652817	0.011002444987775093	0.025264873675631665	0.10757946210268962
ADA/USDT	2026-04-08 00:00:00+00:00	(0.75, 1.0)	0.01595138625142416	0.018609950626661664	0.03228256741359669	0.05582985187998488
ADA/USDT	2026-04-09 00:00:00+00:00	(0.5, 0.75)	0.010787055533359888	0.011985617259288752	0.01837794646424299	0.05353575709149019
ADA/USDT	2026-04-10 00:00:00+00:00	(0.5, 0.75)	0.006299212598425159	0.014566929133858193	0.02047244094488193	0.03582677165354341
ADA/USDT	2026-04-11 00:00:00+00:00	(0.75, 1.0)	0.005509641873278286	0.01141282959464783	0.02400629673356955	0.03541912632821727
ADA/USDT	2026-04-12 00:00:00+00:00	(0.75, 1.0)	0.007228915662650586	0.03333333333333334	0.04859437751004016	0.061044176706827276
ADA/USDT	2026-04-13 00:00:00+00:00	(0.5, 0.75)	0.008020261713803229	0.008864499788940442	0.013507809202195055	0.052342760658505676
ADA/USDT	2026-04-14 00:00:00+00:00	(0.75, 1.0)	0.014569000404694424	0.014569000404694424	0.02428166734115745	0.04451639012545521
ADA/USDT	2026-04-15 00:00:00+00:00	(0.1, 0.25)	0.004995836802664474	0.009991673605328832	0.01873438800999169	0.051623646960865924
ADA/USDT	2026-04-16 00:00:00+00:00	(0.5, 0.75)	0.00897592819257449	0.029783761729906162	0.032639738882089084	0.07221542227662187
ADA/USDT	2026-04-17 00:00:00+00:00	(0.25, 0.5)	0.006952491309385955	0.021629972962533772	0.030513711857860247	0.06179992275009661
ADA/USDT	2026-04-18 00:00:00+00:00	(0.5, 0.75)	0.008914728682170636	0.012790697674418702	0.038759689922480654	0.04767441860465118
ADA/USDT	2026-04-19 00:00:00+00:00	(0.1, 0.25)	0.007228915662650586	0.01164658634538147	0.02168674698795176	0.04056224899598404
ADA/USDT	2026-04-20 00:00:00+00:00	(0.75, 1.0)	0.008659793814432952	0.015670103092783497	0.027216494845360803	0.036288659793814446
ADA/USDT	2026-04-21 00:00:00+00:00	(0.1, 0.25)	0.00765511684125699	0.01329572925060434	0.024174053182917023	0.033843674456083765
ADA/USDT	2026-04-22 00:00:00+00:00	(0.5, 0.75)	0.006000000000000116	0.02640000000000009	0.03520000000000001	0.04159999999999997
ADA/USDT	2026-04-23 00:00:00+00:00	(0.75, 1.0)	0.01455721795390211	0.01738778811160533	0.01900525677314995	0.025070764253942626
ADA/USDT	2026-04-24 00:00:00+00:00	(0.5, 0.75)	0.006794564348521322	0.017585931254996065	0.018784972022382135	0.023181454836131096
ADA/USDT	2026-04-25 00:00:00+00:00	(0.1, 0.25)	0.004403522818254563	0.01080864691753417	0.017213771016813557	0.02281825460368299
ADA/USDT	2026-04-26 00:00:00+00:00	(0.05, 0.1)	0.006002400960384159	0.006402561024409725	0.02360944377751107	0.02360944377751107
ADA/USDT	2026-04-27 00:00:00+00:00	(0.0, 0.05)	0.017425742574257486	0.017821782178217838	0.038811881188118826	0.051881188118811886
ADA/USDT	2026-04-28 00:00:00+00:00	(0.5, 0.75)	0.004032258064516132	0.008064516129032265	0.015322580645161281	0.018145161290322596
ADA/USDT	2026-04-29 00:00:00+00:00	(0.0, 0.05)	0.0036481556546412003	0.013781921361978056	0.03202269963518439	0.06364004864207536
ADA/USDT	2026-04-30 00:00:00+00:00	(0.5, 0.75)	0.01021659174499388	0.013485901103391897	0.015937883122190497	0.015937883122190497
ADA/USDT	2026-05-01 00:00:00+00:00	(0.0, 0.05)	0.005670311867152744	0.017820980153908525	0.017820980153908525	0.0222762251923856
ADA/USDT	2026-05-02 00:00:00+00:00	(0.25, 0.5)	0.004437273093989583	0.005244050020169405	0.008874546187979053	0.023396530859217536
ADA/USDT	2026-05-03 00:00:00+00:00	(0.1, 0.25)	0.007202881152460968	0.012004801920768318	0.013605442176870805	0.017206882753101345
ADA/USDT	2026-05-04 00:00:00+00:00	(0.25, 0.5)	0.008440514469453451	0.028938906752411623	0.032154340836012894	0.032154340836012894
ADA/USDT	2026-05-05 00:00:00+00:00	(0.1, 0.25)	0.00559105431309898	0.013178913738019158	0.04073482428115022	0.0638977635782747
ADA/USDT	2026-05-06 00:00:00+00:00	(0.75, 1.0)	0.009534706331045013	0.017162471395881024	0.05263157894736834	0.05263157894736834
ADA/USDT	2026-05-07 00:00:00+00:00	(0.25, 0.5)	0.010502625656413987	0.01350337584396096	0.02213053263315835	0.04051012753188288
ADA/USDT	2026-05-08 00:00:00+00:00	(0.25, 0.5)	0.008365019011406977	0.012547528517110362	0.017870722433460006	0.07110266159695815
ADA/USDT	2026-05-09 00:00:00+00:00	(0.75, 1.0)	0.00801749271137019	0.015670553935860154	0.02295918367346949	0.032798833819242014
ADA/USDT	2026-05-10 00:00:00+00:00	(0.1, 0.25)	0.008846295613711603	0.011426465167710991	0.019904165130851515	0.07556210836712134
ADA/USDT	2026-05-11 00:00:00+00:00	(0.75, 1.0)	0.011387900355871816	0.02740213523131667	0.02740213523131667	0.03416370106761565
ADA/USDT	2026-05-12 00:00:00+00:00	(0.1, 0.25)	0.0074866310160427475	0.01960784313725492	0.03137254901960775	0.05240641711229943
ADA/USDT	2026-05-13 00:00:00+00:00	(0.0, 0.05)	0.010305483989694606	0.012881854987118156	0.027235921972764143	0.06072874493927131
ADA/USDT	2026-05-14 00:00:00+00:00	(0.1, 0.25)	0.003765060240963859	0.01468373493975909	0.01656626506024102	0.0681475903614458
ADA/USDT	2026-05-15 00:00:00+00:00	(0.5, 0.75)	0.006607929515418386	0.016519823788546068	0.029368575624082058	0.05910425844346551
ADA/USDT	2026-05-16 00:00:00+00:00	(0.0, 0.05)	0.004195270785659763	0.006864988558352493	0.039664378337147296	0.039664378337147296
ADA/USDT	2026-05-17 00:00:00+00:00	(0.0, 0.05)	0.0066666666666665856	0.010980392156862842	0.02156862745098041	0.05098039215686268
ADA/USDT	2026-05-18 00:00:00+00:00	(0.75, 1.0)	0.00915605095541411	0.017117834394904455	0.02428343949044584	0.027468152866241997
ADA/USDT	2026-05-19 00:00:00+00:00	(0.25, 0.5)	0.0067380103051921485	0.012286959968291681	0.022195798652397913	0.0257629805786762
ADA/USDT	2026-05-20 00:00:00+00:00	(0.1, 0.25)	0.006459426725878039	0.007670569236980157	0.016552280985062544	0.018570851836899445
ADA/USDT	2026-05-21 00:00:00+00:00	(0.25, 0.5)	0.010020040080160218	0.01402805611222435	0.027655310621242442	0.031663326653306574
ADA/USDT	2026-05-22 00:00:00+00:00	(0.5, 0.75)	0.0055955235811351416	0.014788169464428605	0.017186250999200747	0.054356514788169476
ADA/USDT	2026-05-23 00:00:00+00:00	(0.75, 1.0)	0.009888751545117369	0.01071281417387718	0.034610630407910965	0.06180469715698399
ADA/USDT	2026-05-24 00:00:00+00:00	(0.75, 1.0)	0.005284552845528438	0.008943089430894339	0.008943089430894339	0.03455284552845531
ADA/USDT	2026-05-25 00:00:00+00:00	(0.5, 0.75)	0.004534212695795506	0.01195383347073366	0.023907666941467433	0.03132728771640559
ADA/USDT	2026-05-26 00:00:00+00:00	(0.5, 0.75)	0.013130898645875997	0.018054985638079554	0.025851456709068528	0.037751333606893665
ADA/USDT	2026-05-27 00:00:00+00:00	(0.1, 0.25)	0.0053919535462463525	0.011198672749896341	0.020323517212774846	0.03110742430526755
ADA/USDT	2026-05-28 00:00:00+00:00	(0.75, 1.0)	0.004625735912531496	0.039108494533221204	0.0437342304457527	0.0437342304457527
ADA/USDT	2026-05-29 00:00:00+00:00	(0.25, 0.5)	0.005102040816326441	0.014880952380952276	0.01913265306122439	0.035289115646258515
ADA/USDT	2026-05-30 00:00:00+00:00	(0.25, 0.5)	0.00985010706638114	0.025267665952890744	0.025267665952890744	0.025267665952890744
ADA/USDT	2026-05-31 00:00:00+00:00	(0.5, 0.75)	0.005084745762711893	0.01059322033898306	0.013559322033898341	0.029237288135593294
ADA/USDT	2026-06-01 00:00:00+00:00	(0.5, 0.75)	0.00889453621346883	0.020330368487928838	0.03600169419737403	0.05167301990681921
ADA/USDT	2026-06-02 00:00:00+00:00	(0.25, 0.5)	0.00737527114967465	0.026464208242950083	0.036876355748373134	0.0928416485900217
ADA/USDT	2026-06-03 00:00:00+00:00	(0.75, 1.0)	0.006563525550867381	0.033755274261603435	0.051570557899671875	0.08579465541490863
ADA/USDT	2026-06-04 00:00:00+00:00	(0.75, 1.0)	0.027805362462760646	0.06901688182720951	0.07199602780536253	0.13207547169811326
ADA/USDT	2026-06-05 00:00:00+00:00	(0.75, 1.0)	0.035876993166287015	0.1156036446469249	0.1156036446469249	0.13667425968109334
ADA/USDT	2026-06-06 00:00:00+00:00	(0.75, 1.0)	0.028373266078183964	0.06935687263556105	0.08701134930643115	0.08701134930643115
ADA/USDT	2026-06-07 00:00:00+00:00	(0.5, 0.75)	0.02547770700636945	0.03312101910828032	0.06369426751592362	0.07515923566878983
ADA/USDT	2026-06-08 00:00:00+00:00	(0.75, 1.0)	0.022506082725060883	0.03102189781021894	0.05109489051094885	0.08819951338199505
ADA/USDT	2026-06-09 00:00:00+00:00	(0.75, 1.0)	0.02595870206489684	0.028318584070796616	0.0353982300884956	0.060766961651917424
ADA/USDT	2026-06-10 00:00:00+00:00	(0.75, 1.0)	0.013221153846153891	0.03365384615384612	0.0498798076923077	0.052283653846153764
ADA/USDT	2026-06-11 00:00:00+00:00	(0.5, 0.75)	0.009900990099009842	0.04022277227722776	0.04517326732673268	0.06930693069306923
ADA/USDT	2026-06-12 00:00:00+00:00	(0.5, 0.75)	0.009964830011723371	0.01875732708089086	0.03223915592028139	0.03927315357561554
ADA/USDT	2026-06-13 00:00:00+00:00	(0.25, 0.5)	0.011176470588235204	0.022941176470588156	0.03058823529411754	0.04
ADA/USDT	2026-06-14 00:00:00+00:00	(0.1, 0.25)	0.0069767441860465506	0.013372093023255795	0.024418604651162686	0.12558139534883728
ADA/USDT	2026-06-15 00:00:00+00:00	(0.75, 1.0)	0.033725910064239834	0.04014989293361888	0.04014989293361888	0.07066381156316912
ADA/USDT	2026-06-16 00:00:00+00:00	(0.75, 1.0)	0.009491903964265658	0.02121719709659407	0.032942490228922476	0.053042992741485245
ADA/USDT	2026-06-17 00:00:00+00:00	(0.25, 0.5)	0.009855072463768157	0.02318840579710131	0.04173913043478252	0.06550724637681146
ADA/USDT	2026-06-18 00:00:00+00:00	(0.25, 0.5)	0.00776119402985072	0.02089552238805972	0.02985074626865674	0.0543283582089552
ADA/USDT	2026-06-19 00:00:00+00:00	(0.1, 0.25)	0.011015911872704995	0.02447980416156673	0.03977968176254594	0.03977968176254594
ADA/USDT	2026-06-20 00:00:00+00:00	(0.1, 0.25)	0.012931034482758735	0.014778325123152792	0.021551724137931057	0.03140394088669947
ADA/USDT	2026-06-21 00:00:00+00:00	(0.5, 0.75)	0.004892966360856239	0.01100917431192658	0.02201834862385316	0.04464831804281346
ADA/USDT	2026-06-22 00:00:00+00:00	(0.75, 1.0)	0.018436109345200343	0.03750794659885579	0.03750794659885579	0.0394151303242213
ADA/USDT	2026-06-23 00:00:00+00:00	(0.1, 0.25)	0.010718789407314043	0.015762925598991187	0.058638083228247186	0.0680958385876419
ADA/USDT	2026-06-24 00:00:00+00:00	(0.25, 0.5)	0.009210526315789554	0.019736842105263178	0.056578947368421034	0.09736842105263163
ADA/USDT	2026-06-25 00:00:00+00:00	(0.75, 1.0)	0.01010101010101011	0.01010101010101011	0.025589225589225575	0.08484848484848485
ADA/USDT	2026-06-26 00:00:00+00:00	(0.5, 0.75)	0.011080332409972424	0.04016620498614958	0.060941828254847466	0.07963988919667578
ADA/USDT	2026-06-27 00:00:00+00:00	(0.25, 0.5)	0.010087424344317426	0.016139878950907956	0.022192333557498303	0.039677202420981765
ADA/USDT	2026-06-28 00:00:00+00:00	(0.05, 0.1)	0.007560137457044604	0.009621993127147661	0.02130584192439857	0.03642611683848797
ADA/USDT	2026-06-29 00:00:00+00:00	(0.25, 0.5)	0.01529902642559115	0.028511821974965174	0.03477051460361616	0.047983310152990184
SOL/USDT	2025-01-01 00:00:00+00:00	(0.5, 0.75)	0.012072857067870365	0.015642223505327752	0.024460658233163596	0.03847567056847416
SOL/USDT	2025-01-02 00:00:00+00:00	(0.1, 0.25)	0.025979381443298928	0.033659793814432994	0.0820103092783505	0.08788659793814424
SOL/USDT	2025-01-03 00:00:00+00:00	(0.1, 0.25)	0.012352799807738492	0.012737322758952202	0.04590242730112959	0.06825282384042305
SOL/USDT	2025-01-04 00:00:00+00:00	(0.0, 0.05)	0.007682399484773151	0.011730609991719623	0.017388904223019603	0.021345109945717245
SOL/USDT	2025-01-05 00:00:00+00:00	(0.0, 0.05)	0.00709644716833322	0.017142067185843966	0.0282936270217963	0.03497534675821393
SOL/USDT	2025-01-06 00:00:00+00:00	(0.0, 0.05)	0.012419740357126145	0.025448750995922607	0.025448750995922607	0.05445938979237946
SOL/USDT	2025-01-07 00:00:00+00:00	(0.25, 0.5)	0.010604599917366763	0.013221319377496321	0.02860028462562557	0.0794656383418262
SOL/USDT	2025-01-08 00:00:00+00:00	(0.25, 0.5)	0.01429557330178451	0.032386867790594465	0.04998521147589478	0.07364685004436555
SOL/USDT	2025-01-09 00:00:00+00:00	(0.5, 0.75)	0.009372783463370265	0.026497112169419343	0.05035971223021582	0.08643226264059177
SOL/USDT	2025-01-10 00:00:00+00:00	(0.5, 0.75)	0.007029028277083234	0.023018726189837378	0.039330364329022975	0.05102752588935998
SOL/USDT	2025-01-11 00:00:00+00:00	(0.25, 0.5)	0.008555638218726671	0.016898713997236574	0.02540121160590924	0.041981081942820735
SOL/USDT	2025-01-12 00:00:00+00:00	(0.5, 0.75)	0.006335516158228324	0.0109673641058404	0.0182611936325401	0.031038705212159998
SOL/USDT	2025-01-13 00:00:00+00:00	(0.25, 0.5)	0.018985999151463793	0.04126007636826475	0.0893614764531185	0.12256045820958852
SOL/USDT	2025-01-14 00:00:00+00:00	(0.75, 1.0)	0.012311074471008413	0.01637812585875235	0.045012366034624884	0.045122286342401806
SOL/USDT	2025-01-15 00:00:00+00:00	(0.1, 0.25)	0.006655662637772217	0.01623981683616427	0.026249933443373657	0.1088866407539534
SOL/USDT	2025-01-16 00:00:00+00:00	(0.5, 0.75)	0.011165285226718636	0.01940516821062891	0.08488542174548999	0.09102876645538756
SOL/USDT	2025-01-17 00:00:00+00:00	(0.5, 0.75)	0.007625272331154615	0.0260964289097281	0.04698304442549961	0.05811310031258886
SOL/USDT	2025-01-18 00:00:00+00:00	(0.25, 0.5)	0.01058417370764065	0.05228490960298001	0.12587444353593172	0.2424820568728992
SOL/USDT	2025-01-19 00:00:00+00:00	(0.75, 1.0)	0.03756715272448193	0.04957789716039903	0.1678818112049116	0.22697620874904056
SOL/USDT	2025-01-20 00:00:00+00:00	(0.75, 1.0)	0.06411387329591021	0.08765036086607864	0.17582197273456304	0.17582197273456304
SOL/USDT	2025-01-21 00:00:00+00:00	(0.5, 0.75)	0.03286520324533582	0.044891067089493863	0.05353980478563486	0.12380050245047569
SOL/USDT	2025-01-22 00:00:00+00:00	(0.5, 0.75)	0.017638588912886954	0.03071754259659241	0.04195664346852244	0.09095272378209734
SOL/USDT	2025-01-23 00:00:00+00:00	(0.75, 1.0)	0.014510747264685266	0.0441530224257003	0.05986653216419639	0.06281524016450686
SOL/USDT	2025-01-24 00:00:00+00:00	(0.75, 1.0)	0.021745956979117572	0.036426440571518184	0.08054639660857271	0.09028104883027163
SOL/USDT	2025-01-25 00:00:00+00:00	(0.75, 1.0)	0.01685482588646836	0.019875973922722213	0.026832564795674987	0.05744156463666704
SOL/USDT	2025-01-26 00:00:00+00:00	(0.1, 0.25)	0.008224838231854624	0.024869416075465684	0.02872846339752098	0.08879706868324638
SOL/USDT	2025-01-27 00:00:00+00:00	(0.75, 1.0)	0.02878561961563945	0.037649105367793256	0.08730947647448646	0.08730947647448646
SOL/USDT	2025-01-28 00:00:00+00:00	(0.75, 1.0)	0.011148319274299502	0.020601076681785364	0.04637361705735237	0.08049679962697642
SOL/USDT	2025-01-29 00:00:00+00:00	(0.5, 0.75)	0.010016621467938028	0.01998950223077593	0.03704837721984078	0.06937275828886368
SOL/USDT	2025-01-30 00:00:00+00:00	(0.75, 1.0)	0.023535104698222745	0.06374274150976601	0.06726200950202355	0.07856765792715109
SOL/USDT	2025-01-31 00:00:00+00:00	(0.25, 0.5)	0.012779956978362652	0.017124298789489234	0.021131215993926318	0.057277826985532854
SOL/USDT	2025-02-01 00:00:00+00:00	(0.25, 0.5)	0.011899136560848879	0.025129945444391916	0.04368744361871221	0.10318312642295636
SOL/USDT	2025-02-02 00:00:00+00:00	(0.75, 1.0)	0.02167139468911313	0.05655024880249266	0.05655024880249266	0.12365716411663491
SOL/USDT	2025-02-03 00:00:00+00:00	(0.5, 0.75)	0.05288175876411174	0.13364032481679544	0.13364032481679544	0.2119726678550208
SOL/USDT	2025-02-04 00:00:00+00:00	(0.5, 0.75)	0.012348523245634275	0.02801456019905088	0.08339860848730588	0.08339860848730588
SOL/USDT	2025-02-05 00:00:00+00:00	(0.75, 1.0)	0.018143112874352895	0.020707339493927973	0.03130291741255019	0.068943828922541
SOL/USDT	2025-02-06 00:00:00+00:00	(0.25, 0.5)	0.01455574648741532	0.025523097139391545	0.03921965025775796	0.08384716466188215
SOL/USDT	2025-02-07 00:00:00+00:00	(0.25, 0.5)	0.01506748979805391	0.033587946008161645	0.05043423668515218	0.08004603955216064
SOL/USDT	2025-02-08 00:00:00+00:00	(0.75, 1.0)	0.012110187110187175	0.01361746361746364	0.02692307692307696	0.0575363825363825
SOL/USDT	2025-02-09 00:00:00+00:00	(0.1, 0.25)	0.011678612600872057	0.042504135131071076	0.04435867876296925	0.06936995639316328
SOL/USDT	2025-02-10 00:00:00+00:00	(0.5, 0.75)	0.013140410453270277	0.04552389389241596	0.0498056006693243	0.06496382695998827
SOL/USDT	2025-02-11 00:00:00+00:00	(0.1, 0.25)	0.011301966641772519	0.021110281304456108	0.028678117998506444	0.055065969629076436
SOL/USDT	2025-02-12 00:00:00+00:00	(0.25, 0.5)	0.009529571925578654	0.023748298290727613	0.027378611405233733	0.050824383603085825
SOL/USDT	2025-02-13 00:00:00+00:00	(0.25, 0.5)	0.008625089313055005	0.017913647034806527	0.037613555169950005	0.0494539144636113
SOL/USDT	2025-02-14 00:00:00+00:00	(0.1, 0.25)	0.010751028806584233	0.016769547325102833	0.03749999999999996	0.0577674897119341
SOL/USDT	2025-02-15 00:00:00+00:00	(0.25, 0.5)	0.00924756177674472	0.017737126686543127	0.032240133407448704	0.03870837333872352
SOL/USDT	2025-02-16 00:00:00+00:00	(0.0, 0.05)	0.005082918313908613	0.012630281870924574	0.020691071520254664	0.05103455357601272
SOL/USDT	2025-02-17 00:00:00+00:00	(0.05, 0.1)	0.00630898102004028	0.023539391368889818	0.05089598133814015	0.0800021206658891
SOL/USDT	2025-02-18 00:00:00+00:00	(0.25, 0.5)	0.017173200768274725	0.020506157496328073	0.08993334086543901	0.10286973223364596
SOL/USDT	2025-02-19 00:00:00+00:00	(0.5, 0.75)	0.01852288815479008	0.024834827748938224	0.06223454459650785	0.06223454459650785
SOL/USDT	2025-02-20 00:00:00+00:00	(0.25, 0.5)	0.017605216360403075	0.03633669235328984	0.04439834024896271	0.05328986366330771
SOL/USDT	2025-02-21 00:00:00+00:00	(0.1, 0.25)	0.01331967213114756	0.016962659380692108	0.041438979963570134	0.07610428051001823
SOL/USDT	2025-02-22 00:00:00+00:00	(0.1, 0.25)	0.019646248812915493	0.025522317188983755	0.03371320037986692	0.03691832858499525
SOL/USDT	2025-02-23 00:00:00+00:00	(0.0, 0.05)	0.005071999067218423	0.012592549408266755	0.022678248702850734	0.03876872850230284
SOL/USDT	2025-02-24 00:00:00+00:00	(0.1, 0.25)	0.028308563340410542	0.05590941259731062	0.08439490445859874	0.18689549422033497
SOL/USDT	2025-02-25 00:00:00+00:00	(0.75, 1.0)	0.04498493327593616	0.06019514994977749	0.08996986655187253	0.10891089108910897
SOL/USDT	2025-02-26 00:00:00+00:00	(0.5, 0.75)	0.018863998890353	0.02468964560649145	0.052500173382342696	0.10083917053887227
SOL/USDT	2025-02-27 00:00:00+00:00	(0.75, 1.0)	0.017016574585635377	0.03270718232044197	0.05848987108655615	0.060331491712707165
SOL/USDT	2025-02-28 00:00:00+00:00	(0.1, 0.25)	0.013485930893716244	0.0846333284735383	0.08922583466977689	0.16890217232832774
SOL/USDT	2025-03-01 00:00:00+00:00	(0.25, 0.5)	0.014520287691681469	0.040168272492875474	0.07952232324603066	0.08603609716379432
SOL/USDT	2025-03-02 00:00:00+00:00	(0.5, 0.75)	0.019369619550124912	0.0276312135517911	0.0276312135517911	0.27638156067758957
SOL/USDT	2025-03-03 00:00:00+00:00	(0.75, 1.0)	0.02092811646951762	0.055050045495905246	0.11919927206551398	0.21940400363967233
SOL/USDT	2025-03-04 00:00:00+00:00	(0.5, 0.75)	0.03188668713368701	0.08805470276304776	0.08805470276304776	0.11401060563773377
SOL/USDT	2025-03-05 00:00:00+00:00	(0.5, 0.75)	0.017501383508577762	0.027462645268400657	0.061635307138904236	0.06606253458771433
SOL/USDT	2025-03-06 00:00:00+00:00	(0.1, 0.25)	0.015871929944585222	0.04200588356023818	0.05719367859341872	0.07156051173291379
SOL/USDT	2025-03-07 00:00:00+00:00	(0.1, 0.25)	0.06273909716908958	0.06273909716908958	0.07769353829032492	0.1101759755164499
SOL/USDT	2025-03-08 00:00:00+00:00	(0.75, 1.0)	0.01813210533889776	0.023672470859116362	0.03201899553892659	0.04173262339905031
SOL/USDT	2025-03-09 00:00:00+00:00	(0.1, 0.25)	0.008515283842794668	0.012445414847161423	0.0397379912663756	0.10531295487627364
SOL/USDT	2025-03-10 00:00:00+00:00	(0.5, 0.75)	0.0344963688032839	0.04010104199557951	0.05952005052099772	0.12709188506473
SOL/USDT	2025-03-11 00:00:00+00:00	(0.25, 0.5)	0.057094736842105274	0.08336842105263163	0.11629473684210528	0.13835789473684215
SOL/USDT	2025-03-12 00:00:00+00:00	(0.25, 0.5)	0.013473650641792215	0.03882643705652559	0.051423104520449674	0.08060272662042584
SOL/USDT	2025-03-13 00:00:00+00:00	(0.25, 0.5)	0.012804199141084775	0.02171146810879585	0.03976459360585335	0.06362334976936525
SOL/USDT	2025-03-14 00:00:00+00:00	(0.5, 0.75)	0.01497490691274088	0.019426906265177315	0.02857374129836491	0.10490529383195732
SOL/USDT	2025-03-15 00:00:00+00:00	(0.1, 0.25)	0.00749288176232579	0.01790798741195875	0.023078075827963528	0.030645886407912507
SOL/USDT	2025-03-16 00:00:00+00:00	(0.1, 0.25)	0.0071145665248643014	0.018923280035206193	0.05156227079360423	0.08434795364529862
SOL/USDT	2025-03-17 00:00:00+00:00	(0.1, 0.25)	0.01485344078375599	0.023307260804298152	0.029232835585051888	0.04021490084538192
SOL/USDT	2025-03-18 00:00:00+00:00	(0.25, 0.5)	0.016146731462611603	0.03589904373726288	0.04318858755290791	0.049459162878193984
SOL/USDT	2025-03-19 00:00:00+00:00	(0.25, 0.5)	0.009959365787586646	0.02135288024858571	0.04246673571826944	0.09497251215042626
SOL/USDT	2025-03-20 00:00:00+00:00	(0.25, 0.5)	0.016814159292035197	0.0207964601769911	0.04115044247787599	0.06629793510324469
SOL/USDT	2025-03-21 00:00:00+00:00	(0.0, 0.05)	0.009113569091758854	0.013319831749493643	0.026172300981461283	0.041828945318585484
SOL/USDT	2025-03-22 00:00:00+00:00	(0.1, 0.25)	0.0045860862806063225	0.012281383598911762	0.0314030314807618	0.0314030314807618
SOL/USDT	2025-03-23 00:00:00+00:00	(0.25, 0.5)	0.0038907478017274925	0.019375924052602984	0.04349856042331339	0.04349856042331339
SOL/USDT	2025-03-24 00:00:00+00:00	(0.25, 0.5)	0.020229468599033868	0.05072463768115942	0.08801328502415456	0.09427838164251215
SOL/USDT	2025-03-25 00:00:00+00:00	(0.5, 0.75)	0.0105771278483707	0.02924682331227376	0.037339390927805916	0.06608930219351176
SOL/USDT	2025-03-26 00:00:00+00:00	(0.25, 0.5)	0.009694518063886081	0.021830101827312008	0.02782814897475247	0.06695494490166008
SOL/USDT	2025-03-27 00:00:00+00:00	(0.1, 0.25)	0.01167883211678828	0.024817518248175224	0.024817518248175224	0.03350364963503652
SOL/USDT	2025-03-28 00:00:00+00:00	(0.1, 0.25)	0.010084155542658261	0.022852582704585067	0.06304410911201391	0.0824143934997099
SOL/USDT	2025-03-29 00:00:00+00:00	(0.05, 0.1)	0.006851424172440233	0.03048498845265584	0.04795996920708229	0.06050808314087748
SOL/USDT	2025-03-30 00:00:00+00:00	(0.1, 0.25)	0.0158793808645441	0.024941855802389924	0.024941855802389924	0.0327211484481514
SOL/USDT	2025-03-31 00:00:00+00:00	(0.25, 0.5)	0.02447047496790755	0.03915275994865208	0.03915275994865208	0.040596919127086024
SOL/USDT	2025-04-01 00:00:00+00:00	(0.1, 0.25)	0.011575562700964725	0.023954983922829614	0.05008038585209006	0.054742765273312025
SOL/USDT	2025-04-02 00:00:00+00:00	(0.05, 0.1)	0.012262658227848078	0.02262658227848101	0.027373417721518935	0.15791139240506336
SOL/USDT	2025-04-03 00:00:00+00:00	(0.75, 1.0)	0.019991529013130026	0.02659889877170691	0.049385853451927135	0.07369758576874208
SOL/USDT	2025-04-04 00:00:00+00:00	(0.5, 0.75)	0.013364173734258564	0.02167394842799624	0.057311745052685666	0.09209286387389702
SOL/USDT	2025-04-05 00:00:00+00:00	(0.1, 0.25)	0.008084932625561411	0.017721518987341787	0.02425479787668435	0.046386280114332316
SOL/USDT	2025-04-06 00:00:00+00:00	(0.05, 0.1)	0.006917819636606087	0.014169028171361798	0.02458743123853966	0.1443573928988164
SOL/USDT	2025-04-07 00:00:00+00:00	(0.75, 1.0)	0.0333941080510508	0.05815180884751932	0.12052586124172333	0.17023318299587367
SOL/USDT	2025-04-08 00:00:00+00:00	(0.75, 1.0)	0.010879672679932931	0.055142272642737515	0.055142272642737515	0.08945508647944954
SOL/USDT	2025-04-09 00:00:00+00:00	(0.5, 0.75)	0.03917311685859913	0.05040589012648659	0.06607513686992637	0.18633188597319233
SOL/USDT	2025-04-10 00:00:00+00:00	(0.1, 0.25)	0.016963456831800075	0.03645877289222713	0.046248628576251075	0.08954342138577095
SOL/USDT	2025-04-11 00:00:00+00:00	(0.5, 0.75)	0.010785007072135774	0.03421145685997175	0.06400282885431408	0.0927333804809053
SOL/USDT	2025-04-12 00:00:00+00:00	(0.25, 0.5)	0.009515141486016926	0.021512493794473016	0.05055436041701141	0.12162833029952025
SOL/USDT	2025-04-13 00:00:00+00:00	(0.5, 0.75)	0.015265453451646874	0.02323657692886151	0.04354038201233284	0.06497217626710795
SOL/USDT	2025-04-14 00:00:00+00:00	(0.5, 0.75)	0.01729195615253983	0.05118110236220469	0.05118110236220469	0.06214296742318962
SOL/USDT	2025-04-15 00:00:00+00:00	(0.25, 0.5)	0.013931045217526703	0.02412639115884511	0.04833060938594438	0.06887695540508984
SOL/USDT	2025-04-16 00:00:00+00:00	(0.5, 0.75)	0.02026865908910259	0.02026865908910259	0.03068118591526905	0.0828233049837056
SOL/USDT	2025-04-17 00:00:00+00:00	(0.5, 0.75)	0.008000609570253057	0.02415422127400173	0.04640353550746726	0.051051508686376014
SOL/USDT	2025-04-18 00:00:00+00:00	(0.25, 0.5)	0.012557586565611513	0.016644375092881622	0.020508247882300632	0.026378362312379337
SOL/USDT	2025-04-19 00:00:00+00:00	(0.0, 0.05)	0.008214472406840373	0.0439847658875363	0.04764393995967438	0.055410350235232525
SOL/USDT	2025-04-20 00:00:00+00:00	(0.1, 0.25)	0.008586432018166393	0.012489355662787536	0.04357082032358796	0.044848140789100356
SOL/USDT	2025-04-21 00:00:00+00:00	(0.1, 0.25)	0.031814582883466405	0.031814582883466405	0.03555747498740371	0.06787590873101566
SOL/USDT	2025-04-22 00:00:00+00:00	(0.05, 0.1)	0.026678393433010747	0.03803869832893578	0.044635004397537405	0.11396951040750501
SOL/USDT	2025-04-23 00:00:00+00:00	(0.75, 1.0)	0.012228717328495552	0.015857018074313063	0.04441308875898685	0.047571054222939
SOL/USDT	2025-04-24 00:00:00+00:00	(0.1, 0.25)	0.010816191108161882	0.02355673523556724	0.04160583941605828	0.053284671532846724
SOL/USDT	2025-04-25 00:00:00+00:00	(0.1, 0.25)	0.01669514920467985	0.026094386749046926	0.042526620218220054	0.046864729854081744
SOL/USDT	2025-04-26 00:00:00+00:00	(0.05, 0.1)	0.0050211416490485656	0.014138477801268408	0.03415697674418596	0.03580866807610985
SOL/USDT	2025-04-27 00:00:00+00:00	(0.0, 0.05)	0.007407901761879239	0.028964228510411128	0.032701548318206125	0.032701548318206125
SOL/USDT	2025-04-28 00:00:00+00:00	(0.25, 0.5)	0.013235593565465397	0.03373379488223714	0.059526233625195206	0.059526233625195206
SOL/USDT	2025-04-29 00:00:00+00:00	(0.1, 0.25)	0.011457627118644053	0.015525423728813699	0.026779661016949074	0.03654237288135584
SOL/USDT	2025-04-30 00:00:00+00:00	(0.75, 1.0)	0.007636190086588973	0.024613076975523184	0.024613076975523184	0.05693052430626573
SOL/USDT	2025-05-01 00:00:00+00:00	(0.5, 0.75)	0.007423904974016295	0.013902949314976057	0.033137612202200156	0.04339609907538643
SOL/USDT	2025-05-02 00:00:00+00:00	(0.0, 0.05)	0.0068938088293781785	0.011467585841177182	0.022206018825400995	0.030558133368686097
SOL/USDT	2025-05-03 00:00:00+00:00	(0.0, 0.05)	0.006340640809443492	0.010320404721753803	0.015986509274873554	0.021787521079258132
SOL/USDT	2025-05-04 00:00:00+00:00	(0.0, 0.05)	0.007285354395043189	0.015319670456866616	0.020630489548580384	0.029345679852931177
SOL/USDT	2025-05-05 00:00:00+00:00	(0.5, 0.75)	0.0073351325167808614	0.020344612829561952	0.033630890595806616	0.03619126704034316
SOL/USDT	2025-05-06 00:00:00+00:00	(0.25, 0.5)	0.007113056562478572	0.01874016825114548	0.03105122768620472	0.039805758840024574
SOL/USDT	2025-05-07 00:00:00+00:00	(0.5, 0.75)	0.016030430648009682	0.027917402526830493	0.027917402526830493	0.03301181904632513
SOL/USDT	2025-05-08 00:00:00+00:00	(0.5, 0.75)	0.019735503560528972	0.03289250593421495	0.05561207188877578	0.11881993896236001
SOL/USDT	2025-05-09 00:00:00+00:00	(0.75, 1.0)	0.014116352969934017	0.01943290149107802	0.09215350769982898	0.09215350769982898
SOL/USDT	2025-05-10 00:00:00+00:00	(0.25, 0.5)	0.026007578367206345	0.0288207601331956	0.037145481685612575	0.06160293948788603
SOL/USDT	2025-05-11 00:00:00+00:00	(0.75, 1.0)	0.03970835670218739	0.041166573191250715	0.04469994391475041	0.061189007291082426
SOL/USDT	2025-05-12 00:00:00+00:00	(0.25, 0.5)	0.012327274812224103	0.02947078722550305	0.046155610343443516	0.07539705292127748
SOL/USDT	2025-05-13 00:00:00+00:00	(0.75, 1.0)	0.018343331795108483	0.04430087678818647	0.05174203968620211	0.10757960313797879
SOL/USDT	2025-05-14 00:00:00+00:00	(0.25, 0.5)	0.012827510917030693	0.03149563318777283	0.039901746724890844	0.06359170305676859
SOL/USDT	2025-05-15 00:00:00+00:00	(0.1, 0.25)	0.009002925950934182	0.025264460949808738	0.054355165428764486	0.06544001800585203
SOL/USDT	2025-05-16 00:00:00+00:00	(0.25, 0.5)	0.015389133627019116	0.027782672540381897	0.03089574155653462	0.04610866372980907
SOL/USDT	2025-05-17 00:00:00+00:00	(0.75, 1.0)	0.015525548747843584	0.027838914996133522	0.035571946939504	0.035571946939504
SOL/USDT	2025-05-18 00:00:00+00:00	(0.5, 0.75)	0.009131871432862784	0.011895464103334445	0.03652748573145096	0.07347551817362583
SOL/USDT	2025-05-19 00:00:00+00:00	(0.75, 1.0)	0.03082907570831399	0.04325359962842555	0.07448908499767773	0.07448908499767773
SOL/USDT	2025-05-20 00:00:00+00:00	(0.25, 0.5)	0.015785084584226863	0.037705503931379634	0.046938289254229354	0.05122706695258532
SOL/USDT	2025-05-21 00:00:00+00:00	(0.25, 0.5)	0.009116741652853543	0.024508643144683796	0.0294814113189675	0.06204120293630132
SOL/USDT	2025-05-22 00:00:00+00:00	(0.75, 1.0)	0.01322447102115922	0.028346366145354226	0.04760809567617296	0.04904553817847287
SOL/USDT	2025-05-23 00:00:00+00:00	(0.25, 0.5)	0.014964108227498664	0.033793484262838236	0.06830480397570406	0.07995582551076763
SOL/USDT	2025-05-24 00:00:00+00:00	(0.75, 1.0)	0.015861200183234142	0.02015574896930835	0.03338295923041693	0.03338295923041693
SOL/USDT	2025-05-25 00:00:00+00:00	(0.25, 0.5)	0.03174423218638396	0.03452185250269245	0.035825633467490466	0.041437560229011974
SOL/USDT	2025-05-26 00:00:00+00:00	(0.75, 1.0)	0.015885668735409784	0.015885668735409784	0.022661276547287015	0.03154358594773114
SOL/USDT	2025-05-27 00:00:00+00:00	(0.05, 0.1)	0.018124821886577252	0.025933314334568157	0.033798803077799824	0.04656597321174117
SOL/USDT	2025-05-28 00:00:00+00:00	(0.25, 0.5)	0.009027935498523591	0.018339768339768282	0.02606177606177592	0.04843288666818079
SOL/USDT	2025-05-29 00:00:00+00:00	(0.5, 0.75)	0.013167861096544841	0.022723300122356266	0.030414263240692182	0.05465245003787214
SOL/USDT	2025-05-30 00:00:00+00:00	(0.1, 0.25)	0.04410710016734399	0.04410710016734399	0.04410710016734399	0.07345206789385604
SOL/USDT	2025-05-31 00:00:00+00:00	(0.75, 1.0)	0.017809096732863558	0.032671364509929676	0.032671364509929676	0.03760409993593853
SOL/USDT	2025-06-01 00:00:00+00:00	(0.05, 0.1)	0.005242296381537026	0.021288837744533846	0.0392532924178493	0.0468610152154455
SOL/USDT	2025-06-02 00:00:00+00:00	(0.25, 0.5)	0.010729477493492463	0.022728715637102485	0.037965843438511955	0.04609231159926366
SOL/USDT	2025-06-03 00:00:00+00:00	(0.75, 1.0)	0.01632782719186781	0.032210927573062216	0.032210927573062216	0.06035578144853875
SOL/USDT	2025-06-04 00:00:00+00:00	(0.75, 1.0)	0.013745482705214218	0.022263810015487794	0.024135260712441795	0.03245998967475478
SOL/USDT	2025-06-05 00:00:00+00:00	(0.25, 0.5)	0.007568343446206019	0.010504338748613645	0.0217263652378157	0.08533959678997854
SOL/USDT	2025-06-06 00:00:00+00:00	(0.75, 1.0)	0.009906477312088524	0.021337028056806265	0.039071700727398594	0.057360581918946815
SOL/USDT	2025-06-07 00:00:00+00:00	(0.25, 0.5)	0.013991713645316867	0.01949330978740749	0.04075256401548598	0.04075256401548598
SOL/USDT	2025-06-08 00:00:00+00:00	(0.1, 0.25)	0.005614597954682196	0.008020854220974457	0.017579038834302486	0.049595615266359305
SOL/USDT	2025-06-09 00:00:00+00:00	(0.5, 0.75)	0.009064039408866966	0.01563218390804595	0.04617405582922825	0.07980295566502447
SOL/USDT	2025-06-10 00:00:00+00:00	(0.75, 1.0)	0.009523216730984696	0.01948213618822355	0.02906759616581593	0.05869538155110175
SOL/USDT	2025-06-11 00:00:00+00:00	(0.25, 0.5)	0.012318096733289175	0.024334279330958282	0.024334279330958282	0.05525028681842887
SOL/USDT	2025-06-12 00:00:00+00:00	(0.75, 1.0)	0.010270774976657364	0.012449424214130096	0.024712107065048235	0.0879551820728291
SOL/USDT	2025-06-13 00:00:00+00:00	(0.75, 1.0)	0.041897553723476075	0.05629139072847672	0.05629139072847672	0.05899445871063651
SOL/USDT	2025-06-14 00:00:00+00:00	(0.75, 1.0)	0.010794036294947004	0.015381501720299543	0.025433448019968847	0.04540241516562093
SOL/USDT	2025-06-15 00:00:00+00:00	(0.5, 0.75)	0.005931034482758519	0.00848275862068978	0.026758620689655142	0.06427586206896548
SOL/USDT	2025-06-16 00:00:00+00:00	(0.75, 1.0)	0.013509082562791017	0.042101121385008766	0.04564233720243937	0.06918486458128409
SOL/USDT	2025-06-17 00:00:00+00:00	(0.75, 1.0)	0.032494617868676086	0.04379709364908498	0.04615177610333702	0.05866523143164693
SOL/USDT	2025-06-18 00:00:00+00:00	(0.5, 0.75)	0.016806722689075754	0.017348875033884537	0.02670100298183788	0.03815397126592569
SOL/USDT	2025-06-19 00:00:00+00:00	(0.5, 0.75)	0.01676933607118424	0.02012320328542093	0.023134839151266226	0.03408624229979479
SOL/USDT	2025-06-20 00:00:00+00:00	(0.5, 0.75)	0.0069255839217815165	0.013647474198804936	0.030621944595328562	0.08908202064095604
SOL/USDT	2025-06-21 00:00:00+00:00	(0.5, 0.75)	0.006652836397453372	0.012876457543458127	0.021889977823878692	0.08369697403247721
SOL/USDT	2025-06-22 00:00:00+00:00	(0.75, 1.0)	0.019401658767772546	0.03243483412322272	0.04198755924170628	0.08604857819905218
SOL/USDT	2025-06-23 00:00:00+00:00	(0.75, 1.0)	0.012969283276450572	0.013803564656806926	0.025028441410693842	0.12317026924535443
SOL/USDT	2025-06-24 00:00:00+00:00	(0.75, 1.0)	0.009567387687187987	0.014489739323349996	0.03092068774265119	0.03092068774265119
SOL/USDT	2025-06-25 00:00:00+00:00	(0.5, 0.75)	0.009435897435897405	0.012854700854700824	0.01784615384615394	0.0389743589743589
SOL/USDT	2025-06-26 00:00:00+00:00	(0.25, 0.5)	0.005075789180920722	0.03031567236823817	0.03337505214851906	0.06522041440689748
SOL/USDT	2025-06-27 00:00:00+00:00	(0.75, 1.0)	0.015609264853977959	0.03193785066896868	0.04071356639332488	0.05545964609408723
SOL/USDT	2025-06-28 00:00:00+00:00	(0.25, 0.5)	0.006997455470737777	0.017104891150692792	0.045872208085948614	0.08177834322872486
SOL/USDT	2025-06-29 00:00:00+00:00	(0.05, 0.1)	0.0053802723347725154	0.011424775821986043	0.019129857190302194	0.03593490534706075
SOL/USDT	2025-06-30 00:00:00+00:00	(0.75, 1.0)	0.015058670143415921	0.018383311603650726	0.030182529335071862	0.0687092568448502
SOL/USDT	2025-07-01 00:00:00+00:00	(0.5, 0.75)	0.014529252227818673	0.015949890223427604	0.04843084075939558	0.06967583623918372
SOL/USDT	2025-07-02 00:00:00+00:00	(0.1, 0.25)	0.007277426375569565	0.023124532408352074	0.028157518873699345	0.05862749098823372
SOL/USDT	2025-07-03 00:00:00+00:00	(0.1, 0.25)	0.008714454199973872	0.014742497706722578	0.030009173109684078	0.04252391560739078
SOL/USDT	2025-07-04 00:00:00+00:00	(0.1, 0.25)	0.006485849056603647	0.014806079664570173	0.03183962264150934	0.056734800838574406
SOL/USDT	2025-07-05 00:00:00+00:00	(0.25, 0.5)	0.0027672786177105604	0.008504319654427776	0.01235151187904976	0.01889848812095021
SOL/USDT	2025-07-06 00:00:00+00:00	(0.1, 0.25)	0.0032579922622685002	0.006380234846942222	0.011674472273128343	0.04825901038485023
SOL/USDT	2025-07-07 00:00:00+00:00	(0.25, 0.5)	0.011195995785036807	0.01751844046364592	0.02212855637513162	0.03885669125395157
SOL/USDT	2025-07-08 00:00:00+00:00	(0.25, 0.5)	0.0089088351530577	0.015071337664947419	0.02652555429030751	0.033692812646526904
SOL/USDT	2025-07-09 00:00:00+00:00	(0.25, 0.5)	0.008449402600831745	0.00904350122120275	0.02574427354940924	0.04884810878605852
SOL/USDT	2025-07-10 00:00:00+00:00	(0.25, 0.5)	0.009218640727318893	0.021679699917350095	0.021679699917350095	0.0622417191175537
SOL/USDT	2025-07-11 00:00:00+00:00	(0.75, 1.0)	0.0117891393317452	0.02113493372426857	0.029686641011544886	0.05289841793415183
SOL/USDT	2025-07-12 00:00:00+00:00	(0.75, 1.0)	0.012105942358507952	0.013027714619308085	0.017267867018988525	0.03785411417685735
SOL/USDT	2025-07-13 00:00:00+00:00	(0.1, 0.25)	0.009221183800622989	0.009408099688473464	0.016884735202492084	0.028411214953271043
SOL/USDT	2025-07-14 00:00:00+00:00	(0.75, 1.0)	0.007254464285714384	0.04383680555555551	0.04662698412698419	0.04662698412698419
SOL/USDT	2025-07-15 00:00:00+00:00	(0.25, 0.5)	0.014573298752624338	0.02914659750524885	0.02914659750524885	0.043411139928368536
SOL/USDT	2025-07-16 00:00:00+00:00	(0.75, 1.0)	0.010146079090520118	0.022920359391235254	0.03710042173461293	0.08856426868773307
SOL/USDT	2025-07-17 00:00:00+00:00	(0.25, 0.5)	0.014076414823326564	0.03527721918988788	0.05446710715311686	0.05446710715311686
SOL/USDT	2025-07-18 00:00:00+00:00	(0.75, 1.0)	0.03177495586811692	0.03177495586811692	0.051819372473093754	0.06508740960081986
SOL/USDT	2025-07-19 00:00:00+00:00	(0.5, 0.75)	0.018961625282167122	0.021106094808126464	0.02150112866817157	0.026015801354401884
SOL/USDT	2025-07-20 00:00:00+00:00	(0.25, 0.5)	0.01782985226693839	0.018169468500594376	0.028131544687836074	0.04030112639384165
SOL/USDT	2025-07-21 00:00:00+00:00	(0.5, 0.75)	0.011898143000111121	0.05026131435560987	0.08195262982319586	0.11692427443567219
SOL/USDT	2025-07-22 00:00:00+00:00	(0.5, 0.75)	0.023612870534583212	0.05533316442867995	0.05533316442867995	0.0635926019761845
SOL/USDT	2025-07-23 00:00:00+00:00	(0.75, 1.0)	0.013317013463892422	0.021395348837209324	0.046511627906976744	0.10472460220318244
SOL/USDT	2025-07-24 00:00:00+00:00	(0.75, 1.0)	0.011472982975573734	0.016125621232949198	0.066934545839061	0.066934545839061
SOL/USDT	2025-07-25 00:00:00+00:00	(0.75, 1.0)	0.01120817537497951	0.04345915059612108	0.04345915059612108	0.06208450085160162
SOL/USDT	2025-07-26 00:00:00+00:00	(0.75, 1.0)	0.0056454648099360785	0.012742620570998465	0.02849615570729615	0.02951771600623694
SOL/USDT	2025-07-27 00:00:00+00:00	(0.1, 0.25)	0.006865607092658568	0.014920531949399888	0.020218401989404156	0.03173316034165843
SOL/USDT	2025-07-28 00:00:00+00:00	(0.5, 0.75)	0.013068783068783063	0.033756613756613735	0.040211640211640184	0.06931216931216928
SOL/USDT	2025-07-29 00:00:00+00:00	(0.25, 0.5)	0.020033660893642422	0.02220533145121887	0.03262935012758575	0.045496498181225885
SOL/USDT	2025-07-30 00:00:00+00:00	(0.1, 0.25)	0.011534852916827501	0.0196478834372758	0.03388707986091956	0.06771896903802643
SOL/USDT	2025-07-31 00:00:00+00:00	(0.5, 0.75)	0.010735765274577015	0.015569670057894499	0.02765443201618789	0.06789949974706304
SOL/USDT	2025-08-01 00:00:00+00:00	(0.75, 1.0)	0.026381983035975547	0.02790289558350401	0.0350979818660427	0.0759871307399825
SOL/USDT	2025-08-02 00:00:00+00:00	(0.75, 1.0)	0.010739490641301013	0.012641914697760064	0.021356244246701555	0.05811598649892605
SOL/USDT	2025-08-03 00:00:00+00:00	(0.1, 0.25)	0.023441930808494542	0.03018463671308836	0.04171655428823495	0.043228936921040934
SOL/USDT	2025-08-04 00:00:00+00:00	(0.1, 0.25)	0.02114897037907357	0.02114897037907357	0.02300414321934326	0.052810586853008594
SOL/USDT	2025-08-05 00:00:00+00:00	(0.75, 1.0)	0.008162299639202671	0.014195303720352551	0.035902288992724865	0.06169042408469852
SOL/USDT	2025-08-06 00:00:00+00:00	(0.25, 0.5)	0.011109076481718813	0.01770127571262898	0.02234023072697306	0.05371421595556376
SOL/USDT	2025-08-07 00:00:00+00:00	(0.0, 0.05)	0.005121181444649637	0.013696182933365159	0.04043351396415185	0.05246233549693326
SOL/USDT	2025-08-08 00:00:00+00:00	(0.75, 1.0)	0.012114977998742811	0.014229384536259104	0.025830047431281682	0.035602034401965764
SOL/USDT	2025-08-09 00:00:00+00:00	(0.0, 0.05)	0.00434782608695658	0.013438735177865748	0.03788819875776402	0.03845285149632977
SOL/USDT	2025-08-10 00:00:00+00:00	(0.5, 0.75)	0.013008580127317987	0.029947412122889545	0.047993357320786134	0.047993357320786134
SOL/USDT	2025-08-11 00:00:00+00:00	(0.05, 0.1)	0.010552929537210001	0.02638232384302508	0.046443882598658996	0.07348576453775972
SOL/USDT	2025-08-12 00:00:00+00:00	(0.5, 0.75)	0.006279972596483183	0.01079013473395761	0.017926467229961263	0.11509477049554691
SOL/USDT	2025-08-13 00:00:00+00:00	(0.5, 0.75)	0.015198042991724437	0.04002498308436995	0.05652422838702969	0.06823504918544743
SOL/USDT	2025-08-14 00:00:00+00:00	(0.1, 0.25)	0.016702080347877627	0.041755200869694066	0.04580718485941597	0.11454266936798936
SOL/USDT	2025-08-15 00:00:00+00:00	(0.5, 0.75)	0.0103359173126615	0.020051679586563283	0.03167958656330747	0.07633074935400508
SOL/USDT	2025-08-16 00:00:00+00:00	(0.25, 0.5)	0.010821235335083357	0.013821181764611414	0.0229281619971072	0.02603524937054703
SOL/USDT	2025-08-17 00:00:00+00:00	(0.0, 0.05)	0.008411363275670547	0.02988943553933241	0.0344918795958314	0.045178014071840404
SOL/USDT	2025-08-18 00:00:00+00:00	(0.1, 0.25)	0.008738422897807479	0.04986656899168019	0.058081733033331556	0.058081733033331556
SOL/USDT	2025-08-19 00:00:00+00:00	(0.1, 0.25)	0.025407556839866948	0.046616869309198034	0.046616869309198034	0.05550406193773517
SOL/USDT	2025-08-20 00:00:00+00:00	(0.5, 0.75)	0.015552539305508426	0.030878859857482233	0.035120461486257255	0.07046714172604913
SOL/USDT	2025-08-21 00:00:00+00:00	(0.1, 0.25)	0.011739594450373472	0.024493062966915707	0.03532550693703311	0.05693703308431156
SOL/USDT	2025-08-22 00:00:00+00:00	(0.1, 0.25)	0.010000000000000012	0.019337016574585635	0.03712707182320441	0.13883977900552483
SOL/USDT	2025-08-23 00:00:00+00:00	(0.25, 0.5)	0.010244563852759464	0.024556822176467707	0.0670918495455231	0.0670918495455231
SOL/USDT	2025-08-24 00:00:00+00:00	(0.05, 0.1)	0.010827155676941218	0.035846664065548296	0.04184549356223182	0.0531603589543504
SOL/USDT	2025-08-25 00:00:00+00:00	(0.75, 1.0)	0.028671766007600942	0.054697647568191676	0.0894790012988887	0.13599846057632164
SOL/USDT	2025-08-26 00:00:00+00:00	(0.75, 1.0)	0.01642228739002924	0.01978139162889885	0.025539856038389718	0.06675553185817105
SOL/USDT	2025-08-27 00:00:00+00:00	(0.1, 0.25)	0.012590204206970716	0.05742361430984185	0.06100619274271963	0.0936588361738063
SOL/USDT	2025-08-28 00:00:00+00:00	(0.75, 1.0)	0.01658107116654446	0.03482514062117879	0.07229151381755931	0.07419907067742719
SOL/USDT	2025-08-29 00:00:00+00:00	(0.5, 0.75)	0.02121732670968937	0.027717164213751797	0.05877710200102139	0.0842657504990947
SOL/USDT	2025-08-30 00:00:00+00:00	(0.5, 0.75)	0.009050437845506552	0.029206007533877986	0.03121178024558483	0.04667090651142308
SOL/USDT	2025-08-31 00:00:00+00:00	(0.25, 0.5)	0.015389910512341409	0.018733405447929993	0.021781886124496053	0.03668010620513329
SOL/USDT	2025-09-01 00:00:00+00:00	(0.75, 1.0)	0.01469853014698529	0.03229677032296774	0.04274572542745731	0.05194480551944813
SOL/USDT	2025-09-02 00:00:00+00:00	(0.75, 1.0)	0.006345821910853894	0.032642907909432466	0.03817646461569694	0.06873794293836934
SOL/USDT	2025-09-03 00:00:00+00:00	(0.5, 0.75)	0.012505349246350604	0.021634729684751136	0.021634729684751136	0.02662735961200144
SOL/USDT	2025-09-04 00:00:00+00:00	(0.1, 0.25)	0.007984880699267649	0.02111977321048901	0.02957713205764229	0.047720292936451664
SOL/USDT	2025-09-05 00:00:00+00:00	(0.1, 0.25)	0.009720234864558143	0.015295801055903798	0.03690728770908382	0.044653870824493076
SOL/USDT	2025-09-06 00:00:00+00:00	(0.25, 0.5)	0.003925417075564195	0.007556427870461337	0.01413150147203138	0.026300294406280733
SOL/USDT	2025-09-07 00:00:00+00:00	(0.0, 0.05)	0.00821672227478714	0.013794133758279021	0.017429410885912055	0.03709974602858418
SOL/USDT	2025-09-08 00:00:00+00:00	(0.75, 1.0)	0.007329029752948556	0.0165509877202349	0.04975003640246566	0.055914187254283404
SOL/USDT	2025-09-09 00:00:00+00:00	(0.1, 0.25)	0.01151515151515151	0.018601398601398644	0.04195804195804196	0.04195804195804196
SOL/USDT	2025-09-10 00:00:00+00:00	(0.1, 0.25)	0.008527703512491908	0.021019636765926074	0.035954641836452396	0.050290402876371335
SOL/USDT	2025-09-11 00:00:00+00:00	(0.25, 0.5)	0.005618478551681171	0.012128779095692495	0.029965218942299112	0.03223936502274142
SOL/USDT	2025-09-12 00:00:00+00:00	(0.25, 0.5)	0.030098576122672402	0.033734939759036096	0.05147864184008762	0.06979189485213572
SOL/USDT	2025-09-13 00:00:00+00:00	(0.5, 0.75)	0.006662553979025195	0.014229899239152702	0.014229899239152702	0.03458770306395228
SOL/USDT	2025-09-14 00:00:00+00:00	(0.5, 0.75)	0.008071490343038373	0.03047399415228763	0.03047399415228763	0.042704772886381435
SOL/USDT	2025-09-15 00:00:00+00:00	(0.5, 0.75)	0.010582669322709091	0.017679282868525856	0.051668326693227046	0.05747841965471445
SOL/USDT	2025-09-16 00:00:00+00:00	(0.1, 0.25)	0.010714590625800354	0.012507470332109652	0.01775804661487235	0.0413642960812772
SOL/USDT	2025-09-17 00:00:00+00:00	(0.1, 0.25)	0.005254682600220396	0.01699296550555128	0.020722095092804538	0.06097974404610567
SOL/USDT	2025-09-18 00:00:00+00:00	(0.75, 1.0)	0.006527681449145258	0.014279303170005303	0.02207172289992247	0.044592223899473614
SOL/USDT	2025-09-19 00:00:00+00:00	(0.1, 0.25)	0.0057034220532319255	0.02321818623088739	0.03466548013914729	0.05440498341558122
SOL/USDT	2025-09-20 00:00:00+00:00	(0.1, 0.25)	0.006030655833821919	0.01088868414440068	0.012773264092470104	0.018050087947064253
SOL/USDT	2025-09-21 00:00:00+00:00	(0.05, 0.1)	0.007553311355005643	0.011935066560948067	0.019697032925760544	0.02712515127488211
SOL/USDT	2025-09-22 00:00:00+00:00	(0.1, 0.25)	0.021832952526021937	0.024667851400524722	0.09236692900059242	0.09236692900059242
SOL/USDT	2025-09-23 00:00:00+00:00	(0.5, 0.75)	0.014076832258650415	0.041186086640632065	0.041186086640632065	0.04254836073017893
SOL/USDT	2025-09-24 00:00:00+00:00	(0.25, 0.5)	0.013030076592565012	0.0543620399775826	0.0543620399775826	0.0543620399775826
SOL/USDT	2025-09-25 00:00:00+00:00	(0.1, 0.25)	0.011404872991187085	0.03068005089778025	0.05433809321834206	0.09849663037843445
SOL/USDT	2025-09-26 00:00:00+00:00	(0.75, 1.0)	0.022668859874575908	0.025804461807340445	0.03469723450190192	0.07566567286933278
SOL/USDT	2025-09-27 00:00:00+00:00	(0.75, 1.0)	0.006807051909892335	0.010822722820763997	0.02717923604309506	0.02717923604309506
SOL/USDT	2025-09-28 00:00:00+00:00	(0.25, 0.5)	0.011493118926651133	0.016425787993883414	0.02387411828540425	0.06412469787401963
SOL/USDT	2025-09-29 00:00:00+00:00	(0.75, 1.0)	0.007340674007340636	0.010010010010009984	0.02297535630868961	0.04842938176271508
SOL/USDT	2025-09-30 00:00:00+00:00	(0.25, 0.5)	0.010887418461682825	0.016237270636820025	0.03641653761321503	0.04223567506687315
SOL/USDT	2025-10-01 00:00:00+00:00	(0.25, 0.5)	0.010165915411911405	0.02201016591541193	0.056104344490265606	0.07892970173587804
SOL/USDT	2025-10-02 00:00:00+00:00	(0.25, 0.5)	0.013225371120107951	0.024921277552856464	0.032478632478632474	0.06959064327485379
SOL/USDT	2025-10-03 00:00:00+00:00	(0.25, 0.5)	0.00781216465639362	0.018371464137013353	0.030733570846031663	0.04236596986736492
SOL/USDT	2025-10-04 00:00:00+00:00	(0.1, 0.25)	0.013145499700265573	0.02620536096600156	0.02620536096600156	0.042733578830179066
SOL/USDT	2025-10-05 00:00:00+00:00	(0.05, 0.1)	0.008006334682386158	0.025690656343480573	0.047378145345768126	0.047378145345768126
SOL/USDT	2025-10-06 00:00:00+00:00	(0.05, 0.1)	0.011242836519532883	0.02423553086311746	0.031059976376919474	0.043877684938098786
SOL/USDT	2025-10-07 00:00:00+00:00	(0.25, 0.5)	0.008444999784566367	0.012926020078417855	0.030117626782713642	0.0668275238054204
SOL/USDT	2025-10-08 00:00:00+00:00	(0.5, 0.75)	0.017614745539565057	0.024878558133200116	0.024878558133200116	0.05638534525809228
SOL/USDT	2025-10-09 00:00:00+00:00	(0.05, 0.1)	0.010951942874665966	0.025627546326718334	0.045428659044114444	0.05765102729224163
SOL/USDT	2025-10-10 00:00:00+00:00	(0.5, 0.75)	0.005056890012642245	0.015351273252663923	0.02483294202636807	0.2513545241105293
SOL/USDT	2025-10-11 00:00:00+00:00	(0.75, 1.0)	0.030075585390348315	0.04698979861514887	0.05840689254188917	0.09762672445689519
SOL/USDT	2025-10-12 00:00:00+00:00	(0.5, 0.75)	0.022980027235587897	0.0346686336813437	0.056570585565138436	0.14752610077167497
SOL/USDT	2025-10-13 00:00:00+00:00	(0.25, 0.5)	0.0179983776110323	0.028645305211924585	0.05054755627661731	0.09764753599675517
SOL/USDT	2025-10-14 00:00:00+00:00	(0.1, 0.25)	0.01608040201005032	0.035175879396984897	0.09676956209619526	0.09676956209619526
SOL/USDT	2025-10-15 00:00:00+00:00	(0.75, 1.0)	0.01428713165988687	0.026540331382081526	0.041869233058835185	0.08368885802162915
SOL/USDT	2025-10-16 00:00:00+00:00	(0.25, 0.5)	0.01175130713878972	0.01563389760314754	0.06046487549826582	0.08484754361443282
SOL/USDT	2025-10-17 00:00:00+00:00	(0.5, 0.75)	0.013633669235328993	0.015358085897505107	0.07269493991485698	0.07269493991485698
SOL/USDT	2025-10-18 00:00:00+00:00	(0.5, 0.75)	0.009988474836726971	0.01986718621370948	0.034795016738927625	0.034795016738927625
SOL/USDT	2025-10-19 00:00:00+00:00	(0.1, 0.25)	0.011516417590658341	0.01210562965343613	0.03674540682414706	0.04874390701162352
SOL/USDT	2025-10-20 00:00:00+00:00	(0.25, 0.5)	0.015236868930736646	0.046408069102419694	0.057299211331080034	0.057299211331080034
SOL/USDT	2025-10-21 00:00:00+00:00	(0.1, 0.25)	0.016472457627118714	0.03712923728813569	0.03967161016949157	0.07939618644067802
SOL/USDT	2025-10-22 00:00:00+00:00	(0.75, 1.0)	0.015132002575660128	0.017761322172139955	0.029673749731702087	0.05585962652929811
SOL/USDT	2025-10-23 00:00:00+00:00	(0.5, 0.75)	0.012477125270337713	0.020628847113625014	0.05440026617867244	0.07636000665446671
SOL/USDT	2025-10-24 00:00:00+00:00	(0.25, 0.5)	0.012176718530467834	0.015767289379195512	0.020918977988239485	0.042514440339282866
SOL/USDT	2025-10-25 00:00:00+00:00	(0.0, 0.05)	0.005597595107287304	0.010573235202653781	0.021042811236653892	0.021042811236653892
SOL/USDT	2025-10-26 00:00:00+00:00	(0.0, 0.05)	0.006202512017367122	0.01271514963560246	0.03276993849175584	0.05442704295239573
SOL/USDT	2025-10-27 00:00:00+00:00	(0.5, 0.75)	0.016786212392906976	0.021568041442518494	0.036411635784020735	0.03979876469416223
SOL/USDT	2025-10-28 00:00:00+00:00	(0.1, 0.25)	0.006975460430571518	0.014402569378230564	0.026948361519546365	0.06910222311436749
SOL/USDT	2025-10-29 00:00:00+00:00	(0.5, 0.75)	0.012384378211716325	0.012384378211716325	0.0343782117163412	0.06336073997944494
SOL/USDT	2025-10-30 00:00:00+00:00	(0.5, 0.75)	0.009310986964618309	0.02726050072418793	0.04055452100144839	0.10107593627146697
SOL/USDT	2025-10-31 00:00:00+00:00	(0.75, 1.0)	0.014553127028781636	0.01736637091538632	0.0308374810647047	0.0354901536463969
SOL/USDT	2025-11-01 00:00:00+00:00	(0.1, 0.25)	0.007559511044392004	0.010990778468796971	0.013671456144113293	0.020158696118378828
SOL/USDT	2025-11-02 00:00:00+00:00	(0.05, 0.1)	0.006344086021505413	0.007204301075268835	0.020913978494623734	0.03833333333333331
SOL/USDT	2025-11-03 00:00:00+00:00	(0.5, 0.75)	0.013931560546668206	0.06875728361055206	0.08401313698485016	0.13619027439347392
SOL/USDT	2025-11-04 00:00:00+00:00	(0.25, 0.5)	0.01847379859937215	0.025597681719391335	0.07576672301376469	0.13625935764308136
SOL/USDT	2025-11-05 00:00:00+00:00	(0.75, 1.0)	0.02731922056062665	0.06609697675924132	0.07334757558101905	0.10798213245290351
SOL/USDT	2025-11-06 00:00:00+00:00	(0.25, 0.5)	0.010588890953000234	0.019877391788965307	0.03250975292587776	0.05857947860548646
SOL/USDT	2025-11-07 00:00:00+00:00	(0.25, 0.5)	0.014405531724182087	0.028170817593956114	0.04449708688136255	0.09386004225622636
SOL/USDT	2025-11-08 00:00:00+00:00	(0.25, 0.5)	0.012405110164784242	0.026538295377399143	0.03770906622230442	0.056100722088501975
SOL/USDT	2025-11-09 00:00:00+00:00	(0.05, 0.1)	0.006856707510634325	0.020379658434384988	0.030664719700336386	0.07275728525172992
SOL/USDT	2025-11-10 00:00:00+00:00	(0.1, 0.25)	0.020392109403364424	0.023720198475130023	0.02910565170035098	0.034309572794384534
SOL/USDT	2025-11-11 00:00:00+00:00	(0.25, 0.5)	0.01144192176361347	0.03558377763134246	0.05535254298208835	0.10992631642005628
SOL/USDT	2025-11-12 00:00:00+00:00	(0.5, 0.75)	0.009214197651028589	0.012458633443644252	0.04853675945753026	0.06449938355719938
SOL/USDT	2025-11-13 00:00:00+00:00	(0.1, 0.25)	0.01348534201954393	0.03491856677524439	0.04416938110749186	0.10527687296416936
SOL/USDT	2025-11-14 00:00:00+00:00	(0.75, 1.0)	0.014629770202194302	0.01987440480298113	0.048098819957214815	0.06845628321026856
SOL/USDT	2025-11-15 00:00:00+00:00	(0.75, 1.0)	0.009534652056354087	0.024050092500355738	0.02575779137612071	0.04326170485271086
SOL/USDT	2025-11-16 00:00:00+00:00	(0.5, 0.75)	0.009840540152277005	0.03045539433989376	0.043025427381123464	0.06435856917109617
SOL/USDT	2025-11-17 00:00:00+00:00	(0.25, 0.5)	0.02497444136117999	0.03432160070103687	0.048999561851906	0.10559369066744566
SOL/USDT	2025-11-18 00:00:00+00:00	(0.25, 0.5)	0.023106840539922225	0.04751010447647365	0.0771753221993442	0.10043468313886973
SOL/USDT	2025-11-19 00:00:00+00:00	(0.25, 0.5)	0.016863165416220176	0.025366202215076898	0.040871739907109676	0.08795998570918187
SOL/USDT	2025-11-20 00:00:00+00:00	(0.75, 1.0)	0.017774851876234413	0.05683563748079884	0.05932265379269997	0.1001389803233121
SOL/USDT	2025-11-21 00:00:00+00:00	(0.5, 0.75)	0.009185185185185253	0.02985185185185186	0.09525925925925925	0.0992592592592593
SOL/USDT	2025-11-22 00:00:00+00:00	(0.5, 0.75)	0.010514109006571314	0.02837263239273291	0.035717046772323194	0.0375724777734828
SOL/USDT	2025-11-23 00:00:00+00:00	(0.25, 0.5)	0.008037456106125643	0.025985173624658478	0.03339836129535701	0.046195864221615195
SOL/USDT	2025-11-24 00:00:00+00:00	(0.5, 0.75)	0.021553383111384893	0.03925794781002228	0.045954891848202596	0.08798398891540303
SOL/USDT	2025-11-25 00:00:00+00:00	(0.25, 0.5)	0.009784026670532126	0.012610523264241261	0.030874039715900997	0.053413538193941186
SOL/USDT	2025-11-26 00:00:00+00:00	(0.75, 1.0)	0.009319664492078366	0.02122015915119369	0.034626138074414024	0.0663129973474801
SOL/USDT	2025-11-27 00:00:00+00:00	(0.1, 0.25)	0.010613621986363892	0.014549799676671069	0.019540310676881993	0.02685035495888095
SOL/USDT	2025-11-28 00:00:00+00:00	(0.25, 0.5)	0.011593996728074511	0.020342840884842343	0.028807169784479572	0.05398677004054345
SOL/USDT	2025-11-29 00:00:00+00:00	(0.0, 0.05)	0.005385343133687364	0.008660213958227187	0.01215340950440279	0.02430681900880579
SOL/USDT	2025-11-30 00:00:00+00:00	(0.0, 0.05)	0.005428005574708494	0.01246974253649225	0.013570013936771028	0.06975720677767175
SOL/USDT	2025-12-01 00:00:00+00:00	(0.75, 1.0)	0.03010161204064491	0.037206814882725994	0.042707617083046864	0.06333562533425019
SOL/USDT	2025-12-02 00:00:00+00:00	(0.75, 1.0)	0.015458632384257383	0.019875384494045238	0.02271472513605159	0.11728054262954483
SOL/USDT	2025-12-03 00:00:00+00:00	(0.25, 0.5)	0.00738541742089646	0.020925349359206535	0.04706393454492795	0.060241836217507935
SOL/USDT	2025-12-04 00:00:00+00:00	(0.75, 1.0)	0.022713065221921305	0.022713065221921305	0.029658956727095995	0.06327707161214131
SOL/USDT	2025-12-05 00:00:00+00:00	(0.1, 0.25)	0.00662203987619676	0.01367595191823204	0.03987619664579278	0.07212265169509832
SOL/USDT	2025-12-06 00:00:00+00:00	(0.0, 0.05)	0.0067598017124829305	0.009989484752891574	0.016899504281207754	0.021406038756196445
SOL/USDT	2025-12-07 00:00:00+00:00	(0.0, 0.05)	0.005605635936671533	0.01227179759109162	0.015604878418301662	0.06552533898947044
SOL/USDT	2025-12-08 00:00:00+00:00	(0.75, 1.0)	0.009324539458721779	0.024183155181563172	0.05943446289136535	0.05943446289136535
SOL/USDT	2025-12-09 00:00:00+00:00	(0.1, 0.25)	0.0077996100194991785	0.014624268786560587	0.019874006299684846	0.09982000899955004
SOL/USDT	2025-12-10 00:00:00+00:00	(0.75, 1.0)	0.006592769687749015	0.010287618633630485	0.02818227921466338	0.05201767731652544
SOL/USDT	2025-12-11 00:00:00+00:00	(0.75, 1.0)	0.02223853211009175	0.05372477064220178	0.05372477064220178	0.06451376146788985
SOL/USDT	2025-12-12 00:00:00+00:00	(0.5, 0.75)	0.015650138949831905	0.019014187509141394	0.034883720930232634	0.07144946614012
SOL/USDT	2025-12-13 00:00:00+00:00	(0.25, 0.5)	0.00438066465256807	0.004909365558912429	0.014728096676737074	0.020241691842900353
SOL/USDT	2025-12-14 00:00:00+00:00	(0.1, 0.25)	0.004657102080673061	0.0061593930744384675	0.026440321490272745	0.042665064222939926
SOL/USDT	2025-12-15 00:00:00+00:00	(0.1, 0.25)	0.008033989957512493	0.03028196214754722	0.03028196214754722	0.09115488605639252
SOL/USDT	2025-12-16 00:00:00+00:00	(0.75, 1.0)	0.01580965797918131	0.024184080770133863	0.03263676919464653	0.041245988886279894
SOL/USDT	2025-12-17 00:00:00+00:00	(0.25, 0.5)	0.006927687397836186	0.013466178874445317	0.030045925118704752	0.098310889701876
SOL/USDT	2025-12-18 00:00:00+00:00	(0.25, 0.5)	0.00623734305386793	0.00955852571891448	0.016848926690968106	0.09858242203321195
SOL/USDT	2025-12-19 00:00:00+00:00	(0.75, 1.0)	0.016228877363225678	0.04124142546427979	0.06876359377614187	0.08582901120963699
SOL/USDT	2025-12-20 00:00:00+00:00	(0.1, 0.25)	0.004366812227074213	0.009448193727669692	0.01262405716554191	0.01262405716554191
SOL/USDT	2025-12-21 00:00:00+00:00	(0.05, 0.1)	0.0031814205042551952	0.011373578302712102	0.015429889445637458	0.03404119939553011
SOL/USDT	2025-12-22 00:00:00+00:00	(0.5, 0.75)	0.018570756934649775	0.03181319542391477	0.03181319542391477	0.03588779188215012
SOL/USDT	2025-12-23 00:00:00+00:00	(0.25, 0.5)	0.007220503054828301	0.01610727604538603	0.025073395223359603	0.03784813139728644
SOL/USDT	2025-12-24 00:00:00+00:00	(0.25, 0.5)	0.005086387857258158	0.019780397222670665	0.028903600839657664	0.028903600839657664
SOL/USDT	2025-12-25 00:00:00+00:00	(0.05, 0.1)	0.004979998367213646	0.008653767654502428	0.015021634419136284	0.040329822842681017
SOL/USDT	2025-12-26 00:00:00+00:00	(0.75, 1.0)	0.011072261072261058	0.04287379287379292	0.04287379287379292	0.04911754911754916
SOL/USDT	2025-12-27 00:00:00+00:00	(0.0, 0.05)	0.0023729645691842422	0.015874314704197676	0.015874314704197676	0.026348089354389977
SOL/USDT	2025-12-28 00:00:00+00:00	(0.25, 0.5)	0.0030517185994217433	0.006103437198843487	0.00987793125602316	0.020558946353999377
SOL/USDT	2025-12-29 00:00:00+00:00	(0.5, 0.75)	0.02354725415070245	0.03935185185185179	0.05515644955300125	0.06226053639846741
SOL/USDT	2025-12-30 00:00:00+00:00	(0.0, 0.05)	0.004302297264388352	0.011445734231674621	0.020862082961279386	0.03198311551262276
SOL/USDT	2025-12-31 00:00:00+00:00	(0.25, 0.5)	0.007529637936558777	0.0134572252483179	0.019545017622556855	0.07818007049022753
SOL/USDT	2026-01-01 00:00:00+00:00	(0.25, 0.5)	0.0068866111467008285	0.008087764253683464	0.01321268417680967	0.02482383087764249
SOL/USDT	2026-01-02 00:00:00+00:00	(0.5, 0.75)	0.00410677618069812	0.01697993997788652	0.03277523298057183	0.05852156057494864
SOL/USDT	2026-01-03 00:00:00+00:00	(0.5, 0.75)	0.004292168674698744	0.008358433734939648	0.026882530120481873	0.04043674698795184
SOL/USDT	2026-01-04 00:00:00+00:00	(0.75, 1.0)	0.007506503158677003	0.010628019323671547	0.013377926421404765	0.01798587885544398
SOL/USDT	2026-01-05 00:00:00+00:00	(0.1, 0.25)	0.018947837717342927	0.027790161985436237	0.027790161985436237	0.04971020954079356
SOL/USDT	2026-01-06 00:00:00+00:00	(0.25, 0.5)	0.010630551914955643	0.013688655890490927	0.023227027814183968	0.05307994757536036
SOL/USDT	2026-01-07 00:00:00+00:00	(0.75, 1.0)	0.011563564131668525	0.02043132803632233	0.03433598183881954	0.04958853575482412
SOL/USDT	2026-01-08 00:00:00+00:00	(0.25, 0.5)	0.008368815151959965	0.01703127294083096	0.03332843928938497	0.05432388782851274
SOL/USDT	2026-01-09 00:00:00+00:00	(0.75, 1.0)	0.007718387073504964	0.024742119310394422	0.0297915314145567	0.04465122989251964
SOL/USDT	2026-01-10 00:00:00+00:00	(0.1, 0.25)	0.003388581952117713	0.007440147329650025	0.010092081031307584	0.012375690607734857
SOL/USDT	2026-01-11 00:00:00+00:00	(0.1, 0.25)	0.003595802451016431	0.0046965583033682125	0.00792544213693391	0.04234240845380481
SOL/USDT	2026-01-12 00:00:00+00:00	(0.5, 0.75)	0.01946699231377062	0.037425472308023906	0.03850298110767914	0.04353135550606998
SOL/USDT	2026-01-13 00:00:00+00:00	(0.75, 1.0)	0.006403338369666989	0.012662781495071726	0.03813223972947702	0.07856680336714883
SOL/USDT	2026-01-14 00:00:00+00:00	(0.75, 1.0)	0.012172477821332659	0.015611030878206327	0.022213052747403823	0.034866927996698945
SOL/USDT	2026-01-15 00:00:00+00:00	(0.25, 0.5)	0.006971498872257411	0.02255484929259779	0.02255484929259779	0.03834324379741634
SOL/USDT	2026-01-16 00:00:00+00:00	(0.25, 0.5)	0.00589804802696253	0.00800449375087759	0.01572812807190008	0.03714365959837116
SOL/USDT	2026-01-17 00:00:00+00:00	(0.25, 0.5)	0.004146223481445807	0.004284430930827203	0.010365558703614124	0.010365558703614124
SOL/USDT	2026-01-18 00:00:00+00:00	(0.25, 0.5)	0.013359309768995182	0.014263846367937736	0.014403005844697976	0.09741163373225717
SOL/USDT	2026-01-19 00:00:00+00:00	(0.75, 1.0)	0.015616788047150781	0.015616788047150781	0.015616788047150781	0.019671146482468687
SOL/USDT	2026-01-20 00:00:00+00:00	(0.5, 0.75)	0.006585840443047414	0.011674898967220492	0.04692411315671293	0.07446490046400231
SOL/USDT	2026-01-21 00:00:00+00:00	(0.75, 1.0)	0.015398047464084434	0.016747360901658858	0.023811413604254306	0.05484562266846561
SOL/USDT	2026-01-22 00:00:00+00:00	(0.5, 0.75)	0.00508278783211417	0.00831728917982297	0.009780515979976976	0.03242202541393911
SOL/USDT	2026-01-23 00:00:00+00:00	(0.25, 0.5)	0.004283155517482929	0.007164551047426116	0.01830075539288213	0.03831477299275748
SOL/USDT	2026-01-24 00:00:00+00:00	(0.25, 0.5)	0.003060743996232935	0.006513891068905967	0.009653115680426965	0.011615131062627562
SOL/USDT	2026-01-25 00:00:00+00:00	(0.0, 0.05)	0.004712165239927814	0.008403361344537874	0.011309196575826574	0.08065656169009656
SOL/USDT	2026-01-26 00:00:00+00:00	(0.5, 0.75)	0.022259414225941514	0.03372384937238495	0.04083682008368209	0.05740585774058577
SOL/USDT	2026-01-27 00:00:00+00:00	(0.25, 0.5)	0.005563170200757863	0.01161009433201643	0.012900104813351677	0.03805530919938724
SOL/USDT	2026-01-28 00:00:00+00:00	(0.5, 0.75)	0.006846619973243018	0.007240103879751332	0.018651137168489845	0.028016054143385555
SOL/USDT	2026-01-29 00:00:00+00:00	(0.25, 0.5)	0.005353147970597649	0.02093320549696381	0.021891978267817153	0.07869926494087563
SOL/USDT	2026-01-30 00:00:00+00:00	(0.5, 0.75)	0.005596065796167514	0.04960149228421226	0.04960149228421226	0.05918263523825677
SOL/USDT	2026-01-31 00:00:00+00:00	(0.5, 0.75)	0.005946818452128136	0.01121400050972736	0.03873927448814874	0.19072296321468005
SOL/USDT	2026-02-01 00:00:00+00:00	(0.75, 1.0)	0.015085800490288596	0.020742975674146735	0.026777295870262147	0.08174618140675091
SOL/USDT	2026-02-02 00:00:00+00:00	(0.75, 1.0)	0.022345263990508256	0.07108957880166104	0.07415463713664228	0.10055368795728695
SOL/USDT	2026-02-03 00:00:00+00:00	(0.5, 0.75)	0.006726241952531978	0.022004420101854445	0.028058037859133158	0.08129143845488608
SOL/USDT	2026-02-04 00:00:00+00:00	(0.75, 1.0)	0.02325342113386156	0.025517028500874617	0.05103405700174923	0.10669821998147963
SOL/USDT	2026-02-05 00:00:00+00:00	(0.75, 1.0)	0.015125136017410234	0.02883569096844402	0.05190424374319924	0.23982589771490756
SOL/USDT	2026-02-06 00:00:00+00:00	(0.75, 1.0)	0.13782139894940557	0.1769422173071606	0.20099529997235285	0.30881946364390384
SOL/USDT	2026-02-07 00:00:00+00:00	(0.75, 1.0)	0.013341000575043088	0.0332374928119609	0.05612420931569879	0.05796434732604953
SOL/USDT	2026-02-08 00:00:00+00:00	(0.5, 0.75)	0.009833066544706146	0.017379373427852687	0.029156185684884487	0.03784587239881091
SOL/USDT	2026-02-09 00:00:00+00:00	(0.5, 0.75)	0.012167125803489465	0.025596877869605187	0.05876951331496791	0.06691919191919189
SOL/USDT	2026-02-10 00:00:00+00:00	(0.25, 0.5)	0.009670734515312036	0.025673497582316254	0.042827538567810255	0.06424130785171539
SOL/USDT	2026-02-11 00:00:00+00:00	(0.25, 0.5)	0.008430687703239827	0.02167891123690229	0.04950018065759363	0.0764783813079609
SOL/USDT	2026-02-12 00:00:00+00:00	(0.5, 0.75)	0.010028832894571859	0.017049015920772213	0.034474113075090886	0.07082863231791407
SOL/USDT	2026-02-13 00:00:00+00:00	(0.5, 0.75)	0.015433673469387675	0.02487244897959187	0.03941326530612249	0.10331632653061217
SOL/USDT	2026-02-14 00:00:00+00:00	(0.25, 0.5)	0.009124303827467662	0.011494252873563204	0.03554923569143263	0.054153335703282464
SOL/USDT	2026-02-15 00:00:00+00:00	(0.25, 0.5)	0.010350318471337541	0.026046405823475796	0.04492720655141041	0.07245222929936311
SOL/USDT	2026-02-16 00:00:00+00:00	(0.25, 0.5)	0.012192289828146739	0.021365536460752312	0.025081281932187605	0.0508592661402695
SOL/USDT	2026-02-17 00:00:00+00:00	(0.5, 0.75)	0.010049670786646533	0.02229409726233098	0.03396095645142657	0.05509991914057984
SOL/USDT	2026-02-18 00:00:00+00:00	(0.05, 0.1)	0.014287387281883111	0.018971776554631743	0.038763321231994406	0.06569855955029862
SOL/USDT	2026-02-19 00:00:00+00:00	(0.1, 0.25)	0.009953305480462058	0.010076185795035553	0.021626935364954598	0.040058982550995395
SOL/USDT	2026-02-20 00:00:00+00:00	(0.25, 0.5)	0.008572808500362327	0.010142477662400428	0.029702970297029802	0.044916686790630274
SOL/USDT	2026-02-21 00:00:00+00:00	(0.1, 0.25)	0.004486422668240796	0.009327036599763945	0.020425029515938654	0.032467532467532464
SOL/USDT	2026-02-22 00:00:00+00:00	(0.25, 0.5)	0.00587337013978621	0.010219664043227892	0.010219664043227892	0.036649829672265835
SOL/USDT	2026-02-23 00:00:00+00:00	(0.25, 0.5)	0.04674477593912296	0.06667471916898171	0.06824495712042507	0.06824495712042507
SOL/USDT	2026-02-24 00:00:00+00:00	(0.1, 0.25)	0.014300306435137956	0.03562308478038823	0.03562308478038823	0.050944841675178876
SOL/USDT	2026-02-25 00:00:00+00:00	(0.25, 0.5)	0.040705046918589824	0.05401978189196032	0.05947248288105501	0.16954095866091795
SOL/USDT	2026-02-26 00:00:00+00:00	(0.5, 0.75)	0.012295544275239585	0.019627749576988096	0.030118443316412877	0.05561195713479969
SOL/USDT	2026-02-27 00:00:00+00:00	(0.05, 0.1)	0.008386721025043668	0.03284799068142117	0.05894001164822368	0.09283634245777535
SOL/USDT	2026-02-28 00:00:00+00:00	(0.1, 0.25)	0.00828258221680868	0.008769792935444566	0.06272838002436043	0.1038976857490865
SOL/USDT	2026-03-01 00:00:00+00:00	(0.75, 1.0)	0.00838252656434484	0.05489964580873678	0.05489964580873678	0.08512396694214885
SOL/USDT	2026-03-02 00:00:00+00:00	(0.5, 0.75)	0.031115879828326344	0.03242727706247035	0.04542203147353365	0.09442060085836912
SOL/USDT	2026-03-03 00:00:00+00:00	(0.25, 0.5)	0.013990056653948361	0.024164643311365353	0.04185454965892	0.05734767025089599
SOL/USDT	2026-03-04 00:00:00+00:00	(0.75, 1.0)	0.015501205649328215	0.03329888620966806	0.07693190951888854	0.10644161212538748
SOL/USDT	2026-03-05 00:00:00+00:00	(0.75, 1.0)	0.009557288805888218	0.01988355487202024	0.03680105459738541	0.05547621663187957
SOL/USDT	2026-03-06 00:00:00+00:00	(0.05, 0.1)	0.005056747949207808	0.01449601078772903	0.03393639734801659	0.06371502416001801
SOL/USDT	2026-03-07 00:00:00+00:00	(0.1, 0.25)	0.0050719509318234565	0.012620901155932923	0.013800424628449959	0.03290870488322708
SOL/USDT	2026-03-08 00:00:00+00:00	(0.05, 0.1)	0.007077735124760118	0.015954894433781168	0.028670825335892523	0.04642514395393463
SOL/USDT	2026-03-09 00:00:00+00:00	(0.25, 0.5)	0.02019219073105475	0.034910594818148705	0.03624863155333906	0.06605035883712453
SOL/USDT	2026-03-10 00:00:00+00:00	(0.5, 0.75)	0.012841658812440968	0.024033930254476817	0.032987747408105526	0.04630065975494808
SOL/USDT	2026-03-11 00:00:00+00:00	(0.1, 0.25)	0.00766728624535312	0.009293680297397737	0.02927509293680293	0.043331784386617146
SOL/USDT	2026-03-12 00:00:00+00:00	(0.1, 0.25)	0.007390300230946889	0.023787528868360306	0.027829099307159315	0.034295612009237864
SOL/USDT	2026-03-13 00:00:00+00:00	(0.25, 0.5)	0.04016889193198672	0.04016889193198672	0.04016889193198672	0.061166267260070746
SOL/USDT	2026-03-14 00:00:00+00:00	(0.25, 0.5)	0.006232294617563707	0.009405099150141623	0.024929178470254828	0.024929178470254828
SOL/USDT	2026-03-15 00:00:00+00:00	(0.25, 0.5)	0.006927095162389273	0.01215080626845341	0.014762661821485319	0.06665909607086083
SOL/USDT	2026-03-16 00:00:00+00:00	(0.75, 1.0)	0.012455323296869832	0.030542618867107043	0.034008447958409904	0.07039965341709087
SOL/USDT	2026-03-17 00:00:00+00:00	(0.5, 0.75)	0.01922679346702501	0.03204465577837511	0.037316518503204464	0.037833367789952416
SOL/USDT	2026-03-18 00:00:00+00:00	(0.1, 0.25)	0.0070764681030840906	0.01637093367131402	0.043514997887621504	0.07498943810730892
SOL/USDT	2026-03-19 00:00:00+00:00	(0.1, 0.25)	0.0044400044400043455	0.017982017982017873	0.03085803085803087	0.04895104895104891
SOL/USDT	2026-03-20 00:00:00+00:00	(0.05, 0.1)	0.009066487575553929	0.010297738974703399	0.021826729348556107	0.025968211327512952
SOL/USDT	2026-03-21 00:00:00+00:00	(0.5, 0.75)	0.005338078291814991	0.01201067615658361	0.01201067615658361	0.05060053380782915
SOL/USDT	2026-03-22 00:00:00+00:00	(0.75, 1.0)	0.012325768920631348	0.0283377491072458	0.028683331413431736	0.046768805437161644
SOL/USDT	2026-03-23 00:00:00+00:00	(0.25, 0.5)	0.012158406669754483	0.020264011116257526	0.07897174617878656	0.08279295970356654
SOL/USDT	2026-03-24 00:00:00+00:00	(0.05, 0.1)	0.008647110332749631	0.015652364273204978	0.02473730297723298	0.04159369527145356
SOL/USDT	2026-03-25 00:00:00+00:00	(0.75, 1.0)	0.009973695747479295	0.013590530469092603	0.030249890398947887	0.030249890398947887
SOL/USDT	2026-03-26 00:00:00+00:00	(0.1, 0.25)	0.004908376963350816	0.014943280977312439	0.049847294938918055	0.07122600349040141
SOL/USDT	2026-03-27 00:00:00+00:00	(0.25, 0.5)	0.006801152737752201	0.014985590778098114	0.050835734870317124	0.05971181556195973
SOL/USDT	2026-03-28 00:00:00+00:00	(0.0, 0.05)	0.007613293051359634	0.008821752265861075	0.017885196374622405	0.031419939577039376
SOL/USDT	2026-03-29 00:00:00+00:00	(0.5, 0.75)	0.007184607890891246	0.016682903068679863	0.016682903068679863	0.05211885046273747
SOL/USDT	2026-03-30 00:00:00+00:00	(0.5, 0.75)	0.02301821762678472	0.034342688330871396	0.04591334318069904	0.04726735598227461
SOL/USDT	2026-03-31 00:00:00+00:00	(0.25, 0.5)	0.01079966023540833	0.029972090765683763	0.05509040165028524	0.05509040165028524
SOL/USDT	2026-04-01 00:00:00+00:00	(0.1, 0.25)	0.008785654110001252	0.013238656878083937	0.027199422313154302	0.07076663858466734
SOL/USDT	2026-04-02 00:00:00+00:00	(0.75, 1.0)	0.01983002832861189	0.04273925360266041	0.044833107525557345	0.06244611405345478
SOL/USDT	2026-04-03 00:00:00+00:00	(0.0, 0.05)	0.005947861300936458	0.011895722601873096	0.02050113895216407	0.026069349531764142
SOL/USDT	2026-04-04 00:00:00+00:00	(0.0, 0.05)	0.003368263473053843	0.003617764471057785	0.007734530938123809	0.025449101796407265
SOL/USDT	2026-04-05 00:00:00+00:00	(0.0, 0.05)	0.0033457249070631477	0.005452292441139996	0.01734820322180924	0.052664188351920695
SOL/USDT	2026-04-06 00:00:00+00:00	(0.75, 1.0)	0.012155099064057373	0.015923179773915185	0.02710587091284799	0.04375835663060665
SOL/USDT	2026-04-07 00:00:00+00:00	(0.75, 1.0)	0.005508952047076648	0.009515462626768563	0.023788656566921317	0.10817578565168398
SOL/USDT	2026-04-08 00:00:00+00:00	(0.75, 1.0)	0.014407871617664164	0.014407871617664164	0.01874194681972583	0.03806957947756823
SOL/USDT	2026-04-09 00:00:00+00:00	(0.25, 0.5)	0.011747608090105352	0.011747608090105352	0.01223204553711991	0.055104759597916886
SOL/USDT	2026-04-10 00:00:00+00:00	(0.5, 0.75)	0.006011783094865937	0.014067572441986313	0.014067572441986313	0.03667187687868218
SOL/USDT	2026-04-11 00:00:00+00:00	(0.25, 0.5)	0.0028348688873139015	0.007323411292227788	0.013347507677770017	0.029057406094968204
SOL/USDT	2026-04-12 00:00:00+00:00	(0.5, 0.75)	0.0031824611032531354	0.0372465818010372	0.0372465818010372	0.04396511079679401
SOL/USDT	2026-04-13 00:00:00+00:00	(0.5, 0.75)	0.008314991440449898	0.009415505013450672	0.012961604304230717	0.06444118366348736
SOL/USDT	2026-04-14 00:00:00+00:00	(0.75, 1.0)	0.015942698706099764	0.015942698706099764	0.015942698706099764	0.05048521256931613
SOL/USDT	2026-04-15 00:00:00+00:00	(0.1, 0.25)	0.005610600453623002	0.01074370299629946	0.016473677927659015	0.037961083920257765
SOL/USDT	2026-04-16 00:00:00+00:00	(0.25, 0.5)	0.007204440770048417	0.013345931262548665	0.014881303885673684	0.07948505964332117
SOL/USDT	2026-04-17 00:00:00+00:00	(0.5, 0.75)	0.0049577464788732135	0.01735211267605625	0.024676056338028142	0.038197183098591554
SOL/USDT	2026-04-18 00:00:00+00:00	(0.1, 0.25)	0.005406623113313854	0.010475332282045422	0.032439738679882806	0.03807163775625136
SOL/USDT	2026-04-19 00:00:00+00:00	(0.0, 0.05)	0.004292841396913848	0.011486251305255936	0.020884093282283297	0.04849750551108025
SOL/USDT	2026-04-20 00:00:00+00:00	(0.75, 1.0)	0.009091996650317085	0.01387725804522085	0.02751525302069639	0.033018303624835564
SOL/USDT	2026-04-21 00:00:00+00:00	(0.25, 0.5)	0.005266237565827836	0.009713282621416013	0.016149795201872385	0.030193095377413673
SOL/USDT	2026-04-22 00:00:00+00:00	(0.5, 0.75)	0.006035283194057522	0.021587743732590522	0.03331012070566377	0.03841689879294322
SOL/USDT	2026-04-23 00:00:00+00:00	(0.25, 0.5)	0.013996529786003561	0.019664545980335485	0.022903412377096633	0.031231925968768105
SOL/USDT	2026-04-24 00:00:00+00:00	(0.25, 0.5)	0.005691717969566673	0.011151120919967403	0.021489139272853924	0.02346381693576485
SOL/USDT	2026-04-25 00:00:00+00:00	(0.1, 0.25)	0.003019393798629719	0.005574265474393264	0.008942050865172408	0.014748577400998676
SOL/USDT	2026-04-26 00:00:00+00:00	(0.1, 0.25)	0.002554575011611691	0.0071992568509056006	0.010682768230376238	0.01718532280538771
SOL/USDT	2026-04-27 00:00:00+00:00	(0.05, 0.1)	0.015200368493781589	0.01784891754951632	0.034891754951635205	0.051243666513127624
SOL/USDT	2026-04-28 00:00:00+00:00	(0.25, 0.5)	0.004012746370825013	0.01215626106455802	0.01923757818954337	0.023014280656202087
SOL/USDT	2026-04-29 00:00:00+00:00	(0.0, 0.05)	0.00416418798334335	0.011064842355740543	0.028078524687685895	0.049494348602022564
SOL/USDT	2026-04-30 00:00:00+00:00	(0.5, 0.75)	0.01093750000000013	0.015745192307692335	0.022235576923077024	0.022235576923077024
SOL/USDT	2026-05-01 00:00:00+00:00	(0.05, 0.1)	0.003843843843843762	0.014894894894894834	0.014894894894894834	0.02066066066066065
SOL/USDT	2026-05-02 00:00:00+00:00	(0.05, 0.1)	0.0057368232341341455	0.00884426915262351	0.00884426915262351	0.01828612405880245
SOL/USDT	2026-05-03 00:00:00+00:00	(0.1, 0.25)	0.004405810907358949	0.0072636341986187115	0.007859014050964475	0.01655155989521315
SOL/USDT	2026-05-04 00:00:00+00:00	(0.5, 0.75)	0.006564812604440336	0.02769157316782057	0.0318691811888279	0.0318691811888279
SOL/USDT	2026-05-05 00:00:00+00:00	(0.1, 0.25)	0.004395865510276706	0.011049067363668678	0.012831175002970159	0.03492930973030768
SOL/USDT	2026-05-06 00:00:00+00:00	(0.25, 0.5)	0.005329008341056626	0.016334569045412545	0.045528266913809165	0.045528266913809165
SOL/USDT	2026-05-07 00:00:00+00:00	(0.1, 0.25)	0.012581442372500454	0.015614468658728382	0.03156594023814876	0.03156594023814876
SOL/USDT	2026-05-08 00:00:00+00:00	(0.25, 0.5)	0.007226738934056014	0.011517615176151876	0.016937669376693765	0.05871725383920509
SOL/USDT	2026-05-09 00:00:00+00:00	(0.5, 0.75)	0.0069504778453518745	0.02269765421372723	0.02269765421372723	0.02269765421372723
SOL/USDT	2026-05-10 00:00:00+00:00	(0.05, 0.1)	0.005473864977997264	0.009767092411720626	0.02361275088547819	0.04722550177095638
SOL/USDT	2026-05-11 00:00:00+00:00	(0.75, 1.0)	0.014028889119817194	0.023277564169177957	0.023277564169177957	0.04271017354255429
SOL/USDT	2026-05-12 00:00:00+00:00	(0.25, 0.5)	0.006682430348514503	0.022000616839724485	0.03166443918988396	0.042459134368253416
SOL/USDT	2026-05-13 00:00:00+00:00	(0.25, 0.5)	0.010514018691588882	0.016567544604927806	0.019435004248088344	0.06074766355140186
SOL/USDT	2026-05-14 00:00:00+00:00	(0.1, 0.25)	0.0038305789646493216	0.017511218124110852	0.024077924920652322	0.04224581372441735
SOL/USDT	2026-05-15 00:00:00+00:00	(0.25, 0.5)	0.006061918164104809	0.012881576098722643	0.0259796492747347	0.044490149382983325
SOL/USDT	2026-05-16 00:00:00+00:00	(0.05, 0.1)	0.003019458734064082	0.0055915902482666065	0.043726235741444984	0.043726235741444984
SOL/USDT	2026-05-17 00:00:00+00:00	(0.0, 0.05)	0.007971349353049882	0.012476894639556356	0.019639556377079516	0.0437846580406655
SOL/USDT	2026-05-18 00:00:00+00:00	(0.75, 1.0)	0.0074178735429176424	0.010950194277640322	0.01636641940421524	0.027081125632874094
SOL/USDT	2026-05-19 00:00:00+00:00	(0.5, 0.75)	0.006197380729653896	0.015785781103835293	0.019878391019644562	0.026543498596819412
SOL/USDT	2026-05-20 00:00:00+00:00	(0.25, 0.5)	0.006546839661944972	0.00821330793953115	0.016188548982264007	0.03856683728127615
SOL/USDT	2026-05-21 00:00:00+00:00	(0.1, 0.25)	0.007875839703497714	0.011813759555246653	0.020500347463516283	0.031040074125550227
SOL/USDT	2026-05-22 00:00:00+00:00	(0.25, 0.5)	0.005856683509416687	0.00826825907211758	0.013550757923748356	0.04421221864951762
SOL/USDT	2026-05-23 00:00:00+00:00	(0.5, 0.75)	0.0067639729441083115	0.00937462916815007	0.039871840512637945	0.0711997152011392
SOL/USDT	2026-05-24 00:00:00+00:00	(0.75, 1.0)	0.004784688995215271	0.007118683627027652	0.016571361885867684	0.03851091142490369
SOL/USDT	2026-05-25 00:00:00+00:00	(0.75, 1.0)	0.003981264637002381	0.01229508196721308	0.016627634660421563	0.021194379391100727
SOL/USDT	2026-05-26 00:00:00+00:00	(0.5, 0.75)	0.011781338360037702	0.01237040527803972	0.02297360980207355	0.03510838831291223
SOL/USDT	2026-05-27 00:00:00+00:00	(0.05, 0.1)	0.00524433849821213	0.008462455303933178	0.018593563766388585	0.032657926102503086
SOL/USDT	2026-05-28 00:00:00+00:00	(0.75, 1.0)	0.0044897463900012684	0.033369736682441455	0.03349108117946858	0.03652469360514507
SOL/USDT	2026-05-29 00:00:00+00:00	(0.25, 0.5)	0.0036456434560699614	0.013610402235994707	0.01567626686110106	0.03511969862680764
SOL/USDT	2026-05-30 00:00:00+00:00	(0.25, 0.5)	0.005238791423002032	0.0125487329434698	0.015107212475633467	0.015960038986354803
SOL/USDT	2026-05-31 00:00:00+00:00	(0.25, 0.5)	0.0035041082648623275	0.008095698405026603	0.01123731271145489	0.02525374577090386
SOL/USDT	2026-06-01 00:00:00+00:00	(0.5, 0.75)	0.009428260606793196	0.0177686449897256	0.03469116402755941	0.048229179257826604
SOL/USDT	2026-06-02 00:00:00+00:00	(0.5, 0.75)	0.0059164304203131275	0.022063355109084266	0.030568223838284284	0.10440034512510785
SOL/USDT	2026-06-03 00:00:00+00:00	(0.75, 1.0)	0.007085561497326219	0.03810160427807479	0.04585561497326193	0.06390374331550785
SOL/USDT	2026-06-04 00:00:00+00:00	(0.5, 0.75)	0.02766194050597733	0.07353350013900481	0.07353350013900481	0.07353350013900481
SOL/USDT	2026-06-05 00:00:00+00:00	(0.75, 1.0)	0.022189781021897753	0.03766423357664231	0.0763503649635036	0.11124087591240872
SOL/USDT	2026-06-06 00:00:00+00:00	(0.75, 1.0)	0.010230971942334468	0.05115485971167256	0.07332196558673068	0.07332196558673068
SOL/USDT	2026-06-07 00:00:00+00:00	(0.25, 0.5)	0.01885880077369442	0.03401031592520965	0.06560283687943264	0.09477756286266929
SOL/USDT	2026-06-08 00:00:00+00:00	(0.75, 1.0)	0.01706690832200567	0.025826914363389124	0.03217036701404615	0.048180033227609095
SOL/USDT	2026-06-09 00:00:00+00:00	(0.5, 0.75)	0.02403485053327316	0.02403485053327316	0.03274748385158469	0.05903560162235241
SOL/USDT	2026-06-10 00:00:00+00:00	(0.25, 0.5)	0.012133312855168273	0.01643372753801249	0.036399938565504386	0.052680079864844
SOL/USDT	2026-06-11 00:00:00+00:00	(0.5, 0.75)	0.013402712078208676	0.032481866918953044	0.0430463576158941	0.06307158625039419
SOL/USDT	2026-06-12 00:00:00+00:00	(0.25, 0.5)	0.00731561660197066	0.013138250223947379	0.022991937891907913	0.04284861152582846
SOL/USDT	2026-06-13 00:00:00+00:00	(0.1, 0.25)	0.004782543715438547	0.012105813779704115	0.020475265281721573	0.044836347332237333
SOL/USDT	2026-06-14 00:00:00+00:00	(0.5, 0.75)	0.003924989097252449	0.006832388428550645	0.017880505887483703	0.06963221398459087
SOL/USDT	2026-06-15 00:00:00+00:00	(0.75, 1.0)	0.01478794642857146	0.01478794642857146	0.03013392857142852	0.0757533482142858
SOL/USDT	2026-06-16 00:00:00+00:00	(0.75, 1.0)	0.007691269734179023	0.02226420186209696	0.03886115234111469	0.04533801106463364
SOL/USDT	2026-06-17 00:00:00+00:00	(0.1, 0.25)	0.004889975550122434	0.017658245042108084	0.037489812550937314	0.052431404509644106
SOL/USDT	2026-06-18 00:00:00+00:00	(0.25, 0.5)	0.006501590814773812	0.022963065430903453	0.02821967077050776	0.06155761516115649
SOL/USDT	2026-06-19 00:00:00+00:00	(0.25, 0.5)	0.006172839506172938	0.020815389032443336	0.030289979902382996	0.03115130634510482
SOL/USDT	2026-06-20 00:00:00+00:00	(0.25, 0.5)	0.008177905308464956	0.009182209469153524	0.04275466284074591	0.06915351506456231
SOL/USDT	2026-06-21 00:00:00+00:00	(0.75, 1.0)	0.004098360655737666	0.013387978142076557	0.022540983606557454	0.03237704918032793
SOL/USDT	2026-06-22 00:00:00+00:00	(0.75, 1.0)	0.013474494706448367	0.031761308950914176	0.031761308950914176	0.04991062835143675
SOL/USDT	2026-06-23 00:00:00+00:00	(0.5, 0.75)	0.008072372999304281	0.010438413361169104	0.05427974947807942	0.05427974947807942
SOL/USDT	2026-06-24 00:00:00+00:00	(0.25, 0.5)	0.006434086359736958	0.018730340291678613	0.023877609379468142	0.08192736631398348
SOL/USDT	2026-06-25 00:00:00+00:00	(0.75, 1.0)	0.01055718475073312	0.011730205278592334	0.033137829912023326	0.08240469208211129
SOL/USDT	2026-06-26 00:00:00+00:00	(0.75, 1.0)	0.00927835051546385	0.03814432989690726	0.07481590574374077	0.11811487481590588
SOL/USDT	2026-06-27 00:00:00+00:00	(0.5, 0.75)	0.011605415860735057	0.01575020723956895	0.01699364465321918	0.040618955512572504
SOL/USDT	2026-06-28 00:00:00+00:00	(0.25, 0.5)	0.005379388448471057	0.008069082672706786	0.029161947904869794	0.037797281993205006
SOL/USDT	2026-06-29 00:00:00+00:00	(0.25, 0.5)	0.018902268272192782	0.041725007000840156	0.05250630075609073	0.08597031643797257
XRP/USDT	2025-01-01 00:00:00+00:00	(0.05, 0.1)	0.008584919158677824	0.009348023083893556	0.028282539228311115	0.1470882815853483
XRP/USDT	2025-01-02 00:00:00+00:00	(0.5, 0.75)	0.03055032433563505	0.034107553881565236	0.045532538187905425	0.045532538187905425
XRP/USDT	2025-01-03 00:00:00+00:00	(0.1, 0.25)	0.009616978942132362	0.03220858895705526	0.03220858895705526	0.03448847620626769
XRP/USDT	2025-01-04 00:00:00+00:00	(0.05, 0.1)	0.015456579214968581	0.032946918852959105	0.032946918852959105	0.044376652430343604
XRP/USDT	2025-01-05 00:00:00+00:00	(0.05, 0.1)	0.01545773920231466	0.023682579045257335	0.041826823723909876	0.041826823723909876
XRP/USDT	2025-01-06 00:00:00+00:00	(0.05, 0.1)	0.014502389362144165	0.028630791606066797	0.028630791606066797	0.03781425306461675
XRP/USDT	2025-01-07 00:00:00+00:00	(0.05, 0.1)	0.012233049968899058	0.012564793696869164	0.031100974497200982	0.08753887621812152
XRP/USDT	2025-01-08 00:00:00+00:00	(0.1, 0.25)	0.019580601745321797	0.031129249337906426	0.05179525029305777	0.08618069726045244
XRP/USDT	2025-01-09 00:00:00+00:00	(0.75, 1.0)	0.009246417013407405	0.025091413440927943	0.04547556003866686	0.0674568150296305
XRP/USDT	2025-01-10 00:00:00+00:00	(0.1, 0.25)	0.010331844847211308	0.018299623500569056	0.030076175466246288	0.0540232904299097
XRP/USDT	2025-01-11 00:00:00+00:00	(0.05, 0.1)	0.012372013651877097	0.016808873720136563	0.04782423208191121	0.11889931740614343
XRP/USDT	2025-01-12 00:00:00+00:00	(0.75, 1.0)	0.015030493802872236	0.017351957505410114	0.033877631320086414	0.033877631320086414
XRP/USDT	2025-01-13 00:00:00+00:00	(0.5, 0.75)	0.0224544330554781	0.02739999202329207	0.09193155984525193	0.09320783312726848
XRP/USDT	2025-01-14 00:00:00+00:00	(0.75, 1.0)	0.011436740528949224	0.014335636565800888	0.03581923596219515	0.07441823524739902
XRP/USDT	2025-01-15 00:00:00+00:00	(0.1, 0.25)	0.011111111111111134	0.08136924803591479	0.08705574261129813	0.20198279087167986
XRP/USDT	2025-01-16 00:00:00+00:00	(0.75, 1.0)	0.05108208227724703	0.052966790147527074	0.09332553454214594	0.15506596477545975
XRP/USDT	2025-01-17 00:00:00+00:00	(0.75, 1.0)	0.011918951132300402	0.02949176369915339	0.038782433299715785	0.05458268390330365
XRP/USDT	2025-01-18 00:00:00+00:00	(0.25, 0.5)	0.01886619092830231	0.027257970659397866	0.0702888119812564	0.07105448531438553
XRP/USDT	2025-01-19 00:00:00+00:00	(0.5, 0.75)	0.015903406108143125	0.022666213754130225	0.07960967174134577	0.14365562177685817
XRP/USDT	2025-01-20 00:00:00+00:00	(0.75, 1.0)	0.02997376034447964	0.06936688420910986	0.14324160667429192	0.14879230303438065
XRP/USDT	2025-01-21 00:00:00+00:00	(0.5, 0.75)	0.03045214890557595	0.044799488736219875	0.05770889918517338	0.07464451190285988
XRP/USDT	2025-01-22 00:00:00+00:00	(0.1, 0.25)	0.011246928359901799	0.013641232436519405	0.03755276920168868	0.05094196963014309
XRP/USDT	2025-01-23 00:00:00+00:00	(0.5, 0.75)	0.008547008547008517	0.02109944176364839	0.037941148642255604	0.04711893272778881
XRP/USDT	2025-01-24 00:00:00+00:00	(0.5, 0.75)	0.009536696952123155	0.02522714092402862	0.04771570333140018	0.04771570333140018
XRP/USDT	2025-01-25 00:00:00+00:00	(0.25, 0.5)	0.008078532346314811	0.012713228194399842	0.01853878339233998	0.02130672674605737
XRP/USDT	2025-01-26 00:00:00+00:00	(0.05, 0.1)	0.005331962868981449	0.01088876754569108	0.011177849869912864	0.05595348986605849
XRP/USDT	2025-01-27 00:00:00+00:00	(0.75, 1.0)	0.02571636075531496	0.030998283375148587	0.12554469827017037	0.14449359566882344
XRP/USDT	2025-01-28 00:00:00+00:00	(0.75, 1.0)	0.02224528179518775	0.0292820546079511	0.0594072248524547	0.0673843958752188
XRP/USDT	2025-01-29 00:00:00+00:00	(0.75, 1.0)	0.010196791582775751	0.011690589075793996	0.022536857829447265	0.054880820939144
XRP/USDT	2025-01-30 00:00:00+00:00	(0.5, 0.75)	0.013633242880962378	0.02563180436132991	0.02909732893059142	0.035243730996828614
XRP/USDT	2025-01-31 00:00:00+00:00	(0.1, 0.25)	0.006488083766942891	0.015320871073424648	0.02155200102781523	0.03947452945333077
XRP/USDT	2025-02-01 00:00:00+00:00	(0.1, 0.25)	0.0085239427349021	0.014744117163074015	0.04150074049695577	0.08050024683231863
XRP/USDT	2025-02-02 00:00:00+00:00	(0.5, 0.75)	0.017178929938942305	0.04615543826968863	0.0603332298458036	0.1709613991514023
XRP/USDT	2025-02-03 00:00:00+00:00	(0.75, 1.0)	0.1372378314206569	0.2997229916897508	0.2997229916897508	0.39980213692125055
XRP/USDT	2025-02-04 00:00:00+00:00	(0.75, 1.0)	0.03520481132421434	0.03619494664270784	0.11566247387142906	0.1344017015658806
XRP/USDT	2025-02-05 00:00:00+00:00	(0.75, 1.0)	0.024605403694766333	0.03734324933739461	0.03734324933739461	0.0913010799477827
XRP/USDT	2025-02-06 00:00:00+00:00	(0.5, 0.75)	0.018612380556709576	0.02476111341919406	0.039094308267553	0.08005816368923967
XRP/USDT	2025-02-07 00:00:00+00:00	(0.25, 0.5)	0.016274786928776312	0.027024711979099718	0.07186603280654424	0.11842048910017557
XRP/USDT	2025-02-08 00:00:00+00:00	(0.5, 0.75)	0.02007039302773832	0.021788318109444416	0.032305371658426285	0.03628592977457462
XRP/USDT	2025-02-09 00:00:00+00:00	(0.0, 0.05)	0.008828649589654356	0.04165630440189	0.04165630440189	0.08148885020310026
XRP/USDT	2025-02-10 00:00:00+00:00	(0.5, 0.75)	0.020403105897901824	0.046877581364612474	0.05365108210804547	0.06187014703452831
XRP/USDT	2025-02-11 00:00:00+00:00	(0.1, 0.25)	0.013994649104754169	0.01823420456884142	0.04251903683885571	0.0651162790697674
XRP/USDT	2025-02-12 00:00:00+00:00	(0.25, 0.5)	0.01197505884296152	0.018871041004253058	0.023537184622372687	0.06767972911591029
XRP/USDT	2025-02-13 00:00:00+00:00	(0.25, 0.5)	0.007524607500203532	0.01411372325713837	0.027129260554787267	0.07756446758317745
XRP/USDT	2025-02-14 00:00:00+00:00	(0.75, 1.0)	0.014810495626822167	0.026433430515063194	0.10087463556851316	0.11879494655004864
XRP/USDT	2025-02-15 00:00:00+00:00	(0.5, 0.75)	0.016535260621988655	0.04015184698496126	0.04015184698496126	0.04398452328807119
XRP/USDT	2025-02-16 00:00:00+00:00	(0.25, 0.5)	0.007958039428468004	0.013383975402423557	0.023657080846445976	0.0425031651293182
XRP/USDT	2025-02-17 00:00:00+00:00	(0.25, 0.5)	0.012321232123212268	0.023762376237623752	0.047341400806747425	0.057682434910157766
XRP/USDT	2025-02-18 00:00:00+00:00	(0.25, 0.5)	0.01137305114107111	0.016457030955788314	0.04839195601415993	0.07554417413572347
XRP/USDT	2025-02-19 00:00:00+00:00	(0.5, 0.75)	0.01876121382323124	0.02289570169279974	0.046844527654263154	0.09240190342460405
XRP/USDT	2025-02-20 00:00:00+00:00	(0.5, 0.75)	0.010388752248448945	0.018538232810836604	0.023126904298667348	0.02944091626592271
XRP/USDT	2025-02-21 00:00:00+00:00	(0.25, 0.5)	0.009357593761604117	0.019829186780542105	0.02057185295209791	0.07738581507612333
XRP/USDT	2025-02-22 00:00:00+00:00	(0.5, 0.75)	0.013669121102929631	0.01793827353908814	0.01793827353908814	0.022324925583581366
XRP/USDT	2025-02-23 00:00:00+00:00	(0.0, 0.05)	0.01198863415203774	0.01198863415203774	0.02366587520921722	0.03460355766610883
XRP/USDT	2025-02-24 00:00:00+00:00	(0.25, 0.5)	0.015658061785865325	0.051667756703727793	0.06590235832724195	0.15130996806832608
XRP/USDT	2025-02-25 00:00:00+00:00	(0.75, 1.0)	0.049777817675838235	0.049777817675838235	0.12253691817406533	0.13582297230575877
XRP/USDT	2025-02-26 00:00:00+00:00	(0.75, 1.0)	0.021766465767679943	0.02948445562155837	0.02948445562155837	0.07835060486493513
XRP/USDT	2025-02-27 00:00:00+00:00	(0.5, 0.75)	0.02211000409444519	0.026704881488558287	0.044447477366816646	0.05113507119785251
XRP/USDT	2025-02-28 00:00:00+00:00	(0.5, 0.75)	0.009776600118781061	0.08812645621088211	0.11092329480561008	0.11092329480561008
XRP/USDT	2025-03-01 00:00:00+00:00	(0.1, 0.25)	0.0159843873425957	0.044607592583987776	0.045676316156312465	0.04576924864086243
XRP/USDT	2025-03-02 00:00:00+00:00	(0.25, 0.5)	0.01622486288848257	0.043053016453382005	0.05717550274223024	0.37728519195612426
XRP/USDT	2025-03-03 00:00:00+00:00	(0.5, 0.75)	0.01629903671645957	0.04833868490855773	0.13091581739494615	0.2105961189445762
XRP/USDT	2025-03-04 00:00:00+00:00	(0.5, 0.75)	0.04215563878485215	0.08747399084477733	0.08747399084477733	0.13587182688306293
XRP/USDT	2025-03-05 00:00:00+00:00	(0.5, 0.75)	0.016021470396877076	0.043672739102147105	0.05404196486662339	0.05404196486662339
XRP/USDT	2025-03-06 00:00:00+00:00	(0.0, 0.05)	0.013649827876070778	0.031102393723480944	0.07021055159715003	0.07021055159715003
XRP/USDT	2025-03-07 00:00:00+00:00	(0.1, 0.25)	0.08066705448904408	0.08066705448904408	0.08066705448904408	0.09237929028504943
XRP/USDT	2025-03-08 00:00:00+00:00	(0.75, 1.0)	0.017916473903352062	0.034991798797156984	0.04596879337174588	0.04596879337174588
XRP/USDT	2025-03-09 00:00:00+00:00	(0.25, 0.5)	0.007452777658799785	0.019488585257206533	0.05388272583201264	0.11478990876772166
XRP/USDT	2025-03-10 00:00:00+00:00	(0.75, 1.0)	0.05154639175257734	0.05322573121238963	0.08121472220926422	0.125390679665998
XRP/USDT	2025-03-11 00:00:00+00:00	(0.5, 0.75)	0.06200325813299103	0.08125586217110138	0.13062151355087137	0.15490941402971817
XRP/USDT	2025-03-12 00:00:00+00:00	(0.25, 0.5)	0.014343323251764222	0.04142608376867373	0.047291723948308925	0.06580515076528262
XRP/USDT	2025-03-13 00:00:00+00:00	(0.05, 0.1)	0.011966118406310199	0.014610316855644675	0.03441939676421836	0.05974095818581105
XRP/USDT	2025-03-14 00:00:00+00:00	(0.25, 0.5)	0.01670601862164213	0.02828885819931409	0.04227736445850224	0.06771506214638934
XRP/USDT	2025-03-15 00:00:00+00:00	(0.1, 0.25)	0.015966457733355758	0.03493986108758259	0.04823818397425024	0.04823818397425024
XRP/USDT	2025-03-16 00:00:00+00:00	(0.1, 0.25)	0.012410901467505179	0.02020964360587003	0.051740041928721066	0.060041928721173914
XRP/USDT	2025-03-17 00:00:00+00:00	(0.05, 0.1)	0.014836666522059882	0.027070409092881106	0.02863216346362426	0.03244978525877411
XRP/USDT	2025-03-18 00:00:00+00:00	(0.1, 0.25)	0.011112541296606184	0.02818895610760719	0.041489681211653244	0.05037113313596771
XRP/USDT	2025-03-19 00:00:00+00:00	(0.25, 0.5)	0.011931296709059866	0.018705476159258848	0.03649316026397463	0.1419081333857786
XRP/USDT	2025-03-20 00:00:00+00:00	(0.5, 0.75)	0.019864949748743796	0.028855213567839242	0.045775753768844234	0.06234296482412071
XRP/USDT	2025-03-21 00:00:00+00:00	(0.1, 0.25)	0.011631240529139527	0.022279559323422116	0.039153049105131545	0.04525535487570137
XRP/USDT	2025-03-22 00:00:00+00:00	(0.1, 0.25)	0.010282884244103159	0.011080332409972384	0.015277428019810286	0.024175270712666782
XRP/USDT	2025-03-23 00:00:00+00:00	(0.05, 0.1)	0.004389667398277791	0.009918959986493269	0.024987337497889454	0.03034779672463272
XRP/USDT	2025-03-24 00:00:00+00:00	(0.25, 0.5)	0.015830481922744038	0.01867502164323687	0.026301686111225474	0.03751494413983582
XRP/USDT	2025-03-25 00:00:00+00:00	(0.25, 0.5)	0.009705966314587514	0.02422413441539909	0.02422413441539909	0.02903633620162316
XRP/USDT	2025-03-26 00:00:00+00:00	(0.05, 0.1)	0.0061730918605126086	0.01798781734189119	0.01798781734189119	0.06189444421732562
XRP/USDT	2025-03-27 00:00:00+00:00	(0.5, 0.75)	0.011735691810528135	0.01896419763585338	0.025682455991155716	0.03737562717918204
XRP/USDT	2025-03-28 00:00:00+00:00	(0.1, 0.25)	0.012819961281996053	0.01785330178533022	0.06401376640137665	0.0816519681651968
XRP/USDT	2025-03-29 00:00:00+00:00	(0.25, 0.5)	0.010342802944763073	0.044126281559098555	0.07497403007994215	0.07497403007994215
XRP/USDT	2025-03-30 00:00:00+00:00	(0.1, 0.25)	0.019793177670675215	0.04599691170277481	0.04599691170277481	0.04983388704318938
XRP/USDT	2025-03-31 00:00:00+00:00	(0.25, 0.5)	0.0243341006247943	0.025132710104758614	0.05106402968948175	0.05529196223046937
XRP/USDT	2025-04-01 00:00:00+00:00	(0.1, 0.25)	0.01672320703330314	0.024368101677098835	0.06445601796550242	0.06445601796550242
XRP/USDT	2025-04-02 00:00:00+00:00	(0.1, 0.25)	0.013999154413491722	0.023018743834265016	0.032602057593836574	0.11692582327241985
XRP/USDT	2025-04-03 00:00:00+00:00	(0.75, 1.0)	0.01608395037512869	0.018780954249007012	0.033491884470161236	0.059824449566027504
XRP/USDT	2025-04-04 00:00:00+00:00	(0.1, 0.25)	0.009932807478819737	0.02059596844872919	0.04231181225046255	0.07137988119583204
XRP/USDT	2025-04-05 00:00:00+00:00	(0.1, 0.25)	0.012087860401674453	0.014204411833874126	0.026621513569446396	0.0293965476694417
XRP/USDT	2025-04-06 00:00:00+00:00	(0.1, 0.25)	0.006817969552628992	0.01741851125431945	0.03805921359858022	0.13855421686746977
XRP/USDT	2025-04-07 00:00:00+00:00	(0.75, 1.0)	0.034245122985580995	0.08174300254452921	0.18066157760814247	0.21071882951653942
XRP/USDT	2025-04-08 00:00:00+00:00	(0.75, 1.0)	0.026250853152727485	0.04000630020475668	0.06573213629442956	0.10395337848480085
XRP/USDT	2025-04-09 00:00:00+00:00	(0.5, 0.75)	0.04258972086840938	0.050952591936198534	0.06845369960124055	0.20375498449268947
XRP/USDT	2025-04-10 00:00:00+00:00	(0.5, 0.75)	0.015496630097899276	0.03404339056427408	0.03404339056427408	0.060313868254046464
XRP/USDT	2025-04-11 00:00:00+00:00	(0.25, 0.5)	0.014193744613980852	0.031074162315608007	0.043848532468190704	0.05941095959851989
XRP/USDT	2025-04-12 00:00:00+00:00	(0.5, 0.75)	0.005608218770162225	0.010968286267308556	0.03543600178668923	0.09077373566926401
XRP/USDT	2025-04-13 00:00:00+00:00	(0.1, 0.25)	0.014085157476678866	0.018010529232474436	0.055740278932299	0.07730673316708239
XRP/USDT	2025-04-14 00:00:00+00:00	(0.5, 0.75)	0.013069437261999928	0.02604484979549627	0.03601147101687744	0.03601147101687744
XRP/USDT	2025-04-15 00:00:00+00:00	(0.25, 0.5)	0.01078103667435616	0.01859611129419513	0.032343110023068486	0.052681135539757964
XRP/USDT	2025-04-16 00:00:00+00:00	(0.5, 0.75)	0.015089427758761936	0.01528226389625408	0.030130646483150943	0.04555753748252424
XRP/USDT	2025-04-17 00:00:00+00:00	(0.5, 0.75)	0.0067752630820239294	0.01316611407428768	0.023016673874393268	0.029888039978857243
XRP/USDT	2025-04-18 00:00:00+00:00	(0.05, 0.1)	0.01047526673132873	0.012221144519883556	0.018962172647914607	0.022405431619786517
XRP/USDT	2025-04-19 00:00:00+00:00	(0.1, 0.25)	0.005476929042264378	0.014249709189608311	0.018854207056998803	0.018854207056998803
XRP/USDT	2025-04-20 00:00:00+00:00	(0.0, 0.05)	0.005452458389133382	0.008083030418978445	0.026640520374976016	0.026640520374976016
XRP/USDT	2025-04-21 00:00:00+00:00	(0.25, 0.5)	0.017994241842610406	0.01962571976967378	0.02725527831094048	0.039107485604606376
XRP/USDT	2025-04-22 00:00:00+00:00	(0.05, 0.1)	0.010283517539644337	0.019317635752042293	0.02123978856319078	0.08966842864007683
XRP/USDT	2025-04-23 00:00:00+00:00	(0.75, 1.0)	0.014831177027453523	0.019384213136185432	0.04832529414416453	0.04994815849975216
XRP/USDT	2025-04-24 00:00:00+00:00	(0.1, 0.25)	0.009346638370885521	0.024111617826342118	0.04732017880525579	0.05364157673725552
XRP/USDT	2025-04-25 00:00:00+00:00	(0.0, 0.05)	0.010181355392936775	0.02454433889368657	0.02454433889368657	0.025407936002908887
XRP/USDT	2025-04-26 00:00:00+00:00	(0.05, 0.1)	0.004442205532148561	0.011082615863711301	0.03146180619161007	0.03146180619161007
XRP/USDT	2025-04-27 00:00:00+00:00	(0.0, 0.05)	0.004738688659042323	0.021369663279719297	0.021369663279719297	0.062286417277987796
XRP/USDT	2025-04-28 00:00:00+00:00	(0.5, 0.75)	0.015526703252576704	0.0215499933074556	0.06451612903225809	0.06451612903225809
XRP/USDT	2025-04-29 00:00:00+00:00	(0.05, 0.1)	0.00569961712495654	0.016663766098155237	0.021754263835711916	0.04046293073442413
XRP/USDT	2025-04-30 00:00:00+00:00	(0.75, 1.0)	0.011130403811050224	0.011931792885445953	0.022839588620275096	0.06023774542540402
XRP/USDT	2025-05-01 00:00:00+00:00	(0.1, 0.25)	0.006655422345808528	0.014723982312987289	0.026712859552354563	0.03127136800838765
XRP/USDT	2025-05-02 00:00:00+00:00	(0.05, 0.1)	0.006871298765878623	0.01175353736268715	0.0188056597802992	0.022196103250305004
XRP/USDT	2025-05-03 00:00:00+00:00	(0.05, 0.1)	0.005476599981895637	0.010410066081289098	0.01679188920068803	0.019914909025074697
XRP/USDT	2025-05-04 00:00:00+00:00	(0.0, 0.05)	0.0056991747594947045	0.015684128938129652	0.018556513016915032	0.03091232389549997
XRP/USDT	2025-05-05 00:00:00+00:00	(0.5, 0.75)	0.004580788450860642	0.01786044789931508	0.03155654266148438	0.043170460855080584
XRP/USDT	2025-05-06 00:00:00+00:00	(0.25, 0.5)	0.006060890809998183	0.021941364405186976	0.028331140763014583	0.03843262544634461
XRP/USDT	2025-05-07 00:00:00+00:00	(0.5, 0.75)	0.008866400519914743	0.01573670039922015	0.020053848296351373	0.03142697985330996
XRP/USDT	2025-05-08 00:00:00+00:00	(0.25, 0.5)	0.014216447771030564	0.04199030268794424	0.04763922233206231	0.10139810761191935
XRP/USDT	2025-05-09 00:00:00+00:00	(0.75, 1.0)	0.00851744563102591	0.016991655497427424	0.06251891564702325	0.06251891564702325
XRP/USDT	2025-05-10 00:00:00+00:00	(0.25, 0.5)	0.016312176934158113	0.018642487924752156	0.044106431658333986	0.06291839674603841
XRP/USDT	2025-05-11 00:00:00+00:00	(0.75, 1.0)	0.024895422978515897	0.032571173293262416	0.049344109166226585	0.054745563091418516
XRP/USDT	2025-05-12 00:00:00+00:00	(0.05, 0.1)	0.015226718263649368	0.02384958357869931	0.06452427021115503	0.12761840666274074
XRP/USDT	2025-05-13 00:00:00+00:00	(0.75, 1.0)	0.015590820506701715	0.03977250129260633	0.05810762438849784	0.07310185737581044
XRP/USDT	2025-05-14 00:00:00+00:00	(0.25, 0.5)	0.009757424972787932	0.021963924739542923	0.04315036541750902	0.051391696470222396
XRP/USDT	2025-05-15 00:00:00+00:00	(0.1, 0.25)	0.008547675734748851	0.02349635064985755	0.04839779868076955	0.0856328792787166
XRP/USDT	2025-05-16 00:00:00+00:00	(0.75, 1.0)	0.01918174599857915	0.030841238664382074	0.03878139496009026	0.03878139496009026
XRP/USDT	2025-05-17 00:00:00+00:00	(0.75, 1.0)	0.018345157634020528	0.029217916964023295	0.03215650056672684	0.03811762730363974
XRP/USDT	2025-05-18 00:00:00+00:00	(0.25, 0.5)	0.007024076503194663	0.008335801633309282	0.024118816908560037	0.04980324123048285
XRP/USDT	2025-05-19 00:00:00+00:00	(0.75, 1.0)	0.019606227860614583	0.037688442211055426	0.06129005684158499	0.06129005684158499
XRP/USDT	2025-05-20 00:00:00+00:00	(0.25, 0.5)	0.010085369936391125	0.014604954804151292	0.031134917977904165	0.03971375962504184
XRP/USDT	2025-05-21 00:00:00+00:00	(0.05, 0.1)	0.006318646367838477	0.015775412408294772	0.026970866375471823	0.04155888215088413
XRP/USDT	2025-05-22 00:00:00+00:00	(0.5, 0.75)	0.010373703287088988	0.014664833562471223	0.02807982335541377	0.02807982335541377
XRP/USDT	2025-05-23 00:00:00+00:00	(0.1, 0.25)	0.008776246719160231	0.024073162729658964	0.0608185695538059	0.08042158792650934
XRP/USDT	2025-05-24 00:00:00+00:00	(0.75, 1.0)	0.008310609011816501	0.018309310479158555	0.026446781803228896	0.026446781803228896
XRP/USDT	2025-05-25 00:00:00+00:00	(0.25, 0.5)	0.01576257355151835	0.01803891251127443	0.024309582098527006	0.0339303354378732
XRP/USDT	2025-05-26 00:00:00+00:00	(0.75, 1.0)	0.009931506849315116	0.009931506849315116	0.012885273972602748	0.027183219178082335
XRP/USDT	2025-05-27 00:00:00+00:00	(0.0, 0.05)	0.01456541470372134	0.021567186757142264	0.025197735229286432	0.03768855080606808
XRP/USDT	2025-05-28 00:00:00+00:00	(0.25, 0.5)	0.006278415241394223	0.008833080753409817	0.01688677202857768	0.04187053474778082
XRP/USDT	2025-05-29 00:00:00+00:00	(0.5, 0.75)	0.012470805975411014	0.019124840259110786	0.019124840259110786	0.032829506896399775
XRP/USDT	2025-05-30 00:00:00+00:00	(0.5, 0.75)	0.053852674786953915	0.053852674786953915	0.053852674786953915	0.060277517512158124
XRP/USDT	2025-05-31 00:00:00+00:00	(0.75, 1.0)	0.020134861130758696	0.032677889376149245	0.034846984486254576	0.05993304097703588
XRP/USDT	2025-06-01 00:00:00+00:00	(0.25, 0.5)	0.00571876585343355	0.013420652123783463	0.02559608910206147	0.029885163492136685
XRP/USDT	2025-06-02 00:00:00+00:00	(0.25, 0.5)	0.007440066133921187	0.014926058602002273	0.021906861394323438	0.031597317902085045
XRP/USDT	2025-06-03 00:00:00+00:00	(0.5, 0.75)	0.006172839506172765	0.016975308641975457	0.017293028322440097	0.04461692084241087
XRP/USDT	2025-06-04 00:00:00+00:00	(0.5, 0.75)	0.01535234524925256	0.01611103672959354	0.017048243852367667	0.031552639800062475
XRP/USDT	2025-06-05 00:00:00+00:00	(0.05, 0.1)	0.006763811339597965	0.007717100186118255	0.014072359162921665	0.07599073947977675
XRP/USDT	2025-06-06 00:00:00+00:00	(0.75, 1.0)	0.009863538424706705	0.02341393344505634	0.03706009097438349	0.05223844864735466
XRP/USDT	2025-06-07 00:00:00+00:00	(0.25, 0.5)	0.010176579925650572	0.01491635687732353	0.020306691449814056	0.020306691449814056
XRP/USDT	2025-06-08 00:00:00+00:00	(0.0, 0.05)	0.004283148344309696	0.005066089439506137	0.044673697784737246	0.06111546078386212
XRP/USDT	2025-06-09 00:00:00+00:00	(0.5, 0.75)	0.008395563607441177	0.014891078608987699	0.02125403207989033	0.04728027926295778
XRP/USDT	2025-06-10 00:00:00+00:00	(0.5, 0.75)	0.009251253674563316	0.013747190039771765	0.024770880166003668	0.02918035621649658
XRP/USDT	2025-06-11 00:00:00+00:00	(0.1, 0.25)	0.010661350437722093	0.013868423333622079	0.02223281615671314	0.03705469359452184
XRP/USDT	2025-06-12 00:00:00+00:00	(0.75, 1.0)	0.007333127181163559	0.015770640985996308	0.0230595927022132	0.058930070238989246
XRP/USDT	2025-06-13 00:00:00+00:00	(0.75, 1.0)	0.033847870559791694	0.03594011530593254	0.03594011530593254	0.037102473498233056
XRP/USDT	2025-06-14 00:00:00+00:00	(0.25, 0.5)	0.007929844201884665	0.01627950368504542	0.02220356376527665	0.03302546879373064
XRP/USDT	2025-06-15 00:00:00+00:00	(0.5, 0.75)	0.0035474234503360957	0.0067681105302464335	0.012275952203136665	0.01643017176997765
XRP/USDT	2025-06-16 00:00:00+00:00	(0.25, 0.5)	0.006752381833317995	0.01660345943945993	0.05633151419850169	0.08593099620756656
XRP/USDT	2025-06-17 00:00:00+00:00	(0.75, 1.0)	0.02513448759097694	0.02513448759097694	0.031237285836987552	0.052212829438090476
XRP/USDT	2025-06-18 00:00:00+00:00	(0.75, 1.0)	0.009668763878608298	0.011658031088082851	0.024518874907475913	0.029006291635825306
XRP/USDT	2025-06-19 00:00:00+00:00	(0.75, 1.0)	0.010530691423029032	0.013717611195787752	0.01718165442704741	0.019121518636552735
XRP/USDT	2025-06-20 00:00:00+00:00	(0.0, 0.05)	0.0035498593886864687	0.00931261813655433	0.01705776589368859	0.04356645613388043
XRP/USDT	2025-06-21 00:00:00+00:00	(0.5, 0.75)	0.003920457229228545	0.00826602427849399	0.014170327334561335	0.06848991545038025
XRP/USDT	2025-06-22 00:00:00+00:00	(0.75, 1.0)	0.017833650051162095	0.024070554987087607	0.0371290746966818	0.08843736295863168
XRP/USDT	2025-06-23 00:00:00+00:00	(0.75, 1.0)	0.011416658393725866	0.014643105331083133	0.024421721433535257	0.10379231609252448
XRP/USDT	2025-06-24 00:00:00+00:00	(0.75, 1.0)	0.007893759286775588	0.01360512630014843	0.03668276374442781	0.03942236255572054
XRP/USDT	2025-06-25 00:00:00+00:00	(0.5, 0.75)	0.007921693603460189	0.011017527885272023	0.013157295697700955	0.02731618483951744
XRP/USDT	2025-06-26 00:00:00+00:00	(0.25, 0.5)	0.004067084037837447	0.014806013800667178	0.021066581364529557	0.05351185852031246
XRP/USDT	2025-06-27 00:00:00+00:00	(0.5, 0.75)	0.015435763476608973	0.015435763476608973	0.017003087152695346	0.04203277131322738
XRP/USDT	2025-06-28 00:00:00+00:00	(0.75, 1.0)	0.008059225939462247	0.026801611845187857	0.03129978446256217	0.03453284603129983
XRP/USDT	2025-06-29 00:00:00+00:00	(0.0, 0.05)	0.0032549397148488907	0.006555723651033982	0.01036079402191362	0.020354834273140075
XRP/USDT	2025-06-30 00:00:00+00:00	(0.75, 1.0)	0.007570949315441182	0.007661619367123102	0.019267385982410002	0.07348807688820388
XRP/USDT	2025-07-01 00:00:00+00:00	(0.75, 1.0)	0.00868558193398971	0.01327335085296861	0.02730390628479787	0.047303015455881635
XRP/USDT	2025-07-02 00:00:00+00:00	(0.25, 0.5)	0.005746598013975604	0.013791835233541655	0.021699154100772406	0.06192534019860245
XRP/USDT	2025-07-03 00:00:00+00:00	(0.5, 0.75)	0.009890798424633016	0.012531328320802016	0.03907089151450051	0.03992123165055494
XRP/USDT	2025-07-04 00:00:00+00:00	(0.25, 0.5)	0.00517561709280714	0.012341856144386362	0.026585862160488284	0.03176147925329542
XRP/USDT	2025-07-05 00:00:00+00:00	(0.25, 0.5)	0.0034277467075591065	0.00802814360454619	0.010914667147753923	0.014658127367851432
XRP/USDT	2025-07-06 00:00:00+00:00	(0.05, 0.1)	0.0038376450404080226	0.006230529595015491	0.034448507833310674	0.03675109485755561
XRP/USDT	2025-07-07 00:00:00+00:00	(0.25, 0.5)	0.005768892020433377	0.009644178263167179	0.01875990840232526	0.04337678351241855
XRP/USDT	2025-07-08 00:00:00+00:00	(0.5, 0.75)	0.007279625871349041	0.010941498279361129	0.023118327009617932	0.03255978117003436
XRP/USDT	2025-07-09 00:00:00+00:00	(0.25, 0.5)	0.007064228135563926	0.009231169281442358	0.04611250758429413	0.05690387449076882
XRP/USDT	2025-07-10 00:00:00+00:00	(0.5, 0.75)	0.01056994818652853	0.01823834196891193	0.02847668393782392	0.07241450777202076
XRP/USDT	2025-07-11 00:00:00+00:00	(0.75, 1.0)	0.00943955132509193	0.03199178482562519	0.05877009360559266	0.18290611793514763
XRP/USDT	2025-07-12 00:00:00+00:00	(0.75, 1.0)	0.03245183503040071	0.05849388323199764	0.05849388323199764	0.06776060361878253
XRP/USDT	2025-07-13 00:00:00+00:00	(0.5, 0.75)	0.009959868661072556	0.020904779277635784	0.03341846041590649	0.06067128785114909
XRP/USDT	2025-07-14 00:00:00+00:00	(0.75, 1.0)	0.012728298427473467	0.04202806572174043	0.06847189901981537	0.0729849799026868
XRP/USDT	2025-07-15 00:00:00+00:00	(0.5, 0.75)	0.027880977538430034	0.05187634207028192	0.05187634207028192	0.05187634207028192
XRP/USDT	2025-07-16 00:00:00+00:00	(0.5, 0.75)	0.011677977195218589	0.02035895139343413	0.02972889179785718	0.07668193875090425
XRP/USDT	2025-07-17 00:00:00+00:00	(0.5, 0.75)	0.012860572969772837	0.030293063184554256	0.10239121139361253	0.18491596224056847
XRP/USDT	2025-07-18 00:00:00+00:00	(0.75, 1.0)	0.048683229100923674	0.050318434792587005	0.07464570543347289	0.09088301107349812
XRP/USDT	2025-07-19 00:00:00+00:00	(0.5, 0.75)	0.020109530294688625	0.02378951638607982	0.030251224247341443	0.03790095911448531
XRP/USDT	2025-07-20 00:00:00+00:00	(0.25, 0.5)	0.009812249201839455	0.01924372455405514	0.043818283002841144	0.05046718022319203
XRP/USDT	2025-07-21 00:00:00+00:00	(0.75, 1.0)	0.015750562520090022	0.023991116565851397	0.05064141901171802	0.07068758949183257
XRP/USDT	2025-07-22 00:00:00+00:00	(0.25, 0.5)	0.021153900250358702	0.0316745900025316	0.04292666460378622	0.044136262623421144
XRP/USDT	2025-07-23 00:00:00+00:00	(0.25, 0.5)	0.01342357905468554	0.01704851179519131	0.033134150831185746	0.1493585568236527
XRP/USDT	2025-07-24 00:00:00+00:00	(0.75, 1.0)	0.019715914459387033	0.022392995496204826	0.08875311013826338	0.09750873988220847
XRP/USDT	2025-07-25 00:00:00+00:00	(0.75, 1.0)	0.013711795988979217	0.03751521753059517	0.0405266867431281	0.052444415967194194
XRP/USDT	2025-07-26 00:00:00+00:00	(0.5, 0.75)	0.005690537084398918	0.017487212276214824	0.03270460358056268	0.034942455242966804
XRP/USDT	2025-07-27 00:00:00+00:00	(0.1, 0.25)	0.0091856060606061	0.013289141414141422	0.023327020202020224	0.027935606060606136
XRP/USDT	2025-07-28 00:00:00+00:00	(0.5, 0.75)	0.014651901662605224	0.021715660569419242	0.0334371818995034	0.0689410530861532
XRP/USDT	2025-07-29 00:00:00+00:00	(0.25, 0.5)	0.022089248201667803	0.022089248201667803	0.03399325227576542	0.04210961868992293
XRP/USDT	2025-07-30 00:00:00+00:00	(0.1, 0.25)	0.009301582227904646	0.018155665654466985	0.03400990890202967	0.05149432635448306
XRP/USDT	2025-07-31 00:00:00+00:00	(0.25, 0.5)	0.010428774376856442	0.016272762495156846	0.026540100736148726	0.06463902880020654
XRP/USDT	2025-08-01 00:00:00+00:00	(0.5, 0.75)	0.03233240923210528	0.03233240923210528	0.04475767393700521	0.05578008617522304
XRP/USDT	2025-08-02 00:00:00+00:00	(0.75, 1.0)	0.011745591172189825	0.011745591172189825	0.03066716311816667	0.09542023491182339
XRP/USDT	2025-08-03 00:00:00+00:00	(0.5, 0.75)	0.02409811890803141	0.040679063410423245	0.05970578714527207	0.08434341617811017
XRP/USDT	2025-08-04 00:00:00+00:00	(0.25, 0.5)	0.032665282928987065	0.032665282928987065	0.032665282928987065	0.052638742386607255
XRP/USDT	2025-08-05 00:00:00+00:00	(0.25, 0.5)	0.015592379958246368	0.024497651356993864	0.036338726513569994	0.06223903966597087
XRP/USDT	2025-08-06 00:00:00+00:00	(0.1, 0.25)	0.014193286135293536	0.019308289014599755	0.02266183394871446	0.039734426340571026
XRP/USDT	2025-08-07 00:00:00+00:00	(0.0, 0.05)	0.004992628334003456	0.015715051601661957	0.04158289773488805	0.12494973864093285
XRP/USDT	2025-08-08 00:00:00+00:00	(0.75, 1.0)	0.019840912501876046	0.03364850667867323	0.03364850667867323	0.05324928710790935
XRP/USDT	2025-08-09 00:00:00+00:00	(0.1, 0.25)	0.005705614567526601	0.009104704097116785	0.019241274658573636	0.04224582701062222
XRP/USDT	2025-08-10 00:00:00+00:00	(0.25, 0.5)	0.008055058329732736	0.015122523301030779	0.039318560582680136	0.039318560582680136
XRP/USDT	2025-08-11 00:00:00+00:00	(0.1, 0.25)	0.009623549391452081	0.03135515929175705	0.04906123219171624	0.06811963392772907
XRP/USDT	2025-08-12 00:00:00+00:00	(0.25, 0.5)	0.007130805717378077	0.013752268169229198	0.02304778276509726	0.06449559099735788
XRP/USDT	2025-08-13 00:00:00+00:00	(0.05, 0.1)	0.01456161863887182	0.01765787860208457	0.02967504598405886	0.04058859595340284
XRP/USDT	2025-08-14 00:00:00+00:00	(0.0, 0.05)	0.01149390243902441	0.024756097560975594	0.0462804878048781	0.1096646341463415
XRP/USDT	2025-08-15 00:00:00+00:00	(0.25, 0.5)	0.0075046904315197345	0.017855987578443325	0.02299928834832113	0.045383968428543656
XRP/USDT	2025-08-16 00:00:00+00:00	(0.0, 0.05)	0.00759789596727063	0.014384050912396983	0.02743684654847725	0.02743684654847725
XRP/USDT	2025-08-17 00:00:00+00:00	(0.0, 0.05)	0.0063548387096773636	0.014322580645161289	0.01874193548387098	0.022548387096774217
XRP/USDT	2025-08-18 00:00:00+00:00	(0.05, 0.1)	0.005373559497604541	0.03958953774439987	0.04816781043635894	0.050660365143079214
XRP/USDT	2025-08-19 00:00:00+00:00	(0.1, 0.25)	0.018316815490792546	0.03522716122068489	0.03522716122068489	0.07588394989042611
XRP/USDT	2025-08-20 00:00:00+00:00	(0.25, 0.5)	0.008477226140430108	0.01764930688253474	0.022582774554424468	0.05947955390334566
XRP/USDT	2025-08-21 00:00:00+00:00	(0.1, 0.25)	0.006211180124223597	0.015578861623052661	0.02477683874690288	0.03950717849506162
XRP/USDT	2025-08-22 00:00:00+00:00	(0.25, 0.5)	0.011336995696140518	0.0218342139333076	0.033101228174533676	0.11302004968683298
XRP/USDT	2025-08-23 00:00:00+00:00	(0.1, 0.25)	0.010195745237083794	0.031044737100094835	0.03460671219894779	0.03460671219894779
XRP/USDT	2025-08-24 00:00:00+00:00	(0.1, 0.25)	0.005770870220998045	0.014787854941307674	0.030001967342120767	0.046232539838677957
XRP/USDT	2025-08-25 00:00:00+00:00	(0.75, 1.0)	0.018008194554586302	0.026401004493788096	0.044343113930742896	0.07639439598202494
XRP/USDT	2025-08-26 00:00:00+00:00	(0.75, 1.0)	0.012814693250462717	0.018541150179824765	0.031111421488180514	0.08233527706973016
XRP/USDT	2025-08-27 00:00:00+00:00	(0.5, 0.75)	0.007793505412156566	0.013155703580349665	0.015587010824312983	0.02774354704412987
XRP/USDT	2025-08-28 00:00:00+00:00	(0.5, 0.75)	0.008799328295550033	0.01323257766582707	0.021192275398824494	0.027909319899244316
XRP/USDT	2025-08-29 00:00:00+00:00	(0.1, 0.25)	0.009781105602212525	0.016560423623056326	0.04492562986947283	0.06860265101689764
XRP/USDT	2025-08-30 00:00:00+00:00	(0.5, 0.75)	0.004402002201001246	0.02286201143100572	0.026447513223756616	0.026447513223756616
XRP/USDT	2025-08-31 00:00:00+00:00	(0.0, 0.05)	0.009711490749273442	0.017650811653788845	0.020309066420925826	0.04051180265116611
XRP/USDT	2025-09-01 00:00:00+00:00	(0.5, 0.75)	0.012490496361464093	0.0194417291191485	0.04981716809673797	0.05122913725064269
XRP/USDT	2025-09-02 00:00:00+00:00	(0.75, 1.0)	0.005070993914807387	0.01919733410605619	0.03060707041437257	0.04190814256737174
XRP/USDT	2025-09-03 00:00:00+00:00	(0.5, 0.75)	0.012393656128557959	0.013899100234569299	0.019045618457445027	0.02650281833140772
XRP/USDT	2025-09-04 00:00:00+00:00	(0.1, 0.25)	0.007515628292477456	0.008393622251878997	0.017173561845894404	0.027639249841961085
XRP/USDT	2025-09-05 00:00:00+00:00	(0.1, 0.25)	0.007895112889396974	0.012825092883680988	0.027257787939411193	0.038189482709345524
XRP/USDT	2025-09-06 00:00:00+00:00	(0.5, 0.75)	0.004013496714615474	0.0058959332267803045	0.009873912271355015	0.012857396554786009
XRP/USDT	2025-09-07 00:00:00+00:00	(0.05, 0.1)	0.0030912450255826136	0.0052231381466742235	0.00941586128482091	0.04178510517339395
XRP/USDT	2025-09-08 00:00:00+00:00	(0.25, 0.5)	0.00675487465181046	0.012987465181058535	0.03213788300835664	0.04655292479108641
XRP/USDT	2025-09-09 00:00:00+00:00	(0.1, 0.25)	0.009284176533907451	0.013488966630785875	0.03458019375672774	0.03458019375672774
XRP/USDT	2025-09-10 00:00:00+00:00	(0.1, 0.25)	0.0052645880035323165	0.009646083825827044	0.017458053121391096	0.029991169078187562
XRP/USDT	2025-09-11 00:00:00+00:00	(0.0, 0.05)	0.006545161615144447	0.011277816936864315	0.01906488101231832	0.032994327526600226
XRP/USDT	2025-09-12 00:00:00+00:00	(0.25, 0.5)	0.012719963092334984	0.014400579977591725	0.01561985105120942	0.0394121136228828
XRP/USDT	2025-09-13 00:00:00+00:00	(0.5, 0.75)	0.007032031224799142	0.01148350053224092	0.030869971936389115	0.031224799200025806
XRP/USDT	2025-09-14 00:00:00+00:00	(0.0, 0.05)	0.009399159529079543	0.01337696083148881	0.023257306001988973	0.03746832194527316
XRP/USDT	2025-09-15 00:00:00+00:00	(0.1, 0.25)	0.008596837944664036	0.013274044795783854	0.037450592885375535	0.037450592885375535
XRP/USDT	2025-09-16 00:00:00+00:00	(0.05, 0.1)	0.007259953161592524	0.009702241552358621	0.028571428571428546	0.03158246905319514
XRP/USDT	2025-09-17 00:00:00+00:00	(0.1, 0.25)	0.0027346710157819354	0.010905736219564472	0.014727686072946587	0.041679022108003054
XRP/USDT	2025-09-18 00:00:00+00:00	(0.75, 1.0)	0.007984483594633962	0.013350573783740136	0.027121383546145097	0.027121383546145097
XRP/USDT	2025-09-19 00:00:00+00:00	(0.5, 0.75)	0.005427011568958701	0.023040426361627443	0.023332900038996518	0.03759911607955281
XRP/USDT	2025-09-20 00:00:00+00:00	(0.1, 0.25)	0.0056232427366447735	0.007129468469674687	0.01158120230285185	0.01469406881778025
XRP/USDT	2025-09-21 00:00:00+00:00	(0.0, 0.05)	0.006446414182111087	0.0087966693526725	0.017358313188288964	0.020547945205479423
XRP/USDT	2025-09-22 00:00:00+00:00	(0.1, 0.25)	0.02225819506272759	0.029879940644813172	0.09038176176986384	0.09038176176986384
XRP/USDT	2025-09-23 00:00:00+00:00	(0.25, 0.5)	0.011138353765324011	0.025709281961471073	0.029842381786339734	0.03408056042031514
XRP/USDT	2025-09-24 00:00:00+00:00	(0.5, 0.75)	0.006217323724742065	0.019358485233856217	0.03500777165465591	0.07319485657764584
XRP/USDT	2025-09-25 00:00:00+00:00	(0.75, 1.0)	0.013217804960924204	0.02840638803941545	0.04661909616038056	0.07482161060142702
XRP/USDT	2025-09-26 00:00:00+00:00	(0.75, 1.0)	0.012305346836545805	0.014519583287959648	0.029148063450579062	0.04014664779120848
XRP/USDT	2025-09-27 00:00:00+00:00	(0.1, 0.25)	0.0038890889449046243	0.008102268635217848	0.01429600288080673	0.024054735325891318
XRP/USDT	2025-09-28 00:00:00+00:00	(0.5, 0.75)	0.010017889087656539	0.01341681574239717	0.0168157423971378	0.03645796064400719
XRP/USDT	2025-09-29 00:00:00+00:00	(0.5, 0.75)	0.004938012187434336	0.012817818869510389	0.02101281781886953	0.029242838131260038
XRP/USDT	2025-09-30 00:00:00+00:00	(0.5, 0.75)	0.006482701241073265	0.008493378631352612	0.02551480274561476	0.03276017472093186
XRP/USDT	2025-10-01 00:00:00+00:00	(0.5, 0.75)	0.007023458350891985	0.01601348504003382	0.04842674532940024	0.052043826380109605
XRP/USDT	2025-10-02 00:00:00+00:00	(0.5, 0.75)	0.007025602918327343	0.01601026818888052	0.018881307843004742	0.05387421468621225
XRP/USDT	2025-10-03 00:00:00+00:00	(0.75, 1.0)	0.005894039735099423	0.011490066225165548	0.017913907284768077	0.03003311258278146
XRP/USDT	2025-10-04 00:00:00+00:00	(0.25, 0.5)	0.0059140491523197	0.014456564594559088	0.02280194506505451	0.03719279800236561
XRP/USDT	2025-10-05 00:00:00+00:00	(0.25, 0.5)	0.006345348994194731	0.023896314297286416	0.039185905224787466	0.04212231672742001
XRP/USDT	2025-10-06 00:00:00+00:00	(0.25, 0.5)	0.012556808618077802	0.012556808618077802	0.01807776468607981	0.0321494697862314
XRP/USDT	2025-10-07 00:00:00+00:00	(0.5, 0.75)	0.006693888479817932	0.00813307450297885	0.015596760157975686	0.05097396077381347
XRP/USDT	2025-10-08 00:00:00+00:00	(0.25, 0.5)	0.005785786483566257	0.01704367223171035	0.01812415043044859	0.03293715799379597
XRP/USDT	2025-10-09 00:00:00+00:00	(0.5, 0.75)	0.006488749345892263	0.018489447060875765	0.03188557474271765	0.03697889412175138
XRP/USDT	2025-10-10 00:00:00+00:00	(0.5, 0.75)	0.004450140624443796	0.013955640998255432	0.014347253373206515	0.5635302075545588
XRP/USDT	2025-10-11 00:00:00+00:00	(0.75, 1.0)	0.04988374550834933	0.06721623335447062	0.08712745719720996	0.08712745719720996
XRP/USDT	2025-10-12 00:00:00+00:00	(0.75, 1.0)	0.021153765117357146	0.03160423075302354	0.042181113311701934	0.11461801019763171
XRP/USDT	2025-10-13 00:00:00+00:00	(0.5, 0.75)	0.01428345335127	0.024333306955764685	0.051475824958455194	0.052821080952757664
XRP/USDT	2025-10-14 00:00:00+00:00	(0.5, 0.75)	0.010758472296933845	0.02854837470222087	0.0802274648428495	0.08914162760316616
XRP/USDT	2025-10-15 00:00:00+00:00	(0.5, 0.75)	0.008413798629752759	0.018630554108738328	0.028045995432509255	0.06895308305621216
XRP/USDT	2025-10-16 00:00:00+00:00	(0.25, 0.5)	0.008828918873896339	0.014284524404464434	0.045768782275528955	0.07629518574046303
XRP/USDT	2025-10-17 00:00:00+00:00	(0.5, 0.75)	0.030901287553648096	0.030901287553648096	0.09008583690987114	0.09008583690987114
XRP/USDT	2025-10-18 00:00:00+00:00	(0.5, 0.75)	0.009653852843972768	0.02017742216037562	0.04052878761523741	0.04100713167507395
XRP/USDT	2025-10-19 00:00:00+00:00	(0.1, 0.25)	0.008420515437611653	0.014331887386238014	0.034319979586629336	0.0432933571489327
XRP/USDT	2025-10-20 00:00:00+00:00	(0.25, 0.5)	0.012616173934984756	0.039488624416502	0.0526935531351193	0.08335085579713208
XRP/USDT	2025-10-21 00:00:00+00:00	(0.5, 0.75)	0.00841283258865682	0.02902225979149067	0.03771686189268611	0.052811657207261685
XRP/USDT	2025-10-22 00:00:00+00:00	(0.75, 1.0)	0.01240908904137742	0.01240908904137742	0.030242018326005624	0.04602046267000867
XRP/USDT	2025-10-23 00:00:00+00:00	(0.75, 1.0)	0.006291698336289129	0.010640993159361494	0.02432227007854061	0.027109196858373465
XRP/USDT	2025-10-24 00:00:00+00:00	(0.1, 0.25)	0.006981897236506609	0.011079058489067255	0.03327898323508512	0.05422467494460477
XRP/USDT	2025-10-25 00:00:00+00:00	(0.0, 0.05)	0.01582619095076733	0.023440302969902405	0.02754634243571862	0.06063384492724731
XRP/USDT	2025-10-26 00:00:00+00:00	(0.25, 0.5)	0.008425890463424067	0.012983531214094231	0.02592876292608191	0.02592876292608191
XRP/USDT	2025-10-27 00:00:00+00:00	(0.75, 1.0)	0.007843728787993035	0.01798778188400343	0.02632174372124589	0.036277245644467764
XRP/USDT	2025-10-28 00:00:00+00:00	(0.5, 0.75)	0.006902567603443781	0.016535821291766256	0.022755717373990236	0.045966549095460225
XRP/USDT	2025-10-29 00:00:00+00:00	(0.5, 0.75)	0.00548523206751054	0.010932105868814802	0.02347525891829686	0.051975450709627904
XRP/USDT	2025-10-30 00:00:00+00:00	(0.75, 1.0)	0.010061071093015996	0.018047290948950842	0.04200595051675539	0.08514719699342305
XRP/USDT	2025-10-31 00:00:00+00:00	(0.5, 0.75)	0.019055407892046697	0.022244939685136057	0.03610713555510132	0.05050092005724816
XRP/USDT	2025-11-01 00:00:00+00:00	(0.25, 0.5)	0.005359356877174681	0.013598368195816423	0.013598368195816423	0.018917729872415266
XRP/USDT	2025-11-02 00:00:00+00:00	(0.05, 0.1)	0.0032322426177173883	0.0073024740622505925	0.02406225059856337	0.030686352753391762
XRP/USDT	2025-11-03 00:00:00+00:00	(0.5, 0.75)	0.01467099019297696	0.04523884846567553	0.058802594115786255	0.10570230939576088
XRP/USDT	2025-11-04 00:00:00+00:00	(0.75, 1.0)	0.01979256698357834	0.02839239412273124	0.058729472774416557	0.12921348314606737
XRP/USDT	2025-11-05 00:00:00+00:00	(0.75, 1.0)	0.028760556950468006	0.0706231454005935	0.07263181921935631	0.12558776535037647
XRP/USDT	2025-11-06 00:00:00+00:00	(0.5, 0.75)	0.011572005956179585	0.04539459689427782	0.054584131035949744	0.10057434588385439
XRP/USDT	2025-11-07 00:00:00+00:00	(0.25, 0.5)	0.010609959817598923	0.020362093096753665	0.0344033590681295	0.09901124204253016
XRP/USDT	2025-11-08 00:00:00+00:00	(0.5, 0.75)	0.012271787805718113	0.016792972786772175	0.021572511195315204	0.041207371684464304
XRP/USDT	2025-11-09 00:00:00+00:00	(0.1, 0.25)	0.006058477478268422	0.020721749056106825	0.02620950039511823	0.06839933268943725
XRP/USDT	2025-11-10 00:00:00+00:00	(0.25, 0.5)	0.026732547827188608	0.04767937835212626	0.0878837788757971	0.09113560538874098
XRP/USDT	2025-11-11 00:00:00+00:00	(0.5, 0.75)	0.013074469341944764	0.022132083645099054	0.05119521127869881	0.07533572244319302
XRP/USDT	2025-11-12 00:00:00+00:00	(0.25, 0.5)	0.01064673708822182	0.013903386079913201	0.03244123418646408	0.055321280948603335
XRP/USDT	2025-11-13 00:00:00+00:00	(0.75, 1.0)	0.012213485025932697	0.053120294462104645	0.0589760749539903	0.10486029780826507
XRP/USDT	2025-11-14 00:00:00+00:00	(0.75, 1.0)	0.018358903637303806	0.020858472677124634	0.03990691260127565	0.04999138079641446
XRP/USDT	2025-11-15 00:00:00+00:00	(0.75, 1.0)	0.008003183586841177	0.02246197382384141	0.027016271666076983	0.04081181464449939
XRP/USDT	2025-11-16 00:00:00+00:00	(0.5, 0.75)	0.010446685878962584	0.030259365994236377	0.04084113832853026	0.05592579250720445
XRP/USDT	2025-11-17 00:00:00+00:00	(0.5, 0.75)	0.023544830079537154	0.029690889370932595	0.039045553145336136	0.08726500361532911
XRP/USDT	2025-11-18 00:00:00+00:00	(0.5, 0.75)	0.01979465359356219	0.03246693182869312	0.04472296734807152	0.062390158172232
XRP/USDT	2025-11-19 00:00:00+00:00	(0.25, 0.5)	0.009201341673465781	0.01822137612183846	0.041972622609010975	0.08847792584534486
XRP/USDT	2025-11-20 00:00:00+00:00	(0.75, 1.0)	0.011396011396011407	0.016334283000949558	0.021130104463437684	0.08333333333333333
XRP/USDT	2025-11-21 00:00:00+00:00	(0.75, 1.0)	0.008863141216082405	0.03599722717369786	0.09115666468607653	0.1039314715785305
XRP/USDT	2025-11-22 00:00:00+00:00	(0.5, 0.75)	0.012741134933224133	0.018727933275341536	0.03530675945351274	0.03996315816404854
XRP/USDT	2025-11-23 00:00:00+00:00	(0.5, 0.75)	0.010484324656062988	0.05226819413900684	0.0644402393494605	0.06883854140029666
XRP/USDT	2025-11-24 00:00:00+00:00	(0.5, 0.75)	0.021510139791297424	0.04129749950777705	0.04129749950777705	0.12945461705060046
XRP/USDT	2025-11-25 00:00:00+00:00	(0.5, 0.75)	0.014959364115388089	0.014959364115388089	0.03558989014914704	0.05224613735822095
XRP/USDT	2025-11-26 00:00:00+00:00	(0.5, 0.75)	0.009622804230402562	0.018610140256910886	0.028278335073305804	0.04992964459171182
XRP/USDT	2025-11-27 00:00:00+00:00	(0.05, 0.1)	0.008482988899918846	0.012498871942965561	0.022651385254038554	0.027975814457179077
XRP/USDT	2025-11-28 00:00:00+00:00	(0.25, 0.5)	0.009701220623064354	0.01730734195664067	0.03789396975769728	0.05406267079613774
XRP/USDT	2025-11-29 00:00:00+00:00	(0.0, 0.05)	0.006067012915383499	0.007124143953670013	0.02596865376660395	0.02596865376660395
XRP/USDT	2025-11-30 00:00:00+00:00	(0.05, 0.1)	0.004762768756236938	0.011067767395445875	0.013698630136986403	0.04762768756236958
XRP/USDT	2025-12-01 00:00:00+00:00	(0.75, 1.0)	0.028887523048555696	0.038012387121176314	0.047893716609143856	0.06363765306604892
XRP/USDT	2025-12-02 00:00:00+00:00	(0.5, 0.75)	0.015427215189873254	0.020569620253164486	0.024080300632911264	0.09300830696202528
XRP/USDT	2025-12-03 00:00:00+00:00	(0.1, 0.25)	0.007722726215398905	0.023168178646196715	0.03610141893463591	0.03610141893463591
XRP/USDT	2025-12-04 00:00:00+00:00	(0.1, 0.25)	0.011844023323615071	0.012618440233236078	0.032798833819242014	0.06628097667638473
XRP/USDT	2025-12-05 00:00:00+00:00	(0.0, 0.05)	0.007773009060562806	0.012112541726275568	0.02808774439675725	0.04792560801144483
XRP/USDT	2025-12-06 00:00:00+00:00	(0.05, 0.1)	0.009146642934836548	0.012162563037674478	0.017304459606446998	0.017304459606446998
XRP/USDT	2025-12-07 00:00:00+00:00	(0.0, 0.05)	0.004480992712231686	0.021321646641717495	0.02432538900925738	0.05982863896001572
XRP/USDT	2025-12-08 00:00:00+00:00	(0.75, 1.0)	0.01210962396430856	0.02907290287787437	0.04510467225572393	0.04510467225572393
XRP/USDT	2025-12-09 00:00:00+00:00	(0.05, 0.1)	0.00879934605952781	0.012453719286435561	0.019618214165504615	0.06544213107659753
XRP/USDT	2025-12-10 00:00:00+00:00	(0.25, 0.5)	0.007695230856925704	0.012112863385901614	0.019713091392741827	0.036196085882576286
XRP/USDT	2025-12-11 00:00:00+00:00	(0.75, 1.0)	0.01354456994767974	0.02640457679331086	0.02640457679331086	0.03926458363894188
XRP/USDT	2025-12-12 00:00:00+00:00	(0.5, 0.75)	0.011832569146575959	0.013656756890006547	0.015086525661884426	0.038751663955036236
XRP/USDT	2025-12-13 00:00:00+00:00	(0.1, 0.25)	0.004925128103079459	0.009601512362568964	0.02059599024924127	0.02059599024924127
XRP/USDT	2025-12-14 00:00:00+00:00	(0.0, 0.05)	0.0049987626825043294	0.00549368968077225	0.020094036129670968	0.03855481316505819
XRP/USDT	2025-12-15 00:00:00+00:00	(0.1, 0.25)	0.007941325240263048	0.020030349013657096	0.020030349013657096	0.07324228629236218
XRP/USDT	2025-12-16 00:00:00+00:00	(0.25, 0.5)	0.010258037225042345	0.022260998307952636	0.04050338409475465	0.05134306260575294
XRP/USDT	2025-12-17 00:00:00+00:00	(0.05, 0.1)	0.006445576463249801	0.014294625220916861	0.02266347853207187	0.07277263748830447
XRP/USDT	2025-12-18 00:00:00+00:00	(0.5, 0.75)	0.00875873186458892	0.011015583019881764	0.02912412681354112	0.07205803331542175
XRP/USDT	2025-12-19 00:00:00+00:00	(0.25, 0.5)	0.015330971883993834	0.04577152977640026	0.05833517821562993	0.08313039628071735
XRP/USDT	2025-12-20 00:00:00+00:00	(0.05, 0.1)	0.004297243475526667	0.00843727072633896	0.034168326171260956	0.034168326171260956
XRP/USDT	2025-12-21 00:00:00+00:00	(0.1, 0.25)	0.005128205128205139	0.012846412846412811	0.016886816886816865	0.028490028490028456
XRP/USDT	2025-12-22 00:00:00+00:00	(0.25, 0.5)	0.01357745319893025	0.02376054309812797	0.02376054309812797	0.02962353425221153
XRP/USDT	2025-12-23 00:00:00+00:00	(0.1, 0.25)	0.004998421551089046	0.0135220456697884	0.01915184678522571	0.024729032936967234
XRP/USDT	2025-12-24 00:00:00+00:00	(0.1, 0.25)	0.004645202626942138	0.017940092904052577	0.021944577927278625	0.021944577927278625
XRP/USDT	2025-12-25 00:00:00+00:00	(0.05, 0.1)	0.0049377415199655834	0.009607127522541878	0.014920566766852751	0.03456419063975956
XRP/USDT	2025-12-26 00:00:00+00:00	(0.75, 1.0)	0.006995300032790426	0.030659088424964495	0.032080008744125026	0.032080008744125026
XRP/USDT	2025-12-27 00:00:00+00:00	(0.1, 0.25)	0.0023865053967566207	0.006400173564028873	0.007756142539458807	0.02012257959537893
XRP/USDT	2025-12-28 00:00:00+00:00	(0.25, 0.5)	0.0032059845044082316	0.00507614213197973	0.009030189687416465	0.013732300293881824
XRP/USDT	2025-12-29 00:00:00+00:00	(0.1, 0.25)	0.007881614926813541	0.029542651868532478	0.03345665111790253	0.039139992493700045
XRP/USDT	2025-12-30 00:00:00+00:00	(0.05, 0.1)	0.004371053909664884	0.010846689331390647	0.015163779612541155	0.022934542118612046
XRP/USDT	2025-12-31 00:00:00+00:00	(0.1, 0.25)	0.002721741914825544	0.007578183370690571	0.00981961788878214	0.03821112178460876
XRP/USDT	2026-01-01 00:00:00+00:00	(0.5, 0.75)	0.004888913031669357	0.011570427508284045	0.01645934053995328	0.03036558205225696
XRP/USDT	2026-01-02 00:00:00+00:00	(0.1, 0.25)	0.0026648190587858513	0.012577945957469522	0.02142514523263871	0.08665991579171767
XRP/USDT	2026-01-03 00:00:00+00:00	(0.75, 1.0)	0.013680975513036616	0.017249925646872295	0.035540795082779755	0.035540795082779755
XRP/USDT	2026-01-04 00:00:00+00:00	(0.5, 0.75)	0.010540833415427204	0.01847108659245399	0.03561225495025133	0.04615308836567832
XRP/USDT	2026-01-05 00:00:00+00:00	(0.25, 0.5)	0.017597405694119963	0.034574848586008025	0.034574848586008025	0.13138442462683012
XRP/USDT	2026-01-06 00:00:00+00:00	(0.75, 1.0)	0.03337060290702689	0.04334738109572547	0.04334738109572547	0.09142513116023035
XRP/USDT	2026-01-07 00:00:00+00:00	(0.75, 1.0)	0.01928243348643739	0.027732039171505355	0.03804489123840892	0.07314325331484534
XRP/USDT	2026-01-08 00:00:00+00:00	(0.5, 0.75)	0.015329208606519483	0.021654815772462806	0.05489888262997507	0.05891587404192433
XRP/USDT	2026-01-09 00:00:00+00:00	(0.5, 0.75)	0.0069199265640445965	0.016193569646471877	0.035164524784634936	0.04213152567904707
XRP/USDT	2026-01-10 00:00:00+00:00	(0.25, 0.5)	0.0036775241188271384	0.009074410163339444	0.01432801604737788	0.01432801604737788
XRP/USDT	2026-01-11 00:00:00+00:00	(0.05, 0.1)	0.004113258083030603	0.004878515400803619	0.006169887124545692	0.03108857853453221
XRP/USDT	2026-01-12 00:00:00+00:00	(0.5, 0.75)	0.020138451856513463	0.03412886672798567	0.03480660308854134	0.03562956866921619
XRP/USDT	2026-01-13 00:00:00+00:00	(0.5, 0.75)	0.006381838554099533	0.008281775222877139	0.016271252496711585	0.06703366298046472
XRP/USDT	2026-01-14 00:00:00+00:00	(0.75, 1.0)	0.010036074368698572	0.016510961058181617	0.03736934603644436	0.03736934603644436
XRP/USDT	2026-01-15 00:00:00+00:00	(0.5, 0.75)	0.006951896608034506	0.028694069892222326	0.028694069892222326	0.042084635841926135
XRP/USDT	2026-01-16 00:00:00+00:00	(0.25, 0.5)	0.005631497882171651	0.010637273777435508	0.01391028109356936	0.02902387370042347
XRP/USDT	2026-01-17 00:00:00+00:00	(0.5, 0.75)	0.003822518991629069	0.007935355881356737	0.007935355881356737	0.014419122272221547
XRP/USDT	2026-01-18 00:00:00+00:00	(0.1, 0.25)	0.006871854432829931	0.009533488192024696	0.010114208284939847	0.10690089043747575
XRP/USDT	2026-01-19 00:00:00+00:00	(0.75, 1.0)	0.020132835201328438	0.02833125778331257	0.033208800332088034	0.057025736820257425
XRP/USDT	2026-01-20 00:00:00+00:00	(0.5, 0.75)	0.007744531053557887	0.017651496102589845	0.035906462157405034	0.060598441035956664
XRP/USDT	2026-01-21 00:00:00+00:00	(0.5, 0.75)	0.014144719480656534	0.014144719480656534	0.024806037895181376	0.06307067081859921
XRP/USDT	2026-01-22 00:00:00+00:00	(0.75, 1.0)	0.005319693094629138	0.013248081841432242	0.013248081841432242	0.03391304347826088
XRP/USDT	2026-01-23 00:00:00+00:00	(0.1, 0.25)	0.005194805194805199	0.00903896103896108	0.012883116883116963	0.04067532467532469
XRP/USDT	2026-01-24 00:00:00+00:00	(0.25, 0.5)	0.0027105921601334932	0.005994578815679767	0.006724353628023307	0.009174311926605535
XRP/USDT	2026-01-25 00:00:00+00:00	(0.05, 0.1)	0.0034473752938104785	0.009454165578480023	0.015408722904152562	0.055001305823975014
XRP/USDT	2026-01-26 00:00:00+00:00	(0.5, 0.75)	0.024384957190852895	0.026986019291210615	0.03419312886095152	0.05803619811422996
XRP/USDT	2026-01-27 00:00:00+00:00	(0.25, 0.5)	0.0038916644754141854	0.01067578227714961	0.018985011832763618	0.029134893505127477
XRP/USDT	2026-01-28 00:00:00+00:00	(0.25, 0.5)	0.008239895697522835	0.012985658409387183	0.025189048239895703	0.025189048239895703
XRP/USDT	2026-01-29 00:00:00+00:00	(0.25, 0.5)	0.004875235898511263	0.022331725728664275	0.023065632208010087	0.06888236527573913
XRP/USDT	2026-01-30 00:00:00+00:00	(0.5, 0.75)	0.007966364239876183	0.05476875414914802	0.05476875414914802	0.05476875414914802
XRP/USDT	2026-01-31 00:00:00+00:00	(0.75, 1.0)	0.006277355448053392	0.01243953006219756	0.04290486063119098	0.14507026030868464
XRP/USDT	2026-02-01 00:00:00+00:00	(0.75, 1.0)	0.017387642139462083	0.02141868720293609	0.029059623368028406	0.07695084531616637
XRP/USDT	2026-02-02 00:00:00+00:00	(0.5, 0.75)	0.022394595270862037	0.05511072188164648	0.06242962592268241	0.07906918553734522
XRP/USDT	2026-02-03 00:00:00+00:00	(0.25, 0.5)	0.005395348837209259	0.01934883720930226	0.023441860465116177	0.06604651162790687
XRP/USDT	2026-02-04 00:00:00+00:00	(0.75, 1.0)	0.018057682491066866	0.02431087289433386	0.028777437468096058	0.07491066870852486
XRP/USDT	2026-02-05 00:00:00+00:00	(0.75, 1.0)	0.018697185441479816	0.05156697052365435	0.11524386186705704	0.25171335418191504
XRP/USDT	2026-02-06 00:00:00+00:00	(0.75, 1.0)	0.11484422724496025	0.15437647264159182	0.23640806353084906	0.3726328649969457
XRP/USDT	2026-02-07 00:00:00+00:00	(0.75, 1.0)	0.037124695699215546	0.037124695699215546	0.06904246686502576	0.06904246686502576
XRP/USDT	2026-02-08 00:00:00+00:00	(0.25, 0.5)	0.013316512475469515	0.020185029436501217	0.037356321839080546	0.04233249229044015
XRP/USDT	2026-02-09 00:00:00+00:00	(0.5, 0.75)	0.011829378609700023	0.024772110500313183	0.05740727854707398	0.06360030617215219
XRP/USDT	2026-02-10 00:00:00+00:00	(0.25, 0.5)	0.009017758046614957	0.017341842397336386	0.0330882352941177	0.042730299667036696
XRP/USDT	2026-02-11 00:00:00+00:00	(0.1, 0.25)	0.010077186963979417	0.018724985706117782	0.0465980560320184	0.05603201829616926
XRP/USDT	2026-02-12 00:00:00+00:00	(0.5, 0.75)	0.008054567883317529	0.011247369566794911	0.026993686960307597	0.0450620419418038
XRP/USDT	2026-02-13 00:00:00+00:00	(0.25, 0.5)	0.010997067448680443	0.01664222873900289	0.01796187683284455	0.05865102639296192
XRP/USDT	2026-02-14 00:00:00+00:00	(0.1, 0.25)	0.008372357031360887	0.009436639704839002	0.05094366397048396	0.07868596565914573
XRP/USDT	2026-02-15 00:00:00+00:00	(0.25, 0.5)	0.02553897180762851	0.026533996683250436	0.11051409618573803	0.1501824212271973
XRP/USDT	2026-02-16 00:00:00+00:00	(0.5, 0.75)	0.01079549288172189	0.02253559139059449	0.04426152081505978	0.046285675730382565
XRP/USDT	2026-02-17 00:00:00+00:00	(0.1, 0.25)	0.0063214525891056314	0.013584398117014118	0.029253530598520573	0.04586415601882988
XRP/USDT	2026-02-18 00:00:00+00:00	(0.1, 0.25)	0.010759964810177996	0.014549637950869646	0.020843202273803842	0.05691276984502948
XRP/USDT	2026-02-19 00:00:00+00:00	(0.25, 0.5)	0.007967284777550494	0.011281111189452173	0.023267291828245027	0.03955439610801667
XRP/USDT	2026-02-20 00:00:00+00:00	(0.1, 0.25)	0.00693412580485391	0.015283379324984124	0.020448595485742536	0.04344442085898261
XRP/USDT	2026-02-21 00:00:00+00:00	(0.1, 0.25)	0.005822518414591353	0.00975096457383376	0.018589968432129057	0.031146965976850224
XRP/USDT	2026-02-22 00:00:00+00:00	(0.25, 0.5)	0.005946551000419878	0.010493913530152598	0.014271722401007398	0.03714845389673999
XRP/USDT	2026-02-23 00:00:00+00:00	(0.25, 0.5)	0.03363035354987062	0.044337453291175534	0.054541534923828586	0.06805116412762288
XRP/USDT	2026-02-24 00:00:00+00:00	(0.1, 0.25)	0.01164848127396051	0.027794161014450064	0.030300796225302372	0.040695959893836564
XRP/USDT	2026-02-25 00:00:00+00:00	(0.1, 0.25)	0.03275644358612496	0.04404664636410897	0.04404664636410897	0.1137190819282478
XRP/USDT	2026-02-26 00:00:00+00:00	(0.75, 1.0)	0.013980663559852547	0.02330110593308763	0.035334214370174706	0.06009598664533632
XRP/USDT	2026-02-27 00:00:00+00:00	(0.1, 0.25)	0.007709880068532211	0.016990291262135953	0.03355225585379778	0.0625356938892061
XRP/USDT	2026-02-28 00:00:00+00:00	(0.0, 0.05)	0.0066867514145050235	0.009185098096847642	0.07002718789036662	0.09045484605775589
XRP/USDT	2026-03-01 00:00:00+00:00	(0.5, 0.75)	0.010096607830318896	0.04939347715551686	0.04939347715551686	0.07002251761458562
XRP/USDT	2026-03-02 00:00:00+00:00	(0.25, 0.5)	0.019966109187357344	0.019966109187357344	0.03153319089368596	0.06549767921609076
XRP/USDT	2026-03-03 00:00:00+00:00	(0.1, 0.25)	0.009499136442141537	0.019789867587795107	0.03821243523316057	0.042242371905584324
XRP/USDT	2026-03-04 00:00:00+00:00	(0.1, 0.25)	0.007583008171979663	0.018037252447912808	0.05926525804314217	0.09423544136052427
XRP/USDT	2026-03-05 00:00:00+00:00	(0.5, 0.75)	0.008882361169394275	0.014337669604140414	0.03077353476010618	0.0395160162260456
XRP/USDT	2026-03-06 00:00:00+00:00	(0.1, 0.25)	0.003763937220367773	0.011930970811732227	0.02080818123712812	0.048860166181379144
XRP/USDT	2026-03-07 00:00:00+00:00	(0.05, 0.1)	0.0038072924293455074	0.010470054180699942	0.010470054180699942	0.02057402255088594
XRP/USDT	2026-03-08 00:00:00+00:00	(0.0, 0.05)	0.005077636323496877	0.010964750901464357	0.02185591287070429	0.03635293251894907
XRP/USDT	2026-03-09 00:00:00+00:00	(0.25, 0.5)	0.016152934202726767	0.0205245998814464	0.0239330171902786	0.037863070539419195
XRP/USDT	2026-03-10 00:00:00+00:00	(0.25, 0.5)	0.009255858370675213	0.022698890766179498	0.04267979137589072	0.05972232424887986
XRP/USDT	2026-03-11 00:00:00+00:00	(0.05, 0.1)	0.007428241742391444	0.011322659743256922	0.015866147410933232	0.02928025385835855
XRP/USDT	2026-03-12 00:00:00+00:00	(0.0, 0.05)	0.006431100513042784	0.011489269455885399	0.019943637546065356	0.02240046246116043
XRP/USDT	2026-03-13 00:00:00+00:00	(0.5, 0.75)	0.020345296941041608	0.020345296941041608	0.030517945411562414	0.04498889605272598
XRP/USDT	2026-03-14 00:00:00+00:00	(0.1, 0.25)	0.0052978235967925625	0.008018327605956383	0.014891179839633397	0.018470790378006904
XRP/USDT	2026-03-15 00:00:00+00:00	(0.25, 0.5)	0.00511654349061958	0.01293348493462194	0.01350198976691311	0.04462762933484948
XRP/USDT	2026-03-16 00:00:00+00:00	(0.75, 1.0)	0.01068449713931195	0.030536982146549943	0.036878748190528776	0.08196043289446474
XRP/USDT	2026-03-17 00:00:00+00:00	(0.5, 0.75)	0.025333591181589565	0.04692838264681234	0.06742731902275513	0.07277767034100432
XRP/USDT	2026-03-18 00:00:00+00:00	(0.25, 0.5)	0.008633188348490913	0.02141821536839343	0.03789376565177284	0.06952682219586144
XRP/USDT	2026-03-19 00:00:00+00:00	(0.25, 0.5)	0.00458182315530324	0.015933802913218817	0.021199480270806207	0.04089448129658762
XRP/USDT	2026-03-20 00:00:00+00:00	(0.1, 0.25)	0.007367116496832782	0.010809694299091193	0.01590470944643342	0.028711098870834378
XRP/USDT	2026-03-21 00:00:00+00:00	(0.5, 0.75)	0.0047711243258193245	0.004909417784538865	0.011201770156271603	0.04093486378094326
XRP/USDT	2026-03-22 00:00:00+00:00	(0.75, 1.0)	0.01032542903937902	0.01637826675211843	0.02905362102114929	0.03923663034964033
XRP/USDT	2026-03-23 00:00:00+00:00	(0.25, 0.5)	0.010384365760438427	0.013557366409461258	0.059926444075863686	0.07521453811206466
XRP/USDT	2026-03-24 00:00:00+00:00	(0.25, 0.5)	0.008335668254413016	0.01372933594844483	0.019683384701597095	0.034883720930232606
XRP/USDT	2026-03-25 00:00:00+00:00	(0.75, 1.0)	0.009008374973608221	0.01266802730663665	0.02167640228024487	0.0253360546132733
XRP/USDT	2026-03-26 00:00:00+00:00	(0.0, 0.05)	0.0036801132342534275	0.014295824486907286	0.03411181882519464	0.05697098372257609
XRP/USDT	2026-03-27 00:00:00+00:00	(0.5, 0.75)	0.005575935436536925	0.01159207630227442	0.03404255319148936	0.0397652237710932
XRP/USDT	2026-03-28 00:00:00+00:00	(0.05, 0.1)	0.006034547786075286	0.007769480274571906	0.018254507052877723	0.029493852304443034
XRP/USDT	2026-03-29 00:00:00+00:00	(0.25, 0.5)	0.00547595829270112	0.008851549021078714	0.011101942839996944	0.03593128797539557
XRP/USDT	2026-03-30 00:00:00+00:00	(0.5, 0.75)	0.01900309177286789	0.024734182942462983	0.03121936505542576	0.03793077445139884
XRP/USDT	2026-03-31 00:00:00+00:00	(0.25, 0.5)	0.00764167360217901	0.02194143905576162	0.03359309979571763	0.035181962623893455
XRP/USDT	2026-04-01 00:00:00+00:00	(0.1, 0.25)	0.005819592628516025	0.015145862866522409	0.026934268447362547	0.027531149742595056
XRP/USDT	2026-04-02 00:00:00+00:00	(0.1, 0.25)	0.013643778733501389	0.03722378763161799	0.04500963962627909	0.0568737950467151
XRP/USDT	2026-04-03 00:00:00+00:00	(0.25, 0.5)	0.007261724659606696	0.015658093797276975	0.017246596066565926	0.024432677760968226
XRP/USDT	2026-04-04 00:00:00+00:00	(0.0, 0.05)	0.003037205770690967	0.004403948367501919	0.010478359908883853	0.012072892938496603
XRP/USDT	2026-04-05 00:00:00+00:00	(0.0, 0.05)	0.0022831050228309677	0.007458143074581454	0.019406392694063985	0.045662100456621044
XRP/USDT	2026-04-06 00:00:00+00:00	(0.75, 1.0)	0.008998875140607432	0.017247844019497496	0.023772028496437825	0.03412073490813639
XRP/USDT	2026-04-07 00:00:00+00:00	(0.75, 1.0)	0.005665080444142353	0.010197144799456203	0.018808067074552567	0.07651635319888221
XRP/USDT	2026-04-08 00:00:00+00:00	(0.75, 1.0)	0.010908297578357866	0.012653625190895105	0.020507599447312924	0.03701548978256123
XRP/USDT	2026-04-09 00:00:00+00:00	(0.25, 0.5)	0.008425919021698506	0.011259413913951154	0.012079636119603306	0.03564238311833558
XRP/USDT	2026-04-10 00:00:00+00:00	(0.5, 0.75)	0.005279988101435343	0.007585335018963328	0.011675466646835761	0.023202201234476177
XRP/USDT	2026-04-11 00:00:00+00:00	(0.25, 0.5)	0.0027304257988338978	0.0060512139325510925	0.010921703195336082	0.02641871448601583
XRP/USDT	2026-04-12 00:00:00+00:00	(0.5, 0.75)	0.0033266799733866863	0.02254749759739794	0.02254749759739794	0.027056997116877497
XRP/USDT	2026-04-13 00:00:00+00:00	(0.5, 0.75)	0.005346385542168587	0.006927710843373399	0.01362951807228916	0.048644578313253
XRP/USDT	2026-04-14 00:00:00+00:00	(0.75, 1.0)	0.006578466486368042	0.008332724216066133	0.013083838900665175	0.03172282727870761
XRP/USDT	2026-04-15 00:00:00+00:00	(0.1, 0.25)	0.0067577493756427924	0.008447186719553449	0.012119876597620068	0.04282356397825769
XRP/USDT	2026-04-16 00:00:00+00:00	(0.5, 0.75)	0.00841908325537889	0.02093977117363453	0.026552493343887124	0.05749442325681792
XRP/USDT	2026-04-17 00:00:00+00:00	(0.5, 0.75)	0.010576524263790866	0.020392644822341946	0.025369832711184814	0.060486658371353454
XRP/USDT	2026-04-18 00:00:00+00:00	(0.25, 0.5)	0.006572706328770865	0.013280932375660701	0.039097438677327456	0.03984279712698195
XRP/USDT	2026-04-19 00:00:00+00:00	(0.25, 0.5)	0.006413384454513835	0.01045660508888123	0.020913210177762303	0.0391077030324155
XRP/USDT	2026-04-20 00:00:00+00:00	(0.75, 1.0)	0.005642051135552078	0.009284387944579434	0.02656763319525791	0.029638623053849518
XRP/USDT	2026-04-21 00:00:00+00:00	(0.1, 0.25)	0.004764907855090685	0.008688949618106626	0.021372013173568755	0.026907714946394778
XRP/USDT	2026-04-22 00:00:00+00:00	(0.5, 0.75)	0.0036307778243261216	0.016617790811339076	0.023600055858120257	0.02799888283759238
XRP/USDT	2026-04-23 00:00:00+00:00	(0.5, 0.75)	0.010541110330288055	0.01419536191145467	0.01588193956430074	0.022487702037948018
XRP/USDT	2026-04-24 00:00:00+00:00	(0.25, 0.5)	0.004033660198901195	0.012170526462201871	0.015160998678628584	0.01836010849155016
XRP/USDT	2026-04-25 00:00:00+00:00	(0.25, 0.5)	0.0022333891680625987	0.0042573981016192025	0.00621161362367386	0.013260748185371235
XRP/USDT	2026-04-26 00:00:00+00:00	(0.0, 0.05)	0.002038807649043957	0.004288526434195721	0.009701912260967402	0.013076490438695283
XRP/USDT	2026-04-27 00:00:00+00:00	(0.1, 0.25)	0.013434089000839549	0.014903442485306532	0.023789532605653533	0.044080604534005155
XRP/USDT	2026-04-28 00:00:00+00:00	(0.25, 0.5)	0.0035757705785596033	0.008367303153829522	0.014875205606808216	0.0232425087606379
XRP/USDT	2026-04-29 00:00:00+00:00	(0.0, 0.05)	0.004565217391304328	0.009565217391304422	0.021521739130434828	0.04413043478260867
XRP/USDT	2026-04-30 00:00:00+00:00	(0.5, 0.75)	0.010872737886748493	0.012405137186223093	0.018680677174547626	0.018680677174547626
XRP/USDT	2026-05-01 00:00:00+00:00	(0.1, 0.25)	0.0060575098525762466	0.011312217194570186	0.012115019705152493	0.025543716245803472
XRP/USDT	2026-05-02 00:00:00+00:00	(0.25, 0.5)	0.004111664141960642	0.0066363701940417635	0.007141311404457924	0.013777681598499687
XRP/USDT	2026-05-03 00:00:00+00:00	(0.0, 0.05)	0.005174272367948326	0.008120733021918855	0.012288896873877193	0.016385195831836098
XRP/USDT	2026-05-04 00:00:00+00:00	(0.5, 0.75)	0.005475898839974099	0.02428128827725345	0.027379494199870333	0.027379494199870333
XRP/USDT	2026-05-05 00:00:00+00:00	(0.25, 0.5)	0.0054609470431844715	0.01401164043974984	0.014083495006107524	0.022849752101745942
XRP/USDT	2026-05-06 00:00:00+00:00	(0.1, 0.25)	0.0052363430512313	0.012100198131899317	0.03538069629210306	0.03538069629210306
XRP/USDT	2026-05-07 00:00:00+00:00	(0.1, 0.25)	0.007447481205648804	0.01398159207475587	0.01398159207475587	0.030351998875851827
XRP/USDT	2026-05-08 00:00:00+00:00	(0.1, 0.25)	0.004824656153236789	0.007417008713184976	0.010585439619788405	0.03542881831929152
XRP/USDT	2026-05-09 00:00:00+00:00	(0.25, 0.5)	0.008736085670001385	0.011624630125405072	0.012470057770889142	0.016697195998309183
XRP/USDT	2026-05-10 00:00:00+00:00	(0.0, 0.05)	0.0057002111189303276	0.0074595355383533886	0.013370865587614446	0.06776917663617174
XRP/USDT	2026-05-11 00:00:00+00:00	(0.75, 1.0)	0.012042454755749115	0.02047897673152811	0.02047897673152811	0.0331337596951966
XRP/USDT	2026-05-12 00:00:00+00:00	(0.25, 0.5)	0.006424996618422726	0.019072095225213043	0.027593669687542236	0.04497497632895983
XRP/USDT	2026-05-13 00:00:00+00:00	(0.1, 0.25)	0.00912701177454183	0.013864697275830857	0.023967114888873396	0.0404793422977775
XRP/USDT	2026-05-14 00:00:00+00:00	(0.25, 0.5)	0.004478969836937477	0.010077682133109363	0.013226957799706009	0.09013926796836728
XRP/USDT	2026-05-15 00:00:00+00:00	(0.75, 1.0)	0.006292255171028901	0.01619921012115938	0.03132739808554786	0.048664569248276314
XRP/USDT	2026-05-16 00:00:00+00:00	(0.05, 0.1)	0.003895923194657054	0.005913454849032943	0.03172394601363579	0.03172394601363579
XRP/USDT	2026-05-17 00:00:00+00:00	(0.0, 0.05)	0.0070736365565537305	0.010964136662658322	0.019098818702695152	0.04074414656574952
XRP/USDT	2026-05-18 00:00:00+00:00	(0.75, 1.0)	0.005375958712636972	0.0128306214608272	0.01906673356748617	0.027883305856211137
XRP/USDT	2026-05-19 00:00:00+00:00	(0.25, 0.5)	0.00516870064608749	0.014142139267767445	0.020961952620244	0.032017229002153605
XRP/USDT	2026-05-20 00:00:00+00:00	(0.1, 0.25)	0.006119138897080488	0.009215570628133425	0.02042170451194342	0.024329106458272
XRP/USDT	2026-05-21 00:00:00+00:00	(0.25, 0.5)	0.007740616328318931	0.01263327004527521	0.017160800350518368	0.025558638819921237
XRP/USDT	2026-05-22 00:00:00+00:00	(0.25, 0.5)	0.00343140833759212	0.007592903555523082	0.015258815799080032	0.033583996495582844
XRP/USDT	2026-05-23 00:00:00+00:00	(0.25, 0.5)	0.00885354141656665	0.011404561824729969	0.030387154861944765	0.05574729891956785
XRP/USDT	2026-05-24 00:00:00+00:00	(0.75, 1.0)	0.004122193595877679	0.004122193595877679	0.011777695988222314	0.02826647037173352
XRP/USDT	2026-05-25 00:00:00+00:00	(0.5, 0.75)	0.004139256412151546	0.009756818685786163	0.016335279769384294	0.016409195062458422
XRP/USDT	2026-05-26 00:00:00+00:00	(0.25, 0.5)	0.01088969553300256	0.011630491147492442	0.018742129046595953	0.02837247203496555
XRP/USDT	2026-05-27 00:00:00+00:00	(0.05, 0.1)	0.0030790027035145634	0.005106638630219223	0.012240913187143274	0.03033944127365575
XRP/USDT	2026-05-28 00:00:00+00:00	(0.75, 1.0)	0.003980708872387561	0.031233254229503137	0.03345326494679618	0.054198882339431965
XRP/USDT	2026-05-29 00:00:00+00:00	(0.25, 0.5)	0.00469661389288689	0.01265055677600177	0.017953185364744967	0.029694720096962442
XRP/USDT	2026-05-30 00:00:00+00:00	(0.5, 0.75)	0.021998648547188138	0.027029056235453135	0.027029056235453135	0.027029056235453135
XRP/USDT	2026-05-31 00:00:00+00:00	(0.5, 0.75)	0.0033589609614092324	0.007389714115100411	0.010300813614988457	0.020452340076136517
XRP/USDT	2026-06-01 00:00:00+00:00	(0.5, 0.75)	0.007795517577392972	0.016415561052394896	0.03388051870174642	0.046323364065662134
XRP/USDT	2026-06-02 00:00:00+00:00	(0.25, 0.5)	0.007342711392796463	0.02048230020095839	0.028984387076827843	0.07721440717266956
XRP/USDT	2026-06-03 00:00:00+00:00	(0.75, 1.0)	0.007288510359511839	0.03447711080173616	0.048562771271804216	0.05101957251658342
XRP/USDT	2026-06-04 00:00:00+00:00	(0.75, 1.0)	0.01805981277441806	0.058818656283655	0.05906718581724788	0.05906718581724788
XRP/USDT	2026-06-05 00:00:00+00:00	(0.75, 1.0)	0.020341601579263627	0.038279975967728065	0.07304094069178607	0.09089348553772217
XRP/USDT	2026-06-06 00:00:00+00:00	(0.75, 1.0)	0.012653651482284898	0.03994938539407088	0.05811641359363704	0.05811641359363704
XRP/USDT	2026-06-07 00:00:00+00:00	(0.5, 0.75)	0.01447549244159417	0.03298213467704996	0.07475950526797975	0.0763169949610627
XRP/USDT	2026-06-08 00:00:00+00:00	(0.75, 1.0)	0.016077170418006395	0.021899713218041093	0.031111497349439517	0.04753628226297053
XRP/USDT	2026-06-09 00:00:00+00:00	(0.5, 0.75)	0.01671094352558066	0.02408089810609308	0.02879424115176971	0.04987573913788673
XRP/USDT	2026-06-10 00:00:00+00:00	(0.1, 0.25)	0.010189739985945233	0.020467322557976193	0.03460997891777943	0.044272663387210115
XRP/USDT	2026-06-11 00:00:00+00:00	(0.25, 0.5)	0.007000636421492899	0.02200200018183471	0.023911264660423665	0.04600418219838165
XRP/USDT	2026-06-12 00:00:00+00:00	(0.25, 0.5)	0.0056046939311673195	0.012347841317103076	0.021367895612575512	0.027673176285138674
XRP/USDT	2026-06-13 00:00:00+00:00	(0.05, 0.1)	0.0046753705010584515	0.008909668313338037	0.01737826393789701	0.027434721242060804
XRP/USDT	2026-06-14 00:00:00+00:00	(0.1, 0.25)	0.004525674499564727	0.007136640557006079	0.013315926892950471	0.053959965187119284
XRP/USDT	2026-06-15 00:00:00+00:00	(0.75, 1.0)	0.008078767987881706	0.01329630564672224	0.047967684928048426	0.09736598502061782
XRP/USDT	2026-06-16 00:00:00+00:00	(0.75, 1.0)	0.008946562424437907	0.023293302168131014	0.03070847102442172	0.040864028371080816
XRP/USDT	2026-06-17 00:00:00+00:00	(0.05, 0.1)	0.0041098142363964274	0.016439256945586074	0.03287851389117215	0.04668748972546438
XRP/USDT	2026-06-18 00:00:00+00:00	(0.25, 0.5)	0.004709840201850149	0.017409587888982288	0.025904121110176564	0.04995794785534054
XRP/USDT	2026-06-19 00:00:00+00:00	(0.25, 0.5)	0.0069887306717917414	0.017471826679479354	0.02786756355376958	0.029964182755307062
XRP/USDT	2026-06-20 00:00:00+00:00	(0.1, 0.25)	0.00553408292340124	0.005885453267744139	0.016690091356289447	0.01914968376668993
XRP/USDT	2026-06-21 00:00:00+00:00	(0.25, 0.5)	0.00313234142521539	0.004611502653789142	0.011659270860523865	0.026972940050465428
XRP/USDT	2026-06-22 00:00:00+00:00	(0.5, 0.75)	0.012315052715513444	0.02117480287055888	0.02117480287055888	0.037476743155843005
XRP/USDT	2026-06-23 00:00:00+00:00	(0.1, 0.25)	0.006542882404951239	0.010167992926613478	0.034748010610079476	0.037046861184792064
XRP/USDT	2026-06-24 00:00:00+00:00	(0.25, 0.5)	0.004853932584269727	0.013303370786516786	0.028404494382022336	0.06085393258426954
XRP/USDT	2026-06-25 00:00:00+00:00	(0.5, 0.75)	0.005482761825109206	0.008549391320509336	0.020351268469473126	0.07220518539169231
XRP/USDT	2026-06-26 00:00:00+00:00	(0.5, 0.75)	0.008322969482445165	0.03549220319525487	0.041806180044006366	0.04458050320482156
XRP/USDT	2026-06-27 00:00:00+00:00	(0.1, 0.25)	0.006565800742220865	0.02188600247406976	0.02188600247406976	0.03197259491864124
XRP/USDT	2026-06-28 00:00:00+00:00	(0.25, 0.5)	0.005147759771210534	0.007626310772163973	0.016396568160152416	0.024594852240228622
XRP/USDT	2026-06-29 00:00:00+00:00	(0.25, 0.5)	0.014041455726430353	0.02273378546183976	0.03257235648103928	0.04260196771420382
DOGE/USDT	2025-01-01 00:00:00+00:00	(0.0, 0.05)	0.012147915027537468	0.012147915027537468	0.03005507474429584	0.04890637293469709
DOGE/USDT	2025-01-02 00:00:00+00:00	(0.05, 0.1)	0.04180350511034045	0.04180350511034045	0.06058745894846684	0.06058745894846684
DOGE/USDT	2025-01-03 00:00:00+00:00	(0.05, 0.1)	0.011080905383842491	0.020359316825246755	0.04987884876780334	0.15793983807103598
DOGE/USDT	2025-01-04 00:00:00+00:00	(0.5, 0.75)	0.014526956156912078	0.04677994545835962	0.04719949653870363	0.05857981959303552
DOGE/USDT	2025-01-05 00:00:00+00:00	(0.75, 1.0)	0.01672984584281025	0.02539802880970433	0.044781400050543374	0.05741723527925201
DOGE/USDT	2025-01-06 00:00:00+00:00	(0.0, 0.05)	0.01730749028259267	0.03587561718667929	0.03587561718667929	0.051344679062926814
DOGE/USDT	2025-01-07 00:00:00+00:00	(0.1, 0.25)	0.013134420973705234	0.03125888771104271	0.041600951469865796	0.13232670579414124
DOGE/USDT	2025-01-08 00:00:00+00:00	(0.25, 0.5)	0.01221074203740078	0.029772578487462002	0.047220561864913316	0.08863461702672702
DOGE/USDT	2025-01-09 00:00:00+00:00	(0.75, 1.0)	0.015719326897838976	0.028113972410977232	0.061564933360553006	0.09495756656653731
DOGE/USDT	2025-01-10 00:00:00+00:00	(0.25, 0.5)	0.009265858873841746	0.02417180575784801	0.05534723728655982	0.05630791161796157
DOGE/USDT	2025-01-11 00:00:00+00:00	(0.05, 0.1)	0.010193679918450603	0.012862025544162667	0.030341188463152733	0.05579540684775427
DOGE/USDT	2025-01-12 00:00:00+00:00	(0.5, 0.75)	0.00723699694045663	0.010649564603436138	0.027506472111085034	0.03491998117204062
DOGE/USDT	2025-01-13 00:00:00+00:00	(0.5, 0.75)	0.029636455515591034	0.04658006599090384	0.09333848577628484	0.10876608899854331
DOGE/USDT	2025-01-14 00:00:00+00:00	(0.75, 1.0)	0.02772984230883664	0.028473668551026548	0.058911038381434216	0.07839928592680762
DOGE/USDT	2025-01-15 00:00:00+00:00	(0.1, 0.25)	0.015666236172721584	0.026531529002189944	0.046381043292717264	0.1108147565837498
DOGE/USDT	2025-01-16 00:00:00+00:00	(0.5, 0.75)	0.023311182041755987	0.023311182041755987	0.03835487415624511	0.059128250745643894
DOGE/USDT	2025-01-17 00:00:00+00:00	(0.5, 0.75)	0.008535906476155132	0.03719216393181875	0.11610953529676857	0.1335259655912839
DOGE/USDT	2025-01-18 00:00:00+00:00	(0.25, 0.5)	0.02991744478679119	0.06846673095467701	0.11884657901545269	0.11884657901545269
DOGE/USDT	2025-01-19 00:00:00+00:00	(0.25, 0.5)	0.016131864823502966	0.032539702451140365	0.12832735392257716	0.15840838957324577
DOGE/USDT	2025-01-20 00:00:00+00:00	(0.75, 1.0)	0.03442627580558609	0.061566268462820144	0.11796435934366961	0.11796435934366961
DOGE/USDT	2025-01-21 00:00:00+00:00	(0.5, 0.75)	0.035418194123286784	0.04802323614009359	0.19203654616208898	0.19203654616208898
DOGE/USDT	2025-01-22 00:00:00+00:00	(0.75, 1.0)	0.0140700808625337	0.018894878706199505	0.04059299191374668	0.050512129380054005
DOGE/USDT	2025-01-23 00:00:00+00:00	(0.25, 0.5)	0.013956945438528929	0.035208941254198	0.0475692341573529	0.06152617959588168
DOGE/USDT	2025-01-24 00:00:00+00:00	(0.5, 0.75)	0.013650712396553112	0.026106987458408046	0.06236669226175243	0.06236669226175243
DOGE/USDT	2025-01-25 00:00:00+00:00	(0.5, 0.75)	0.01332149200710476	0.024608949750759144	0.02472354323039011	0.04646765599037418
DOGE/USDT	2025-01-26 00:00:00+00:00	(0.1, 0.25)	0.004936251833464893	0.012975290533679322	0.024060701793975056	0.07638497122870373
DOGE/USDT	2025-01-27 00:00:00+00:00	(0.75, 1.0)	0.0231364002746514	0.03239096038451196	0.09135146431023679	0.09762068244917457
DOGE/USDT	2025-01-28 00:00:00+00:00	(0.75, 1.0)	0.014843517138599058	0.021520119225037267	0.029299552906110297	0.07195230998509686
DOGE/USDT	2025-01-29 00:00:00+00:00	(0.75, 1.0)	0.01695496337852579	0.030606202275206468	0.04419510674770132	0.05666199158485282
DOGE/USDT	2025-01-30 00:00:00+00:00	(0.5, 0.75)	0.020341816830763405	0.035977459904637944	0.036256114929717004	0.052015604681404363
DOGE/USDT	2025-01-31 00:00:00+00:00	(0.1, 0.25)	0.007931462476916888	0.019223201041382757	0.020313020313020295	0.05542941906578268
DOGE/USDT	2025-02-01 00:00:00+00:00	(0.25, 0.5)	0.00806573880348099	0.016889535765183962	0.03647775857363772	0.08790442402741143
DOGE/USDT	2025-02-02 00:00:00+00:00	(0.75, 1.0)	0.013408109327660662	0.057339005994971874	0.0850576935473473	0.2090504737961709
DOGE/USDT	2025-02-03 00:00:00+00:00	(0.75, 1.0)	0.07469668733122892	0.2334841973148748	0.2334841973148748	0.3467462822804549
DOGE/USDT	2025-02-04 00:00:00+00:00	(0.75, 1.0)	0.019937519744462645	0.03629471023903949	0.1157990803468004	0.11846677665063711
DOGE/USDT	2025-02-05 00:00:00+00:00	(0.75, 1.0)	0.01758175135462839	0.02349285741351212	0.02902504641733925	0.059906786404456035
DOGE/USDT	2025-02-06 00:00:00+00:00	(0.25, 0.5)	0.014669357342440256	0.022392114250232836	0.0428438373176032	0.09011176653213272
DOGE/USDT	2025-02-07 00:00:00+00:00	(0.25, 0.5)	0.016245198463508467	0.02580825864276584	0.03985275288092199	0.09250960307298337
DOGE/USDT	2025-02-08 00:00:00+00:00	(0.75, 1.0)	0.012725730214519396	0.015594069405728607	0.022300327233062647	0.03918716923201234
DOGE/USDT	2025-02-09 00:00:00+00:00	(0.0, 0.05)	0.010139015406550782	0.03184284526119843	0.03184284526119843	0.08020119608697382
DOGE/USDT	2025-02-10 00:00:00+00:00	(0.75, 1.0)	0.018180371563830174	0.04761904761904766	0.04761904761904766	0.059474082030472976
DOGE/USDT	2025-02-11 00:00:00+00:00	(0.05, 0.1)	0.013819487820112381	0.019480012492192358	0.05730793254216125	0.08568863210493452
DOGE/USDT	2025-02-12 00:00:00+00:00	(0.25, 0.5)	0.013051021212838243	0.021015692768709095	0.03308098730384031	0.08173645611544841
DOGE/USDT	2025-02-13 00:00:00+00:00	(0.25, 0.5)	0.009682461022376557	0.01883124309076354	0.04299927572141942	0.05279609651965072
DOGE/USDT	2025-02-14 00:00:00+00:00	(0.5, 0.75)	0.01736403273923349	0.01736403273923349	0.05488411229251118	0.09936510364874168
DOGE/USDT	2025-02-15 00:00:00+00:00	(0.5, 0.75)	0.014227418109628472	0.04874820778647842	0.04874820778647842	0.05532884820410997
DOGE/USDT	2025-02-16 00:00:00+00:00	(0.1, 0.25)	0.008679661640308839	0.019087899963221674	0.02467819051121734	0.03949981610886345
DOGE/USDT	2025-02-17 00:00:00+00:00	(0.05, 0.1)	0.00799185735288578	0.01677536095299112	0.03886606099445842	0.05714931956120161
DOGE/USDT	2025-02-18 00:00:00+00:00	(0.25, 0.5)	0.008986674930275754	0.015261853114347688	0.04981406879454595	0.06867833901456459
DOGE/USDT	2025-02-19 00:00:00+00:00	(0.25, 0.5)	0.010398406374501996	0.018326693227091604	0.02629482071713145	0.026852589641434135
DOGE/USDT	2025-02-20 00:00:00+00:00	(0.25, 0.5)	0.01250980392156873	0.01250980392156873	0.020078431372549072	0.030196078431372488
DOGE/USDT	2025-02-21 00:00:00+00:00	(0.25, 0.5)	0.009181511418033465	0.013497606529074783	0.026092756807659066	0.10574433022051336
DOGE/USDT	2025-02-22 00:00:00+00:00	(0.5, 0.75)	0.016533087155385838	0.025512987285468518	0.029457429398682382	0.04028366413495026
DOGE/USDT	2025-02-23 00:00:00+00:00	(0.0, 0.05)	0.00634146341463417	0.014715447154471482	0.01808943089430887	0.029186991869918667
DOGE/USDT	2025-02-24 00:00:00+00:00	(0.1, 0.25)	0.012956660789700373	0.06523432695067452	0.07175365943663134	0.16474640206650548
DOGE/USDT	2025-02-25 00:00:00+00:00	(0.75, 1.0)	0.04703236530751926	0.04703236530751926	0.09010462501222256	0.09328248753300095
DOGE/USDT	2025-02-26 00:00:00+00:00	(0.75, 1.0)	0.015153667661126148	0.027323957001468	0.027608088270114135	0.08519202538239336
DOGE/USDT	2025-02-27 00:00:00+00:00	(0.75, 1.0)	0.016913319238900628	0.03048330793057678	0.05201828998475838	0.05201828998475838
DOGE/USDT	2025-02-28 00:00:00+00:00	(0.5, 0.75)	0.00795653017659617	0.09795264894236373	0.12250145546283715	0.12250145546283715
DOGE/USDT	2025-03-01 00:00:00+00:00	(0.1, 0.25)	0.01720472635586103	0.04325901023384589	0.04775794729816583	0.04775794729816583
DOGE/USDT	2025-03-02 00:00:00+00:00	(0.25, 0.5)	0.012972500242930743	0.018608492857836945	0.0255077251967739	0.19672529394616653
DOGE/USDT	2025-03-03 00:00:00+00:00	(0.75, 1.0)	0.01640595192674557	0.052863622875068926	0.09635847216923142	0.18987663741574462
DOGE/USDT	2025-03-04 00:00:00+00:00	(0.5, 0.75)	0.028812965834625517	0.07928567855534992	0.07928567855534992	0.09769396228302732
DOGE/USDT	2025-03-05 00:00:00+00:00	(0.25, 0.5)	0.01278708253936414	0.036355430749172635	0.05285327449603849	0.05285327449603849
DOGE/USDT	2025-03-06 00:00:00+00:00	(0.0, 0.05)	0.011720857240939646	0.03751655141974396	0.08680300132411355	0.10293757049678784
DOGE/USDT	2025-03-07 00:00:00+00:00	(0.25, 0.5)	0.059691880913459186	0.059691880913459186	0.07613810868380638	0.09164313667211567
DOGE/USDT	2025-03-08 00:00:00+00:00	(0.75, 1.0)	0.01620802827568805	0.028326180257510748	0.03948497854077264	0.04933097702600354
DOGE/USDT	2025-03-09 00:00:00+00:00	(0.25, 0.5)	0.008357558139534885	0.025228405315614634	0.05621885382059804	0.14996885382059813
DOGE/USDT	2025-03-10 00:00:00+00:00	(0.5, 0.75)	0.04667576063104214	0.05658027400510065	0.09702864598778253	0.18118735543562062
DOGE/USDT	2025-03-11 00:00:00+00:00	(0.5, 0.75)	0.07894736842105263	0.08875128998968004	0.12861197110423106	0.16653766769865827
DOGE/USDT	2025-03-12 00:00:00+00:00	(0.25, 0.5)	0.01554907677356661	0.05047376093294467	0.060799319727891266	0.0889212827988339
DOGE/USDT	2025-03-13 00:00:00+00:00	(0.25, 0.5)	0.013582837822082305	0.017605223271540297	0.037775445960126	0.06540748513466252
DOGE/USDT	2025-03-14 00:00:00+00:00	(0.5, 0.75)	0.015480437806131746	0.02787688214307313	0.033379694019471474	0.06881538368506986
DOGE/USDT	2025-03-15 00:00:00+00:00	(0.25, 0.5)	0.008658763365876286	0.016678289167828982	0.022780102278010268	0.03864481636448157
DOGE/USDT	2025-03-16 00:00:00+00:00	(0.1, 0.25)	0.008594194649971607	0.022196926579396783	0.05697211155378497	0.06346044393853172
DOGE/USDT	2025-03-17 00:00:00+00:00	(0.1, 0.25)	0.01842198791612369	0.030031986731429875	0.03779173083757847	0.04531453619239421
DOGE/USDT	2025-03-18 00:00:00+00:00	(0.1, 0.25)	0.01796997275520271	0.036287751434699526	0.04538867312039884	0.060518230827198455
DOGE/USDT	2025-03-19 00:00:00+00:00	(0.25, 0.5)	0.00958447434218343	0.01637099654720785	0.02952732468150966	0.07387784260030943
DOGE/USDT	2025-03-20 00:00:00+00:00	(0.5, 0.75)	0.016662938939834393	0.02309326772534106	0.044397226571236875	0.06866472824871385
DOGE/USDT	2025-03-21 00:00:00+00:00	(0.0, 0.05)	0.01151518712179083	0.016156512543328845	0.03231302508665769	0.04053815874507971
DOGE/USDT	2025-03-22 00:00:00+00:00	(0.1, 0.25)	0.009131057531630482	0.009966579135831804	0.014144187156839242	0.019157316782048166
DOGE/USDT	2025-03-23 00:00:00+00:00	(0.25, 0.5)	0.004544639119775058	0.010524427435268695	0.030257728876397664	0.0340847933983136
DOGE/USDT	2025-03-24 00:00:00+00:00	(0.1, 0.25)	0.019507663725034846	0.02595215977705528	0.03959591267998138	0.10682768230376219
DOGE/USDT	2025-03-25 00:00:00+00:00	(0.5, 0.75)	0.020477256593676642	0.038824878501610906	0.038824878501610906	0.06978649047124987
DOGE/USDT	2025-03-26 00:00:00+00:00	(0.1, 0.25)	0.02619097807757168	0.033147133220910716	0.08531829679595283	0.08531829679595283
DOGE/USDT	2025-03-27 00:00:00+00:00	(0.25, 0.5)	0.02134444273003145	0.04042586020675825	0.041454508049169426	0.06629635344339872
DOGE/USDT	2025-03-28 00:00:00+00:00	(0.25, 0.5)	0.016785808842997123	0.02822345777071751	0.07392110140323008	0.08308181096108012
DOGE/USDT	2025-03-29 00:00:00+00:00	(0.25, 0.5)	0.010962979286029044	0.042089026002644386	0.07888937858087264	0.09304759806081984
DOGE/USDT	2025-03-30 00:00:00+00:00	(0.1, 0.25)	0.018328144275392186	0.026669799682782214	0.026669799682782214	0.04687775362744531
DOGE/USDT	2025-03-31 00:00:00+00:00	(0.5, 0.75)	0.026860123508603537	0.03207626356496189	0.048264284429522165	0.05000299778164167
DOGE/USDT	2025-04-01 00:00:00+00:00	(0.1, 0.25)	0.011916167664670775	0.023053892215568982	0.05497005988023965	0.05838323353293418
DOGE/USDT	2025-04-02 00:00:00+00:00	(0.25, 0.5)	0.01656087709174832	0.022850548182342705	0.03496826312752442	0.10490478938257358
DOGE/USDT	2025-04-03 00:00:00+00:00	(0.75, 1.0)	0.0156934306569343	0.01727493917274945	0.048905109489051045	0.0735401459854014
DOGE/USDT	2025-04-04 00:00:00+00:00	(0.5, 0.75)	0.009811786485652627	0.020610922554767108	0.04689910521443996	0.07923480407281697
DOGE/USDT	2025-04-05 00:00:00+00:00	(0.25, 0.5)	0.011850982692871938	0.014080375476679457	0.021355236139630418	0.03285420944558534
DOGE/USDT	2025-04-06 00:00:00+00:00	(0.0, 0.05)	0.0074161969741916405	0.018392168495995204	0.03832690596262233	0.14369623257193706
DOGE/USDT	2025-04-07 00:00:00+00:00	(0.75, 1.0)	0.026684819605173632	0.07719537100068066	0.14751531654186517	0.16480599046970734
DOGE/USDT	2025-04-08 00:00:00+00:00	(0.75, 1.0)	0.02410761854022366	0.04282099094299408	0.06786094832178995	0.10635322322855612
DOGE/USDT	2025-04-09 00:00:00+00:00	(0.25, 0.5)	0.03770812928501473	0.049951028403526006	0.08206240380579276	0.19427731915489027
DOGE/USDT	2025-04-10 00:00:00+00:00	(0.5, 0.75)	0.020520866018198903	0.03966112331346089	0.03966112331346089	0.0695952306244116
DOGE/USDT	2025-04-11 00:00:00+00:00	(0.1, 0.25)	0.011064380459398363	0.027952119055322022	0.0440634098997089	0.059462956971853796
DOGE/USDT	2025-04-12 00:00:00+00:00	(0.1, 0.25)	0.006215859860613995	0.013373516669805947	0.04376216487725249	0.07383688076850627
DOGE/USDT	2025-04-13 00:00:00+00:00	(0.25, 0.5)	0.013590844062947093	0.020982355746304217	0.031115879828326195	0.045720076299475505
DOGE/USDT	2025-04-14 00:00:00+00:00	(0.5, 0.75)	0.01693779321269728	0.03460671418997148	0.04246633765917263	0.0751233778102724
DOGE/USDT	2025-04-15 00:00:00+00:00	(0.25, 0.5)	0.012991128010139394	0.023764258555132926	0.024207858048162167	0.055133079847908655
DOGE/USDT	2025-04-16 00:00:00+00:00	(0.25, 0.5)	0.014460511679643982	0.025256821304717677	0.029706209513839014	0.04717660145259453
DOGE/USDT	2025-04-17 00:00:00+00:00	(0.5, 0.75)	0.009496737515343362	0.019574907939789422	0.024549389495445426	0.04186316945539108
DOGE/USDT	2025-04-18 00:00:00+00:00	(0.1, 0.25)	0.010562926703593987	0.01172227231740299	0.016874919489887823	0.034651552234960685
DOGE/USDT	2025-04-19 00:00:00+00:00	(0.0, 0.05)	0.006293706293706236	0.02002542911633812	0.02517482517482512	0.02924348378893829
DOGE/USDT	2025-04-20 00:00:00+00:00	(0.0, 0.05)	0.0055770327650674426	0.014196083401989934	0.043475505418594365	0.04512326509918255
DOGE/USDT	2025-04-21 00:00:00+00:00	(0.25, 0.5)	0.02903391572456318	0.03667780061664949	0.04599177800616649	0.050680883864337146
DOGE/USDT	2025-04-22 00:00:00+00:00	(0.0, 0.05)	0.018425355301220074	0.03238586341340722	0.04848446736259604	0.1433153062507861
DOGE/USDT	2025-04-23 00:00:00+00:00	(0.75, 1.0)	0.034014362856983824	0.034014362856983824	0.03601848243611871	0.05867616767800475
DOGE/USDT	2025-04-24 00:00:00+00:00	(0.05, 0.1)	0.02154569365941011	0.0409088365325423	0.0535564385248195	0.07554983490962008
DOGE/USDT	2025-04-25 00:00:00+00:00	(0.25, 0.5)	0.019033997139399225	0.039993398613708875	0.042248872263175224	0.04813510837275832
DOGE/USDT	2025-04-26 00:00:00+00:00	(0.1, 0.25)	0.019224485350179597	0.051955124714083395	0.0658969611153469	0.06998148349852958
DOGE/USDT	2025-04-27 00:00:00+00:00	(0.1, 0.25)	0.011639398265070731	0.032612276271000336	0.038431975403535774	0.038431975403535774
DOGE/USDT	2025-04-28 00:00:00+00:00	(0.5, 0.75)	0.015461599010457678	0.034802653772630164	0.05054537276509614	0.05054537276509614
DOGE/USDT	2025-04-29 00:00:00+00:00	(0.05, 0.1)	0.015529517295509304	0.022257106015585587	0.022257106015585587	0.046756741604529986
DOGE/USDT	2025-04-30 00:00:00+00:00	(0.75, 1.0)	0.01065830721003125	0.01858079224850392	0.02336848104873179	0.05642633228840121
DOGE/USDT	2025-05-01 00:00:00+00:00	(0.25, 0.5)	0.009789156626506007	0.01830398517145503	0.043964318813716326	0.06423772011121402
DOGE/USDT	2025-05-02 00:00:00+00:00	(0.1, 0.25)	0.015093502025414793	0.0258587203817768	0.029299150990511107	0.029299150990511107
DOGE/USDT	2025-05-03 00:00:00+00:00	(0.1, 0.25)	0.008303090289233539	0.01226217969866936	0.02705377763114488	0.038161222918728706
DOGE/USDT	2025-05-04 00:00:00+00:00	(0.1, 0.25)	0.009712597977962156	0.015392479836419348	0.02323071680109044	0.042826309212768324
DOGE/USDT	2025-05-05 00:00:00+00:00	(0.5, 0.75)	0.0055581558623918	0.019950854200795835	0.03691785630704429	0.037327404633746765
DOGE/USDT	2025-05-06 00:00:00+00:00	(0.25, 0.5)	0.0075628774110336715	0.024916456586738606	0.03892829923198691	0.049246643606730485
DOGE/USDT	2025-05-07 00:00:00+00:00	(0.75, 1.0)	0.010251361056411407	0.02461484999420829	0.02461484999420829	0.031507007992586586
DOGE/USDT	2025-05-08 00:00:00+00:00	(0.5, 0.75)	0.019919855973053117	0.05807538184563568	0.08066670538358797	0.15657122945583374
DOGE/USDT	2025-05-09 00:00:00+00:00	(0.75, 1.0)	0.01051449571253576	0.023223764801959975	0.10978971008574928	0.10978971008574928
DOGE/USDT	2025-05-10 00:00:00+00:00	(0.05, 0.1)	0.027409842405491543	0.03611137967707617	0.133133520255245	0.27235811660059933
DOGE/USDT	2025-05-11 00:00:00+00:00	(0.75, 1.0)	0.0514285714285714	0.08544217687074819	0.11556851311953345	0.13725947521865883
DOGE/USDT	2025-05-12 00:00:00+00:00	(0.25, 0.5)	0.03768822724161527	0.049666324435318196	0.09873374401095147	0.14245379876796724
DOGE/USDT	2025-05-13 00:00:00+00:00	(0.75, 1.0)	0.023853291316526658	0.052170868347339	0.05527836134453783	0.1126137955182073
DOGE/USDT	2025-05-14 00:00:00+00:00	(0.25, 0.5)	0.015633468128569656	0.0392295826906241	0.06566056613999255	0.08112727727519074
DOGE/USDT	2025-05-15 00:00:00+00:00	(0.1, 0.25)	0.011958657213632857	0.03899376441445289	0.06299649782181595	0.0983172460920816
DOGE/USDT	2025-05-16 00:00:00+00:00	(0.5, 0.75)	0.018331598243787744	0.04209478115240123	0.055040057936903114	0.0587516407912008
DOGE/USDT	2025-05-17 00:00:00+00:00	(0.5, 0.75)	0.023643323575771244	0.03751407340689036	0.03751407340689036	0.05111461382571492
DOGE/USDT	2025-05-18 00:00:00+00:00	(0.25, 0.5)	0.009954877424756958	0.014188026236219124	0.0519142205889194	0.11057356840489377
DOGE/USDT	2025-05-19 00:00:00+00:00	(0.75, 1.0)	0.032309413181896354	0.06337119256582341	0.08049389089657548	0.08156943727413528
DOGE/USDT	2025-05-20 00:00:00+00:00	(0.1, 0.25)	0.02062994213014083	0.031717983831779796	0.053319786190749646	0.05795821001016033
DOGE/USDT	2025-05-21 00:00:00+00:00	(0.25, 0.5)	0.01629812351334688	0.029204475376618785	0.04246321909963872	0.06814377587877725
DOGE/USDT	2025-05-22 00:00:00+00:00	(0.75, 1.0)	0.0257214288741048	0.03699309292766649	0.0423323022161956	0.047756260858510965
DOGE/USDT	2025-05-23 00:00:00+00:00	(0.75, 1.0)	0.020387442634934916	0.04410510498314599	0.09816025667059264	0.12740121025057888
DOGE/USDT	2025-05-24 00:00:00+00:00	(0.75, 1.0)	0.011467384113262433	0.01984739558064648	0.021391081903585733	0.029594672076919657
DOGE/USDT	2025-05-25 00:00:00+00:00	(0.1, 0.25)	0.02588423012144319	0.029385692757734356	0.039668469107348704	0.0460508820140059
DOGE/USDT	2025-05-26 00:00:00+00:00	(0.75, 1.0)	0.019343049427285333	0.02023443419351958	0.031465882248072424	0.035031421313009785
DOGE/USDT	2025-05-27 00:00:00+00:00	(0.1, 0.25)	0.023470243084660482	0.03295539771473938	0.04261702033793621	0.05519036484757574
DOGE/USDT	2025-05-28 00:00:00+00:00	(0.25, 0.5)	0.014754244067193981	0.021464758688116616	0.03084170295973692	0.049195627055372844
DOGE/USDT	2025-05-29 00:00:00+00:00	(0.25, 0.5)	0.021285286375601342	0.034809839339202966	0.034809839339202966	0.06335663066170463
DOGE/USDT	2025-05-30 00:00:00+00:00	(0.25, 0.5)	0.07342932543173301	0.07342932543173301	0.07342932543173301	0.11977406361405624
DOGE/USDT	2025-05-31 00:00:00+00:00	(0.75, 1.0)	0.031556436469851866	0.04704777800959733	0.04704777800959733	0.05195076152722719
DOGE/USDT	2025-06-01 00:00:00+00:00	(0.1, 0.25)	0.00589308996088653	0.021694915254237272	0.030508474576271156	0.044067796610169414
DOGE/USDT	2025-06-02 00:00:00+00:00	(0.25, 0.5)	0.01136363636363626	0.027221074380165276	0.030578512396694117	0.04266528925619844
DOGE/USDT	2025-06-03 00:00:00+00:00	(0.75, 1.0)	0.010025445292620862	0.030025445292620807	0.036793893129770924	0.04631043256997454
DOGE/USDT	2025-06-04 00:00:00+00:00	(0.5, 0.75)	0.015788383890671897	0.025882596542085128	0.025882596542085128	0.05186872347033855
DOGE/USDT	2025-06-05 00:00:00+00:00	(0.1, 0.25)	0.011914893617021234	0.018191489361702014	0.018191489361702014	0.13021276595744682
DOGE/USDT	2025-06-06 00:00:00+00:00	(0.75, 1.0)	0.01585903083700445	0.03541850220264321	0.05151248164464023	0.08828193832599128
DOGE/USDT	2025-06-07 00:00:00+00:00	(0.0, 0.05)	0.019644160071841516	0.027838581130381054	0.053600493910310396	0.06140203176741318
DOGE/USDT	2025-06-08 00:00:00+00:00	(0.1, 0.25)	0.005775307834804432	0.009480222294867557	0.024081943990410696	0.035578075623842104
DOGE/USDT	2025-06-09 00:00:00+00:00	(0.25, 0.5)	0.009453952730236454	0.01820157565878848	0.03906547133930998	0.08638956805215973
DOGE/USDT	2025-06-10 00:00:00+00:00	(0.75, 1.0)	0.010182042579450693	0.017535739997943004	0.033837293016558544	0.05183585313174949
DOGE/USDT	2025-06-11 00:00:00+00:00	(0.5, 0.75)	0.019903010709234184	0.02222671246716516	0.060971913517882385	0.07814710042432807
DOGE/USDT	2025-06-12 00:00:00+00:00	(0.5, 0.75)	0.012457178449081207	0.018633862763417327	0.03778677462887979	0.09955361777224127
DOGE/USDT	2025-06-13 00:00:00+00:00	(0.75, 1.0)	0.037274845161656966	0.037274845161656966	0.037274845161656966	0.060060230694925824
DOGE/USDT	2025-06-14 00:00:00+00:00	(0.5, 0.75)	0.014714898835070529	0.01883952956914327	0.02669862326514681	0.0323281868346246
DOGE/USDT	2025-06-15 00:00:00+00:00	(0.25, 0.5)	0.0056725638865487826	0.007750631844987475	0.02864363942712733	0.040943555181129
DOGE/USDT	2025-06-16 00:00:00+00:00	(0.5, 0.75)	0.014834255719746626	0.023734809151594663	0.03446111713356546	0.06778113767330406
DOGE/USDT	2025-06-17 00:00:00+00:00	(0.75, 1.0)	0.035310068380099	0.0448597029002594	0.0448597029002594	0.07191700070738026
DOGE/USDT	2025-06-18 00:00:00+00:00	(0.1, 0.25)	0.013187330742964746	0.015718827269515942	0.03544095137171803	0.04809843400447433
DOGE/USDT	2025-06-19 00:00:00+00:00	(0.75, 1.0)	0.015165765342111445	0.01587114977662831	0.021220315071714096	0.025335057606395536
DOGE/USDT	2025-06-20 00:00:00+00:00	(0.25, 0.5)	0.006422232601588146	0.015588510042036466	0.02504670714619346	0.07928538066324153
DOGE/USDT	2025-06-21 00:00:00+00:00	(0.5, 0.75)	0.006472292424335791	0.010725513160327877	0.01417740245330701	0.08697528200702713
DOGE/USDT	2025-06-22 00:00:00+00:00	(0.75, 1.0)	0.022694851510828708	0.03281027104136953	0.03281027104136953	0.09719880689923488
DOGE/USDT	2025-06-23 00:00:00+00:00	(0.75, 1.0)	0.014069621507365038	0.016183367461523268	0.02886584318647211	0.10991478961622311
DOGE/USDT	2025-06-24 00:00:00+00:00	(0.75, 1.0)	0.009711702907402931	0.013132176887368587	0.03560957732714391	0.03664793549963355
DOGE/USDT	2025-06-25 00:00:00+00:00	(0.25, 0.5)	0.012295823036586185	0.01524923151106024	0.019408112832258458	0.031161473087818577
DOGE/USDT	2025-06-26 00:00:00+00:00	(0.25, 0.5)	0.0076918418024347	0.025195324329235037	0.04306220095693766	0.06159530010296157
DOGE/USDT	2025-06-27 00:00:00+00:00	(0.5, 0.75)	0.01632678593769549	0.029087951957963314	0.029087951957963314	0.037720505442261854
DOGE/USDT	2025-06-28 00:00:00+00:00	(0.5, 0.75)	0.004667081518357191	0.012756689483509795	0.018855009334163068	0.02862476664592421
DOGE/USDT	2025-06-29 00:00:00+00:00	(0.05, 0.1)	0.005014983793040274	0.010335759280777916	0.015350743073818021	0.04568527918781712
DOGE/USDT	2025-06-30 00:00:00+00:00	(0.75, 1.0)	0.007441091360066208	0.019488572609697025	0.03336679855902668	0.04553239236992851
DOGE/USDT	2025-07-01 00:00:00+00:00	(0.25, 0.5)	0.010035668943836496	0.01384438667553344	0.03506438546641678	0.057916691856598784
DOGE/USDT	2025-07-02 00:00:00+00:00	(0.1, 0.25)	0.006517337382941047	0.019425461908377732	0.03613009364717788	0.10206276891926097
DOGE/USDT	2025-07-03 00:00:00+00:00	(0.5, 0.75)	0.011343495214462986	0.014770176060498654	0.04738272480207964	0.04738272480207964
DOGE/USDT	2025-07-04 00:00:00+00:00	(0.0, 0.05)	0.007895042377800999	0.016370602577499067	0.047138047138047236	0.06780448159758502
DOGE/USDT	2025-07-05 00:00:00+00:00	(0.25, 0.5)	0.003913654986852575	0.016938787989971397	0.01938482235675415	0.01938482235675415
DOGE/USDT	2025-07-06 00:00:00+00:00	(0.1, 0.25)	0.004452848603147545	0.007685738684884782	0.0148224960351349	0.07386848847139203
DOGE/USDT	2025-07-07 00:00:00+00:00	(0.75, 1.0)	0.011218321320623037	0.040862590095326556	0.040862590095326556	0.06684491978609615
DOGE/USDT	2025-07-08 00:00:00+00:00	(0.25, 0.5)	0.009400285578296202	0.01719419324131368	0.035994764397905755	0.03635173726796749
DOGE/USDT	2025-07-09 00:00:00+00:00	(0.0, 0.05)	0.008854227747156159	0.014952503811422522	0.026093585082678443	0.09792424064735542
DOGE/USDT	2025-07-10 00:00:00+00:00	(0.75, 1.0)	0.015995587424158776	0.015995587424158776	0.022007722007721973	0.09746276889134028
DOGE/USDT	2025-07-11 00:00:00+00:00	(0.75, 1.0)	0.018094895388886152	0.04138179201151494	0.0526396956767595	0.11571479977381381
DOGE/USDT	2025-07-12 00:00:00+00:00	(0.75, 1.0)	0.023867535179752368	0.04380687186117056	0.04380687186117056	0.07279598229824481
DOGE/USDT	2025-07-13 00:00:00+00:00	(0.25, 0.5)	0.010981225646475407	0.01609230302110225	0.018571934618693418	0.04230555133849505
DOGE/USDT	2025-07-14 00:00:00+00:00	(0.75, 1.0)	0.00936650216537416	0.043357840668748	0.0658676603887601	0.08223386040890313
DOGE/USDT	2025-07-15 00:00:00+00:00	(0.25, 0.5)	0.02536804034435338	0.050939840048902285	0.050939840048902285	0.055626305333401176
DOGE/USDT	2025-07-16 00:00:00+00:00	(0.75, 1.0)	0.021710592749671808	0.03428254064424917	0.03428254064424917	0.12723417146319296
DOGE/USDT	2025-07-17 00:00:00+00:00	(0.75, 1.0)	0.019993444772205816	0.05258229152034457	0.05258229152034457	0.07379313574003837
DOGE/USDT	2025-07-18 00:00:00+00:00	(0.75, 1.0)	0.058271627650278185	0.09511107022949916	0.14689785218231152	0.17039966885894298
DOGE/USDT	2025-07-19 00:00:00+00:00	(0.75, 1.0)	0.028240466728671764	0.08696203601927795	0.09190834531157525	0.09190834531157525
DOGE/USDT	2025-07-20 00:00:00+00:00	(0.25, 0.5)	0.048194773359923435	0.06950849640616559	0.07220906560305779	0.1575470522248535
DOGE/USDT	2025-07-21 00:00:00+00:00	(0.5, 0.75)	0.030477941176470454	0.0349999999999999	0.055257352941176424	0.08536764705882338
DOGE/USDT	2025-07-22 00:00:00+00:00	(0.5, 0.75)	0.0301118650284247	0.04511278195488713	0.06444159178433881	0.06444159178433881
DOGE/USDT	2025-07-23 00:00:00+00:00	(0.75, 1.0)	0.0231112765165614	0.028023818384815918	0.06401190919240807	0.1494975809452922
DOGE/USDT	2025-07-24 00:00:00+00:00	(0.5, 0.75)	0.026190674785219702	0.03148719659688048	0.10380348652931852	0.10380348652931852
DOGE/USDT	2025-07-25 00:00:00+00:00	(0.75, 1.0)	0.017178394363746984	0.04022788553535708	0.048012525006523414	0.07010524484648167
DOGE/USDT	2025-07-26 00:00:00+00:00	(0.75, 1.0)	0.008075484529071681	0.0249064943896634	0.03055933356001361	0.031154369262155743
DOGE/USDT	2025-07-27 00:00:00+00:00	(0.25, 0.5)	0.012813985064494209	0.0216395112016293	0.038484385607603505	0.03988458927359127
DOGE/USDT	2025-07-28 00:00:00+00:00	(0.5, 0.75)	0.02175981466925915	0.03226740578331196	0.044346998717577496	0.10064948496256161
DOGE/USDT	2025-07-29 00:00:00+00:00	(0.25, 0.5)	0.02684062554911265	0.02684062554911265	0.04590581620101909	0.06729924442101563
DOGE/USDT	2025-07-30 00:00:00+00:00	(0.25, 0.5)	0.009523383707413006	0.024412054010551697	0.05244567647321823	0.07846731646248775
DOGE/USDT	2025-07-31 00:00:00+00:00	(0.5, 0.75)	0.01548551648752056	0.019539078156312697	0.02782838404080891	0.08653670978320271
DOGE/USDT	2025-08-01 00:00:00+00:00	(0.5, 0.75)	0.03254894396759574	0.0349117561963545	0.046822258655608046	0.08038383643552893
DOGE/USDT	2025-08-02 00:00:00+00:00	(0.75, 1.0)	0.011913663326853114	0.011913663326853114	0.04516225512187833	0.07018593290464088
DOGE/USDT	2025-08-03 00:00:00+00:00	(0.25, 0.5)	0.029772786628362406	0.04183860015669882	0.05771741969182556	0.06278401671454689
DOGE/USDT	2025-08-04 00:00:00+00:00	(0.0, 0.05)	0.02131724484665672	0.02131724484665672	0.02679738562091504	0.06304675716440435
DOGE/USDT	2025-08-05 00:00:00+00:00	(0.75, 1.0)	0.009007291617023318	0.02440070533288846	0.046561502168422066	0.07167707191536005
DOGE/USDT	2025-08-06 00:00:00+00:00	(0.1, 0.25)	0.013095835423983949	0.01956848971399907	0.03411941796287005	0.058003010536879146
DOGE/USDT	2025-08-07 00:00:00+00:00	(0.0, 0.05)	0.007086652656272944	0.016030497043155296	0.05669322125018328	0.09642734959190655
DOGE/USDT	2025-08-08 00:00:00+00:00	(0.75, 1.0)	0.02390259244282694	0.02390259244282694	0.03284359976636569	0.058453520240823086
DOGE/USDT	2025-08-09 00:00:00+00:00	(0.25, 0.5)	0.008855674111192691	0.018013737094474833	0.04276642619551597	0.07361009114864572
DOGE/USDT	2025-08-10 00:00:00+00:00	(0.25, 0.5)	0.012004153686396577	0.019605399792315688	0.058442367601246104	0.058442367601246104
DOGE/USDT	2025-08-11 00:00:00+00:00	(0.1, 0.25)	0.009011328527291532	0.03887744593202889	0.06380878819086849	0.08848266392035702
DOGE/USDT	2025-08-12 00:00:00+00:00	(0.75, 1.0)	0.009671353093937596	0.019118832273663577	0.03940180890122684	0.08820632219933731
DOGE/USDT	2025-08-13 00:00:00+00:00	(0.05, 0.1)	0.020526493990181114	0.036736075842221064	0.08151345860843079	0.08151345860843079
DOGE/USDT	2025-08-14 00:00:00+00:00	(0.1, 0.25)	0.02079264322916668	0.05338541666666675	0.07934570312500007	0.16259765625000008
DOGE/USDT	2025-08-15 00:00:00+00:00	(0.25, 0.5)	0.0103972274060251	0.043499511241446694	0.04501021949702302	0.05745134630765128
DOGE/USDT	2025-08-16 00:00:00+00:00	(0.75, 1.0)	0.033387019544682935	0.033387019544682935	0.04326818439037133	0.04788229660906286
DOGE/USDT	2025-08-17 00:00:00+00:00	(0.0, 0.05)	0.008498460737978535	0.026579369552963607	0.03338681004205876	0.06174391883102807
DOGE/USDT	2025-08-18 00:00:00+00:00	(0.25, 0.5)	0.015293767789625694	0.05505756404265262	0.06567823611878161	0.06567823611878161
DOGE/USDT	2025-08-19 00:00:00+00:00	(0.25, 0.5)	0.029080969664381392	0.05072366357485324	0.05072366357485324	0.07608549536227997
DOGE/USDT	2025-08-20 00:00:00+00:00	(0.25, 0.5)	0.01133077324230789	0.024794955672497912	0.038022092637367846	0.07301000331863663
DOGE/USDT	2025-08-21 00:00:00+00:00	(0.05, 0.1)	0.008067074552458661	0.02270564242012243	0.035350101971448	0.04813052345343312
DOGE/USDT	2025-08-22 00:00:00+00:00	(0.1, 0.25)	0.01324564653575399	0.02148944053353096	0.0414505372360134	0.15718784735087069
DOGE/USDT	2025-08-23 00:00:00+00:00	(0.1, 0.25)	0.012717004810709002	0.04639196820748792	0.04639196820748792	0.04639196820748792
DOGE/USDT	2025-08-24 00:00:00+00:00	(0.1, 0.25)	0.007557844958621796	0.0140601249788887	0.04251815571693969	0.07325620672183755
DOGE/USDT	2025-08-25 00:00:00+00:00	(0.75, 1.0)	0.03171256454388979	0.03945783132530114	0.07607573149741825	0.12366609294320133
DOGE/USDT	2025-08-26 00:00:00+00:00	(0.75, 1.0)	0.015879828326180255	0.023557463042441582	0.02646638054363376	0.06142107773009062
DOGE/USDT	2025-08-27 00:00:00+00:00	(0.05, 0.1)	0.009910984674681083	0.0324401211342571	0.03289896301734427	0.03588143525741027
DOGE/USDT	2025-08-28 00:00:00+00:00	(0.25, 0.5)	0.01717479213049197	0.026034803943841087	0.042210004997955346	0.042210004997955346
DOGE/USDT	2025-08-29 00:00:00+00:00	(0.5, 0.75)	0.017691998391636595	0.026403967296609026	0.06116248938926867	0.06978510476701065
DOGE/USDT	2025-08-30 00:00:00+00:00	(0.25, 0.5)	0.00758462474834969	0.035535371506156585	0.035535371506156585	0.035535371506156585
DOGE/USDT	2025-08-31 00:00:00+00:00	(0.0, 0.05)	0.01016447976344487	0.023424505636666138	0.02425614489003883	0.040380705969321744
DOGE/USDT	2025-09-01 00:00:00+00:00	(0.5, 0.75)	0.012857209891605369	0.0246351649382948	0.05480737647224437	0.07094927502228894
DOGE/USDT	2025-09-02 00:00:00+00:00	(0.75, 1.0)	0.010721571232031936	0.02353052801366285	0.02704113098344329	0.042649082024763973
DOGE/USDT	2025-09-03 00:00:00+00:00	(0.5, 0.75)	0.011957937837334771	0.020333147217569257	0.022101246975618726	0.05127489298343558
DOGE/USDT	2025-09-04 00:00:00+00:00	(0.1, 0.25)	0.01200997054158175	0.023430772716972616	0.0316338092000907	0.04822116474053936
DOGE/USDT	2025-09-05 00:00:00+00:00	(0.25, 0.5)	0.008916838746010817	0.015017833677491932	0.030786559038858564	0.04294161817157871
DOGE/USDT	2025-09-06 00:00:00+00:00	(0.1, 0.25)	0.006415837954264171	0.009898721415150523	0.022547087667842813	0.03038357545483707
DOGE/USDT	2025-09-07 00:00:00+00:00	(0.5, 0.75)	0.006424477722314672	0.008088371233129976	0.017701978184507302	0.06276576076908846
DOGE/USDT	2025-09-08 00:00:00+00:00	(0.75, 1.0)	0.010191978210253432	0.0372095066555374	0.0372095066555374	0.07731845538812988
DOGE/USDT	2025-09-09 00:00:00+00:00	(0.75, 1.0)	0.027573681168991955	0.042846528523074384	0.054817138611409286	0.06575579955419797
DOGE/USDT	2025-09-10 00:00:00+00:00	(0.1, 0.25)	0.012294567808305098	0.0248818634215699	0.02626186593066536	0.052272822314222436
DOGE/USDT	2025-09-11 00:00:00+00:00	(0.5, 0.75)	0.014687832419605638	0.039603960396039584	0.039603960396039584	0.06018329105637837
DOGE/USDT	2025-09-12 00:00:00+00:00	(0.75, 1.0)	0.0384901814761102	0.0384901814761102	0.0384901814761102	0.09324658017481297
DOGE/USDT	2025-09-13 00:00:00+00:00	(0.75, 1.0)	0.03393351800554011	0.03695874034115754	0.09771832628663071	0.12458084268843851
DOGE/USDT	2025-09-14 00:00:00+00:00	(0.25, 0.5)	0.026633461312303416	0.04704091868147073	0.04704091868147073	0.07747916018124582
DOGE/USDT	2025-09-15 00:00:00+00:00	(0.25, 0.5)	0.02007083825265645	0.025759364602339754	0.08382526564344749	0.08382526564344749
DOGE/USDT	2025-09-16 00:00:00+00:00	(0.5, 0.75)	0.011070386715536009	0.021130974642830383	0.029508564589722522	0.056249532500560986
DOGE/USDT	2025-09-17 00:00:00+00:00	(0.25, 0.5)	0.00922447461409722	0.019192858471266498	0.02789659661521297	0.09075692765482603
DOGE/USDT	2025-09-18 00:00:00+00:00	(0.75, 1.0)	0.0181990654533957	0.026490531567297866	0.03327126444858249	0.04637599690826684
DOGE/USDT	2025-09-19 00:00:00+00:00	(0.5, 0.75)	0.023373545885394285	0.04096653741203515	0.052743070515582295	0.07827086026138154
DOGE/USDT	2025-09-20 00:00:00+00:00	(0.1, 0.25)	0.00988461683015735	0.016574585635359004	0.016574585635359004	0.02431690908407553
DOGE/USDT	2025-09-21 00:00:00+00:00	(0.05, 0.1)	0.008629062383264769	0.010347403810235318	0.02286141202839004	0.034889802017183474
DOGE/USDT	2025-09-22 00:00:00+00:00	(0.1, 0.25)	0.05012666001381741	0.06022107929684495	0.116296921777846	0.116296921777846
DOGE/USDT	2025-09-23 00:00:00+00:00	(0.5, 0.75)	0.016131033627000926	0.03710137734210202	0.038921288828225174	0.040823923563717536
DOGE/USDT	2025-09-24 00:00:00+00:00	(0.25, 0.5)	0.009539819289766733	0.04005043076276522	0.05341458289556629	0.08232822021433084
DOGE/USDT	2025-09-25 00:00:00+00:00	(0.25, 0.5)	0.013155717358927637	0.03317888465993712	0.04786529869270229	0.088408075459209
DOGE/USDT	2025-09-26 00:00:00+00:00	(0.5, 0.75)	0.018380062305296048	0.022474410324877608	0.029728526924788567	0.05327102803738309
DOGE/USDT	2025-09-27 00:00:00+00:00	(0.1, 0.25)	0.006165653429914261	0.013150519553313488	0.025093778295175232	0.028068813866252696
DOGE/USDT	2025-09-28 00:00:00+00:00	(0.25, 0.5)	0.010272929090671663	0.01479998258825572	0.02420232446785361	0.055195229182083305
DOGE/USDT	2025-09-29 00:00:00+00:00	(0.75, 1.0)	0.005723491753932209	0.011870945860007736	0.03213634629244925	0.04383770721159968
DOGE/USDT	2025-09-30 00:00:00+00:00	(0.5, 0.75)	0.012243336309144334	0.015984355736938374	0.029120435318624422	0.039578285082685086
DOGE/USDT	2025-10-01 00:00:00+00:00	(0.1, 0.25)	0.007261321646472446	0.016971728108619098	0.06230128039872825	0.08919824697086878
DOGE/USDT	2025-10-02 00:00:00+00:00	(0.5, 0.75)	0.015563270681192334	0.03647392154515348	0.05187756893730789	0.06959575402051153
DOGE/USDT	2025-10-03 00:00:00+00:00	(0.25, 0.5)	0.011463743027505222	0.021773417964993262	0.03323716099249848	0.04847085978072706
DOGE/USDT	2025-10-04 00:00:00+00:00	(0.1, 0.25)	0.013448755603648319	0.03207605503168971	0.04351522646467777	0.05058741691142379
DOGE/USDT	2025-10-05 00:00:00+00:00	(0.05, 0.1)	0.008262153747904481	0.04043266544264389	0.06246507543705606	0.06246507543705606
DOGE/USDT	2025-10-06 00:00:00+00:00	(0.05, 0.1)	0.0188447682014331	0.0188447682014331	0.04489488895047295	0.07866503028623462
DOGE/USDT	2025-10-07 00:00:00+00:00	(0.1, 0.25)	0.012631578947368324	0.01515037593984954	0.04075187969924818	0.08304511278195488
DOGE/USDT	2025-10-08 00:00:00+00:00	(0.5, 0.75)	0.011626498728351675	0.031084736183440362	0.031246215332445183	0.07343264300997138
DOGE/USDT	2025-10-09 00:00:00+00:00	(0.5, 0.75)	0.009012554606635501	0.03270494706600029	0.046676374512967994	0.054783738045574466
DOGE/USDT	2025-10-10 00:00:00+00:00	(0.25, 0.5)	0.00917209751387885	0.025343953656770345	0.027395607048032757	0.6397538015930484
DOGE/USDT	2025-10-11 00:00:00+00:00	(0.75, 1.0)	0.048852475700982126	0.07231184163655795	0.07231184163655795	0.11358200600478337
DOGE/USDT	2025-10-12 00:00:00+00:00	(0.75, 1.0)	0.022571893651654896	0.033369506239826464	0.056755290287574596	0.18171459576777005
DOGE/USDT	2025-10-13 00:00:00+00:00	(0.75, 1.0)	0.020156612529002353	0.02581206496519727	0.05273588553750968	0.07936968290796592
DOGE/USDT	2025-10-14 00:00:00+00:00	(0.5, 0.75)	0.015011223344556764	0.04232136176580622	0.09956041900486347	0.10451739618406289
DOGE/USDT	2025-10-15 00:00:00+00:00	(0.25, 0.5)	0.010310290652003232	0.026119402985074584	0.03849175176747833	0.07035545954438326
DOGE/USDT	2025-10-16 00:00:00+00:00	(0.25, 0.5)	0.011258379816795495	0.018934547873701493	0.058083004963922005	0.08602425669105992
DOGE/USDT	2025-10-17 00:00:00+00:00	(0.25, 0.5)	0.013708055467344177	0.015613422250449921	0.0825129670794961	0.0825129670794961
DOGE/USDT	2025-10-18 00:00:00+00:00	(0.25, 0.5)	0.01322349880771731	0.02314112291350544	0.03040320832430091	0.03414264036418817
DOGE/USDT	2025-10-19 00:00:00+00:00	(0.0, 0.05)	0.009043790987941702	0.01591918764544115	0.05711867992384178	0.06669134757774492
DOGE/USDT	2025-10-20 00:00:00+00:00	(0.25, 0.5)	0.016985793699814688	0.048177887584929004	0.055641342392423375	0.055641342392423375
DOGE/USDT	2025-10-21 00:00:00+00:00	(0.05, 0.1)	0.01063989962358851	0.036386449184441685	0.04371392722710175	0.06835633626097877
DOGE/USDT	2025-10-22 00:00:00+00:00	(0.75, 1.0)	0.014134999487862402	0.014134999487862402	0.04424869404896041	0.05428659223599303
DOGE/USDT	2025-10-23 00:00:00+00:00	(0.75, 1.0)	0.009143457698371094	0.010457172884918653	0.03263268523384127	0.0403573305307409
DOGE/USDT	2025-10-24 00:00:00+00:00	(0.1, 0.25)	0.008207653637016468	0.008207653637016468	0.021288601621011528	0.03611367600287263
DOGE/USDT	2025-10-25 00:00:00+00:00	(0.0, 0.05)	0.007443414856448423	0.012557597853055902	0.015747632791533756	0.020861815788141235
DOGE/USDT	2025-10-26 00:00:00+00:00	(0.0, 0.05)	0.004534800774482838	0.012126770610414863	0.039794150616529154	0.065066748191175
DOGE/USDT	2025-10-27 00:00:00+00:00	(0.75, 1.0)	0.007592243338652816	0.015377919628608678	0.03844479907152176	0.05154988152231734
DOGE/USDT	2025-10-28 00:00:00+00:00	(0.25, 0.5)	0.008228195282501433	0.016506258415199617	0.019498329427018384	0.06507754450705633
DOGE/USDT	2025-10-29 00:00:00+00:00	(0.75, 1.0)	0.0057758754061162905	0.01093290701872008	0.0175339074828528	0.05249858181630665
DOGE/USDT	2025-10-30 00:00:00+00:00	(0.5, 0.75)	0.008620689655172386	0.022330702118820097	0.04570004154549232	0.09441213128375572
DOGE/USDT	2025-10-31 00:00:00+00:00	(0.75, 1.0)	0.018194732816085673	0.018194732816085673	0.02633591957163162	0.030816304229046042
DOGE/USDT	2025-11-01 00:00:00+00:00	(0.1, 0.25)	0.0064973419964560845	0.011168984588949141	0.015464747892391094	0.01745153842023306
DOGE/USDT	2025-11-02 00:00:00+00:00	(0.1, 0.25)	0.00438151215602466	0.006786000534330863	0.02137323002938821	0.03804434945231106
DOGE/USDT	2025-11-03 00:00:00+00:00	(0.5, 0.75)	0.017120163151398048	0.07057371330435247	0.08248805882037243	0.1412010948317501
DOGE/USDT	2025-11-04 00:00:00+00:00	(0.5, 0.75)	0.02347586537309845	0.0327584141813391	0.06276200742603899	0.11684034016049827
DOGE/USDT	2025-11-05 00:00:00+00:00	(0.75, 1.0)	0.026764742242551615	0.06570651502039807	0.07188774879465942	0.08839164297193725
DOGE/USDT	2025-11-06 00:00:00+00:00	(0.1, 0.25)	0.010667625554356968	0.02073594630228929	0.03380079108234452	0.06514443245834842
DOGE/USDT	2025-11-07 00:00:00+00:00	(0.25, 0.5)	0.012379134076491865	0.025497320933669874	0.039416148303257924	0.13586253618279237
DOGE/USDT	2025-11-08 00:00:00+00:00	(0.25, 0.5)	0.01764901764901774	0.03335553335553344	0.03335553335553344	0.057276057276057404
DOGE/USDT	2025-11-09 00:00:00+00:00	(0.1, 0.25)	0.008269175933846632	0.02617621899059031	0.02617621899059031	0.05902480752780153
DOGE/USDT	2025-11-10 00:00:00+00:00	(0.05, 0.1)	0.02616895435777257	0.02616895435777257	0.03727262582301078	0.04759513447159921
DOGE/USDT	2025-11-11 00:00:00+00:00	(0.5, 0.75)	0.016509823344890224	0.03890815034945804	0.05624346486159268	0.08243905123548523
DOGE/USDT	2025-11-12 00:00:00+00:00	(0.25, 0.5)	0.008893280632411089	0.01249709369913965	0.03598000465008138	0.06591490351081138
DOGE/USDT	2025-11-13 00:00:00+00:00	(0.25, 0.5)	0.01188802998360258	0.0375966268446942	0.0460880768329819	0.10342000468493798
DOGE/USDT	2025-11-14 00:00:00+00:00	(0.75, 1.0)	0.014956351871070188	0.018985409926133946	0.04383126793236078	0.0705695622977841
DOGE/USDT	2025-11-15 00:00:00+00:00	(0.75, 1.0)	0.010050882593127648	0.027325837050065915	0.034424272881462485	0.03831898988629936
DOGE/USDT	2025-11-16 00:00:00+00:00	(0.1, 0.25)	0.010141364474493009	0.027473878303626315	0.0347264904732636	0.07393976644130308
DOGE/USDT	2025-11-17 00:00:00+00:00	(0.5, 0.75)	0.023327854343153365	0.029902642559109953	0.03812112782905556	0.09128840561385769
DOGE/USDT	2025-11-18 00:00:00+00:00	(0.25, 0.5)	0.025448806470704178	0.035246925757874685	0.05543499704083641	0.08884066548300121
DOGE/USDT	2025-11-19 00:00:00+00:00	(0.1, 0.25)	0.009063256564653403	0.020237134521075253	0.04432304922714015	0.09547457942764917
DOGE/USDT	2025-11-20 00:00:00+00:00	(0.75, 1.0)	0.009734570705431898	0.027970666493607684	0.03115062625738204	0.08754623921085081
DOGE/USDT	2025-11-21 00:00:00+00:00	(0.75, 1.0)	0.009920767028430597	0.04028230907517145	0.11105932485518344	0.1190492043411679
DOGE/USDT	2025-11-22 00:00:00+00:00	(0.75, 1.0)	0.010565877180541704	0.0329031343071905	0.04247624450432559	0.049000141823854766
DOGE/USDT	2025-11-23 00:00:00+00:00	(0.25, 0.5)	0.009675583380762664	0.02717700626067153	0.03585657370517921	0.057555492316448395
DOGE/USDT	2025-11-24 00:00:00+00:00	(0.25, 0.5)	0.016227461858529687	0.039875173370318845	0.039875173370318845	0.07753120665742022
DOGE/USDT	2025-11-25 00:00:00+00:00	(0.1, 0.25)	0.010154292496373373	0.013648951602268157	0.03151786891731491	0.060596070156930006
DOGE/USDT	2025-11-26 00:00:00+00:00	(0.75, 1.0)	0.008929735366966562	0.026267761699908784	0.033176900013036185	0.05338287055142747
DOGE/USDT	2025-11-27 00:00:00+00:00	(0.1, 0.25)	0.00895057724737333	0.011934102996497654	0.02081982098845517	0.022635880140095946
DOGE/USDT	2025-11-28 00:00:00+00:00	(0.25, 0.5)	0.011341287531139251	0.02110921725449063	0.02576373410253059	0.0477907434115643
DOGE/USDT	2025-11-29 00:00:00+00:00	(0.0, 0.05)	0.004725457570715397	0.009783693843594005	0.016772046589018267	0.024625623960066616
DOGE/USDT	2025-11-30 00:00:00+00:00	(0.0, 0.05)	0.005446476600322789	0.010691231845077868	0.012910166756320637	0.05997848305540621
DOGE/USDT	2025-12-01 00:00:00+00:00	(0.75, 1.0)	0.03220386446373579	0.044525343041164976	0.04816577989358721	0.08071968636236357
DOGE/USDT	2025-12-02 00:00:00+00:00	(0.5, 0.75)	0.01763837638376386	0.01763837638376386	0.02147601476014757	0.09889298892988926
DOGE/USDT	2025-12-03 00:00:00+00:00	(0.1, 0.25)	0.008780353958018955	0.01886404170668132	0.04705720949375775	0.05624914254355888
DOGE/USDT	2025-12-04 00:00:00+00:00	(0.25, 0.5)	0.015951813608684112	0.0166799046862589	0.027270320360074218	0.05050304474450621
DOGE/USDT	2025-12-05 00:00:00+00:00	(0.05, 0.1)	0.006851173517840259	0.008140008140008185	0.0321530321530323	0.07570207570207572
DOGE/USDT	2025-12-06 00:00:00+00:00	(0.1, 0.25)	0.0083979328165375	0.010335917312661477	0.014570772322710137	0.01722652885443573
DOGE/USDT	2025-12-07 00:00:00+00:00	(0.0, 0.05)	0.004795304895505125	0.0061551674778127655	0.017606641855138775	0.05761523046092185
DOGE/USDT	2025-12-08 00:00:00+00:00	(0.75, 1.0)	0.009246550603192974	0.02557249151195541	0.049411254785812216	0.05100050567073619
DOGE/USDT	2025-12-09 00:00:00+00:00	(0.25, 0.5)	0.00954385964912281	0.017192982456140406	0.023087719298245723	0.09663157894736846
DOGE/USDT	2025-12-10 00:00:00+00:00	(0.5, 0.75)	0.010347626132828375	0.012647098606790278	0.01995130528878656	0.05383470850804812
DOGE/USDT	2025-12-11 00:00:00+00:00	(0.75, 1.0)	0.025372926251219882	0.043914680050188205	0.04419350341558631	0.050606440819740806
DOGE/USDT	2025-12-12 00:00:00+00:00	(0.5, 0.75)	0.014775160599571652	0.01870092790863677	0.020271234832262734	0.051891506067094924
DOGE/USDT	2025-12-13 00:00:00+00:00	(0.25, 0.5)	0.0025465657741561188	0.005093131548311833	0.020008731082654267	0.021973224679860265
DOGE/USDT	2025-12-14 00:00:00+00:00	(0.0, 0.05)	0.0035241657077101423	0.004818757192174942	0.025316455696202698	0.047756041426927555
DOGE/USDT	2025-12-15 00:00:00+00:00	(0.0, 0.05)	0.010057364225582881	0.03173657155628389	0.03173657155628389	0.08820680920807562
DOGE/USDT	2025-12-16 00:00:00+00:00	(0.5, 0.75)	0.00848111025443323	0.012259059367771628	0.037702390131071746	0.045412490362374755
DOGE/USDT	2025-12-17 00:00:00+00:00	(0.05, 0.1)	0.006396101423893853	0.010888601233533957	0.023528515952181597	0.08756567425569163
DOGE/USDT	2025-12-18 00:00:00+00:00	(0.5, 0.75)	0.009504950495049557	0.013148514851485327	0.02328712871287138	0.08546534653465353
DOGE/USDT	2025-12-19 00:00:00+00:00	(0.5, 0.75)	0.007778596577417558	0.048636698599852625	0.06787849013346427	0.10619831327274223
DOGE/USDT	2025-12-20 00:00:00+00:00	(0.1, 0.25)	0.007951533510034043	0.00999621355547132	0.014539946989776637	0.014539946989776637
DOGE/USDT	2025-12-21 00:00:00+00:00	(0.0, 0.05)	0.005228064858311837	0.012880739505985811	0.02220033338384616	0.03568722533717245
DOGE/USDT	2025-12-22 00:00:00+00:00	(0.5, 0.75)	0.020042035730370857	0.03543011559825853	0.03543011559825853	0.044137516889355924
DOGE/USDT	2025-12-23 00:00:00+00:00	(0.5, 0.75)	0.008528301886792393	0.01781132075471699	0.028528301886792493	0.04377358490566037
DOGE/USDT	2025-12-24 00:00:00+00:00	(0.1, 0.25)	0.009443455375803073	0.022215341744716958	0.029955878937998177	0.029955878937998177
DOGE/USDT	2025-12-25 00:00:00+00:00	(0.25, 0.5)	0.005915778002646616	0.009185023740951306	0.027088036117381573	0.0474040632054177
DOGE/USDT	2025-12-26 00:00:00+00:00	(0.75, 1.0)	0.0070359886777193355	0.035503437120905715	0.035503437120905715	0.05564092195713706
DOGE/USDT	2025-12-27 00:00:00+00:00	(0.0, 0.05)	0.0045056115343656	0.012206111247644837	0.012206111247644837	0.02449414270500538
DOGE/USDT	2025-12-28 00:00:00+00:00	(0.5, 0.75)	0.0037004263534711774	0.00538975142788194	0.007320408655779858	0.017134582897594668
DOGE/USDT	2025-12-29 00:00:00+00:00	(0.25, 0.5)	0.014519641848834476	0.03274985883681531	0.043478260869565154	0.046543518593208016
DOGE/USDT	2025-12-30 00:00:00+00:00	(0.05, 0.1)	0.004470454360724985	0.010891652442493764	0.02316508168739336	0.024140453547915258
DOGE/USDT	2025-12-31 00:00:00+00:00	(0.1, 0.25)	0.0026820546163848907	0.006745773732119615	0.007639791937581245	0.06250000000000003
DOGE/USDT	2026-01-01 00:00:00+00:00	(0.25, 0.5)	0.0075609548891343295	0.009345000424772779	0.030243819556537318	0.08325545832979359
DOGE/USDT	2026-01-02 00:00:00+00:00	(0.5, 0.75)	0.0060893633847369935	0.02807433768287859	0.070383550810597	0.15073151443258198
DOGE/USDT	2026-01-03 00:00:00+00:00	(0.75, 1.0)	0.010062893081760983	0.02410901467505247	0.03752620545073365	0.03941299790356379
DOGE/USDT	2026-01-04 00:00:00+00:00	(0.5, 0.75)	0.02135305092944516	0.0563195356229702	0.06979476193766843	0.07014028056112238
DOGE/USDT	2026-01-05 00:00:00+00:00	(0.25, 0.5)	0.020706699619263854	0.024313673101329265	0.04455280208402918	0.0580455547391624
DOGE/USDT	2026-01-06 00:00:00+00:00	(0.5, 0.75)	0.03521687226422609	0.03521687226422609	0.03534951585090862	0.08648361851704468
DOGE/USDT	2026-01-07 00:00:00+00:00	(0.75, 1.0)	0.015981887194512975	0.023639874808550294	0.04741293201038815	0.061130718519011744
DOGE/USDT	2026-01-08 00:00:00+00:00	(0.1, 0.25)	0.011963357943669685	0.021807492480175186	0.066789718348373	0.066789718348373
DOGE/USDT	2026-01-09 00:00:00+00:00	(0.25, 0.5)	0.005062935095984995	0.017579635749947278	0.03410449335489783	0.044792911890865525
DOGE/USDT	2026-01-10 00:00:00+00:00	(0.5, 0.75)	0.003774928774928794	0.007692307692307873	0.008974358974359053	0.01196581196581207
DOGE/USDT	2026-01-11 00:00:00+00:00	(0.25, 0.5)	0.004093651249640816	0.006320022981901894	0.01299913817868433	0.038422866992243565
DOGE/USDT	2026-01-12 00:00:00+00:00	(0.5, 0.75)	0.02129051010027604	0.041636390059584256	0.04919343118732741	0.054134573463159315
DOGE/USDT	2026-01-13 00:00:00+00:00	(0.5, 0.75)	0.007755908392478068	0.011780200482915053	0.030072437257627878	0.10748518328821254
DOGE/USDT	2026-01-14 00:00:00+00:00	(0.75, 1.0)	0.011458614181720188	0.01772715017524935	0.02709625235912642	0.038487462928012896
DOGE/USDT	2026-01-15 00:00:00+00:00	(0.5, 0.75)	0.01169034187453272	0.03208047305104331	0.03208047305104331	0.056616597566777706
DOGE/USDT	2026-01-16 00:00:00+00:00	(0.1, 0.25)	0.006717644536553965	0.009433288072607645	0.024440791824483516	0.03823340241549342
DOGE/USDT	2026-01-17 00:00:00+00:00	(0.25, 0.5)	0.0030414946773841406	0.010138315591280938	0.01281772756897671	0.023245709320008624
DOGE/USDT	2026-01-18 00:00:00+00:00	(0.25, 0.5)	0.008537732436147995	0.011142464365820228	0.012010708342377503	0.13276897474857105
DOGE/USDT	2026-01-19 00:00:00+00:00	(0.75, 1.0)	0.017339667458432285	0.017893903404592338	0.025019794140934255	0.04291369754552659
DOGE/USDT	2026-01-20 00:00:00+00:00	(0.5, 0.75)	0.0083727420730289	0.011318706876502186	0.03139778277385843	0.057523839057291346
DOGE/USDT	2026-01-21 00:00:00+00:00	(0.1, 0.25)	0.021534974093264214	0.026716321243523293	0.038374352331606285	0.06921955958549235
DOGE/USDT	2026-01-22 00:00:00+00:00	(0.5, 0.75)	0.0055931936347882166	0.011737828895541133	0.01740979990546707	0.03718292106507013
DOGE/USDT	2026-01-23 00:00:00+00:00	(0.1, 0.25)	0.005223400835744116	0.014063002250080484	0.01558984249437489	0.04701060752169716
DOGE/USDT	2026-01-24 00:00:00+00:00	(0.25, 0.5)	0.004418380462724895	0.006346401028277627	0.007390745501285269	0.016307840616966503
DOGE/USDT	2026-01-25 00:00:00+00:00	(0.05, 0.1)	0.003059827683388288	0.010709396891859232	0.016023834447217906	0.05386907158386345
DOGE/USDT	2026-01-26 00:00:00+00:00	(0.5, 0.75)	0.021750000000000012	0.025499999999999946	0.02683333333333334	0.03374999999999999
DOGE/USDT	2026-01-27 00:00:00+00:00	(0.1, 0.25)	0.004504504504504463	0.012776412776412711	0.014987714987714973	0.04316134316134314
DOGE/USDT	2026-01-28 00:00:00+00:00	(0.5, 0.75)	0.007048946618089671	0.01631553936321869	0.030255029304609566	0.03191826389988916
DOGE/USDT	2026-01-29 00:00:00+00:00	(0.25, 0.5)	0.006017812725667982	0.026237663483912453	0.03345903875471401	0.08320629062023593
DOGE/USDT	2026-01-30 00:00:00+00:00	(0.5, 0.75)	0.005878844679219529	0.045071142540683215	0.045071142540683215	0.055721223481298376
DOGE/USDT	2026-01-31 00:00:00+00:00	(0.5, 0.75)	0.005882352941176471	0.009515570934256088	0.04852941176470592	0.1844290657439447
DOGE/USDT	2026-02-01 00:00:00+00:00	(0.75, 1.0)	0.011999999999999974	0.018857142857142947	0.02819047619047623	0.05542857142857149
DOGE/USDT	2026-02-02 00:00:00+00:00	(0.5, 0.75)	0.0268053038252408	0.06372221692263656	0.06629781551082703	0.1050271868739865
DOGE/USDT	2026-02-03 00:00:00+00:00	(0.25, 0.5)	0.006500742942050578	0.025260029717682025	0.03231797919762256	0.07680163447251113
DOGE/USDT	2026-02-04 00:00:00+00:00	(0.75, 1.0)	0.022731577950369383	0.03674938435309713	0.03674938435309713	0.07766622466376207
DOGE/USDT	2026-02-05 00:00:00+00:00	(0.75, 1.0)	0.0124685868934854	0.029383336555190424	0.07162188285327663	0.22511115406920554
DOGE/USDT	2026-02-06 00:00:00+00:00	(0.75, 1.0)	0.11465663673865567	0.13819461295801988	0.17350157728706636	0.26813880126182976
DOGE/USDT	2026-02-07 00:00:00+00:00	(0.25, 0.5)	0.010815222936435113	0.017549229670441785	0.04601571268237935	0.04856647280889705
DOGE/USDT	2026-02-08 00:00:00+00:00	(0.1, 0.25)	0.008966782147951964	0.01762787854086009	0.026594660688811913	0.039942938659058416
DOGE/USDT	2026-02-09 00:00:00+00:00	(0.25, 0.5)	0.011876484560570054	0.019518744190849972	0.05215325828772074	0.05215325828772074
DOGE/USDT	2026-02-10 00:00:00+00:00	(0.1, 0.25)	0.005402036152088019	0.023997506752545257	0.0398919592769582	0.04934552254311245
DOGE/USDT	2026-02-11 00:00:00+00:00	(0.05, 0.1)	0.0047475183426844625	0.0161847216227881	0.04553301683211051	0.06171773845489846
DOGE/USDT	2026-02-12 00:00:00+00:00	(0.25, 0.5)	0.007652782333005425	0.01180714988520824	0.0334535913414235	0.042199628293429416
DOGE/USDT	2026-02-13 00:00:00+00:00	(0.75, 1.0)	0.0073275862068965525	0.013577586206896523	0.025215517241379406	0.06303879310344837
DOGE/USDT	2026-02-14 00:00:00+00:00	(0.25, 0.5)	0.006106396191264823	0.007969364520803216	0.04812668184640863	0.181432415648934
DOGE/USDT	2026-02-15 00:00:00+00:00	(0.75, 1.0)	0.024865350089766685	0.06364452423698383	0.06364452423698383	0.14380610412926384
DOGE/USDT	2026-02-16 00:00:00+00:00	(0.25, 0.5)	0.010686874574953889	0.01467016418925481	0.027883027300106847	0.04954823666569507
DOGE/USDT	2026-02-17 00:00:00+00:00	(0.1, 0.25)	0.004860628905862419	0.017359388949508857	0.0284693978771947	0.05197897034024397
DOGE/USDT	2026-02-18 00:00:00+00:00	(0.1, 0.25)	0.010471204188481728	0.015114096611676417	0.02765978464881949	0.04751555862886505
DOGE/USDT	2026-02-19 00:00:00+00:00	(0.05, 0.1)	0.00895309797537904	0.012005290466985456	0.025333197680333628	0.037948926645640424
DOGE/USDT	2026-02-20 00:00:00+00:00	(0.1, 0.25)	0.00760494828635166	0.010646927600892267	0.018049077266274628	0.06874873250861903
DOGE/USDT	2026-02-21 00:00:00+00:00	(0.25, 0.5)	0.011192165484161186	0.012990906365544213	0.01988607974417913	0.02748076346557412
DOGE/USDT	2026-02-22 00:00:00+00:00	(0.25, 0.5)	0.008235054900366055	0.017080113867425792	0.018300122000813438	0.03924359495729974
DOGE/USDT	2026-02-23 00:00:00+00:00	(0.25, 0.5)	0.04170586390718101	0.044214487300094044	0.05947527960698234	0.06428347444339921
DOGE/USDT	2026-02-24 00:00:00+00:00	(0.1, 0.25)	0.01159669279501784	0.028454848061849024	0.031890905186298724	0.039085149790615316
DOGE/USDT	2026-02-25 00:00:00+00:00	(0.1, 0.25)	0.03418428837515078	0.044592965925276694	0.044592965925276694	0.16741536101676346
DOGE/USDT	2026-02-26 00:00:00+00:00	(0.75, 1.0)	0.017648225262740333	0.017648225262740333	0.033908387864366375	0.06246281975014872
DOGE/USDT	2026-02-27 00:00:00+00:00	(0.0, 0.05)	0.006305561298325402	0.029046929915236643	0.04630969609261937	0.07370270829026253
DOGE/USDT	2026-02-28 00:00:00+00:00	(0.05, 0.1)	0.004698846646732271	0.006941478000854461	0.06471593336181129	0.07785134557881253
DOGE/USDT	2026-03-01 00:00:00+00:00	(0.5, 0.75)	0.008405149483987647	0.05128205128205118	0.05128205128205118	0.07788062559846784
DOGE/USDT	2026-03-02 00:00:00+00:00	(0.5, 0.75)	0.02731115205375522	0.02731115205375522	0.035872981467432466	0.07488891297279722
DOGE/USDT	2026-03-03 00:00:00+00:00	(0.5, 0.75)	0.011555745773592956	0.01925957628932159	0.04943291247592552	0.057564733575861435
DOGE/USDT	2026-03-04 00:00:00+00:00	(0.5, 0.75)	0.010232454676899167	0.022911800689578384	0.054054054054054085	0.17517517517517517
DOGE/USDT	2026-03-05 00:00:00+00:00	(0.75, 1.0)	0.011387900355871845	0.02958820538891709	0.0368073207930859	0.06192170818505336
DOGE/USDT	2026-03-06 00:00:00+00:00	(0.1, 0.25)	0.005226666666666713	0.012693333333333298	0.020906666666666556	0.04703999999999997
DOGE/USDT	2026-03-07 00:00:00+00:00	(0.1, 0.25)	0.003830578964649262	0.015650651198423998	0.02287402867461977	0.031301302396847995
DOGE/USDT	2026-03-08 00:00:00+00:00	(0.0, 0.05)	0.0044424700133275374	0.014882274544646912	0.033318525099955455	0.05186583740559744
DOGE/USDT	2026-03-09 00:00:00+00:00	(0.25, 0.5)	0.015588464536243163	0.029952121144638657	0.03095423672196865	0.04264558512415099
DOGE/USDT	2026-03-10 00:00:00+00:00	(0.5, 0.75)	0.012176223156962472	0.02258135930927607	0.061655966349346815	0.11202125304405568
DOGE/USDT	2026-03-11 00:00:00+00:00	(0.05, 0.1)	0.011317960651575922	0.030357520626189946	0.0387137719483816	0.04114660461180443
DOGE/USDT	2026-03-12 00:00:00+00:00	(0.25, 0.5)	0.009148638467334016	0.012915724895059657	0.037240340114088805	0.04369820256161871
DOGE/USDT	2026-03-13 00:00:00+00:00	(0.25, 0.5)	0.027556580050293312	0.027556580050293312	0.05804694048616936	0.06873428331936292
DOGE/USDT	2026-03-14 00:00:00+00:00	(0.1, 0.25)	0.010329716193655998	0.012938230383973197	0.025354757929883155	0.025354757929883155
DOGE/USDT	2026-03-15 00:00:00+00:00	(0.25, 0.5)	0.007404317447074797	0.021482949212639546	0.021482949212639546	0.03869016581499626
DOGE/USDT	2026-03-16 00:00:00+00:00	(0.75, 1.0)	0.00993852459016392	0.04497950819672136	0.06075819672131152	0.07151639344262295
DOGE/USDT	2026-03-17 00:00:00+00:00	(0.5, 0.75)	0.0138674884437596	0.03688366718027735	0.04834360554699534	0.059610939907550085
DOGE/USDT	2026-03-18 00:00:00+00:00	(0.25, 0.5)	0.009388733519776232	0.021673991210547257	0.05233719536556127	0.08559728326008784
DOGE/USDT	2026-03-19 00:00:00+00:00	(0.1, 0.25)	0.005977975878342958	0.01719979024646029	0.03030938647089659	0.04530676455165171
DOGE/USDT	2026-03-20 00:00:00+00:00	(0.0, 0.05)	0.010131172016636518	0.012264050335928315	0.02036898794923744	0.027087554655006937
DOGE/USDT	2026-03-21 00:00:00+00:00	(0.25, 0.5)	0.005845467105962323	0.011265809331491183	0.012647465192900527	0.05303432883409511
DOGE/USDT	2026-03-22 00:00:00+00:00	(0.75, 1.0)	0.010874340949033445	0.020650263620386564	0.023286467486818948	0.04075131810193312
DOGE/USDT	2026-03-23 00:00:00+00:00	(0.25, 0.5)	0.009959057209250836	0.018922208697576662	0.06750027664047813	0.07225849286267574
DOGE/USDT	2026-03-24 00:00:00+00:00	(0.5, 0.75)	0.010730981725456832	0.015405864853378592	0.03102422439439006	0.033680407989800175
DOGE/USDT	2026-03-25 00:00:00+00:00	(0.5, 0.75)	0.009021294450854922	0.011329067449910957	0.03451169621315432	0.03723906430294777
DOGE/USDT	2026-03-26 00:00:00+00:00	(0.0, 0.05)	0.005829082960341469	0.022275424169876164	0.05319038201311547	0.059123555740605856
DOGE/USDT	2026-03-27 00:00:00+00:00	(0.25, 0.5)	0.004994028878514842	0.01443925740961891	0.03702095320812069	0.03702095320812069
DOGE/USDT	2026-03-28 00:00:00+00:00	(0.0, 0.05)	0.004774594714634686	0.010881634465911557	0.02742616033755274	0.06262491672218512
DOGE/USDT	2026-03-29 00:00:00+00:00	(0.5, 0.75)	0.0066086573411169	0.01244630465910334	0.014428901861438394	0.0406432426478687
DOGE/USDT	2026-03-30 00:00:00+00:00	(0.5, 0.75)	0.02023440955329498	0.02885891198584698	0.039584254754533386	0.039584254754533386
DOGE/USDT	2026-03-31 00:00:00+00:00	(0.1, 0.25)	0.009694833094634701	0.024787925526054886	0.03745730968381624	0.03822848958907129
DOGE/USDT	2026-04-01 00:00:00+00:00	(0.1, 0.25)	0.00824473855500105	0.012801041440659584	0.031785636797569995	0.031785636797569995
DOGE/USDT	2026-04-02 00:00:00+00:00	(0.25, 0.5)	0.019507965752682453	0.03457245041725384	0.03804053321773072	0.0405332177305734
DOGE/USDT	2026-04-03 00:00:00+00:00	(0.0, 0.05)	0.00386612172760399	0.00938915276703859	0.01944106925880921	0.029492985750579983
DOGE/USDT	2026-04-04 00:00:00+00:00	(0.25, 0.5)	0.003280481137233403	0.006232914160743587	0.008638600328048102	0.026134499726626455
DOGE/USDT	2026-04-05 00:00:00+00:00	(0.0, 0.05)	0.007065985433199236	0.009566257201869832	0.023154690727253038	0.036199586911620826
DOGE/USDT	2026-04-06 00:00:00+00:00	(0.75, 1.0)	0.017638201763820204	0.023015702301570115	0.023015702301570115	0.03968595396859539
DOGE/USDT	2026-04-07 00:00:00+00:00	(0.75, 1.0)	0.0036403750689464644	0.008163265306122347	0.015002757859900719	0.06629895201323775
DOGE/USDT	2026-04-08 00:00:00+00:00	(0.75, 1.0)	0.013164823591363886	0.01400737230121114	0.01958925750394945	0.036545550289626125
DOGE/USDT	2026-04-09 00:00:00+00:00	(0.5, 0.75)	0.011687046856400795	0.014933448760956522	0.016881289903689988	0.044151065901958664
DOGE/USDT	2026-04-10 00:00:00+00:00	(0.75, 1.0)	0.005619798984113181	0.009942721279585044	0.0138333513455096	0.036420620339349376
DOGE/USDT	2026-04-11 00:00:00+00:00	(0.5, 0.75)	0.004055063493757394	0.009070536762351974	0.01590011738341698	0.02827873225909721
DOGE/USDT	2026-04-12 00:00:00+00:00	(0.75, 1.0)	0.00473729543496981	0.028423772609819008	0.028423772609819008	0.032084409991386696
DOGE/USDT	2026-04-13 00:00:00+00:00	(0.25, 0.5)	0.00570863980678457	0.005928202876276197	0.009331430453397625	0.040399604786474794
DOGE/USDT	2026-04-14 00:00:00+00:00	(0.75, 1.0)	0.01066211749653482	0.010768738671500275	0.03294594306429252	0.06034758503038702
DOGE/USDT	2026-04-15 00:00:00+00:00	(0.25, 0.5)	0.005563282336578503	0.006847116721942888	0.014443136835348282	0.04514817588531081
DOGE/USDT	2026-04-16 00:00:00+00:00	(0.5, 0.75)	0.0046472327841148705	0.03284748626953937	0.036649767638360656	0.0569286016054076
DOGE/USDT	2026-04-17 00:00:00+00:00	(0.5, 0.75)	0.012353179424868497	0.023288780882948668	0.029667881733495362	0.055386796273795086
DOGE/USDT	2026-04-18 00:00:00+00:00	(0.5, 0.75)	0.006752670832493488	0.01602499496069349	0.042430961499697696	0.057044950614795385
DOGE/USDT	2026-04-19 00:00:00+00:00	(0.1, 0.25)	0.005055292259083815	0.007793575566087462	0.018746708794102198	0.04086361242759356
DOGE/USDT	2026-04-20 00:00:00+00:00	(0.75, 1.0)	0.009440034327397616	0.012014589143960482	0.024029178287921112	0.030787384681398817
DOGE/USDT	2026-04-21 00:00:00+00:00	(0.25, 0.5)	0.008929509402248173	0.01449732114717939	0.01449732114717939	0.025632944637041685
DOGE/USDT	2026-04-22 00:00:00+00:00	(0.5, 0.75)	0.003150929524209586	0.02174141371704655	0.03917655708433985	0.03917655708433985
DOGE/USDT	2026-04-23 00:00:00+00:00	(0.25, 0.5)	0.008604602944225558	0.013788098693759049	0.01741654571843252	0.029753265602322325
DOGE/USDT	2026-04-24 00:00:00+00:00	(0.5, 0.75)	0.006068710141946033	0.011725982308167066	0.017897551944044347	0.028286360831104737
DOGE/USDT	2026-04-25 00:00:00+00:00	(0.25, 0.5)	0.005292620865139874	0.010788804071246733	0.013231552162849828	0.01750636132315521
DOGE/USDT	2026-04-26 00:00:00+00:00	(0.1, 0.25)	0.002960391996733346	0.009085340955492056	0.01735402204981632	0.025112290730910612
DOGE/USDT	2026-04-27 00:00:00+00:00	(0.1, 0.25)	0.01543272140407494	0.01987088965099858	0.03268105709098251	0.039540044381682536
DOGE/USDT	2026-04-28 00:00:00+00:00	(0.5, 0.75)	0.008594539939332695	0.015166835187057647	0.02628918099089981	0.03003033367037412
DOGE/USDT	2026-04-29 00:00:00+00:00	(0.1, 0.25)	0.0064321608040199775	0.02170854271356793	0.12613065326633172	0.12613065326633172
DOGE/USDT	2026-04-30 00:00:00+00:00	(0.75, 1.0)	0.039854378233378146	0.039854378233378146	0.039854378233378146	0.039854378233378146
DOGE/USDT	2026-05-01 00:00:00+00:00	(0.25, 0.5)	0.021495327102803836	0.030560747663551487	0.030560747663551487	0.03710280373831777
DOGE/USDT	2026-05-02 00:00:00+00:00	(0.5, 0.75)	0.007985314364387422	0.014318494722349754	0.017806333180357937	0.020376319412574572
DOGE/USDT	2026-05-03 00:00:00+00:00	(0.1, 0.25)	0.006104328523862319	0.011561228264890873	0.02081021087680357	0.023214946355900837
DOGE/USDT	2026-05-04 00:00:00+00:00	(0.5, 0.75)	0.020908502174114146	0.05717457674160426	0.05717457674160426	0.05717457674160426
DOGE/USDT	2026-05-05 00:00:00+00:00	(0.1, 0.25)	0.007876154263986926	0.01511859496650363	0.018649284808980558	0.05775846460257104
DOGE/USDT	2026-05-06 00:00:00+00:00	(0.75, 1.0)	0.011149825783972033	0.02020905923344938	0.028571428571428494	0.04991289198606271
DOGE/USDT	2026-05-07 00:00:00+00:00	(0.25, 0.5)	0.01763291477424522	0.019770237777184074	0.026004096535755684	0.056104728827144
DOGE/USDT	2026-05-08 00:00:00+00:00	(0.1, 0.25)	0.015652496063721506	0.02046864869871264	0.022413633416689872	0.03788089284060384
DOGE/USDT	2026-05-09 00:00:00+00:00	(0.25, 0.5)	0.005380266277585203	0.0156848440634689	0.01860295458690498	0.030093014772934502
DOGE/USDT	2026-05-10 00:00:00+00:00	(0.25, 0.5)	0.007269046742730945	0.01085756348914244	0.013341921236658142	0.059164519690835526
DOGE/USDT	2026-05-11 00:00:00+00:00	(0.75, 1.0)	0.016678622668579633	0.030577474892395953	0.030577474892395953	0.030936154949784748
DOGE/USDT	2026-05-12 00:00:00+00:00	(0.05, 0.1)	0.005036424138861453	0.016818059177983728	0.027250652037053735	0.03669394729741884
DOGE/USDT	2026-05-13 00:00:00+00:00	(0.1, 0.25)	0.013357564743298493	0.01690140845070423	0.04170831440254427	0.04606996819627447
DOGE/USDT	2026-05-14 00:00:00+00:00	(0.5, 0.75)	0.0162815126050419	0.030549719887955122	0.030549719887955122	0.058123249299719834
DOGE/USDT	2026-05-15 00:00:00+00:00	(0.5, 0.75)	0.00929592012394558	0.01979686693062486	0.041917713892236176	0.05827164744362195
DOGE/USDT	2026-05-16 00:00:00+00:00	(0.1, 0.25)	0.006523847306708901	0.011284492638631785	0.046724852331834606	0.05051573657762495
DOGE/USDT	2026-05-17 00:00:00+00:00	(0.05, 0.1)	0.008591536422630566	0.014441093135910778	0.036651128781647016	0.06571611370075851
DOGE/USDT	2026-05-18 00:00:00+00:00	(0.75, 1.0)	0.015296189858162591	0.02002410308704931	0.04051172707889125	0.05098729952720873
DOGE/USDT	2026-05-19 00:00:00+00:00	(0.5, 0.75)	0.007057701478302248	0.015832141154029516	0.01936099189318064	0.03147353361945634
DOGE/USDT	2026-05-20 00:00:00+00:00	(0.25, 0.5)	0.011134987302207484	0.01172103926548147	0.021879273295565462	0.02998632545419017
DOGE/USDT	2026-05-21 00:00:00+00:00	(0.5, 0.75)	0.00981335385799493	0.02251298826245906	0.025110640754281325	0.026168943621319992
DOGE/USDT	2026-05-22 00:00:00+00:00	(0.05, 0.1)	0.005599316693556108	0.011862959096517045	0.017841890481161683	0.05029894656923222
DOGE/USDT	2026-05-23 00:00:00+00:00	(0.75, 1.0)	0.011219368172423994	0.012006692254699329	0.044877472689695844	0.07617360496014168
DOGE/USDT	2026-05-24 00:00:00+00:00	(0.75, 1.0)	0.0047605168561158494	0.0060235111240649905	0.014475857378801178	0.032935004371903276
DOGE/USDT	2026-05-25 00:00:00+00:00	(0.5, 0.75)	0.004582236521400002	0.010919372136102135	0.015501608657502138	0.020961294725553272
DOGE/USDT	2026-05-26 00:00:00+00:00	(0.25, 0.5)	0.01225970969007455	0.01510396233817183	0.022067477442134054	0.03511180855237348
DOGE/USDT	2026-05-27 00:00:00+00:00	(0.05, 0.1)	0.0076976216322904275	0.008487121286884433	0.02259942761275042	0.040363169841113156
DOGE/USDT	2026-05-28 00:00:00+00:00	(0.75, 1.0)	0.005669385319275921	0.03709966182613882	0.03709966182613882	0.0435647503481201
DOGE/USDT	2026-05-29 00:00:00+00:00	(0.25, 0.5)	0.004007212983370041	0.014726507713884982	0.014726507713884982	0.037667802043678617
DOGE/USDT	2026-05-30 00:00:00+00:00	(0.25, 0.5)	0.007222389407162187	0.021767479185475024	0.021767479185475024	0.021767479185475024
DOGE/USDT	2026-05-31 00:00:00+00:00	(0.5, 0.75)	0.00537366902179334	0.009752214150661844	0.012439048661558375	0.023385411483729773
DOGE/USDT	2026-06-01 00:00:00+00:00	(0.5, 0.75)	0.008652411735455093	0.01869716558925914	0.024664346096469517	0.03759323719542522
DOGE/USDT	2026-06-02 00:00:00+00:00	(0.5, 0.75)	0.005941182295276793	0.01663531042677494	0.026042182394296537	0.09852460639667295
DOGE/USDT	2026-06-03 00:00:00+00:00	(0.75, 1.0)	0.010309278350515491	0.02910223367697599	0.039626288659793805	0.042633161512027506
DOGE/USDT	2026-06-04 00:00:00+00:00	(0.5, 0.75)	0.02169173751907571	0.065947242206235	0.065947242206235	0.065947242206235
DOGE/USDT	2026-06-05 00:00:00+00:00	(0.75, 1.0)	0.020440608675902906	0.03531682943447651	0.07687940040881215	0.11128775834658192
DOGE/USDT	2026-06-06 00:00:00+00:00	(0.75, 1.0)	0.010052077025554043	0.04129829235799923	0.06515683662347094	0.06515683662347094
DOGE/USDT	2026-06-07 00:00:00+00:00	(0.5, 0.75)	0.018967205090553056	0.027288301517376358	0.05323054331864896	0.07232011747430248
DOGE/USDT	2026-06-08 00:00:00+00:00	(0.75, 1.0)	0.016862425863472415	0.023142225840213883	0.02884056285614602	0.03698104430747764
DOGE/USDT	2026-06-09 00:00:00+00:00	(0.25, 0.5)	0.021370499419280004	0.02171893147502916	0.025435540069686385	0.04169570267131238
DOGE/USDT	2026-06-10 00:00:00+00:00	(0.25, 0.5)	0.010938602681721952	0.0170548106327922	0.027287697012467523	0.04281345565749241
DOGE/USDT	2026-06-11 00:00:00+00:00	(0.5, 0.75)	0.007325567431247741	0.024258436411672968	0.027741083223249748	0.045754773627957344
DOGE/USDT	2026-06-12 00:00:00+00:00	(0.1, 0.25)	0.005227695167286153	0.011965613382899504	0.02799721189591073	0.08619888475836426
DOGE/USDT	2026-06-13 00:00:00+00:00	(0.75, 1.0)	0.0068604651162791535	0.012558139534883694	0.02499999999999999	0.035116279069767546
DOGE/USDT	2026-06-14 00:00:00+00:00	(0.1, 0.25)	0.004211724530449735	0.006715993170176519	0.016277746158224256	0.03972680705748427
DOGE/USDT	2026-06-15 00:00:00+00:00	(0.75, 1.0)	0.008188446438586591	0.010768367919237269	0.02232192933258544	0.03499719573752101
DOGE/USDT	2026-06-16 00:00:00+00:00	(0.5, 0.75)	0.007024699750736409	0.016995241332426934	0.0268524813052345	0.03251756174937681
DOGE/USDT	2026-06-17 00:00:00+00:00	(0.05, 0.1)	0.004470938897168422	0.012954258855898269	0.03003553823225951	0.03989453169781035
DOGE/USDT	2026-06-18 00:00:00+00:00	(0.25, 0.5)	0.005452436194895571	0.024361948955916368	0.030510440835266744	0.05487238979118327
DOGE/USDT	2026-06-19 00:00:00+00:00	(0.25, 0.5)	0.004791566842357422	0.01880689985625302	0.023598466698610605	0.024916147580258893
DOGE/USDT	2026-06-20 00:00:00+00:00	(0.1, 0.25)	0.007180469123982807	0.01089037817137396	0.015797032072762108	0.02058401148875059
DOGE/USDT	2026-06-21 00:00:00+00:00	(0.25, 0.5)	0.002270554493307954	0.004899617590822104	0.013264818355640534	0.020673996175908167
DOGE/USDT	2026-06-22 00:00:00+00:00	(0.5, 0.75)	0.011512360639844796	0.021328162869607342	0.023994183228308236	0.03889966068831804
DOGE/USDT	2026-06-23 00:00:00+00:00	(0.25, 0.5)	0.008614413977190032	0.01832079592331972	0.05217180296044664	0.05350643047803945
DOGE/USDT	2026-06-24 00:00:00+00:00	(0.1, 0.25)	0.004048070841239557	0.012650221378874142	0.022770398481973562	0.08867805186590769
DOGE/USDT	2026-06-25 00:00:00+00:00	(0.75, 1.0)	0.004979035639413068	0.006682389937106873	0.02279874213836485	0.07927148846960168
DOGE/USDT	2026-06-26 00:00:00+00:00	(0.75, 1.0)	0.010798560191974288	0.03986135181975727	0.042261031862418245	0.053592854286095136
DOGE/USDT	2026-06-27 00:00:00+00:00	(0.1, 0.25)	0.010151615029663717	0.012524719841792913	0.014634146341463412	0.031114040870138443
DOGE/USDT	2026-06-28 00:00:00+00:00	(0.1, 0.25)	0.0044241855476605035	0.00831210618045327	0.019707735621396955	0.0340528220941145
DOGE/USDT	2026-06-29 00:00:00+00:00	(0.25, 0.5)	0.016411378555798776	0.02311269146608311	0.02612144420131303	0.031865426695842435
BNB/USDT	2025-01-01 00:00:00+00:00	(0.0, 0.05)	0.010781096859419656	0.010781096859419656	0.01590886493089593	0.01590886493089593
BNB/USDT	2025-01-02 00:00:00+00:00	(0.0, 0.05)	0.010840607640857014	0.011761705022106436	0.02516721460151909	0.02516721460151909
BNB/USDT	2025-01-03 00:00:00+00:00	(0.0, 0.05)	0.0067409683769277485	0.00807216801438819	0.01411921317604411	0.02642572897341861
BNB/USDT	2025-01-04 00:00:00+00:00	(0.0, 0.05)	0.008052565357192775	0.010946456032434002	0.01235845099958064	0.01960016776177825
BNB/USDT	2025-01-05 00:00:00+00:00	(0.0, 0.05)	0.003606916297086308	0.006231404030764126	0.012939987649469367	0.016027620277325492
BNB/USDT	2025-01-06 00:00:00+00:00	(0.05, 0.1)	0.005951289681140655	0.014398736408636472	0.019701307309368383	0.05553596863585722
BNB/USDT	2025-01-07 00:00:00+00:00	(0.75, 1.0)	0.008410740501900299	0.008808638502805966	0.015572904518200434	0.057804975097073386
BNB/USDT	2025-01-08 00:00:00+00:00	(0.25, 0.5)	0.008852206637016816	0.018046527540198542	0.036919831223628824	0.04667008780932833
BNB/USDT	2025-01-09 00:00:00+00:00	(0.5, 0.75)	0.006114452211106473	0.010535229866084767	0.018931836775703023	0.03817944338390438
BNB/USDT	2025-01-10 00:00:00+00:00	(0.5, 0.75)	0.0074185055347868395	0.00932404323097747	0.022546438390038837	0.02547020233610209
BNB/USDT	2025-01-11 00:00:00+00:00	(0.05, 0.1)	0.003000360620266754	0.0047457627118643545	0.010977280923187904	0.015982690227190826
BNB/USDT	2025-01-12 00:00:00+00:00	(0.1, 0.25)	0.0039320360484472894	0.005094426267148778	0.012671488433499857	0.012671488433499857
BNB/USDT	2025-01-13 00:00:00+00:00	(0.25, 0.5)	0.00878747280925425	0.022933863462840456	0.057622772519699786	0.057622772519699786
BNB/USDT	2025-01-14 00:00:00+00:00	(0.75, 1.0)	0.005801020630697444	0.009711984414300554	0.016763350343845084	0.019874674692138924
BNB/USDT	2025-01-15 00:00:00+00:00	(0.0, 0.05)	0.005415136664333077	0.010315906785352023	0.018774378830959133	0.03846318707225416
BNB/USDT	2025-01-16 00:00:00+00:00	(0.25, 0.5)	0.00826515863772222	0.010005192035137443	0.015393682556165229	0.02385529657746657
BNB/USDT	2025-01-17 00:00:00+00:00	(0.5, 0.75)	0.0032125797861097807	0.011525834495780056	0.023615279480351116	0.02881458623944998
BNB/USDT	2025-01-18 00:00:00+00:00	(0.5, 0.75)	0.004450359772075083	0.02456709506578495	0.03926298714802652	0.03926298714802652
BNB/USDT	2025-01-19 00:00:00+00:00	(0.5, 0.75)	0.004969101479468985	0.00876983065640003	0.046833429524627296	0.054336350455383695
BNB/USDT	2025-01-20 00:00:00+00:00	(0.75, 1.0)	0.016748998860015837	0.02206892519949727	0.05127005933764	0.056093069480576414
BNB/USDT	2025-01-21 00:00:00+00:00	(0.25, 0.5)	0.011853306178664095	0.014388067574101552	0.024922711755139104	0.03221930814200526
BNB/USDT	2025-01-22 00:00:00+00:00	(0.1, 0.25)	0.006026446997615539	0.009928463039236946	0.020521713996676124	0.020521713996676124
BNB/USDT	2025-01-23 00:00:00+00:00	(0.1, 0.25)	0.006293275226858934	0.0145791820175754	0.02090112820218765	0.024829049414395756
BNB/USDT	2025-01-24 00:00:00+00:00	(0.5, 0.75)	0.006885854280826882	0.016236119567423452	0.018033689948102317	0.018207648372039004
BNB/USDT	2025-01-25 00:00:00+00:00	(0.25, 0.5)	0.005587577932008099	0.010116456887425001	0.011292789083637312	0.017468533113751315
BNB/USDT	2025-01-26 00:00:00+00:00	(0.0, 0.05)	0.003958090803259644	0.005253201396973244	0.009342258440046672	0.04041036088474984
BNB/USDT	2025-01-27 00:00:00+00:00	(0.75, 1.0)	0.012658984591011713	0.021611442406851148	0.047347890418329465	0.06552182815465786
BNB/USDT	2025-01-28 00:00:00+00:00	(0.75, 1.0)	0.00405959962934089	0.006663038522070355	0.013855590039272154	0.03453601423801612
BNB/USDT	2025-01-29 00:00:00+00:00	(0.75, 1.0)	0.007454707007424484	0.025330943811087088	0.025330943811087088	0.031083869218837046
BNB/USDT	2025-01-30 00:00:00+00:00	(0.5, 0.75)	0.010310205304960282	0.01580998051850735	0.020230780758279637	0.02546081222838305
BNB/USDT	2025-01-31 00:00:00+00:00	(0.1, 0.25)	0.004553989916165246	0.007969482353289054	0.014992681087634713	0.023568376384309513
BNB/USDT	2025-02-01 00:00:00+00:00	(0.25, 0.5)	0.007098164216988291	0.0072162210023020874	0.019169470515317713	0.04549613364028087
BNB/USDT	2025-02-02 00:00:00+00:00	(0.75, 1.0)	0.009763750742562898	0.021507669342431958	0.026183911897762494	0.09629708610683771
BNB/USDT	2025-02-03 00:00:00+00:00	(0.75, 1.0)	0.03611671985931099	0.18839966130397975	0.18839966130397975	0.19408258972187856
BNB/USDT	2025-02-04 00:00:00+00:00	(0.75, 1.0)	0.013867089529295724	0.03082474393618219	0.0890600475720457	0.09928641931360337
BNB/USDT	2025-02-05 00:00:00+00:00	(0.75, 1.0)	0.011217304701832787	0.016930791676130798	0.02194538116121808	0.0328132371184456
BNB/USDT	2025-02-06 00:00:00+00:00	(0.25, 0.5)	0.008491901242333726	0.016581922384721583	0.022540231692614106	0.03690307700372177
BNB/USDT	2025-02-07 00:00:00+00:00	(0.5, 0.75)	0.009527133135578496	0.01732681905426638	0.02722038038736699	0.03371139417204665
BNB/USDT	2025-02-08 00:00:00+00:00	(0.75, 1.0)	0.004426385406760517	0.011480937148785314	0.01891588138670345	0.1039336042188986
BNB/USDT	2025-02-09 00:00:00+00:00	(0.75, 1.0)	0.012227660375505439	0.012538671817452602	0.061842169877723355	0.07485554336972716
BNB/USDT	2025-02-10 00:00:00+00:00	(0.75, 1.0)	0.0119691805714839	0.0422878741378474	0.0422878741378474	0.0422878741378474
BNB/USDT	2025-02-11 00:00:00+00:00	(0.5, 0.75)	0.012916646509602994	0.018931514359892297	0.04984438746714393	0.05211810426845974
BNB/USDT	2025-02-12 00:00:00+00:00	(0.75, 1.0)	0.00885147808832864	0.023717620797098007	0.042986249980622886	0.12184346370273919
BNB/USDT	2025-02-13 00:00:00+00:00	(0.5, 0.75)	0.019875241987524217	0.04316340431634046	0.043478884347888505	0.10571449057144909
BNB/USDT	2025-02-14 00:00:00+00:00	(0.5, 0.75)	0.023154433282046673	0.03748453857060974	0.03748453857060974	0.04956707997707185
BNB/USDT	2025-02-15 00:00:00+00:00	(0.75, 1.0)	0.00750117919145497	0.01602178841501449	0.01602178841501449	0.027342026383457712
BNB/USDT	2025-02-16 00:00:00+00:00	(0.1, 0.25)	0.005224613061532709	0.014843337108342833	0.0270290675726689	0.0497244243110607
BNB/USDT	2025-02-17 00:00:00+00:00	(0.25, 0.5)	0.007133217659533537	0.013851196037430904	0.01887855734009583	0.03603683765627079
BNB/USDT	2025-02-18 00:00:00+00:00	(0.25, 0.5)	0.006286477322170621	0.006286477322170621	0.03555835621371029	0.05530299620410799
BNB/USDT	2025-02-19 00:00:00+00:00	(0.25, 0.5)	0.013008708564710928	0.02163993255889497	0.036133582886046206	0.04246005351977609
BNB/USDT	2025-02-20 00:00:00+00:00	(0.1, 0.25)	0.008220019973880345	0.010232772528232436	0.013459322424521764	0.020204348160098296
BNB/USDT	2025-02-21 00:00:00+00:00	(0.1, 0.25)	0.004729358637944747	0.007704277781168103	0.02238054555440299	0.05110758528101544
BNB/USDT	2025-02-22 00:00:00+00:00	(0.5, 0.75)	0.004778104221431934	0.007901654553888995	0.020612339570125312	0.05143033864233801
BNB/USDT	2025-02-23 00:00:00+00:00	(0.5, 0.75)	0.0053684069252449675	0.009976289536080249	0.021220119596176527	0.033716577938830004
BNB/USDT	2025-02-24 00:00:00+00:00	(0.25, 0.5)	0.008903247334334388	0.02461664467397737	0.035901169404377244	0.07984104594196963
BNB/USDT	2025-02-25 00:00:00+00:00	(0.75, 1.0)	0.02398290457795682	0.03256349141119431	0.058272376099285025	0.07018985781211481
BNB/USDT	2025-02-26 00:00:00+00:00	(0.5, 0.75)	0.008509413138406004	0.013531886306562862	0.019674019098194075	0.06089348837953251
BNB/USDT	2025-02-27 00:00:00+00:00	(0.75, 1.0)	0.009111056390051823	0.016678978905031738	0.02253960436674057	0.039284248543051715
BNB/USDT	2025-02-28 00:00:00+00:00	(0.25, 0.5)	0.006862566765333251	0.060522877978602056	0.07588510574967339	0.07588510574967339
BNB/USDT	2025-03-01 00:00:00+00:00	(0.1, 0.25)	0.00598863347188052	0.021172279243362485	0.021172279243362485	0.03915514462634666
BNB/USDT	2025-03-02 00:00:00+00:00	(0.1, 0.25)	0.0066983756027714095	0.00913414854923381	0.009940586889616635	0.055150507726995916
BNB/USDT	2025-03-03 00:00:00+00:00	(0.5, 0.75)	0.0069852408620495925	0.024979478843089757	0.04461540937696163	0.08963319437961735
BNB/USDT	2025-03-04 00:00:00+00:00	(0.5, 0.75)	0.018439642634531638	0.0581930881640003	0.0581930881640003	0.07258120368446562
BNB/USDT	2025-03-05 00:00:00+00:00	(0.1, 0.25)	0.00659359479362889	0.01959239595821192	0.04365473539989707	0.04365473539989707
BNB/USDT	2025-03-06 00:00:00+00:00	(0.05, 0.1)	0.004577958965448121	0.015020383612911865	0.026899685891866643	0.039597674263182406
BNB/USDT	2025-03-07 00:00:00+00:00	(0.25, 0.5)	0.03427787169230257	0.03427787169230257	0.04355030378094294	0.055182686996836705
BNB/USDT	2025-03-08 00:00:00+00:00	(0.5, 0.75)	0.007580351728320194	0.012347550704130518	0.016996833097500223	0.021326056195674094
BNB/USDT	2025-03-09 00:00:00+00:00	(0.25, 0.5)	0.0023292318598409968	0.01107229058011386	0.030347528144885002	0.07237497257245092
BNB/USDT	2025-03-10 00:00:00+00:00	(0.5, 0.75)	0.021563729806465523	0.024205286707757602	0.042049273122607735	0.09054969541231646
BNB/USDT	2025-03-11 00:00:00+00:00	(0.5, 0.75)	0.048301107565233745	0.059658344283837	0.11075652337150366	0.11075652337150366
BNB/USDT	2025-03-12 00:00:00+00:00	(0.25, 0.5)	0.0059334797045961455	0.019814556077733952	0.02883271942080526	0.055016239952096764
BNB/USDT	2025-03-13 00:00:00+00:00	(0.5, 0.75)	0.00468355318551775	0.024733370754981793	0.026013892786977338	0.08019927027785578
BNB/USDT	2025-03-14 00:00:00+00:00	(0.25, 0.5)	0.010132044532665927	0.011599206006731729	0.017588676965564754	0.022784154656079973
BNB/USDT	2025-03-15 00:00:00+00:00	(0.05, 0.1)	0.009858151214877061	0.009892086330935128	0.015508348038550269	0.052803040586398814
BNB/USDT	2025-03-16 00:00:00+00:00	(0.5, 0.75)	0.013519406890536422	0.027943338017476626	0.0480366978404484	0.0480366978404484
BNB/USDT	2025-03-17 00:00:00+00:00	(0.25, 0.5)	0.013428368254808256	0.04296416345565499	0.0656865501331261	0.0656865501331261
BNB/USDT	2025-03-18 00:00:00+00:00	(0.25, 0.5)	0.008412131178647001	0.026928307137661638	0.03644729768192035	0.03644729768192035
BNB/USDT	2025-03-19 00:00:00+00:00	(0.1, 0.25)	0.01046552439296759	0.022334960594748092	0.022414728311157834	0.03594333301426242
BNB/USDT	2025-03-20 00:00:00+00:00	(0.25, 0.5)	0.011381197681906069	0.017546683837733563	0.03292015453960084	0.034127495170637547
BNB/USDT	2025-03-21 00:00:00+00:00	(0.1, 0.25)	0.007888983936888158	0.008475113265532463	0.019231378512815617	0.020403637170104228
BNB/USDT	2025-03-22 00:00:00+00:00	(0.0, 0.05)	0.004835711810477979	0.012853227483224598	0.017200642661374277	0.019390101754717667
BNB/USDT	2025-03-23 00:00:00+00:00	(0.0, 0.05)	0.006484276428217695	0.010572884225320628	0.014581636401386286	0.015396163735965352
BNB/USDT	2025-03-24 00:00:00+00:00	(0.0, 0.05)	0.009435923680969785	0.014873574615765916	0.02264621683432752	0.03507284852943521
BNB/USDT	2025-03-25 00:00:00+00:00	(0.1, 0.25)	0.010259703643369499	0.014379248770401852	0.01889038563954755	0.02792832304752364
BNB/USDT	2025-03-26 00:00:00+00:00	(0.1, 0.25)	0.00324138807677635	0.007086564128638674	0.010375619677132282	0.02972861319435623
BNB/USDT	2025-03-27 00:00:00+00:00	(0.1, 0.25)	0.008547838756677955	0.01521774324105549	0.040294641411688495	0.040294641411688495
BNB/USDT	2025-03-28 00:00:00+00:00	(0.1, 0.25)	0.005075264762263942	0.008076427516419953	0.01674994500487095	0.033562741585745286
BNB/USDT	2025-03-29 00:00:00+00:00	(0.1, 0.25)	0.0052153757002124925	0.023984289485545002	0.039614319747601594	0.04325220526688559
BNB/USDT	2025-03-30 00:00:00+00:00	(0.05, 0.1)	0.010465828737973299	0.021345653865898265	0.021345653865898265	0.032771954228559066
BNB/USDT	2025-03-31 00:00:00+00:00	(0.25, 0.5)	0.011090234940059647	0.018788553946427797	0.03237284472008385	0.035964285120462895
BNB/USDT	2025-04-01 00:00:00+00:00	(0.0, 0.05)	0.004422150353111924	0.008316282753613563	0.022638769718170276	0.022638769718170276
BNB/USDT	2025-04-02 00:00:00+00:00	(0.1, 0.25)	0.006605474512374976	0.017144730372070212	0.022455335190952375	0.04777905261432548
BNB/USDT	2025-04-03 00:00:00+00:00	(0.75, 1.0)	0.008554204694709067	0.029266157006701907	0.030428047014447932	0.054086821809854184
BNB/USDT	2025-04-04 00:00:00+00:00	(0.25, 0.5)	0.005065000844166808	0.009302718217119688	0.025071754178625737	0.02532500422083404
BNB/USDT	2025-04-05 00:00:00+00:00	(0.0, 0.05)	0.005547269101208431	0.006887998793343299	0.01003871356986041	0.017245135665085662
BNB/USDT	2025-04-06 00:00:00+00:00	(0.0, 0.05)	0.0025135800802996208	0.006106818718580257	0.011268936198927005	0.08369040790849896
BNB/USDT	2025-04-07 00:00:00+00:00	(0.5, 0.75)	0.013550380314007479	0.03459863773509906	0.0824585810041735	0.0859997470595675
BNB/USDT	2025-04-08 00:00:00+00:00	(0.25, 0.5)	0.006896923325610273	0.02175045350863016	0.02306158737000922	0.032975914650573875
BNB/USDT	2025-04-09 00:00:00+00:00	(0.25, 0.5)	0.022795776554462587	0.036097825106037366	0.045447161808501155	0.09325873116144766
BNB/USDT	2025-04-10 00:00:00+00:00	(0.25, 0.5)	0.006703544779334447	0.015130365851556934	0.019817677368212445	0.0300022402591809
BNB/USDT	2025-04-11 00:00:00+00:00	(0.25, 0.5)	0.006951871657753963	0.00853889943073992	0.016249784371226424	0.025288942556494682
BNB/USDT	2025-04-12 00:00:00+00:00	(0.1, 0.25)	0.010218554023342078	0.010902069342629134	0.01295261530049049	0.028160831154628283
BNB/USDT	2025-04-13 00:00:00+00:00	(0.05, 0.1)	0.00398780201735866	0.009282530746288601	0.018900170905800696	0.030746288663248397
BNB/USDT	2025-04-14 00:00:00+00:00	(0.1, 0.25)	0.004479857738868758	0.012311059435059238	0.014191915737637761	0.017030298885165236
BNB/USDT	2025-04-15 00:00:00+00:00	(0.1, 0.25)	0.0045095248709727115	0.00867612009396263	0.013957236672896531	0.023902196464395422
BNB/USDT	2025-04-16 00:00:00+00:00	(0.25, 0.5)	0.0074524688469470085	0.014384998006897787	0.014384998006897787	0.019064455189864642
BNB/USDT	2025-04-17 00:00:00+00:00	(0.1, 0.25)	0.002075400500840514	0.006483482556344504	0.010737195979554717	0.020531028095091126
BNB/USDT	2025-04-18 00:00:00+00:00	(0.1, 0.25)	0.0028987472665320518	0.004949907613025647	0.008357207031581004	0.0152565645606957
BNB/USDT	2025-04-19 00:00:00+00:00	(0.05, 0.1)	0.0018417762157413263	0.0035145821364604792	0.007924706836538228	0.011473083032002911
BNB/USDT	2025-04-20 00:00:00+00:00	(0.05, 0.1)	0.0017546819638939828	0.0029188459591699308	0.010005061582588263	0.013042011135481724
BNB/USDT	2025-04-21 00:00:00+00:00	(0.25, 0.5)	0.011262476396007469	0.019473293768545917	0.02596439169139462	0.02596439169139462
BNB/USDT	2025-04-22 00:00:00+00:00	(0.05, 0.1)	0.0074721887146495716	0.013302506366438907	0.02062391100388679	0.04171692802573378
BNB/USDT	2025-04-23 00:00:00+00:00	(0.75, 1.0)	0.008372334051270358	0.01290667357613628	0.01786205891402564	0.03013716377062722
BNB/USDT	2025-04-24 00:00:00+00:00	(0.25, 0.5)	0.005259153904673618	0.008236033473356958	0.023467733933119343	0.023467733933119343
BNB/USDT	2025-04-25 00:00:00+00:00	(0.1, 0.25)	0.006730753211268953	0.011612215317461495	0.021908268497076083	0.021908268497076083
BNB/USDT	2025-04-26 00:00:00+00:00	(0.25, 0.5)	0.005347504497900851	0.012594122742719973	0.012594122742719973	0.016508962484174
BNB/USDT	2025-04-27 00:00:00+00:00	(0.0, 0.05)	0.006289825959527664	0.014292065269293382	0.019231719164210476	0.019231719164210476
BNB/USDT	2025-04-28 00:00:00+00:00	(0.25, 0.5)	0.006867949568679473	0.012607830126078152	0.016705374917053643	0.016705374917053643
BNB/USDT	2025-04-29 00:00:00+00:00	(0.1, 0.25)	0.0025741299935647726	0.0069303499826742	0.013728693299011684	0.020873554114482745
BNB/USDT	2025-04-30 00:00:00+00:00	(0.25, 0.5)	0.003306636535841296	0.007095144727659403	0.0077265627596292755	0.021634375726961707
BNB/USDT	2025-05-01 00:00:00+00:00	(0.1, 0.25)	0.004229456331696075	0.006310881691782472	0.010956623095495676	0.011889101656814565
BNB/USDT	2025-05-02 00:00:00+00:00	(0.0, 0.05)	0.006075273303847094	0.0074605691396145	0.014170074271885186	0.014170074271885186
BNB/USDT	2025-05-03 00:00:00+00:00	(0.1, 0.25)	0.0029789146099951135	0.0045266188487077955	0.00943600326182822	0.00943600326182822
BNB/USDT	2025-05-04 00:00:00+00:00	(0.0, 0.05)	0.0017161518211204747	0.003748875337398781	0.012496251124662603	0.02630877403445627
BNB/USDT	2025-05-05 00:00:00+00:00	(0.5, 0.75)	0.004875470926169028	0.009273623020405472	0.022485126404255047	0.02800838717376121
BNB/USDT	2025-05-06 00:00:00+00:00	(0.1, 0.25)	0.0044484580908421435	0.006773028296207028	0.012007492139942387	0.018646732222891125
BNB/USDT	2025-05-07 00:00:00+00:00	(0.75, 1.0)	0.006123800066203318	0.009202250910294514	0.011635220125786118	0.018503806686527745
BNB/USDT	2025-05-08 00:00:00+00:00	(0.5, 0.75)	0.006985233117637359	0.01858304297328695	0.02833914053426255	0.04740335158453633
BNB/USDT	2025-05-09 00:00:00+00:00	(0.75, 1.0)	0.004407185628742501	0.009069860279441037	0.028806387225548843	0.08914970059880246
BNB/USDT	2025-05-10 00:00:00+00:00	(0.75, 1.0)	0.019246119733924587	0.03473762010347376	0.04385809312638575	0.04385809312638575
BNB/USDT	2025-05-11 00:00:00+00:00	(0.75, 1.0)	0.017739255400368293	0.018128471130671717	0.020358976662026053	0.030224098441640007
BNB/USDT	2025-05-12 00:00:00+00:00	(0.25, 0.5)	0.007222978866665514	0.01547125346228597	0.06991904754617664	0.06991904754617664
BNB/USDT	2025-05-13 00:00:00+00:00	(0.5, 0.75)	0.008776599790091693	0.02602558447287166	0.02602558447287166	0.047670474423132554
BNB/USDT	2025-05-14 00:00:00+00:00	(0.5, 0.75)	0.0072182037371911955	0.014451476793248992	0.025994575045207954	0.030409885473176707
BNB/USDT	2025-05-15 00:00:00+00:00	(0.1, 0.25)	0.0034423671246289894	0.015192313576696037	0.019399651173464802	0.028625195067470452
BNB/USDT	2025-05-16 00:00:00+00:00	(0.5, 0.75)	0.009335210577864872	0.02030790891283053	0.02030790891283053	0.02443988736532815
BNB/USDT	2025-05-17 00:00:00+00:00	(0.5, 0.75)	0.010054137664346482	0.017710750193348872	0.017710750193348872	0.017710750193348872
BNB/USDT	2025-05-18 00:00:00+00:00	(0.25, 0.5)	0.004637002341920418	0.006994535519125712	0.015565964090554297	0.032474629195940775
BNB/USDT	2025-05-19 00:00:00+00:00	(0.75, 1.0)	0.011822690352991825	0.020543843756237613	0.02772958282792621	0.02840516513381136
BNB/USDT	2025-05-20 00:00:00+00:00	(0.1, 0.25)	0.007493512276768569	0.008061667920703898	0.01881055848164243	0.020898914362053364
BNB/USDT	2025-05-21 00:00:00+00:00	(0.25, 0.5)	0.0044545482473656375	0.03150440846671376	0.03150440846671376	0.04532886854474515
BNB/USDT	2025-05-22 00:00:00+00:00	(0.5, 0.75)	0.008253196817259183	0.02521892456548472	0.02521892456548472	0.02521892456548472
BNB/USDT	2025-05-23 00:00:00+00:00	(0.5, 0.75)	0.003470551351036055	0.010863700657654966	0.03670326785948652	0.057103693658223556
BNB/USDT	2025-05-24 00:00:00+00:00	(0.75, 1.0)	0.0050640588279886566	0.0124478811310741	0.028655901751193962	0.028655901751193962
BNB/USDT	2025-05-25 00:00:00+00:00	(0.75, 1.0)	0.012137852395312777	0.012347901756912732	0.016803948927997976	0.02186013713222598
BNB/USDT	2025-05-26 00:00:00+00:00	(0.25, 0.5)	0.005651406871393076	0.013829500941901145	0.013829500941901145	0.015115270759202245
BNB/USDT	2025-05-27 00:00:00+00:00	(0.05, 0.1)	0.006778303495943474	0.012236543510182286	0.026445766155945537	0.04623188620756155
BNB/USDT	2025-05-28 00:00:00+00:00	(0.25, 0.5)	0.0036818958841663605	0.007393013164238777	0.01219993279078945	0.013412620720891931
BNB/USDT	2025-05-29 00:00:00+00:00	(0.25, 0.5)	0.006757839239160493	0.010340659180612026	0.015918789414660524	0.026084676890811332
BNB/USDT	2025-05-30 00:00:00+00:00	(0.5, 0.75)	0.018879056047197574	0.018879056047197574	0.018879056047197574	0.03908554572271387
BNB/USDT	2025-05-31 00:00:00+00:00	(0.75, 1.0)	0.010382530397231457	0.015558482129184531	0.01756454626198283	0.02508345839331107
BNB/USDT	2025-06-01 00:00:00+00:00	(0.05, 0.1)	0.00430562317429395	0.007196324245374733	0.014210077896786634	0.022669182083739012
BNB/USDT	2025-06-02 00:00:00+00:00	(0.5, 0.75)	0.006376452456143044	0.013689729680724166	0.02139586890497268	0.027983862437859955
BNB/USDT	2025-06-03 00:00:00+00:00	(0.5, 0.75)	0.006911408311641691	0.01021751488495935	0.016111659635580262	0.024414325464500397
BNB/USDT	2025-06-04 00:00:00+00:00	(0.5, 0.75)	0.0068947790193083225	0.013850038556329995	0.016511181335712173	0.016511181335712173
BNB/USDT	2025-06-05 00:00:00+00:00	(0.25, 0.5)	0.004234797679150116	0.006058322658428124	0.013879888478637515	0.06854042649385865
BNB/USDT	2025-06-06 00:00:00+00:00	(0.75, 1.0)	0.007285427564517935	0.01939093193419407	0.03051661741233001	0.03497321301578772
BNB/USDT	2025-06-07 00:00:00+00:00	(0.25, 0.5)	0.007903721140505303	0.011832197920401449	0.016056869378146998	0.022011941322275227
BNB/USDT	2025-06-08 00:00:00+00:00	(0.05, 0.1)	0.002615062761506171	0.002768889982771281	0.006399212404627074	0.015228894905242396
BNB/USDT	2025-06-09 00:00:00+00:00	(0.25, 0.5)	0.0038197800174881633	0.007624219552978396	0.01290134536027117	0.03026677098194428
BNB/USDT	2025-06-10 00:00:00+00:00	(0.75, 1.0)	0.0031188616155104	0.006852498837924233	0.01605913841447877	0.025310761572026205
BNB/USDT	2025-06-11 00:00:00+00:00	(0.5, 0.75)	0.0060013998302333145	0.007624607228485063	0.01295587556402724	0.018763681851349807
BNB/USDT	2025-06-12 00:00:00+00:00	(0.5, 0.75)	0.004972441888329814	0.009240953750299484	0.012281332374790217	0.03789240354660909
BNB/USDT	2025-06-13 00:00:00+00:00	(0.75, 1.0)	0.015000000000000084	0.016269349845201224	0.031594427244581995	0.031594427244581995
BNB/USDT	2025-06-14 00:00:00+00:00	(0.25, 0.5)	0.0033772425807633527	0.007717228521654016	0.009153702741526343	0.02471041290992995
BNB/USDT	2025-06-15 00:00:00+00:00	(0.5, 0.75)	0.0025409810665922754	0.004849555328313339	0.010194911840352082	0.014300765393077406
BNB/USDT	2025-06-16 00:00:00+00:00	(0.5, 0.75)	0.0028241612395444936	0.009583629124355746	0.016019012932497908	0.020370999104910716
BNB/USDT	2025-06-17 00:00:00+00:00	(0.75, 1.0)	0.010798303123794832	0.014330890860007833	0.018048592364057148	0.02913999228692632
BNB/USDT	2025-06-18 00:00:00+00:00	(0.1, 0.25)	0.006193953961357095	0.009753166312286104	0.01942929339619719	0.026131706264829933
BNB/USDT	2025-06-19 00:00:00+00:00	(0.5, 0.75)	0.0055433921833510915	0.007220384776633868	0.007996770236486976	0.012173724010496781
BNB/USDT	2025-06-20 00:00:00+00:00	(0.1, 0.25)	0.002263530797972181	0.0038138943582268843	0.012542441202462028	0.02018573355451851
BNB/USDT	2025-06-21 00:00:00+00:00	(0.5, 0.75)	0.0023701855605800437	0.00566037735849056	0.008685482613441526	0.03570871666926552
BNB/USDT	2025-06-22 00:00:00+00:00	(0.75, 1.0)	0.007957348611442667	0.00988302697541167	0.013400175061669387	0.05452375268560514
BNB/USDT	2025-06-23 00:00:00+00:00	(0.75, 1.0)	0.0071905078803422605	0.009657679884432543	0.015890535473713382	0.0450258890746482
BNB/USDT	2025-06-24 00:00:00+00:00	(0.75, 1.0)	0.005120999219359833	0.006760343481655021	0.010210772833723774	0.01264637002341924
BNB/USDT	2025-06-25 00:00:00+00:00	(0.0, 0.05)	0.0033845150673020912	0.01675179705329829	0.01675179705329829	0.01675179705329829
BNB/USDT	2025-06-26 00:00:00+00:00	(0.1, 0.25)	0.0031838273932798763	0.007094062007356855	0.01041698865568299	0.01372445983122623
BNB/USDT	2025-06-27 00:00:00+00:00	(0.5, 0.75)	0.006291266973962996	0.010558116357294268	0.012006353556746039	0.014451227108508918
BNB/USDT	2025-06-28 00:00:00+00:00	(0.0, 0.05)	0.0021695335502866534	0.0028668836200217308	0.004339067100573307	0.007639857430652333
BNB/USDT	2025-06-29 00:00:00+00:00	(0.0, 0.05)	0.0015735883986423662	0.003424868867633313	0.0075902499228632505	0.014316568960197427
BNB/USDT	2025-06-30 00:00:00+00:00	(0.75, 1.0)	0.0053687999511927	0.005597584040021901	0.008373497651150036	0.01346775669574773
BNB/USDT	2025-07-01 00:00:00+00:00	(0.1, 0.25)	0.0036453112184452402	0.00675901455086735	0.011543485525076738	0.022935083082718223
BNB/USDT	2025-07-02 00:00:00+00:00	(0.05, 0.1)	0.0018878727388082065	0.009733376661560069	0.0249756278724293	0.03271281122820047
BNB/USDT	2025-07-03 00:00:00+00:00	(0.5, 0.75)	0.003347926860674791	0.0046658890184969794	0.009755949765948181	0.011922255381678818
BNB/USDT	2025-07-04 00:00:00+00:00	(0.1, 0.25)	0.002833587049904284	0.005290367311257466	0.013595188930923752	0.020347566581759537
BNB/USDT	2025-07-05 00:00:00+00:00	(0.25, 0.5)	0.0013146630793689827	0.005090497737556624	0.006038278097101697	0.007261220496514615
BNB/USDT	2025-07-06 00:00:00+00:00	(0.25, 0.5)	0.0013254113345521094	0.003564899451553806	0.004966483851310163	0.017443631931749002
BNB/USDT	2025-07-07 00:00:00+00:00	(0.1, 0.25)	0.0038922246024802234	0.004299550432972306	0.004706876263464389	0.01015297347856262
BNB/USDT	2025-07-08 00:00:00+00:00	(0.25, 0.5)	0.003474320241691946	0.007703927492447164	0.007703927492447164	0.007915407854984909
BNB/USDT	2025-07-09 00:00:00+00:00	(0.25, 0.5)	0.0035891688878119765	0.0035891688878119765	0.008329294887327357	0.01885449479040472
BNB/USDT	2025-07-10 00:00:00+00:00	(0.25, 0.5)	0.0031333462646034958	0.004953671237373435	0.008728607451395864	0.030512824338640193
BNB/USDT	2025-07-11 00:00:00+00:00	(0.75, 1.0)	0.00939295819841903	0.011945392491467656	0.016320994136693873	0.021017473235903222
BNB/USDT	2025-07-12 00:00:00+00:00	(0.75, 1.0)	0.008460481596644764	0.012929351363077669	0.012929351363077669	0.02512112227926821
BNB/USDT	2025-07-13 00:00:00+00:00	(0.5, 0.75)	0.002858101112617986	0.003353894162765876	0.009901278854426359	0.012569812036105407
BNB/USDT	2025-07-14 00:00:00+00:00	(0.25, 0.5)	0.0062206826874504715	0.013292920545572687	0.025618820812585697	0.03101681460633616
BNB/USDT	2025-07-15 00:00:00+00:00	(0.25, 0.5)	0.00865499114170375	0.02294443960384547	0.02294443960384547	0.02600853881676408
BNB/USDT	2025-07-16 00:00:00+00:00	(0.75, 1.0)	0.007684150894063251	0.012259779498278608	0.015469982423775806	0.044100344261580555
BNB/USDT	2025-07-17 00:00:00+00:00	(0.75, 1.0)	0.015806988352745317	0.02189853069742516	0.024436673341041826	0.03061282044050881
BNB/USDT	2025-07-18 00:00:00+00:00	(0.75, 1.0)	0.015739070090215173	0.022484385843164374	0.03891741845940314	0.06499653018736978
BNB/USDT	2025-07-19 00:00:00+00:00	(0.75, 1.0)	0.017383085394920762	0.025149995890523566	0.02813621544615211	0.03251965699569876
BNB/USDT	2025-07-20 00:00:00+00:00	(0.5, 0.75)	0.006336201010514798	0.020005462242250412	0.02647821930902634	0.040680049160180205
BNB/USDT	2025-07-21 00:00:00+00:00	(0.75, 1.0)	0.013463175819497665	0.024039484887186106	0.04340942954448716	0.04779959557258417
BNB/USDT	2025-07-22 00:00:00+00:00	(0.75, 1.0)	0.016181356263435556	0.02458471760797343	0.03517686144225132	0.06511627906976747
BNB/USDT	2025-07-23 00:00:00+00:00	(0.75, 1.0)	0.013138851483154903	0.022590266678412824	0.029059011565713173	0.07220075762342844
BNB/USDT	2025-07-24 00:00:00+00:00	(0.75, 1.0)	0.013987999225756394	0.01607845667462407	0.056184269952900136	0.056184269952900136
BNB/USDT	2025-07-25 00:00:00+00:00	(0.75, 1.0)	0.007570633227535316	0.02338831364795257	0.036136115302565136	0.04394089182579735
BNB/USDT	2025-07-26 00:00:00+00:00	(0.75, 1.0)	0.0049143802915526304	0.009128525049334868	0.00931949837672678	0.025106626774460534
BNB/USDT	2025-07-27 00:00:00+00:00	(0.75, 1.0)	0.0061539623211386545	0.006808371402323112	0.009161727136582691	0.06921634512528159
BNB/USDT	2025-07-28 00:00:00+00:00	(0.75, 1.0)	0.008186024439435391	0.018116027998576322	0.025341084351643152	0.048000949104282875
BNB/USDT	2025-07-29 00:00:00+00:00	(0.5, 0.75)	0.014113194812707945	0.02417683073808025	0.02417683073808025	0.042110591524851686
BNB/USDT	2025-07-30 00:00:00+00:00	(0.25, 0.5)	0.012732749178532333	0.019341830130439067	0.03936821666832619	0.05654435925520256
BNB/USDT	2025-07-31 00:00:00+00:00	(0.5, 0.75)	0.007384778519762201	0.01061640809422216	0.029299266571569137	0.043803728997563574
BNB/USDT	2025-08-01 00:00:00+00:00	(0.75, 1.0)	0.020378904249872085	0.02652329749103946	0.041679467485919025	0.06491295442908336
BNB/USDT	2025-08-02 00:00:00+00:00	(0.5, 0.75)	0.013002473512255183	0.016706128225817112	0.026600177246332738	0.04993320194177326
BNB/USDT	2025-08-03 00:00:00+00:00	(0.25, 0.5)	0.016429220154261164	0.019926529395019783	0.03212644535115431	0.03459353946672809
BNB/USDT	2025-08-04 00:00:00+00:00	(0.1, 0.25)	0.011289206028010037	0.011289206028010037	0.012939986154747361	0.025919910538367362
BNB/USDT	2025-08-05 00:00:00+00:00	(0.25, 0.5)	0.004676549514107702	0.012753041711174171	0.019070942865330988	0.032149649584451385
BNB/USDT	2025-08-06 00:00:00+00:00	(0.25, 0.5)	0.007251179808049093	0.012646481785884674	0.024709687682273697	0.037886420276790976
BNB/USDT	2025-08-07 00:00:00+00:00	(0.1, 0.25)	0.005225801419546034	0.011413566284481154	0.020149234329095496	0.03351272651639249
BNB/USDT	2025-08-08 00:00:00+00:00	(0.5, 0.75)	0.013600273525054146	0.015525079461560853	0.015525079461560853	0.022489837784447048
BNB/USDT	2025-08-09 00:00:00+00:00	(0.05, 0.1)	0.004010812849688885	0.006525429056390337	0.03348211479222997	0.03348211479222997
BNB/USDT	2025-08-10 00:00:00+00:00	(0.5, 0.75)	0.006251793803112159	0.01546102299811571	0.027228371413953668	0.027228371413953668
BNB/USDT	2025-08-11 00:00:00+00:00	(0.25, 0.5)	0.007327048299210396	0.026528115848912095	0.04150346582976046	0.043974645694586915
BNB/USDT	2025-08-12 00:00:00+00:00	(0.25, 0.5)	0.011679864955440222	0.011679864955440222	0.021435841421939755	0.052342179082987814
BNB/USDT	2025-08-13 00:00:00+00:00	(0.1, 0.25)	0.010345240949412604	0.015056341404938797	0.03626228722128986	0.03675377607288416
BNB/USDT	2025-08-14 00:00:00+00:00	(0.25, 0.5)	0.008820754716981153	0.015837264150943338	0.030459905660377273	0.0575471698113207
BNB/USDT	2025-08-15 00:00:00+00:00	(0.5, 0.75)	0.009760436432637591	0.020410341555977138	0.023636148007590074	0.04857685009487656
BNB/USDT	2025-08-16 00:00:00+00:00	(0.25, 0.5)	0.008574490889603435	0.010417043004925488	0.013608391439960444	0.017991979479027486
BNB/USDT	2025-08-17 00:00:00+00:00	(0.0, 0.05)	0.014240600607757906	0.015932789131859627	0.030936066257522536	0.030936066257522536
BNB/USDT	2025-08-18 00:00:00+00:00	(0.25, 0.5)	0.008848216367451658	0.03125437164840283	0.03906505012823501	0.03906505012823501
BNB/USDT	2025-08-19 00:00:00+00:00	(0.5, 0.75)	0.011702515923192002	0.017294764478037246	0.019979043784362927	0.034083283297425264
BNB/USDT	2025-08-20 00:00:00+00:00	(0.5, 0.75)	0.007274572830316337	0.02240375087609054	0.02265751504458999	0.07546463010851431
BNB/USDT	2025-08-21 00:00:00+00:00	(0.5, 0.75)	0.010485562187449483	0.02333325651602793	0.04014472380337846	0.05807388288433615
BNB/USDT	2025-08-22 00:00:00+00:00	(0.1, 0.25)	0.005655087202395085	0.016763294207099762	0.01894929430214315	0.07304091621917029
BNB/USDT	2025-08-23 00:00:00+00:00	(0.1, 0.25)	0.011959315971834184	0.024153347490779044	0.024153347490779044	0.02433217838381591
BNB/USDT	2025-08-24 00:00:00+00:00	(0.0, 0.05)	0.006612826387786038	0.01378144778929695	0.029683990835053603	0.030988407703999382
BNB/USDT	2025-08-25 00:00:00+00:00	(0.5, 0.75)	0.014114374315943081	0.017124224735497972	0.034396661802261905	0.05471315213425758
BNB/USDT	2025-08-26 00:00:00+00:00	(0.75, 1.0)	0.0150585544264287	0.023969787583840652	0.023969787583840652	0.045759420531576465
BNB/USDT	2025-08-27 00:00:00+00:00	(0.25, 0.5)	0.005100503095077988	0.011000857811884182	0.01615932116940632	0.016460714534115465
BNB/USDT	2025-08-28 00:00:00+00:00	(0.25, 0.5)	0.009266058253785018	0.016935324078930468	0.027973006049162558	0.03556068393999789
BNB/USDT	2025-08-29 00:00:00+00:00	(0.25, 0.5)	0.005075213753372107	0.007075579534543522	0.03178866992821538	0.03178866992821538
BNB/USDT	2025-08-30 00:00:00+00:00	(0.1, 0.25)	0.004053109713487093	0.011076170510132764	0.01175168879571399	0.014430468204053094
BNB/USDT	2025-08-31 00:00:00+00:00	(0.1, 0.25)	0.005182912657462972	0.005938269883326377	0.008715660298424209	0.014444754334588463
BNB/USDT	2025-09-01 00:00:00+00:00	(0.5, 0.75)	0.010092161054070138	0.014297228159932729	0.023104507598322613	0.034049362815526014
BNB/USDT	2025-09-02 00:00:00+00:00	(0.25, 0.5)	0.005351012193678207	0.013010536285071633	0.01585178169764412	0.01890612051615948
BNB/USDT	2025-09-03 00:00:00+00:00	(0.05, 0.1)	0.00537148888758581	0.005969624113059323	0.007388729255849491	0.017768134639066412
BNB/USDT	2025-09-04 00:00:00+00:00	(0.05, 0.1)	0.002818845326097223	0.013614672031440051	0.014456816693178644	0.01826986057827267
BNB/USDT	2025-09-05 00:00:00+00:00	(0.1, 0.25)	0.0037228934232834813	0.006556560710432369	0.010682569982096903	0.01838919649526338
BNB/USDT	2025-09-06 00:00:00+00:00	(0.0, 0.05)	0.0034005600922504724	0.011990210152260436	0.01767349916456826	0.01792059868684256
BNB/USDT	2025-09-07 00:00:00+00:00	(0.1, 0.25)	0.002841699916488872	0.008931056880393484	0.01611069871021632	0.027257121647953977
BNB/USDT	2025-09-08 00:00:00+00:00	(0.5, 0.75)	0.005862874509537176	0.009162867705427458	0.01796284956113496	0.01796284956113496
BNB/USDT	2025-09-09 00:00:00+00:00	(0.1, 0.25)	0.005074005392552858	0.009078601576809769	0.01459629802386835	0.015301653033595429
BNB/USDT	2025-09-10 00:00:00+00:00	(0.25, 0.5)	0.003546220206635529	0.006319546265671065	0.009911230833930085	0.03448471829144933
BNB/USDT	2025-09-11 00:00:00+00:00	(0.1, 0.25)	0.005509734612579216	0.007608146776636899	0.01569881613645291	0.018122650507770833
BNB/USDT	2025-09-12 00:00:00+00:00	(0.5, 0.75)	0.007962207239176665	0.007962207239176665	0.008805003548616101	0.03121673172462737
BNB/USDT	2025-09-13 00:00:00+00:00	(0.05, 0.1)	0.005003512184578803	0.006149024693359329	0.021418922569838492	0.023504619873561356
BNB/USDT	2025-09-14 00:00:00+00:00	(0.25, 0.5)	0.004827918428518016	0.009398918803190036	0.01835893593106042	0.024664133169191325
BNB/USDT	2025-09-15 00:00:00+00:00	(0.5, 0.75)	0.008642734600071204	0.011814974266015004	0.027061146538050737	0.027061146538050737
BNB/USDT	2025-09-16 00:00:00+00:00	(0.05, 0.1)	0.005170799677777536	0.006553308223204352	0.018386275064771054	0.046090875443600215
BNB/USDT	2025-09-17 00:00:00+00:00	(0.1, 0.25)	0.00876770300846393	0.00876770300846393	0.017084974440626777	0.05168440459230708
BNB/USDT	2025-09-18 00:00:00+00:00	(0.75, 1.0)	0.010843251966915473	0.014373613072422837	0.02433931813596933	0.027637684083114764
BNB/USDT	2025-09-19 00:00:00+00:00	(0.5, 0.75)	0.005981251273690651	0.008121051558997262	0.022712451599755414	0.02964132871408196
BNB/USDT	2025-09-20 00:00:00+00:00	(0.5, 0.75)	0.0033433295509806642	0.010344059004700961	0.022714378343329625	0.06595477386934676
BNB/USDT	2025-09-21 00:00:00+00:00	(0.75, 1.0)	0.025483682593170423	0.04217922821394035	0.04217922821394035	0.042380264027034514
BNB/USDT	2025-09-22 00:00:00+00:00	(0.5, 0.75)	0.02168163982318631	0.02168163982318631	0.05180298444764804	0.06747944970069594
BNB/USDT	2025-09-23 00:00:00+00:00	(0.75, 1.0)	0.01095382880615347	0.03525763646980648	0.058010994100235594	0.06543100497352143
BNB/USDT	2025-09-24 00:00:00+00:00	(0.5, 0.75)	0.00921418807957429	0.03474250425308034	0.04232429615206849	0.04232429615206849
BNB/USDT	2025-09-25 00:00:00+00:00	(0.1, 0.25)	0.00668033470340693	0.025563806515533555	0.03771789564552049	0.07840809880224843
BNB/USDT	2025-09-26 00:00:00+00:00	(0.75, 1.0)	0.01349431070597776	0.018915192151826812	0.02840962916960518	0.03601991516057391
BNB/USDT	2025-09-27 00:00:00+00:00	(0.25, 0.5)	0.005627872559952452	0.01375702181321721	0.02039582703671671	0.03150566434951175
BNB/USDT	2025-09-28 00:00:00+00:00	(0.25, 0.5)	0.0052333819437979726	0.009246330944180646	0.01301105629505522	0.03292066151602598
BNB/USDT	2025-09-29 00:00:00+00:00	(0.75, 1.0)	0.006524628458657234	0.022765717507753046	0.022765717507753046	0.04518909339884812
BNB/USDT	2025-09-30 00:00:00+00:00	(0.75, 1.0)	0.006771156230626171	0.012486438313701165	0.029671032238065713	0.039551689398636125
BNB/USDT	2025-10-01 00:00:00+00:00	(0.25, 0.5)	0.007077056893211529	0.012503459455185207	0.03246945795279328	0.03246945795279328
BNB/USDT	2025-10-02 00:00:00+00:00	(0.5, 0.75)	0.009951453958779452	0.015106442767027372	0.029631495818838893	0.0748151665197043
BNB/USDT	2025-10-03 00:00:00+00:00	(0.75, 1.0)	0.006243841343807455	0.02562921896727984	0.02864983837844321	0.09999355355613486
BNB/USDT	2025-10-04 00:00:00+00:00	(0.75, 1.0)	0.013056634945253175	0.02022977654525991	0.036245016310257346	0.04473309338570593
BNB/USDT	2025-10-05 00:00:00+00:00	(0.25, 0.5)	0.007599074895230153	0.02477089745596189	0.039873406715704086	0.039873406715704086
BNB/USDT	2025-10-06 00:00:00+00:00	(0.5, 0.75)	0.009084664262407631	0.017636956895071238	0.06116263094624766	0.0654044307058218
BNB/USDT	2025-10-07 00:00:00+00:00	(0.1, 0.25)	0.007328751506465588	0.019860916582521825	0.11838376600110755	0.11838376600110755
BNB/USDT	2025-10-08 00:00:00+00:00	(0.75, 1.0)	0.021171784131424808	0.05311571121230329	0.05311571121230329	0.05311571121230329
BNB/USDT	2025-10-09 00:00:00+00:00	(0.5, 0.75)	0.01474103585657371	0.05004596996628864	0.051394422310756915	0.07326080294207776
BNB/USDT	2025-10-10 00:00:00+00:00	(0.5, 0.75)	0.009717454869056714	0.02017384947876947	0.02734871599288081	0.33245137299771166
BNB/USDT	2025-10-11 00:00:00+00:00	(0.75, 1.0)	0.05214892486194823	0.06335522345035081	0.06335522345035081	0.0988748660018557
BNB/USDT	2025-10-12 00:00:00+00:00	(0.75, 1.0)	0.022357077238357666	0.024750900996396	0.12416966998798666	0.1875927496290014
BNB/USDT	2025-10-13 00:00:00+00:00	(0.5, 0.75)	0.015547083492184598	0.02532977506671752	0.08319481509721685	0.09441860465116274
BNB/USDT	2025-10-14 00:00:00+00:00	(0.5, 0.75)	0.019180611656087757	0.036145412579342194	0.11902288901711872	0.13483362185035583
BNB/USDT	2025-10-15 00:00:00+00:00	(0.5, 0.75)	0.00996818487660218	0.01908076721796269	0.038726398245599376	0.06133756427402534
BNB/USDT	2025-10-16 00:00:00+00:00	(0.25, 0.5)	0.018929785508446838	0.03105209573605288	0.03105209573605288	0.06271677796759335
BNB/USDT	2025-10-17 00:00:00+00:00	(0.5, 0.75)	0.009094079693085764	0.0164617665010026	0.11797018048652885	0.11797018048652885
BNB/USDT	2025-10-18 00:00:00+00:00	(0.5, 0.75)	0.012540558684220384	0.022796777682467503	0.056595681199418234	0.056595681199418234
BNB/USDT	2025-10-19 00:00:00+00:00	(0.25, 0.5)	0.01224429808849323	0.01576235222794794	0.03854244169491217	0.06036723708745536
BNB/USDT	2025-10-20 00:00:00+00:00	(0.1, 0.25)	0.01586282365496094	0.03941287656118576	0.049749938954355935	0.049749938954355935
BNB/USDT	2025-10-21 00:00:00+00:00	(0.0, 0.05)	0.006517835167139254	0.02797655402510511	0.036609267176546806	0.05658210193347244
BNB/USDT	2025-10-22 00:00:00+00:00	(0.75, 1.0)	0.011538823529411756	0.016414117647058874	0.020310588235294264	0.028752941176470547
BNB/USDT	2025-10-23 00:00:00+00:00	(0.5, 0.75)	0.011705265508546265	0.018292966605565914	0.04784457491649051	0.08374196309770826
BNB/USDT	2025-10-24 00:00:00+00:00	(0.25, 0.5)	0.009668154301621717	0.01242543413901281	0.02112147054924669	0.041341522690115304
BNB/USDT	2025-10-25 00:00:00+00:00	(0.0, 0.05)	0.005942811726666721	0.016600133668105598	0.016600133668105598	0.01800003612651511
BNB/USDT	2025-10-26 00:00:00+00:00	(0.0, 0.05)	0.005559783338555922	0.008138233582523764	0.01966068311025564	0.025354760732351433
BNB/USDT	2025-10-27 00:00:00+00:00	(0.5, 0.75)	0.007921902658744732	0.025220393641446247	0.041046672625619916	0.044832360621834176
BNB/USDT	2025-10-28 00:00:00+00:00	(0.1, 0.25)	0.004307282026089393	0.01409735685524544	0.02318563420560897	0.06574087882589286
BNB/USDT	2025-10-29 00:00:00+00:00	(0.75, 1.0)	0.008467982702155109	0.009236976857799443	0.020826171132864082	0.03506613349738542
BNB/USDT	2025-10-30 00:00:00+00:00	(0.25, 0.5)	0.008677414418550314	0.009199499518421526	0.03560080293087769	0.07747562852744991
BNB/USDT	2025-10-31 00:00:00+00:00	(0.5, 0.75)	0.012792505924170769	0.015884182464455054	0.02786211492891008	0.03100933056872038
BNB/USDT	2025-11-01 00:00:00+00:00	(0.0, 0.05)	0.008030469897209985	0.011912628487518373	0.011912628487518373	0.013885829662261482
BNB/USDT	2025-11-02 00:00:00+00:00	(0.0, 0.05)	0.002541435453938951	0.005649665865230845	0.012917439915163694	0.021190817921690936
BNB/USDT	2025-11-03 00:00:00+00:00	(0.1, 0.25)	0.011774778589972532	0.05044097880723975	0.0722965881681427	0.11697446189538035
BNB/USDT	2025-11-04 00:00:00+00:00	(0.25, 0.5)	0.015889189298252695	0.020075864573665284	0.06307251523344495	0.12239215528025509
BNB/USDT	2025-11-05 00:00:00+00:00	(0.75, 1.0)	0.01866735249362391	0.05948477249833901	0.06096358687498659	0.07381212627788851
BNB/USDT	2025-11-06 00:00:00+00:00	(0.1, 0.25)	0.010340429091213235	0.02245828279871191	0.02245828279871191	0.04198904270001251
BNB/USDT	2025-11-07 00:00:00+00:00	(0.1, 0.25)	0.010087106366435178	0.033024765947610155	0.04132561389498906	0.07344674323060593
BNB/USDT	2025-11-08 00:00:00+00:00	(0.25, 0.5)	0.01592363094998596	0.027521828350702143	0.027521828350702143	0.027521828350702143
BNB/USDT	2025-11-09 00:00:00+00:00	(0.1, 0.25)	0.0072241614812566255	0.018616886730409246	0.019992917488743857	0.031689178934587885
BNB/USDT	2025-11-10 00:00:00+00:00	(0.1, 0.25)	0.023121735032536818	0.023121735032536818	0.02558832081658025	0.04345602759367503
BNB/USDT	2025-11-11 00:00:00+00:00	(0.25, 0.5)	0.008465426954161566	0.02183454580310566	0.03668688010170622	0.05366818351511977
BNB/USDT	2025-11-12 00:00:00+00:00	(0.1, 0.25)	0.007521624670928968	0.010791442062596674	0.024612427395428585	0.04252851949354398
BNB/USDT	2025-11-13 00:00:00+00:00	(0.1, 0.25)	0.007342991114980752	0.01823159793976649	0.026938287404672308	0.06973743561770293
BNB/USDT	2025-11-14 00:00:00+00:00	(0.75, 1.0)	0.011197699931905893	0.016656038219176567	0.03679244263340499	0.04989245452285473
BNB/USDT	2025-11-15 00:00:00+00:00	(0.5, 0.75)	0.010005739222714338	0.02053125710634892	0.023844846069715417	0.03037456549752571
BNB/USDT	2025-11-16 00:00:00+00:00	(0.5, 0.75)	0.006692047830982904	0.021663359965681854	0.030328703951954496	0.04462437664217922
BNB/USDT	2025-11-17 00:00:00+00:00	(0.5, 0.75)	0.02021862059271906	0.02155932056785125	0.02155932056785125	0.05171425791175159
BNB/USDT	2025-11-18 00:00:00+00:00	(0.5, 0.75)	0.02118169233811603	0.03773812924347962	0.04460460108545189	0.0610731471512382
BNB/USDT	2025-11-19 00:00:00+00:00	(0.1, 0.25)	0.008838139474872619	0.01750424703782549	0.03027761649786032	0.07384469819151447
BNB/USDT	2025-11-20 00:00:00+00:00	(0.75, 1.0)	0.009665650790826034	0.020932974439970692	0.022612506395568752	0.058650145707739215
BNB/USDT	2025-11-21 00:00:00+00:00	(0.5, 0.75)	0.009252669039145974	0.025117667317185163	0.08584548272299401	0.09934565491906794
BNB/USDT	2025-11-22 00:00:00+00:00	(0.75, 1.0)	0.007148984844152131	0.017193308550185814	0.034744066342579316	0.034744066342579316
BNB/USDT	2025-11-23 00:00:00+00:00	(0.25, 0.5)	0.0077505472029854175	0.022390469697513397	0.0253686892245865	0.026528879160835888
BNB/USDT	2025-11-24 00:00:00+00:00	(0.5, 0.75)	0.010033365109628168	0.020257387988560534	0.026596758817921753	0.05515967588179214
BNB/USDT	2025-11-25 00:00:00+00:00	(0.25, 0.5)	0.007686956521739125	0.012057971014492727	0.023408695652173975	0.03500289855072457
BNB/USDT	2025-11-26 00:00:00+00:00	(0.5, 0.75)	0.005648148148148143	0.013865740740740762	0.019976851851851843	0.05269675925925923
BNB/USDT	2025-11-27 00:00:00+00:00	(0.1, 0.25)	0.008393635669018863	0.01727043912085937	0.01727043912085937	0.023663984898197737
BNB/USDT	2025-11-28 00:00:00+00:00	(0.0, 0.05)	0.006515349627295099	0.012024899140599671	0.02033951341625589	0.03391781495513017
BNB/USDT	2025-11-29 00:00:00+00:00	(0.05, 0.1)	0.004732805457975106	0.006777287051993088	0.014164529938665512	0.023438117721476096
BNB/USDT	2025-11-30 00:00:00+00:00	(0.0, 0.05)	0.0052620741723672735	0.010730055594957686	0.011588002470887128	0.054542542725754366
BNB/USDT	2025-12-01 00:00:00+00:00	(0.75, 1.0)	0.027045988704528706	0.0378035804071515	0.04280819915576293	0.06506004373194886
BNB/USDT	2025-12-02 00:00:00+00:00	(0.75, 1.0)	0.012377288888349628	0.016430244269436546	0.030142338822215918	0.07831668871118441
BNB/USDT	2025-12-03 00:00:00+00:00	(0.1, 0.25)	0.010065889970588823	0.019037413647659575	0.04214450194933999	0.05962016369895802
BNB/USDT	2025-12-04 00:00:00+00:00	(0.5, 0.75)	0.014502199771875534	0.014502199771875534	0.02383357775243067	0.045027429254250226
BNB/USDT	2025-12-05 00:00:00+00:00	(0.1, 0.25)	0.006223536079839103	0.008512908280636989	0.0204376479479001	0.04194218779520122
BNB/USDT	2025-12-06 00:00:00+00:00	(0.0, 0.05)	0.005180759769189711	0.00840031288614795	0.011914613823672773	0.02254820827334458
BNB/USDT	2025-12-07 00:00:00+00:00	(0.1, 0.25)	0.003885937622839471	0.008951133772841145	0.01308415413470499	0.040173407158660794
BNB/USDT	2025-12-08 00:00:00+00:00	(0.75, 1.0)	0.008741884933960092	0.020774569062010237	0.024098947839713423	0.02726662189388853
BNB/USDT	2025-12-09 00:00:00+00:00	(0.25, 0.5)	0.00686379210608281	0.012882125216927024	0.017977128109286665	0.051417256263071275
BNB/USDT	2025-12-10 00:00:00+00:00	(0.75, 1.0)	0.009983490986971317	0.013051044083526732	0.016096287703016313	0.03427851151169019
BNB/USDT	2025-12-11 00:00:00+00:00	(0.5, 0.75)	0.018004920599418498	0.03683739655558034	0.03683739655558034	0.0389845672109148
BNB/USDT	2025-12-12 00:00:00+00:00	(0.5, 0.75)	0.009041284766565329	0.018161680774838162	0.018161680774838162	0.028807793587468787
BNB/USDT	2025-12-13 00:00:00+00:00	(0.25, 0.5)	0.0031838112827019855	0.00847505636818897	0.015794423231625037	0.027079391336860804
BNB/USDT	2025-12-14 00:00:00+00:00	(0.05, 0.1)	0.004201212445395361	0.005839350985111894	0.017139163769278768	0.03275162699474011
BNB/USDT	2025-12-15 00:00:00+00:00	(0.25, 0.5)	0.008689008746023245	0.021562881284422464	0.021562881284422464	0.062339646738200805
BNB/USDT	2025-12-16 00:00:00+00:00	(0.5, 0.75)	0.006703336486470716	0.009027315512267929	0.026638171647455824	0.036716532950285596
BNB/USDT	2025-12-17 00:00:00+00:00	(0.1, 0.25)	0.003676260063904993	0.014876828109073845	0.022389683566774017	0.04898244328137703
BNB/USDT	2025-12-18 00:00:00+00:00	(0.25, 0.5)	0.007764085761094186	0.016098012678965674	0.01975449343495499	0.04166963458935824
BNB/USDT	2025-12-19 00:00:00+00:00	(0.5, 0.75)	0.005363026382241796	0.023508333132921232	0.03347682835910636	0.048038767706404424
BNB/USDT	2025-12-20 00:00:00+00:00	(0.1, 0.25)	0.004989658436262059	0.008542014793694637	0.010224709910373114	0.010283136824146754
BNB/USDT	2025-12-21 00:00:00+00:00	(0.0, 0.05)	0.002411867323881068	0.009799674514992219	0.015302478603458496	0.023673765674210614
BNB/USDT	2025-12-22 00:00:00+00:00	(0.5, 0.75)	0.010338812711541403	0.019626416532858952	0.020065382882622714	0.02327676828352603
BNB/USDT	2025-12-23 00:00:00+00:00	(0.25, 0.5)	0.004025643113939704	0.010738926572735015	0.01675412163026922	0.027016021128808975
BNB/USDT	2025-12-24 00:00:00+00:00	(0.05, 0.1)	0.004880938277455283	0.013635825139201505	0.014915294396398434	0.017521620661059074
BNB/USDT	2025-12-25 00:00:00+00:00	(0.0, 0.05)	0.0034468512069880885	0.004780735406952671	0.014979637608451933	0.025001475535619506
BNB/USDT	2025-12-26 00:00:00+00:00	(0.75, 1.0)	0.0045747306326370364	0.02022512490218498	0.023066273400349085	0.03124059471498216
BNB/USDT	2025-12-27 00:00:00+00:00	(0.1, 0.25)	0.0015430252864763567	0.0029903590823186048	0.011267673022176454	0.014999641156910078
BNB/USDT	2025-12-28 00:00:00+00:00	(0.1, 0.25)	0.0016832422564928807	0.005239387868801886	0.021360581311269403	0.03321440001896609
BNB/USDT	2025-12-29 00:00:00+00:00	(0.1, 0.25)	0.0064482398048101176	0.014894853026606309	0.030347391657952832	0.030347391657952832
BNB/USDT	2025-12-30 00:00:00+00:00	(0.0, 0.05)	0.003774071426059878	0.005625944982946301	0.012963114898205494	0.017991303226713756
BNB/USDT	2025-12-31 00:00:00+00:00	(0.1, 0.25)	0.0025339114060884353	0.006172050259783972	0.01355293898852762	0.022781955761161307
BNB/USDT	2026-01-01 00:00:00+00:00	(0.05, 0.1)	0.006842664940589108	0.010818808081742121	0.01795043691340327	0.021233066715983177
BNB/USDT	2026-01-02 00:00:00+00:00	(0.1, 0.25)	0.003839684473058344	0.008734992169827704	0.01709877617307582	0.03654080389768575
BNB/USDT	2026-01-03 00:00:00+00:00	(0.25, 0.5)	0.004208382827083011	0.009955314214604976	0.017297358447876096	0.017297358447876096
BNB/USDT	2026-01-04 00:00:00+00:00	(0.25, 0.5)	0.005030705431802278	0.005937138842937761	0.013403884067166761	0.02701171565183896
BNB/USDT	2026-01-05 00:00:00+00:00	(0.25, 0.5)	0.010334909026043504	0.013579200856225417	0.020524884052800535	0.028942204780592135
BNB/USDT	2026-01-06 00:00:00+00:00	(0.25, 0.5)	0.006677594305893155	0.007172638364814449	0.013157170988217866	0.035500159514196744
BNB/USDT	2026-01-07 00:00:00+00:00	(0.75, 1.0)	0.009906925038690447	0.014233711881770764	0.017100071931468865	0.03011312858295006
BNB/USDT	2026-01-08 00:00:00+00:00	(0.25, 0.5)	0.007111219924770177	0.015079347414809983	0.03327472233969149	0.03327472233969149
BNB/USDT	2026-01-09 00:00:00+00:00	(0.5, 0.75)	0.003090255617883165	0.009864185504909766	0.014331620256849456	0.01766820059789725
BNB/USDT	2026-01-10 00:00:00+00:00	(0.25, 0.5)	0.0032538444394919464	0.01318252730109209	0.014943169155337733	0.021283708491196818
BNB/USDT	2026-01-11 00:00:00+00:00	(0.75, 1.0)	0.004974248360258817	0.011775322445745527	0.014339481445613513	0.020447242153453407
BNB/USDT	2026-01-12 00:00:00+00:00	(0.1, 0.25)	0.00956328054875278	0.015469686727762241	0.015469686727762241	0.01862789641072234
BNB/USDT	2026-01-13 00:00:00+00:00	(0.25, 0.5)	0.003934527690896497	0.0062996651230645614	0.014069252108177428	0.05604491550712309
BNB/USDT	2026-01-14 00:00:00+00:00	(0.5, 0.75)	0.005930357935685758	0.011797289583289253	0.02767500369986675	0.02767500369986675
BNB/USDT	2026-01-15 00:00:00+00:00	(0.25, 0.5)	0.008171625245465497	0.019478874131632896	0.019478874131632896	0.024757701809582176
BNB/USDT	2026-01-16 00:00:00+00:00	(0.5, 0.75)	0.005116409054754166	0.005374379259195563	0.012253584710965859	0.01691854590794752
BNB/USDT	2026-01-17 00:00:00+00:00	(0.5, 0.75)	0.0031231679368970314	0.004786015029579501	0.009604007887864405	0.02560358151681499
BNB/USDT	2026-01-18 00:00:00+00:00	(0.5, 0.75)	0.007674710353479419	0.008423205456634733	0.008423205456634733	0.05516725175790931
BNB/USDT	2026-01-19 00:00:00+00:00	(0.75, 1.0)	0.016365268412295346	0.01978062877660046	0.0243563359313425	0.024575269288028775
BNB/USDT	2026-01-20 00:00:00+00:00	(0.25, 0.5)	0.007606496359052566	0.00972722649614266	0.02647666655846618	0.06774434381796346
BNB/USDT	2026-01-21 00:00:00+00:00	(0.75, 1.0)	0.01930342317099772	0.01930342317099772	0.024379040685323088	0.03347381233995164
BNB/USDT	2026-01-22 00:00:00+00:00	(0.5, 0.75)	0.006453723866367329	0.009556475725197761	0.013279777955794356	0.021888504022294787
BNB/USDT	2026-01-23 00:00:00+00:00	(0.1, 0.25)	0.0025175894081417146	0.005203767392721464	0.008687931305774613	0.02460269292152762
BNB/USDT	2026-01-24 00:00:00+00:00	(0.25, 0.5)	0.0019990341744999304	0.005514189773480193	0.005514189773480193	0.00865873791314313
BNB/USDT	2026-01-25 00:00:00+00:00	(0.0, 0.05)	0.0025136956962824564	0.00794688549721572	0.011283450188245362	0.03511283450188243
BNB/USDT	2026-01-26 00:00:00+00:00	(0.5, 0.75)	0.00919153641484009	0.012243863670394723	0.014374733641253662	0.018532809638443233
BNB/USDT	2026-01-27 00:00:00+00:00	(0.5, 0.75)	0.0025848620457987245	0.013721404251927206	0.013721404251927206	0.02849041779113857
BNB/USDT	2026-01-28 00:00:00+00:00	(0.5, 0.75)	0.003578692332484999	0.007312979983773677	0.016693154917367753	0.016693154917367753
BNB/USDT	2026-01-29 00:00:00+00:00	(0.25, 0.5)	0.005108429462673021	0.013053644049953983	0.016477732344891024	0.05968329953569808
BNB/USDT	2026-01-30 00:00:00+00:00	(0.75, 1.0)	0.006291844801161613	0.037532121826709286	0.0403784325700918	0.04181887322969839
BNB/USDT	2026-01-31 00:00:00+00:00	(0.75, 1.0)	0.005098062038060869	0.01038235465285465	0.03241575976255604	0.12902287144270502
BNB/USDT	2026-02-01 00:00:00+00:00	(0.75, 1.0)	0.008090511804502685	0.013378011645240613	0.02730388471976259	0.06381948602953359
BNB/USDT	2026-02-02 00:00:00+00:00	(0.75, 1.0)	0.01870077450299446	0.055263606222233815	0.055263606222233815	0.06963974471542582
BNB/USDT	2026-02-03 00:00:00+00:00	(0.5, 0.75)	0.005665391845465747	0.01627017566604	0.027056459454203673	0.061567381862967535
BNB/USDT	2026-02-04 00:00:00+00:00	(0.75, 1.0)	0.013176614500924048	0.016886276908348645	0.0238801207302318	0.10375088087861836
BNB/USDT	2026-02-05 00:00:00+00:00	(0.75, 1.0)	0.010042876463986675	0.01869010963713276	0.040703864636988815	0.1789013265805301
BNB/USDT	2026-02-06 00:00:00+00:00	(0.75, 1.0)	0.09446030053987149	0.10993432137821955	0.1245314810357279	0.17122863725456489
BNB/USDT	2026-02-07 00:00:00+00:00	(0.5, 0.75)	0.010750064805355314	0.017825284762355034	0.05039569387475024	0.05039569387475024
BNB/USDT	2026-02-08 00:00:00+00:00	(0.5, 0.75)	0.007639714166653876	0.015510934823206141	0.021128825644745483	0.031947895606006894
BNB/USDT	2026-02-09 00:00:00+00:00	(0.5, 0.75)	0.011410336239103426	0.019209215442092205	0.04691780821917806	0.04691780821917806
BNB/USDT	2026-02-10 00:00:00+00:00	(0.25, 0.5)	0.006600297875676156	0.018797522928588238	0.026573645841498857	0.044211021400015746
BNB/USDT	2026-02-11 00:00:00+00:00	(0.25, 0.5)	0.005938548928479319	0.014200877872450226	0.05970823650916603	0.05970823650916603
BNB/USDT	2026-02-12 00:00:00+00:00	(0.5, 0.75)	0.00492562470339883	0.013500466379747663	0.017787887217922082	0.03317023678999817
BNB/USDT	2026-02-13 00:00:00+00:00	(0.5, 0.75)	0.00831015921029096	0.01442487518498643	0.038834951456310676	0.04930802881722519
BNB/USDT	2026-02-14 00:00:00+00:00	(0.25, 0.5)	0.010251691125425661	0.01553090844513328	0.029867131625256293	0.03477502784908213
BNB/USDT	2026-02-15 00:00:00+00:00	(0.1, 0.25)	0.0066619194556531945	0.018973020017406455	0.025761531766753654	0.053279531608513266
BNB/USDT	2026-02-16 00:00:00+00:00	(0.25, 0.5)	0.007418469879713732	0.011346849991071878	0.015583656640098734	0.043423209908608346
BNB/USDT	2026-02-17 00:00:00+00:00	(0.75, 1.0)	0.0038234825553608047	0.01690297913015774	0.026589134937071934	0.035940736020392
BNB/USDT	2026-02-18 00:00:00+00:00	(0.1, 0.25)	0.009519807341080613	0.010247127087003472	0.021399363191155804	0.04084304439882998
BNB/USDT	2026-02-19 00:00:00+00:00	(0.05, 0.1)	0.005991096105787539	0.010873342932326988	0.019793787134038236	0.03111397977591307
BNB/USDT	2026-02-20 00:00:00+00:00	(0.25, 0.5)	0.004059028462499223	0.007181358049037015	0.01635114704529029	0.04685137711168079
BNB/USDT	2026-02-21 00:00:00+00:00	(0.1, 0.25)	0.006439889055376611	0.007444129180348709	0.012162463735773257	0.017215544999521718
BNB/USDT	2026-02-22 00:00:00+00:00	(0.0, 0.05)	0.004764874242496951	0.01012136038758581	0.013031451367902621	0.026942325834252767
BNB/USDT	2026-02-23 00:00:00+00:00	(0.1, 0.25)	0.04077619411353632	0.05239635305780828	0.05239635305780828	0.05239635305780828
BNB/USDT	2026-02-24 00:00:00+00:00	(0.25, 0.5)	0.010750351100113607	0.02176820704875273	0.028639737845248436	0.043202033036848844
BNB/USDT	2026-02-25 00:00:00+00:00	(0.25, 0.5)	0.026638535823942044	0.03567814199214387	0.04320828830683211	0.10127103380847007
BNB/USDT	2026-02-26 00:00:00+00:00	(0.25, 0.5)	0.009969410235683955	0.01340877751890073	0.01745043031715086	0.031112801737118216
BNB/USDT	2026-02-27 00:00:00+00:00	(0.1, 0.25)	0.005274683119415556	0.013154740022057795	0.03265508367565486	0.04539424260345568
BNB/USDT	2026-02-28 00:00:00+00:00	(0.1, 0.25)	0.00493388914218715	0.005666644955383342	0.04390021494170526	0.05349117436331665
BNB/USDT	2026-03-01 00:00:00+00:00	(0.25, 0.5)	0.005575274306737234	0.028589488014780937	0.028589488014780937	0.03447269898380899
BNB/USDT	2026-03-02 00:00:00+00:00	(0.5, 0.75)	0.015990279465370603	0.01819360064803567	0.020785743215876756	0.06465775617658966
BNB/USDT	2026-03-03 00:00:00+00:00	(0.25, 0.5)	0.009095185824055127	0.01541477183628654	0.03495374000313621	0.03495374000313621
BNB/USDT	2026-03-04 00:00:00+00:00	(0.1, 0.25)	0.007977757065449311	0.01650842798691953	0.04522835342253676	0.0631269648188811
BNB/USDT	2026-03-05 00:00:00+00:00	(0.1, 0.25)	0.005882710607120063	0.013087891040646966	0.025278934727753617	0.029307147417383595
BNB/USDT	2026-03-06 00:00:00+00:00	(0.1, 0.25)	0.004817682279241036	0.009373701303698734	0.025966230048176827	0.04132740229955828
BNB/USDT	2026-03-07 00:00:00+00:00	(0.05, 0.1)	0.003296860815136971	0.00829789606128663	0.008855336295730102	0.019733384299297784
BNB/USDT	2026-03-08 00:00:00+00:00	(0.0, 0.05)	0.005488756901186412	0.010703880760377898	0.015983388864744718	0.026413636583128057
BNB/USDT	2026-03-09 00:00:00+00:00	(0.5, 0.75)	0.012519307373384353	0.028013982603040433	0.031525892203885846	0.05201203154215106
BNB/USDT	2026-03-10 00:00:00+00:00	(0.25, 0.5)	0.008867677865457002	0.017499094331301507	0.022224322323552134	0.027516577674872856
BNB/USDT	2026-03-11 00:00:00+00:00	(0.0, 0.05)	0.004789972162174835	0.00878679958321018	0.015396339092704589	0.03307880126281081
BNB/USDT	2026-03-12 00:00:00+00:00	(0.0, 0.05)	0.004895866906088455	0.015332197614991494	0.01912304126954899	0.02466350507236375
BNB/USDT	2026-03-13 00:00:00+00:00	(0.1, 0.25)	0.01417378155881046	0.01417378155881046	0.022268721457700008	0.038870984986177574
BNB/USDT	2026-03-14 00:00:00+00:00	(0.05, 0.1)	0.005719776699917635	0.00730606143802807	0.012446234099020726	0.012446234099020726
BNB/USDT	2026-03-15 00:00:00+00:00	(0.1, 0.25)	0.004397979060141202	0.010196006817628335	0.018398466033601044	0.03734477720964202
BNB/USDT	2026-03-16 00:00:00+00:00	(0.75, 1.0)	0.007168192813997904	0.023315177869132134	0.026120122883305417	0.026253691693504187
BNB/USDT	2026-03-17 00:00:00+00:00	(0.5, 0.75)	0.011298608163683504	0.016874734731511663	0.028056258872773514	0.03385191798264229
BNB/USDT	2026-03-18 00:00:00+00:00	(0.25, 0.5)	0.006296174438429151	0.014446804055872894	0.024421978284928127	0.04791672898034888
BNB/USDT	2026-03-19 00:00:00+00:00	(0.25, 0.5)	0.0033429430166228053	0.01127093173035641	0.023553947126295795	0.035392259093418275
BNB/USDT	2026-03-20 00:00:00+00:00	(0.1, 0.25)	0.005108896040996128	0.010624003999625143	0.013280004999531294	0.017607724275849113
BNB/USDT	2026-03-21 00:00:00+00:00	(0.25, 0.5)	0.0029283945232791717	0.004906618483153908	0.006713500210283742	0.03685415660680068
BNB/USDT	2026-03-22 00:00:00+00:00	(0.75, 1.0)	0.008861828788192642	0.016942669068073502	0.016942669068073502	0.02476849269217908
BNB/USDT	2026-03-23 00:00:00+00:00	(0.25, 0.5)	0.008103495031026243	0.01389398459059809	0.04868477723364543	0.04868477723364543
BNB/USDT	2026-03-24 00:00:00+00:00	(0.0, 0.05)	0.005936809787120847	0.01032284340293556	0.019737151271166386	0.021240934225160085
BNB/USDT	2026-03-25 00:00:00+00:00	(0.5, 0.75)	0.006560449859419002	0.008762886597938165	0.020962199312714713	0.023898781630740322
BNB/USDT	2026-03-26 00:00:00+00:00	(0.1, 0.25)	0.0030740712134085255	0.010797868232022875	0.03117324476712744	0.0390360701320769
BNB/USDT	2026-03-27 00:00:00+00:00	(0.25, 0.5)	0.004339118825100163	0.010744484709771745	0.03924279992370789	0.04134083539958038
BNB/USDT	2026-03-28 00:00:00+00:00	(0.1, 0.25)	0.004992739317006411	0.006803831030038136	0.007684902674215661	0.014847688818548227
BNB/USDT	2026-03-29 00:00:00+00:00	(0.5, 0.75)	0.006235577159130062	0.008854192239079505	0.008854192239079505	0.030899657943405174
BNB/USDT	2026-03-30 00:00:00+00:00	(0.5, 0.75)	0.014587218032705783	0.022144849094899544	0.02597316875959144	0.02597316875959144
BNB/USDT	2026-03-31 00:00:00+00:00	(0.25, 0.5)	0.006682318945277307	0.018667805014201986	0.034380284696340226	0.03439670317040723
BNB/USDT	2026-04-01 00:00:00+00:00	(0.1, 0.25)	0.006244931062449347	0.009618815896188262	0.013284671532846619	0.01998377939983769
BNB/USDT	2026-04-02 00:00:00+00:00	(0.25, 0.5)	0.009871005762179107	0.03629190675746476	0.05950432163436358	0.07086498166579373
BNB/USDT	2026-04-03 00:00:00+00:00	(0.05, 0.1)	0.004336424249695718	0.008792828616972037	0.012117991875632126	0.014363334076067389
BNB/USDT	2026-04-04 00:00:00+00:00	(0.0, 0.05)	0.0022123140805281553	0.003794969538136922	0.008764167319015652	0.01613287498723668
BNB/USDT	2026-04-05 00:00:00+00:00	(0.0, 0.05)	0.0037891545975075784	0.004782755136409619	0.012226338834624439	0.034573930616369104
BNB/USDT	2026-04-06 00:00:00+00:00	(0.75, 1.0)	0.0074429374793251735	0.010320873304664255	0.01928547800198473	0.02322196493549448
BNB/USDT	2026-04-07 00:00:00+00:00	(0.75, 1.0)	0.0048625335131805844	0.00804316331118556	0.023829744716990467	0.054370451782651374
BNB/USDT	2026-04-08 00:00:00+00:00	(0.75, 1.0)	0.007972113739792877	0.011361068973308068	0.014637059032372673	0.033098796113997984
BNB/USDT	2026-04-09 00:00:00+00:00	(0.5, 0.75)	0.0066580112520390165	0.010186757215619513	0.010769333200172966	0.02523386264522782
BNB/USDT	2026-04-10 00:00:00+00:00	(0.5, 0.75)	0.004949590579168565	0.009317853405750184	0.013287491487700765	0.021492517481356076
BNB/USDT	2026-04-11 00:00:00+00:00	(0.25, 0.5)	0.0024277857602933613	0.007151232885762013	0.007151232885762013	0.01770466894581253
BNB/USDT	2026-04-12 00:00:00+00:00	(0.5, 0.75)	0.0023066150424253906	0.0283878408435621	0.0283878408435621	0.03021665705577071
BNB/USDT	2026-04-13 00:00:00+00:00	(0.25, 0.5)	0.004848484848484841	0.007255892255892356	0.010168350168350108	0.04097643097643103
BNB/USDT	2026-04-14 00:00:00+00:00	(0.75, 1.0)	0.005767069058208239	0.008618021276249065	0.01391264682403917	0.02365475783197299
BNB/USDT	2026-04-15 00:00:00+00:00	(0.1, 0.25)	0.004922587038812037	0.009016619823566609	0.01658733124299372	0.027927152210290223
BNB/USDT	2026-04-16 00:00:00+00:00	(0.25, 0.5)	0.004617488536722717	0.00929933231437531	0.011744831469712742	0.036215911833319916
BNB/USDT	2026-04-17 00:00:00+00:00	(0.25, 0.5)	0.004740232129639823	0.012378147687365176	0.014771886171435763	0.02993747933038314
BNB/USDT	2026-04-18 00:00:00+00:00	(0.25, 0.5)	0.006419123704129681	0.010600102581637965	0.02684219524705075	0.03226658791712646
BNB/USDT	2026-04-19 00:00:00+00:00	(0.05, 0.1)	0.003284567293960738	0.014836088984798814	0.019723271238615007	0.024483513693630714
BNB/USDT	2026-04-20 00:00:00+00:00	(0.75, 1.0)	0.0035385361124576744	0.006285344966876695	0.020164808531265177	0.02436581030861212
BNB/USDT	2026-04-21 00:00:00+00:00	(0.1, 0.25)	0.003680670135804115	0.006917121462114503	0.01998984642721161	0.02490798324660497
BNB/USDT	2026-04-22 00:00:00+00:00	(0.5, 0.75)	0.0021178404349475786	0.01613667973195082	0.021747376406625347	0.036350992540144136
BNB/USDT	2026-04-23 00:00:00+00:00	(0.75, 1.0)	0.00872339756687931	0.009855081575555596	0.013360158435761214	0.014743327779698839
BNB/USDT	2026-04-24 00:00:00+00:00	(0.25, 0.5)	0.0034281957358879506	0.010675933752856729	0.013117936194859264	0.013227513227513298
BNB/USDT	2026-04-25 00:00:00+00:00	(0.1, 0.25)	0.0018399987418811377	0.00377435639360243	0.007076918238004624	0.01784956044474503
BNB/USDT	2026-04-26 00:00:00+00:00	(0.0, 0.05)	0.0029297963473083003	0.005334140088849295	0.009219304810279706	0.017610623696320153
BNB/USDT	2026-04-27 00:00:00+00:00	(0.05, 0.1)	0.009552887112258128	0.009552887112258128	0.023071717473757053	0.033726255488582095
BNB/USDT	2026-04-28 00:00:00+00:00	(0.25, 0.5)	0.0025051858943674005	0.0068613371629169745	0.010164352959948945	0.013690761129727207
BNB/USDT	2026-04-29 00:00:00+00:00	(0.0, 0.05)	0.002368682180468004	0.00667392208956191	0.01128324957587796	0.030968919048686056
BNB/USDT	2026-04-30 00:00:00+00:00	(0.5, 0.75)	0.006802280383518935	0.007288157553770406	0.011434309406581926	0.011434309406581926
BNB/USDT	2026-05-01 00:00:00+00:00	(0.25, 0.5)	0.0023862861595401346	0.009675010551605343	0.009675010551605343	0.014691081458394319
BNB/USDT	2026-05-02 00:00:00+00:00	(0.5, 0.75)	0.002811316768773288	0.004030095714773255	0.00505387002941322	0.012447795635146282
BNB/USDT	2026-05-03 00:00:00+00:00	(0.05, 0.1)	0.0025902961032231524	0.005002509349349865	0.007625184153863463	0.011623953763214475
BNB/USDT	2026-05-04 00:00:00+00:00	(0.25, 0.5)	0.0033563576223367	0.03306093329441902	0.03792521970360279	0.03792521970360279
BNB/USDT	2026-05-05 00:00:00+00:00	(0.25, 0.5)	0.0037340341992660796	0.00932707254923965	0.009455279732047133	0.019166973829708868
BNB/USDT	2026-05-06 00:00:00+00:00	(0.25, 0.5)	0.006100169537179381	0.011439798456736374	0.038692503921537495	0.05591557999144386
BNB/USDT	2026-05-07 00:00:00+00:00	(0.5, 0.75)	0.011213283428060892	0.011675369283612957	0.018252391294302516	0.030513069328281284
BNB/USDT	2026-05-08 00:00:00+00:00	(0.75, 1.0)	0.004170913367306889	0.007965503724029679	0.010662485299882328	0.026295570364562888
BNB/USDT	2026-05-09 00:00:00+00:00	(0.25, 0.5)	0.0048308435514392315	0.009292450653086915	0.011646333020508085	0.015031000476930387
BNB/USDT	2026-05-10 00:00:00+00:00	(0.1, 0.25)	0.0076958596275203935	0.008711713098353037	0.010866553794058712	0.0335847314144989
BNB/USDT	2026-05-11 00:00:00+00:00	(0.75, 1.0)	0.010120998806628567	0.018776718681551004	0.01969818275200526	0.03555944953851261
BNB/USDT	2026-05-12 00:00:00+00:00	(0.75, 1.0)	0.006102577142258742	0.016737215250459847	0.019040638975724333	0.029600490599338832
BNB/USDT	2026-05-13 00:00:00+00:00	(0.5, 0.75)	0.017519608137752756	0.02697058028067441	0.03107251254620301	0.032920635874628075
BNB/USDT	2026-05-14 00:00:00+00:00	(0.25, 0.5)	0.0059766569280279595	0.017944801198297503	0.017944801198297503	0.03298284121075503
BNB/USDT	2026-05-15 00:00:00+00:00	(0.25, 0.5)	0.005462160262418021	0.012828022492970933	0.023708411433926976	0.03048851921274609
BNB/USDT	2026-05-16 00:00:00+00:00	(0.1, 0.25)	0.00419949843446249	0.020656190179406075	0.03594058377479992	0.03594058377479992
BNB/USDT	2026-05-17 00:00:00+00:00	(0.05, 0.1)	0.006705258816880735	0.007453681782774045	0.009698950680453976	0.02686685708176144
BNB/USDT	2026-05-18 00:00:00+00:00	(0.75, 1.0)	0.005040509617168642	0.009184241449687758	0.01628115529717374	0.021290741542457938
BNB/USDT	2026-05-19 00:00:00+00:00	(0.25, 0.5)	0.003970100182996897	0.009335938711578572	0.014283055736484656	0.017198598058372927
BNB/USDT	2026-05-20 00:00:00+00:00	(0.25, 0.5)	0.004797516579652978	0.005377608453663301	0.012213285671730655	0.022341376228775692
BNB/USDT	2026-05-21 00:00:00+00:00	(0.25, 0.5)	0.0052053742802303056	0.008245681381957781	0.013266794625719749	0.020714011516314794
BNB/USDT	2026-05-22 00:00:00+00:00	(0.05, 0.1)	0.004178632751363754	0.008022974882618366	0.010074303687833333	0.02414489978878926
BNB/USDT	2026-05-23 00:00:00+00:00	(0.25, 0.5)	0.006515358728890231	0.007575641163544648	0.02721391582279459	0.044009404244203
BNB/USDT	2026-05-24 00:00:00+00:00	(0.75, 1.0)	0.003687506666463436	0.005241745013485214	0.013089124902860152	0.01968701906227631
BNB/USDT	2026-05-25 00:00:00+00:00	(0.5, 0.75)	0.002854106573553963	0.0064065583725520375	0.01632002429026871	0.026279034461818822
BNB/USDT	2026-05-26 00:00:00+00:00	(0.1, 0.25)	0.00877867776822471	0.010528379866358987	0.01396744950751918	0.02196177805933895
BNB/USDT	2026-05-27 00:00:00+00:00	(0.0, 0.05)	0.00422968079603197	0.008535434987676132	0.012719471746340891	0.02028116727018216
BNB/USDT	2026-05-28 00:00:00+00:00	(0.75, 1.0)	0.003476997728361484	0.025142556906862793	0.027862341796603317	0.03269923196983506
BNB/USDT	2026-05-29 00:00:00+00:00	(0.25, 0.5)	0.002128392124949159	0.008889167110081793	0.011580957150458685	0.022129018122632925
BNB/USDT	2026-05-30 00:00:00+00:00	(0.1, 0.25)	0.004655854737332195	0.025839993792193646	0.05118336307907196	0.1313571816559323
BNB/USDT	2026-05-31 00:00:00+00:00	(0.75, 1.0)	0.009317757655353576	0.03471348586438102	0.04018801410105765	0.05908619617059516
BNB/USDT	2026-06-01 00:00:00+00:00	(0.25, 0.5)	0.01307742171866645	0.03420140356810701	0.06320284095713202	0.07821087342521349
BNB/USDT	2026-06-02 00:00:00+00:00	(0.75, 1.0)	0.006925067588081477	0.020717373389813415	0.028813485810117175	0.07668175049516396
BNB/USDT	2026-06-03 00:00:00+00:00	(0.75, 1.0)	0.010583222614193354	0.04147768054855602	0.04147768054855602	0.0630717307310517
BNB/USDT	2026-06-04 00:00:00+00:00	(0.75, 1.0)	0.018657135071887834	0.05467309942457808	0.058455817531936766	0.058455817531936766
BNB/USDT	2026-06-05 00:00:00+00:00	(0.5, 0.75)	0.020322505723481203	0.027539068980390893	0.062029264408241795	0.08550383224393637
BNB/USDT	2026-06-06 00:00:00+00:00	(0.75, 1.0)	0.004849408545350551	0.022515111103413636	0.04286530767765289	0.04286530767765289
BNB/USDT	2026-06-07 00:00:00+00:00	(0.25, 0.5)	0.008878211823689197	0.013996239816168725	0.044216976533667525	0.06430610681707391
BNB/USDT	2026-06-08 00:00:00+00:00	(0.75, 1.0)	0.012475801247580064	0.015536840015222441	0.027863725863295715	0.03125568774095355
BNB/USDT	2026-06-09 00:00:00+00:00	(0.5, 0.75)	0.01634024992928089	0.01634024992928089	0.020932825265820135	0.03634124831522358
BNB/USDT	2026-06-10 00:00:00+00:00	(0.25, 0.5)	0.007887522914179133	0.013857822774591765	0.023612115504280246	0.030002859016834617
BNB/USDT	2026-06-11 00:00:00+00:00	(0.25, 0.5)	0.006085330613632571	0.016369199388067305	0.026602073771885056	0.0326534081251063
BNB/USDT	2026-06-12 00:00:00+00:00	(0.1, 0.25)	0.004346245372818607	0.008147144368059146	0.019996033844526556	0.027779613960867176
BNB/USDT	2026-06-13 00:00:00+00:00	(0.05, 0.1)	0.0025812002581199357	0.011483031917533863	0.013501662888627775	0.021510002151000216
BNB/USDT	2026-06-14 00:00:00+00:00	(0.0, 0.05)	0.003020205833593276	0.004103540534773403	0.008256323555964042	0.025097253910674255
BNB/USDT	2026-06-15 00:00:00+00:00	(0.75, 1.0)	0.007638158427057249	0.009126952018771723	0.016538554899263737	0.032753459017719894
BNB/USDT	2026-06-16 00:00:00+00:00	(0.25, 0.5)	0.005898608574799169	0.012976938864558207	0.013574880007757039	0.029363758302493513
BNB/USDT	2026-06-17 00:00:00+00:00	(0.1, 0.25)	0.002409956752830934	0.008748473143838028	0.01452576672939168	0.028704895843649905
BNB/USDT	2026-06-18 00:00:00+00:00	(0.25, 0.5)	0.004081361781199062	0.022082489962504472	0.02808839632345613	0.05194611275176684
BNB/USDT	2026-06-19 00:00:00+00:00	(0.1, 0.25)	0.007801283492760877	0.012783034370621484	0.021570289391292165	0.021570289391292165
BNB/USDT	2026-06-20 00:00:00+00:00	(0.1, 0.25)	0.004005914311257893	0.004521697269788865	0.01600646447974683	0.01600646447974683
BNB/USDT	2026-06-21 00:00:00+00:00	(0.1, 0.25)	0.002633591028799515	0.006796363945289271	0.011349927788633191	0.015223855237447835
BNB/USDT	2026-06-22 00:00:00+00:00	(0.5, 0.75)	0.00789919127327441	0.01966248910014191	0.02426180176791433	0.029921179065433345
BNB/USDT	2026-06-23 00:00:00+00:00	(0.1, 0.25)	0.005883150791767025	0.008138076023193632	0.03774032755755991	0.03774032755755991
BNB/USDT	2026-06-24 00:00:00+00:00	(0.1, 0.25)	0.0038803138742778305	0.01077864965077175	0.014434767612313536	0.06141243425023715
BNB/USDT	2026-06-25 00:00:00+00:00	(0.75, 1.0)	0.005109708446047466	0.007107622129104089	0.021676479428561306	0.056790254424583186
BNB/USDT	2026-06-26 00:00:00+00:00	(0.5, 0.75)	0.010717581091631706	0.025924480090851045	0.035435446092696485	0.035435446092696485
BNB/USDT	2026-06-27 00:00:00+00:00	(0.1, 0.25)	0.004364660330869444	0.005649419218585069	0.010506863780359076	0.024480816613868497
BNB/USDT	2026-06-28 00:00:00+00:00	(0.25, 0.5)	0.0036233833790740313	0.004287072413854932	0.008717645159554456	0.02380311754470929
BNB/USDT	2026-06-29 00:00:00+00:00	(0.25, 0.5)	0.01163401772284956	0.01815776597865302	0.020749143758041506	0.03078846746280559
LINK/USDT	2025-01-01 00:00:00+00:00	(0.0, 0.05)	0.013937282229965214	0.013937282229965214	0.028870084619213456	0.11498257839721249
LINK/USDT	2025-01-02 00:00:00+00:00	(0.25, 0.5)	0.021847974510696425	0.02730996813837041	0.05143377332726441	0.05143377332726441
LINK/USDT	2025-01-03 00:00:00+00:00	(0.05, 0.1)	0.011786038077969085	0.024025385312783372	0.0548504079782412	0.10290117860380778
LINK/USDT	2025-01-04 00:00:00+00:00	(0.1, 0.25)	0.015345268542199616	0.019181585677749483	0.02728047740835467	0.050298380221653866
LINK/USDT	2025-01-05 00:00:00+00:00	(0.05, 0.1)	0.014761703922395524	0.02193167439898775	0.035849852382960685	0.04133277098270759
LINK/USDT	2025-01-06 00:00:00+00:00	(0.1, 0.25)	0.022203245089667083	0.04910333048676339	0.05038428693424422	0.07557643040136633
LINK/USDT	2025-01-07 00:00:00+00:00	(0.05, 0.1)	0.015209125475285147	0.01732150401351923	0.03253062948880437	0.11237853823405154
LINK/USDT	2025-01-08 00:00:00+00:00	(0.1, 0.25)	0.012999071494893275	0.03853296193129071	0.05571030640668521	0.09935004642525537
LINK/USDT	2025-01-09 00:00:00+00:00	(0.5, 0.75)	0.015586945932781308	0.026302971261568393	0.051631758402337975	0.07744763760350705
LINK/USDT	2025-01-10 00:00:00+00:00	(0.25, 0.5)	0.0086206896551725	0.02028397565922932	0.04513184584178502	0.05121703853955365
LINK/USDT	2025-01-11 00:00:00+00:00	(0.0, 0.05)	0.007901234567901242	0.01629629629629621	0.022222222222222362	0.04345679012345691
LINK/USDT	2025-01-12 00:00:00+00:00	(0.5, 0.75)	0.007447864945382253	0.01439920556107245	0.027308838133068555	0.03723932472691162
LINK/USDT	2025-01-13 00:00:00+00:00	(0.25, 0.5)	0.03018108651911476	0.055835010060362324	0.12022132796780688	0.13128772635814906
LINK/USDT	2025-01-14 00:00:00+00:00	(0.75, 1.0)	0.016597510373443997	0.01815352697095443	0.054460580912863106	0.06535269709543576
LINK/USDT	2025-01-15 00:00:00+00:00	(0.05, 0.1)	0.013248282630029421	0.024043179587831132	0.043670264965652454	0.10107948969578012
LINK/USDT	2025-01-16 00:00:00+00:00	(0.25, 0.5)	0.018755718206770362	0.022415370539798647	0.06404391582799628	0.11344922232387926
LINK/USDT	2025-01-17 00:00:00+00:00	(0.5, 0.75)	0.019853258523953424	0.03582218385843756	0.05567544238239098	0.09883470004315921
LINK/USDT	2025-01-18 00:00:00+00:00	(0.5, 0.75)	0.020110410094637286	0.04810725552050483	0.0887223974763407	0.0906940063091483
LINK/USDT	2025-01-19 00:00:00+00:00	(0.25, 0.5)	0.0175732217573221	0.03849372384937246	0.10083682008368203	0.1891213389121339
LINK/USDT	2025-01-20 00:00:00+00:00	(0.75, 1.0)	0.03606965174129357	0.05887230514096192	0.14676616915422896	0.14676616915422896
LINK/USDT	2025-01-21 00:00:00+00:00	(0.5, 0.75)	0.028514056224899633	0.040160642570281124	0.10281124497991963	0.14176706827309243
LINK/USDT	2025-01-22 00:00:00+00:00	(0.25, 0.5)	0.02086438152011931	0.030551415797317447	0.05402384500745167	0.07078986587183317
LINK/USDT	2025-01-23 00:00:00+00:00	(0.1, 0.25)	0.013079667063020287	0.03091557669441146	0.050733254062623905	0.08997225525168448
LINK/USDT	2025-01-24 00:00:00+00:00	(0.75, 1.0)	0.017523364485981283	0.03426791277258563	0.061526479750778885	0.061526479750778885
LINK/USDT	2025-01-25 00:00:00+00:00	(0.5, 0.75)	0.014405762304922088	0.02120848339335739	0.026410564225690283	0.03041216486594644
LINK/USDT	2025-01-26 00:00:00+00:00	(0.25, 0.5)	0.011613936724068848	0.030036043251902286	0.038446135362434956	0.07448938726471764
LINK/USDT	2025-01-27 00:00:00+00:00	(0.75, 1.0)	0.035228182546036935	0.052842273819055256	0.11409127301841479	0.11409127301841479
LINK/USDT	2025-01-28 00:00:00+00:00	(0.75, 1.0)	0.01724845995893216	0.026694045174538075	0.03655030800821357	0.09445585215605752
LINK/USDT	2025-01-29 00:00:00+00:00	(0.75, 1.0)	0.021910604732690624	0.035056967572305024	0.04382120946538125	0.093339176161262
LINK/USDT	2025-01-30 00:00:00+00:00	(0.75, 1.0)	0.020390824129141904	0.04163126593033137	0.05649957519116391	0.0764655904842821
LINK/USDT	2025-01-31 00:00:00+00:00	(0.1, 0.25)	0.022158391464915845	0.026261797291752178	0.06893721789084939	0.09355765285186694
LINK/USDT	2025-02-01 00:00:00+00:00	(0.5, 0.75)	0.01701622477245745	0.031262366442421814	0.05777601899485545	0.12781954887218033
LINK/USDT	2025-02-02 00:00:00+00:00	(0.5, 0.75)	0.012975778546712833	0.053200692041522356	0.054930795847750846	0.1747404844290657
LINK/USDT	2025-02-03 00:00:00+00:00	(0.75, 1.0)	0.05249999999999986	0.2374999999999999	0.2374999999999999	0.3325
LINK/USDT	2025-02-04 00:00:00+00:00	(0.75, 1.0)	0.021355617455895884	0.04271123491179193	0.10213556174558958	0.1081708449396471
LINK/USDT	2025-02-05 00:00:00+00:00	(0.75, 1.0)	0.023069207622868647	0.026579739217653015	0.04413239719157467	0.0656970912738214
LINK/USDT	2025-02-06 00:00:00+00:00	(0.25, 0.5)	0.019121447028423822	0.028423772609819157	0.04651162790697685	0.07906976744186052
LINK/USDT	2025-02-07 00:00:00+00:00	(0.25, 0.5)	0.017581246670218344	0.026105487480021228	0.05114544485881731	0.11028236547682474
LINK/USDT	2025-02-08 00:00:00+00:00	(0.75, 1.0)	0.01851851851851851	0.02450980392156859	0.03921568627450974	0.04139433551198246
LINK/USDT	2025-02-09 00:00:00+00:00	(0.1, 0.25)	0.00925421883505725	0.04082743603701687	0.04082743603701687	0.08492106695699503
LINK/USDT	2025-02-10 00:00:00+00:00	(0.75, 1.0)	0.021621621621621546	0.05297297297297281	0.07081081081081074	0.07891891891891878
LINK/USDT	2025-02-11 00:00:00+00:00	(0.1, 0.25)	0.020159151193634088	0.03607427055702916	0.05198938992042442	0.08328912466843502
LINK/USDT	2025-02-12 00:00:00+00:00	(0.5, 0.75)	0.01708489054991993	0.026695141484249865	0.02989855846235978	0.09983982915109456
LINK/USDT	2025-02-13 00:00:00+00:00	(0.5, 0.75)	0.00943396226415093	0.01886792452830186	0.04088050314465415	0.06079664570230609
LINK/USDT	2025-02-14 00:00:00+00:00	(0.0, 0.05)	0.010822510822510784	0.0297619047619048	0.04816017316017319	0.07521645021645025
LINK/USDT	2025-02-15 00:00:00+00:00	(0.25, 0.5)	0.011375387797311213	0.02223371251292656	0.03309203722854191	0.048603929679420954
LINK/USDT	2025-02-16 00:00:00+00:00	(0.0, 0.05)	0.0094736842105263	0.022105263157894826	0.029473684210526437	0.036842105263158044
LINK/USDT	2025-02-17 00:00:00+00:00	(0.1, 0.25)	0.009081196581196483	0.02136752136752129	0.06089743589743593	0.076923076923077
LINK/USDT	2025-02-18 00:00:00+00:00	(0.5, 0.75)	0.013095861707700367	0.017286537454164395	0.06600314300680975	0.0958617077003666
LINK/USDT	2025-02-19 00:00:00+00:00	(0.25, 0.5)	0.019036954087346018	0.026315789473684147	0.04031354983202681	0.04311310190369538
LINK/USDT	2025-02-20 00:00:00+00:00	(0.05, 0.1)	0.015572858731924226	0.029477196885428315	0.03726362625139053	0.03726362625139053
LINK/USDT	2025-02-21 00:00:00+00:00	(0.05, 0.1)	0.009304871373836985	0.012041598248494934	0.03886152162014236	0.10618500273672675
LINK/USDT	2025-02-22 00:00:00+00:00	(0.1, 0.25)	0.019009216589861655	0.019009216589861655	0.02131336405529939	0.03917050691244238
LINK/USDT	2025-02-23 00:00:00+00:00	(0.0, 0.05)	0.007887323943662004	0.015211267605633778	0.027605633802816814	0.03999999999999985
LINK/USDT	2025-02-24 00:00:00+00:00	(0.1, 0.25)	0.01578354002254798	0.05806087936865847	0.07384441939120624	0.1640360766629087
LINK/USDT	2025-02-25 00:00:00+00:00	(0.75, 1.0)	0.03686327077747994	0.03686327077747994	0.09383378016085793	0.10522788203753353
LINK/USDT	2025-02-26 00:00:00+00:00	(0.75, 1.0)	0.014397905759162347	0.029450261780104785	0.035994764397905804	0.0726439790575916
LINK/USDT	2025-02-27 00:00:00+00:00	(0.75, 1.0)	0.017704918032786857	0.027540983606557372	0.04786885245901631	0.06557377049180328
LINK/USDT	2025-02-28 00:00:00+00:00	(0.25, 0.5)	0.01123595505617977	0.0991407799074686	0.11302048909451426	0.11302048909451426
LINK/USDT	2025-03-01 00:00:00+00:00	(0.05, 0.1)	0.018893387314439902	0.027665317139001357	0.0411605937921727	0.06207827260458839
LINK/USDT	2025-03-02 00:00:00+00:00	(0.25, 0.5)	0.01290760869565214	0.017663043478260854	0.01902173913043474	0.21399456521739132
LINK/USDT	2025-03-03 00:00:00+00:00	(0.5, 0.75)	0.019710144927536224	0.05217391304347838	0.08753623188405805	0.18028985507246384
LINK/USDT	2025-03-04 00:00:00+00:00	(0.75, 1.0)	0.022758620689655177	0.08206896551724134	0.08206896551724134	0.1572413793103448
LINK/USDT	2025-03-05 00:00:00+00:00	(0.75, 1.0)	0.017473118279569877	0.03225806451612894	0.12701612903225798	0.13172043010752682
LINK/USDT	2025-03-06 00:00:00+00:00	(0.1, 0.25)	0.018170805572380416	0.05875227135069669	0.07813446396123577	0.07813446396123577
LINK/USDT	2025-03-07 00:00:00+00:00	(0.5, 0.75)	0.06941176470588234	0.06941176470588234	0.08941176470588233	0.10647058823529404
LINK/USDT	2025-03-08 00:00:00+00:00	(0.75, 1.0)	0.014483627204030253	0.037153652392947205	0.05289672544080615	0.05667506297229221
LINK/USDT	2025-03-09 00:00:00+00:00	(0.25, 0.5)	0.008524590163934361	0.022950819672131126	0.05377049180327859	0.11606557377049177
LINK/USDT	2025-03-10 00:00:00+00:00	(0.5, 0.75)	0.03458213256484153	0.046109510086455245	0.06628242074927954	0.15561959654178675
LINK/USDT	2025-03-11 00:00:00+00:00	(0.25, 0.5)	0.06550907655880032	0.06550907655880032	0.10576164167324387	0.1428571428571429
LINK/USDT	2025-03-12 00:00:00+00:00	(0.5, 0.75)	0.01676829268292688	0.05945121951219508	0.06554878048780484	0.08917682926829268
LINK/USDT	2025-03-13 00:00:00+00:00	(0.25, 0.5)	0.018642803877703205	0.02386278896345999	0.04175988068605509	0.06636838180462333
LINK/USDT	2025-03-14 00:00:00+00:00	(0.5, 0.75)	0.01610429447852754	0.029141104294478453	0.11042944785276071	0.13190184049079762
LINK/USDT	2025-03-15 00:00:00+00:00	(0.75, 1.0)	0.012399708242159002	0.03063457330415754	0.04230488694383662	0.04230488694383662
LINK/USDT	2025-03-16 00:00:00+00:00	(0.0, 0.05)	0.007857142857142816	0.019285714285714257	0.05071428571428565	0.06999999999999991
LINK/USDT	2025-03-17 00:00:00+00:00	(0.1, 0.25)	0.02167414050822116	0.02840059790732429	0.042600896860986434	0.06427503736920773
LINK/USDT	2025-03-18 00:00:00+00:00	(0.05, 0.1)	0.012108262108262104	0.025641025641025602	0.042735042735042715	0.0584045584045583
LINK/USDT	2025-03-19 00:00:00+00:00	(0.5, 0.75)	0.013629842180774714	0.022238163558106205	0.05308464849354377	0.1004304160688666
LINK/USDT	2025-03-20 00:00:00+00:00	(0.75, 1.0)	0.01594684385382061	0.025249169435215997	0.04518272425249179	0.06445182724252496
LINK/USDT	2025-03-21 00:00:00+00:00	(0.0, 0.05)	0.011204481792717097	0.018207282913165253	0.03081232492997208	0.03991596638655465
LINK/USDT	2025-03-22 00:00:00+00:00	(0.1, 0.25)	0.011444921316165962	0.011444921316165962	0.022889842632331923	0.03719599427753931
LINK/USDT	2025-03-23 00:00:00+00:00	(0.25, 0.5)	0.007708479327259946	0.01611772950245273	0.01751927119831815	0.018920812894183573
LINK/USDT	2025-03-24 00:00:00+00:00	(0.1, 0.25)	0.022176022176022197	0.042966042966042915	0.07969507969507972	0.08662508662508663
LINK/USDT	2025-03-25 00:00:00+00:00	(0.1, 0.25)	0.009259259259259297	0.025132275132275186	0.04166666666666672	0.04894179894179896
LINK/USDT	2025-03-26 00:00:00+00:00	(0.05, 0.1)	0.016905071521456424	0.024707412223667034	0.04941482444733419	0.06892067620286088
LINK/USDT	2025-03-27 00:00:00+00:00	(0.1, 0.25)	0.018421052631578907	0.04078947368421048	0.04078947368421048	0.041447368421052684
LINK/USDT	2025-03-28 00:00:00+00:00	(0.1, 0.25)	0.012265978050355035	0.021949644932214324	0.08973531310522921	0.10264686894770819
LINK/USDT	2025-03-29 00:00:00+00:00	(0.25, 0.5)	0.011871508379888263	0.025837988826815587	0.0614525139664805	0.07332402234636877
LINK/USDT	2025-03-30 00:00:00+00:00	(0.05, 0.1)	0.019159911569638893	0.03021370670596906	0.035372144436256345	0.050110537951363276
LINK/USDT	2025-03-31 00:00:00+00:00	(0.5, 0.75)	0.023134328358208993	0.03134328358208954	0.04328358208955211	0.05671641791044774
LINK/USDT	2025-04-01 00:00:00+00:00	(0.1, 0.25)	0.009601181683899616	0.019940915805022125	0.04357459379615952	0.06646971935007388
LINK/USDT	2025-04-02 00:00:00+00:00	(0.25, 0.5)	0.014316392269148123	0.02576950608446667	0.04939155332856116	0.11381531853972797
LINK/USDT	2025-04-03 00:00:00+00:00	(0.75, 1.0)	0.021555042340261826	0.0277136258660509	0.04772902232486536	0.07775211701308697
LINK/USDT	2025-04-04 00:00:00+00:00	(0.5, 0.75)	0.010886469673405817	0.023328149300155438	0.06609642301710729	0.06609642301710729
LINK/USDT	2025-04-05 00:00:00+00:00	(0.1, 0.25)	0.011618900077459225	0.015491866769945723	0.02168861347792418	0.037955073586367176
LINK/USDT	2025-04-06 00:00:00+00:00	(0.25, 0.5)	0.010937500000000044	0.01953125	0.03281250000000013	0.15312500000000007
LINK/USDT	2025-04-07 00:00:00+00:00	(0.75, 1.0)	0.024236983842010732	0.06463195691202862	0.1274685816876122	0.16068222621184927
LINK/USDT	2025-04-08 00:00:00+00:00	(0.5, 0.75)	0.014782608695652167	0.045217391304347945	0.045217391304347945	0.0965217391304349
LINK/USDT	2025-04-09 00:00:00+00:00	(0.25, 0.5)	0.03916211293260471	0.05191256830601095	0.09744990892531878	0.21675774134790535
LINK/USDT	2025-04-10 00:00:00+00:00	(0.25, 0.5)	0.01825396825396829	0.03809523809523813	0.03809523809523813	0.07619047619047627
LINK/USDT	2025-04-11 00:00:00+00:00	(0.1, 0.25)	0.014003294892915973	0.03706754530477768	0.05683690280065908	0.07248764415156514
LINK/USDT	2025-04-12 00:00:00+00:00	(0.25, 0.5)	0.008716323296354947	0.015847860538827203	0.03803486529318532	0.06497622820919165
LINK/USDT	2025-04-13 00:00:00+00:00	(0.1, 0.25)	0.012139605462822469	0.01896813353566009	0.03566009104704102	0.06069802731411235
LINK/USDT	2025-04-14 00:00:00+00:00	(0.5, 0.75)	0.017322834645669343	0.037007874015748086	0.05354330708661415	0.05590551181102369
LINK/USDT	2025-04-15 00:00:00+00:00	(0.5, 0.75)	0.015936254980079764	0.0199203187250996	0.023904382470119577	0.05179282868525899
LINK/USDT	2025-04-16 00:00:00+00:00	(0.25, 0.5)	0.014729950900163642	0.022094926350245462	0.032733224222585955	0.05237315875613738
LINK/USDT	2025-04-17 00:00:00+00:00	(0.5, 0.75)	0.009685230024213155	0.016949152542372805	0.032284100080710136	0.04116222760290569
LINK/USDT	2025-04-18 00:00:00+00:00	(0.1, 0.25)	0.01039999999999992	0.01519999999999996	0.025600000000000022	0.025600000000000022
LINK/USDT	2025-04-19 00:00:00+00:00	(0.0, 0.05)	0.009554140127388614	0.01831210191082806	0.031050955414012784	0.04140127388535043
LINK/USDT	2025-04-20 00:00:00+00:00	(0.0, 0.05)	0.0061680801850424105	0.010794140323824253	0.02081727062451822	0.05628373168851198
LINK/USDT	2025-04-21 00:00:00+00:00	(0.5, 0.75)	0.018782870022539443	0.025544703230653634	0.02854996243425988	0.05559729526671663
LINK/USDT	2025-04-22 00:00:00+00:00	(0.0, 0.05)	0.02062643239113824	0.033613445378151224	0.04965622612681425	0.09931245225362864
LINK/USDT	2025-04-23 00:00:00+00:00	(0.5, 0.75)	0.01488306165839836	0.029766123316796594	0.08150248051027643	0.09000708717221825
LINK/USDT	2025-04-24 00:00:00+00:00	(0.5, 0.75)	0.015946843853820492	0.04119601328903649	0.06445182724252484	0.06644518272425248
LINK/USDT	2025-04-25 00:00:00+00:00	(0.1, 0.25)	0.01463739188290079	0.03260146373918819	0.0392548236859614	0.04324683965402519
LINK/USDT	2025-04-26 00:00:00+00:00	(0.05, 0.1)	0.010680907877169568	0.022696929238985305	0.03671562082777029	0.040720961281708906
LINK/USDT	2025-04-27 00:00:00+00:00	(0.0, 0.05)	0.012734584450402112	0.03351206434316354	0.045576407506702395	0.04892761394101879
LINK/USDT	2025-04-28 00:00:00+00:00	(0.25, 0.5)	0.0151933701657459	0.049033149171270655	0.06008287292817674	0.06284530386740332
LINK/USDT	2025-04-29 00:00:00+00:00	(0.25, 0.5)	0.011896893588896213	0.020489094514210212	0.026437541308658316	0.05089226701916719
LINK/USDT	2025-04-30 00:00:00+00:00	(0.5, 0.75)	0.008855585831062603	0.017711171662125328	0.020435967302452243	0.06335149863760216
LINK/USDT	2025-05-01 00:00:00+00:00	(0.25, 0.5)	0.014634146341463351	0.024390243902439	0.048780487804878	0.04947735191637624
LINK/USDT	2025-05-02 00:00:00+00:00	(0.25, 0.5)	0.011548913043478255	0.022418478260869568	0.03260869565217382	0.03668478260869559
LINK/USDT	2025-05-03 00:00:00+00:00	(0.25, 0.5)	0.00956937799043066	0.011619958988380035	0.025974025974026028	0.034176349965823645
LINK/USDT	2025-05-04 00:00:00+00:00	(0.25, 0.5)	0.010511562718990916	0.015416958654519893	0.028030833917308942	0.039243167484232566
LINK/USDT	2025-05-05 00:00:00+00:00	(0.5, 0.75)	0.005743000717875095	0.018664752333094028	0.038765254845656794	0.05168700646087573
LINK/USDT	2025-05-06 00:00:00+00:00	(0.1, 0.25)	0.01026392961876837	0.020527859237536607	0.03372434017595301	0.05058651026392971
LINK/USDT	2025-05-07 00:00:00+00:00	(0.75, 1.0)	0.014461315979754107	0.020245842371655776	0.02747650036153283	0.04555314533622552
LINK/USDT	2025-05-08 00:00:00+00:00	(0.75, 1.0)	0.017353579175705004	0.053506869125090395	0.08242950108459873	0.1561822125813449
LINK/USDT	2025-05-09 00:00:00+00:00	(0.75, 1.0)	0.009511731135066492	0.02029169308814206	0.07292327203551048	0.07292327203551048
LINK/USDT	2025-05-10 00:00:00+00:00	(0.05, 0.1)	0.027261462205700204	0.027261462205700204	0.03965303593556385	0.09975216852540268
LINK/USDT	2025-05-11 00:00:00+00:00	(0.75, 1.0)	0.030635838150289082	0.030635838150289082	0.058959537572254306	0.058959537572254306
LINK/USDT	2025-05-12 00:00:00+00:00	(0.25, 0.5)	0.013986013986014102	0.032634032634032764	0.06934731934731943	0.11363636363636359
LINK/USDT	2025-05-13 00:00:00+00:00	(0.5, 0.75)	0.01565322095123429	0.03792895845875972	0.04515352197471403	0.10716435881998781
LINK/USDT	2025-05-14 00:00:00+00:00	(0.25, 0.5)	0.009205983889528202	0.027042577675489208	0.04142692750287701	0.04948216340621401
LINK/USDT	2025-05-15 00:00:00+00:00	(0.1, 0.25)	0.010526315789473667	0.031578947368421	0.06608187134502938	0.08888888888888896
LINK/USDT	2025-05-16 00:00:00+00:00	(0.5, 0.75)	0.015547263681592042	0.0286069651741293	0.038557213930348215	0.057835820895522375
LINK/USDT	2025-05-17 00:00:00+00:00	(0.5, 0.75)	0.019035532994923905	0.032360406091370544	0.032360406091370544	0.043147208121827395
LINK/USDT	2025-05-18 00:00:00+00:00	(0.25, 0.5)	0.009126466753585435	0.011734028683181207	0.040417209908735395	0.09908735332464132
LINK/USDT	2025-05-19 00:00:00+00:00	(0.75, 1.0)	0.030303030303030217	0.04797979797979797	0.06439393939393936	0.06818181818181819
LINK/USDT	2025-05-20 00:00:00+00:00	(0.1, 0.25)	0.02142407057340894	0.04788909892879657	0.056080655324511806	0.0743541272841841
LINK/USDT	2025-05-21 00:00:00+00:00	(0.25, 0.5)	0.012040557667934175	0.025982256020278843	0.04626108998732576	0.06147021546261083
LINK/USDT	2025-05-22 00:00:00+00:00	(0.75, 1.0)	0.016109045848822896	0.02973977695167289	0.04399008674101616	0.053903345724907126
LINK/USDT	2025-05-23 00:00:00+00:00	(0.1, 0.25)	0.013714967203339323	0.0339892665474061	0.0691711389385808	0.10375670840787121
LINK/USDT	2025-05-24 00:00:00+00:00	(0.75, 1.0)	0.014724711907810528	0.02368758002560826	0.029449423815621056	0.04289372599231754
LINK/USDT	2025-05-25 00:00:00+00:00	(0.1, 0.25)	0.020182291666666585	0.026041666666666692	0.029296874999999955	0.0475260416666667
LINK/USDT	2025-05-26 00:00:00+00:00	(0.75, 1.0)	0.02000000000000003	0.02000000000000003	0.030322580645161332	0.03612903225806455
LINK/USDT	2025-05-27 00:00:00+00:00	(0.1, 0.25)	0.02057877813504825	0.02893890675241153	0.05337620578778135	0.06302250803858513
LINK/USDT	2025-05-28 00:00:00+00:00	(0.0, 0.05)	0.011363636363636347	0.023358585858585697	0.028409090909090863	0.05366161616161614
LINK/USDT	2025-05-29 00:00:00+00:00	(0.5, 0.75)	0.02818705957719419	0.03715566944266508	0.03715566944266508	0.07623318385650232
LINK/USDT	2025-05-30 00:00:00+00:00	(0.1, 0.25)	0.06158940397350992	0.06158940397350992	0.06158940397350992	0.09139072847682113
LINK/USDT	2025-05-31 00:00:00+00:00	(0.75, 1.0)	0.02757619738751807	0.03918722786647309	0.03918722786647309	0.05805515239477496
LINK/USDT	2025-06-01 00:00:00+00:00	(0.25, 0.5)	0.006470165348670139	0.016534867002156752	0.030194104960460096	0.039539899352983514
LINK/USDT	2025-06-02 00:00:00+00:00	(0.1, 0.25)	0.007834757834757795	0.019943019943019898	0.032051282051282	0.03846153846153853
LINK/USDT	2025-06-03 00:00:00+00:00	(0.75, 1.0)	0.00991501416430599	0.02549575070821526	0.031869688385269074	0.03328611898016989
LINK/USDT	2025-06-04 00:00:00+00:00	(0.5, 0.75)	0.019830028328611853	0.02478753541076485	0.030453257790368254	0.05524079320113323
LINK/USDT	2025-06-05 00:00:00+00:00	(0.1, 0.25)	0.009413468501086226	0.01593048515568433	0.023895727733526436	0.10137581462708171
LINK/USDT	2025-06-06 00:00:00+00:00	(0.75, 1.0)	0.01318851823118696	0.029480217222653142	0.03568657874321172	0.06749418153607441
LINK/USDT	2025-06-07 00:00:00+00:00	(0.05, 0.1)	0.019245003700962236	0.026646928201332305	0.04441154700222055	0.04441154700222055
LINK/USDT	2025-06-08 00:00:00+00:00	(0.0, 0.05)	0.0036337209302326097	0.008720930232558082	0.02252906976744177	0.03124999999999998
LINK/USDT	2025-06-09 00:00:00+00:00	(0.5, 0.75)	0.008739985433357684	0.013109978150036524	0.03058994901675176	0.06263656227239629
LINK/USDT	2025-06-10 00:00:00+00:00	(0.75, 1.0)	0.011838440111420608	0.019498607242339913	0.06337047353760447	0.08426183844011136
LINK/USDT	2025-06-11 00:00:00+00:00	(0.25, 0.5)	0.02073882047958524	0.023979261179520366	0.02851587815942965	0.05767984445884644
LINK/USDT	2025-06-12 00:00:00+00:00	(0.75, 1.0)	0.013477088948787014	0.023584905660377336	0.059299191374663	0.09231805929919132
LINK/USDT	2025-06-13 00:00:00+00:00	(0.75, 1.0)	0.0630498533724341	0.07038123167155431	0.07038123167155431	0.07038123167155431
LINK/USDT	2025-06-14 00:00:00+00:00	(0.5, 0.75)	0.014925373134328438	0.016417910447761242	0.027611940298507536	0.047014925373134384
LINK/USDT	2025-06-15 00:00:00+00:00	(0.5, 0.75)	0.0060652009097801425	0.007581501137225144	0.023502653525398067	0.02501895375284307
LINK/USDT	2025-06-16 00:00:00+00:00	(0.5, 0.75)	0.011295180722891594	0.024096385542168697	0.04367469879518073	0.07530120481927711
LINK/USDT	2025-06-17 00:00:00+00:00	(0.75, 1.0)	0.03293413173652691	0.03592814371257475	0.04416167664670658	0.07410179640718552
LINK/USDT	2025-06-18 00:00:00+00:00	(0.5, 0.75)	0.013046815042210278	0.014581734458940869	0.04144282425172686	0.04604758250191862
LINK/USDT	2025-06-19 00:00:00+00:00	(0.75, 1.0)	0.017624521072796967	0.017624521072796967	0.027586206896551814	0.03601532567049813
LINK/USDT	2025-06-20 00:00:00+00:00	(0.05, 0.1)	0.009160305343511392	0.010687022900763267	0.03053435114503806	0.07557251908396935
LINK/USDT	2025-06-21 00:00:00+00:00	(0.5, 0.75)	0.010391686650679377	0.019184652278177474	0.020783373301358897	0.08473221422861715
LINK/USDT	2025-06-22 00:00:00+00:00	(0.75, 1.0)	0.02173913043478259	0.03093645484949826	0.03511705685618728	0.10535117056856184
LINK/USDT	2025-06-23 00:00:00+00:00	(0.75, 1.0)	0.01545064377682401	0.01888412017167372	0.03175965665236045	0.13562231759656654
LINK/USDT	2025-06-24 00:00:00+00:00	(0.75, 1.0)	0.010903426791277303	0.021806853582554606	0.04283489096573214	0.07398753894081005
LINK/USDT	2025-06-25 00:00:00+00:00	(0.05, 0.1)	0.014892032762472158	0.016381236038719334	0.024571854058078935	0.03871928518242737
LINK/USDT	2025-06-26 00:00:00+00:00	(0.25, 0.5)	0.007604562737642559	0.03878326996197717	0.03878326996197717	0.0524714828897338
LINK/USDT	2025-06-27 00:00:00+00:00	(0.75, 1.0)	0.015479876160990795	0.030959752321981452	0.0356037151702787	0.03869969040247678
LINK/USDT	2025-06-28 00:00:00+00:00	(0.25, 0.5)	0.0061396776669224926	0.013814274750575574	0.014581734458940869	0.03453568687643893
LINK/USDT	2025-06-29 00:00:00+00:00	(0.1, 0.25)	0.005974607916355494	0.012696041822255408	0.01643017176997764	0.04779686333084395
LINK/USDT	2025-06-30 00:00:00+00:00	(0.75, 1.0)	0.013878743608473302	0.02264426588750904	0.04455807158509857	0.04821037253469687
LINK/USDT	2025-07-01 00:00:00+00:00	(0.5, 0.75)	0.013422818791946288	0.015659955257270625	0.026099925428784462	0.04921700223713647
LINK/USDT	2025-07-02 00:00:00+00:00	(0.05, 0.1)	0.007757951900698188	0.01784328937160593	0.03568657874321172	0.08688906128781995
LINK/USDT	2025-07-03 00:00:00+00:00	(0.5, 0.75)	0.005895357406042747	0.013264554163596147	0.03979366249078857	0.047899778924097296
LINK/USDT	2025-07-04 00:00:00+00:00	(0.1, 0.25)	0.00949598246895537	0.01680058436815184	0.04090577063550027	0.06208911614317018
LINK/USDT	2025-07-05 00:00:00+00:00	(0.5, 0.75)	0.0037878787878788418	0.012121212121212133	0.015151515151515098	0.021212121212121165
LINK/USDT	2025-07-06 00:00:00+00:00	(0.25, 0.5)	0.0037907505686126395	0.006823351023502643	0.012130401819560285	0.045489006823351
LINK/USDT	2025-07-07 00:00:00+00:00	(0.5, 0.75)	0.008142116950407063	0.019245003700962236	0.023686158401184328	0.035529237601776495
LINK/USDT	2025-07-08 00:00:00+00:00	(0.25, 0.5)	0.013392857142857255	0.020089285714285816	0.025297619047619038	0.059523809523809576
LINK/USDT	2025-07-09 00:00:00+00:00	(0.25, 0.5)	0.007173601147776158	0.012195121951219507	0.029411764705882363	0.04088952654232427
LINK/USDT	2025-07-10 00:00:00+00:00	(0.25, 0.5)	0.00911640953716683	0.016129032258064547	0.023842917251051882	0.0834502103786816
LINK/USDT	2025-07-11 00:00:00+00:00	(0.75, 1.0)	0.013157894736842176	0.027631578947368417	0.03947368421052629	0.057236842105263225
LINK/USDT	2025-07-12 00:00:00+00:00	(0.75, 1.0)	0.02031454783748365	0.02883355176933167	0.02883355176933167	0.05111402359108789
LINK/USDT	2025-07-13 00:00:00+00:00	(0.25, 0.5)	0.007947019867549617	0.011258278145695478	0.025165562913907338	0.060264900662251666
LINK/USDT	2025-07-14 00:00:00+00:00	(0.75, 1.0)	0.01019108280254778	0.04076433121019112	0.04331210191082801	0.05732484076433112
LINK/USDT	2025-07-15 00:00:00+00:00	(0.1, 0.25)	0.022959183673469465	0.04783163265306122	0.04783163265306122	0.06760204081632645
LINK/USDT	2025-07-16 00:00:00+00:00	(0.75, 1.0)	0.015654351909830822	0.025046963055729402	0.050093926111459026	0.07639323731997488
LINK/USDT	2025-07-17 00:00:00+00:00	(0.5, 0.75)	0.013764213046080217	0.03231597845601431	0.057450628366247806	0.11131059245960499
LINK/USDT	2025-07-18 00:00:00+00:00	(0.75, 1.0)	0.03623188405797093	0.052396878483834876	0.07357859531772576	0.1031215161649945
LINK/USDT	2025-07-19 00:00:00+00:00	(0.5, 0.75)	0.026242322724734722	0.04522613065326626	0.04522613065326626	0.05695142378559462
LINK/USDT	2025-07-20 00:00:00+00:00	(0.5, 0.75)	0.01363884342607747	0.02782324058919793	0.07255864702673205	0.09219858156028377
LINK/USDT	2025-07-21 00:00:00+00:00	(0.25, 0.5)	0.0193009911319771	0.03182055294731348	0.06781429316640587	0.06781429316640587
LINK/USDT	2025-07-22 00:00:00+00:00	(0.25, 0.5)	0.025115325474115754	0.05023065094823151	0.06970784213223984	0.06970784213223984
LINK/USDT	2025-07-23 00:00:00+00:00	(0.75, 1.0)	0.017338092809790918	0.017848036715961316	0.050484446710861906	0.11269760326364105
LINK/USDT	2025-07-24 00:00:00+00:00	(0.75, 1.0)	0.019347705914869975	0.024875621890547223	0.07462686567164187	0.08512990602542857
LINK/USDT	2025-07-25 00:00:00+00:00	(0.75, 1.0)	0.012401352874859013	0.034949267192784725	0.0710259301014655	0.0710259301014655
LINK/USDT	2025-07-26 00:00:00+00:00	(0.75, 1.0)	0.005482456140350956	0.01535087719298252	0.018092105263157802	0.026315789473684237
LINK/USDT	2025-07-27 00:00:00+00:00	(0.1, 0.25)	0.015760869565217345	0.022282608695652184	0.03804347826086953	0.05054347826086955
LINK/USDT	2025-07-28 00:00:00+00:00	(0.5, 0.75)	0.019699326075686835	0.024883359253499063	0.03317781233799881	0.08242612752721618
LINK/USDT	2025-07-29 00:00:00+00:00	(0.25, 0.5)	0.02085620197585066	0.029088913282107443	0.04226125137211853	0.06421514818880361
LINK/USDT	2025-07-30 00:00:00+00:00	(0.25, 0.5)	0.01010668163952834	0.018528916339135223	0.04098820887142058	0.06625491297024143
LINK/USDT	2025-07-31 00:00:00+00:00	(0.5, 0.75)	0.012450481041312893	0.025466893039049192	0.03282399547255225	0.08658743633276726
LINK/USDT	2025-08-01 00:00:00+00:00	(0.75, 1.0)	0.030447761194029734	0.035223880597014916	0.04477611940298507	0.08119402985074634
LINK/USDT	2025-08-02 00:00:00+00:00	(0.75, 1.0)	0.010578718108276175	0.012445550715619121	0.03049159925326697	0.052271313005600485
LINK/USDT	2025-08-03 00:00:00+00:00	(0.1, 0.25)	0.02300319488817899	0.03130990415335465	0.05111821086261974	0.06134185303514371
LINK/USDT	2025-08-04 00:00:00+00:00	(0.0, 0.05)	0.022699386503067544	0.02331288343558298	0.028220858895705574	0.05582822085889571
LINK/USDT	2025-08-05 00:00:00+00:00	(0.5, 0.75)	0.006447831184056239	0.02227432590855818	0.039859320046893305	0.060961313012895826
LINK/USDT	2025-08-06 00:00:00+00:00	(0.1, 0.25)	0.011627906976744047	0.02019583843329243	0.031211750305997432	0.053855569155446696
LINK/USDT	2025-08-07 00:00:00+00:00	(0.0, 0.05)	0.006610576923076888	0.014423076923076828	0.05108173076923085	0.1159855769230769
LINK/USDT	2025-08-08 00:00:00+00:00	(0.25, 0.5)	0.03255561584373312	0.061313076505697374	0.07813347802495937	0.10309278350515476
LINK/USDT	2025-08-09 00:00:00+00:00	(0.25, 0.5)	0.010080645161290288	0.05796370967741928	0.0841733870967741	0.12147177419354839
LINK/USDT	2025-08-10 00:00:00+00:00	(0.75, 1.0)	0.024278515803939586	0.032982134677050044	0.06688043976179574	0.07100320659642698
LINK/USDT	2025-08-11 00:00:00+00:00	(0.1, 0.25)	0.01234003656307128	0.036563071297989067	0.06489945155393045	0.08089579524680071
LINK/USDT	2025-08-12 00:00:00+00:00	(0.5, 0.75)	0.010869565217391325	0.032608695652173975	0.034971644612476295	0.15122873345935725
LINK/USDT	2025-08-13 00:00:00+00:00	(0.25, 0.5)	0.01529311809685639	0.06117247238742556	0.0641461342395921	0.0641461342395921
LINK/USDT	2025-08-14 00:00:00+00:00	(0.1, 0.25)	0.012520868113522567	0.02253756260434053	0.04632721202003336	0.11686143572621023
LINK/USDT	2025-08-15 00:00:00+00:00	(0.5, 0.75)	0.012449977767896895	0.03112494441974208	0.04046242774566475	0.07469986660738105
LINK/USDT	2025-08-16 00:00:00+00:00	(0.25, 0.5)	0.01823154056517769	0.01914311759343656	0.03463992707383781	0.07201458523245206
LINK/USDT	2025-08-17 00:00:00+00:00	(0.05, 0.1)	0.008833922261484068	0.058745583038869335	0.10909893992932856	0.1753533568904593
LINK/USDT	2025-08-18 00:00:00+00:00	(0.1, 0.25)	0.04057744830277016	0.07491221225126811	0.08622707764338669	0.0963714397190793
LINK/USDT	2025-08-19 00:00:00+00:00	(0.75, 1.0)	0.020272904483430783	0.06822612085769982	0.07095516569200781	0.08927875243664715
LINK/USDT	2025-08-20 00:00:00+00:00	(0.25, 0.5)	0.029286926994906676	0.047113752122241066	0.08234295415959259	0.14983022071307306
LINK/USDT	2025-08-21 00:00:00+00:00	(0.5, 0.75)	0.014470677837014567	0.032749428789032725	0.0396039603960397	0.07235338918507243
LINK/USDT	2025-08-22 00:00:00+00:00	(0.1, 0.25)	0.01524267950260726	0.028880866425992736	0.04653028479743282	0.15162454873646214
LINK/USDT	2025-08-23 00:00:00+00:00	(0.25, 0.5)	0.01392024078254317	0.036493604213694464	0.049285176824680164	0.049285176824680164
LINK/USDT	2025-08-24 00:00:00+00:00	(0.05, 0.1)	0.01563095691955763	0.023637056805184804	0.040411742279832207	0.053755242089210835
LINK/USDT	2025-08-25 00:00:00+00:00	(0.5, 0.75)	0.020162853819309795	0.04420317952694845	0.0822024040325708	0.13105854982551388
LINK/USDT	2025-08-26 00:00:00+00:00	(0.75, 1.0)	0.02047781569965872	0.02431740614334472	0.03754266211604106	0.0802047781569967
LINK/USDT	2025-08-27 00:00:00+00:00	(0.25, 0.5)	0.018419975440032717	0.028243962341383596	0.029471960704052495	0.045435939418747566
LINK/USDT	2025-08-28 00:00:00+00:00	(0.5, 0.75)	0.013842281879194708	0.017617449664429602	0.037751677852349085	0.10360738255033568
LINK/USDT	2025-08-29 00:00:00+00:00	(0.75, 1.0)	0.026693227091633534	0.04183266932270919	0.0796812749003984	0.08207171314741045
LINK/USDT	2025-08-30 00:00:00+00:00	(0.1, 0.25)	0.010660980810234541	0.02942430703624739	0.02942430703624739	0.029850746268656837
LINK/USDT	2025-08-31 00:00:00+00:00	(0.0, 0.05)	0.017461669505962528	0.02342419080068146	0.02342419080068146	0.04258943781942078
LINK/USDT	2025-09-01 00:00:00+00:00	(0.5, 0.75)	0.01253782965845219	0.019455252918287907	0.050151318633808915	0.07695633376567233
LINK/USDT	2025-09-02 00:00:00+00:00	(0.5, 0.75)	0.008028545941123982	0.03925066904549505	0.053077609277430916	0.05619982158786804
LINK/USDT	2025-09-03 00:00:00+00:00	(0.5, 0.75)	0.011945392491467624	0.01706484641638219	0.017491467576791812	0.02986348122866891
LINK/USDT	2025-09-04 00:00:00+00:00	(0.0, 0.05)	0.007582139848357192	0.021482729570345326	0.03496208930075814	0.0754001684919966
LINK/USDT	2025-09-05 00:00:00+00:00	(0.1, 0.25)	0.005373936408419053	0.010747872816838266	0.038065382892969006	0.053739364084191645
LINK/USDT	2025-09-06 00:00:00+00:00	(0.1, 0.25)	0.009874326750448782	0.011220825852782765	0.021095152603231547	0.029174147217235123
LINK/USDT	2025-09-07 00:00:00+00:00	(0.25, 0.5)	0.004934948407357534	0.010318528488111281	0.015253476895468814	0.021982951996410878
LINK/USDT	2025-09-08 00:00:00+00:00	(0.25, 0.5)	0.012494422132976243	0.025435073627844723	0.04328424810352516	0.048192771084337276
LINK/USDT	2025-09-09 00:00:00+00:00	(0.1, 0.25)	0.011668107173725132	0.019014693171996597	0.041486603284356126	0.042783059636992304
LINK/USDT	2025-09-10 00:00:00+00:00	(0.0, 0.05)	0.007812499999999988	0.023003472222222272	0.03385416666666672	0.04513888888888885
LINK/USDT	2025-09-11 00:00:00+00:00	(0.25, 0.5)	0.014486578610992751	0.017469109501491272	0.03451214316148269	0.0507030251384747
LINK/USDT	2025-09-12 00:00:00+00:00	(0.5, 0.75)	0.015950920245398795	0.015950920245398795	0.027402862985684995	0.047852760736196244
LINK/USDT	2025-09-13 00:00:00+00:00	(0.1, 0.25)	0.00677560781187731	0.014746911119968155	0.028298126743722632	0.04782781984854521
LINK/USDT	2025-09-14 00:00:00+00:00	(0.0, 0.05)	0.008433734939759071	0.01767068273092375	0.028514056224899633	0.04738955823293172
LINK/USDT	2025-09-15 00:00:00+00:00	(0.1, 0.25)	0.013250517598343697	0.016977225672877853	0.051759834368530024	0.06086956521739141
LINK/USDT	2025-09-16 00:00:00+00:00	(0.5, 0.75)	0.007221750212404491	0.016992353440951513	0.02548853016142742	0.0280373831775701
LINK/USDT	2025-09-17 00:00:00+00:00	(0.1, 0.25)	0.00684053014108594	0.014536126549807604	0.030354852501068716	0.0637024369388627
LINK/USDT	2025-09-18 00:00:00+00:00	(0.75, 1.0)	0.00957535387177354	0.014987510407993463	0.03122398001665279	0.04454621149042466
LINK/USDT	2025-09-19 00:00:00+00:00	(0.1, 0.25)	0.006485610052695587	0.02675314146736928	0.044183218483988644	0.0656668017835428
LINK/USDT	2025-09-20 00:00:00+00:00	(0.0, 0.05)	0.009349766255843555	0.0135996600084998	0.022099447513812136	0.024224394390140257
LINK/USDT	2025-09-21 00:00:00+00:00	(0.0, 0.05)	0.006418485237483893	0.008130081300813063	0.02011125374411634	0.025246041934103545
LINK/USDT	2025-09-22 00:00:00+00:00	(0.1, 0.25)	0.033101045296167315	0.046602787456446006	0.11933797909407674	0.11933797909407674
LINK/USDT	2025-09-23 00:00:00+00:00	(0.5, 0.75)	0.013364055299539131	0.027649769585253357	0.033179723502304095	0.040552995391705024
LINK/USDT	2025-09-24 00:00:00+00:00	(0.25, 0.5)	0.010213556174558908	0.03296193129062214	0.041782729805013866	0.04596100278551525
LINK/USDT	2025-09-25 00:00:00+00:00	(0.25, 0.5)	0.013394919168591186	0.024018475750577348	0.043418013856812834	0.0845265588914549
LINK/USDT	2025-09-26 00:00:00+00:00	(0.5, 0.75)	0.02020699852143914	0.02562838836865449	0.03548546081813696	0.06456382454411033
LINK/USDT	2025-09-27 00:00:00+00:00	(0.1, 0.25)	0.004755111745125909	0.008083689966714129	0.01569186875891575	0.019971469329529156
LINK/USDT	2025-09-28 00:00:00+00:00	(0.25, 0.5)	0.010076775431861845	0.014875239923224507	0.022552783109404936	0.06142034548944343
LINK/USDT	2025-09-29 00:00:00+00:00	(0.75, 1.0)	0.008788159111933454	0.013413506012951095	0.028214616096207353	0.04625346901017576
LINK/USDT	2025-09-30 00:00:00+00:00	(0.25, 0.5)	0.013351749539594969	0.019797421731123376	0.029465930018416235	0.041896869244935554
LINK/USDT	2025-10-01 00:00:00+00:00	(0.5, 0.75)	0.01221804511278186	0.02490601503759387	0.05921052631578938	0.0765977443609022
LINK/USDT	2025-10-02 00:00:00+00:00	(0.5, 0.75)	0.011037527593818985	0.017218543046357643	0.02163355408388514	0.0529801324503311
LINK/USDT	2025-10-03 00:00:00+00:00	(0.5, 0.75)	0.005298013245033157	0.014569536423841142	0.028256070640176628	0.04415011037527594
LINK/USDT	2025-10-04 00:00:00+00:00	(0.1, 0.25)	0.011514614703277307	0.019929140832595345	0.03720106288751107	0.03720106288751107
LINK/USDT	2025-10-05 00:00:00+00:00	(0.0, 0.05)	0.008181818181818169	0.030909090909090896	0.04590909090909098	0.048181818181818284
LINK/USDT	2025-10-06 00:00:00+00:00	(0.1, 0.25)	0.03321201091901731	0.03321201091901731	0.03503184713375794	0.09690627843494097
LINK/USDT	2025-10-07 00:00:00+00:00	(0.05, 0.1)	0.01665954720205043	0.022639897479709573	0.04997864160615129	0.084579239641179
LINK/USDT	2025-10-08 00:00:00+00:00	(0.5, 0.75)	0.011425959780621572	0.024223034734917624	0.02468007312614256	0.04798903107861064
LINK/USDT	2025-10-09 00:00:00+00:00	(0.1, 0.25)	0.011962782454585872	0.03234381922906515	0.04785112981834302	0.05981391227292873
LINK/USDT	2025-10-10 00:00:00+00:00	(0.5, 0.75)	0.008163265306122436	0.026757369614512465	0.0349206349206349	0.6748299319727892
LINK/USDT	2025-10-11 00:00:00+00:00	(0.75, 1.0)	0.06067544361763036	0.0732684602175158	0.09387521465369209	0.13737836290784194
LINK/USDT	2025-10-12 00:00:00+00:00	(0.75, 1.0)	0.023378141437755615	0.033898305084745874	0.052016364699006466	0.16014026884862664
LINK/USDT	2025-10-13 00:00:00+00:00	(0.5, 0.75)	0.02422327540810958	0.02790942601369148	0.05476566614007368	0.07688256977356508
LINK/USDT	2025-10-14 00:00:00+00:00	(0.25, 0.5)	0.014572864321607999	0.038190954773869426	0.10050251256281408	0.10050251256281408
LINK/USDT	2025-10-15 00:00:00+00:00	(0.5, 0.75)	0.011029411764705928	0.022058823529411856	0.03623949579831939	0.08035714285714292
LINK/USDT	2025-10-16 00:00:00+00:00	(0.25, 0.5)	0.011129660545353328	0.01669449081803009	0.060100166944908086	0.08514190317195312
LINK/USDT	2025-10-17 00:00:00+00:00	(0.25, 0.5)	0.01718213058419248	0.01947308132875142	0.11454753722794969	0.11454753722794969
LINK/USDT	2025-10-18 00:00:00+00:00	(0.5, 0.75)	0.012048192771084508	0.019277108433734955	0.026506024096385618	0.026506024096385618
LINK/USDT	2025-10-19 00:00:00+00:00	(0.05, 0.1)	0.00895522388059693	0.014925373134328358	0.045970149253731316	0.06746268656716412
LINK/USDT	2025-10-20 00:00:00+00:00	(0.25, 0.5)	0.01689976689976685	0.04428904428904438	0.12470862470862475	0.1317016317016318
LINK/USDT	2025-10-21 00:00:00+00:00	(0.25, 0.5)	0.012820512820512928	0.05662393162393175	0.06944444444444449	0.0769230769230768
LINK/USDT	2025-10-22 00:00:00+00:00	(0.75, 1.0)	0.016384180790960403	0.019209039548022593	0.04011299435028254	0.06384180790960446
LINK/USDT	2025-10-23 00:00:00+00:00	(0.5, 0.75)	0.008125362739407836	0.011607661056297115	0.03192106790481722	0.04062681369704001
LINK/USDT	2025-10-24 00:00:00+00:00	(0.1, 0.25)	0.008605851979346078	0.01090074584050495	0.030407343660355773	0.04647160068846829
LINK/USDT	2025-10-25 00:00:00+00:00	(0.1, 0.25)	0.005044843049327346	0.010089686098654693	0.015695067264574054	0.025784753363228746
LINK/USDT	2025-10-26 00:00:00+00:00	(0.25, 0.5)	0.006121313299944321	0.01836393989983296	0.03784084585420144	0.05564830272676684
LINK/USDT	2025-10-27 00:00:00+00:00	(0.75, 1.0)	0.010758472296933988	0.026358257127488002	0.03711672942442161	0.05271651425497582
LINK/USDT	2025-10-28 00:00:00+00:00	(0.5, 0.75)	0.00934065934065924	0.018681318681318674	0.029120879120879184	0.07692307692307684
LINK/USDT	2025-10-29 00:00:00+00:00	(0.5, 0.75)	0.010067114093959717	0.015100671140939773	0.024608501118568306	0.06319910514541402
LINK/USDT	2025-10-30 00:00:00+00:00	(0.5, 0.75)	0.012665198237885486	0.02698237885462566	0.05286343612334806	0.1161894273127753
LINK/USDT	2025-10-31 00:00:00+00:00	(0.5, 0.75)	0.014234875444839765	0.023724792408066346	0.03736654804270457	0.04329774614472126
LINK/USDT	2025-11-01 00:00:00+00:00	(0.25, 0.5)	0.007575757575757518	0.015734265734265708	0.022144522144522293	0.023310023310023433
LINK/USDT	2025-11-02 00:00:00+00:00	(0.25, 0.5)	0.0052508751458576345	0.009918319719953425	0.0350058343057177	0.03908984830805144
LINK/USDT	2025-11-03 00:00:00+00:00	(0.75, 1.0)	0.024376417233560075	0.08333333333333326	0.10487528344671189	0.17800453514739223
LINK/USDT	2025-11-04 00:00:00+00:00	(0.25, 0.5)	0.025657894736842143	0.026315789473684237	0.06513157894736844	0.11973684210526318
LINK/USDT	2025-11-05 00:00:00+00:00	(0.75, 1.0)	0.02796725784447465	0.06616643929058655	0.07094133697135055	0.09686221009549795
LINK/USDT	2025-11-06 00:00:00+00:00	(0.25, 0.5)	0.01524188204108684	0.02451954937044407	0.03247183565275018	0.06626905235255136
LINK/USDT	2025-11-07 00:00:00+00:00	(0.25, 0.5)	0.01618341200269725	0.031018206338502972	0.046527309507754515	0.1294672960215779
LINK/USDT	2025-11-08 00:00:00+00:00	(0.5, 0.75)	0.020780856423173805	0.025818639798488783	0.031486146095717996	0.057304785894206664
LINK/USDT	2025-11-09 00:00:00+00:00	(0.25, 0.5)	0.012313674659753809	0.029812054439403816	0.031108230719377863	0.07193778353856121
LINK/USDT	2025-11-10 00:00:00+00:00	(0.1, 0.25)	0.02386934673366839	0.025753768844221002	0.04711055276381899	0.048366834170854356
LINK/USDT	2025-11-11 00:00:00+00:00	(0.5, 0.75)	0.016503667481662567	0.038508557457212655	0.051955990220048986	0.0971882640586797
LINK/USDT	2025-11-12 00:00:00+00:00	(0.5, 0.75)	0.013089005235602165	0.0189790575916231	0.0647905759162305	0.08704188481675393
LINK/USDT	2025-11-13 00:00:00+00:00	(0.25, 0.5)	0.016458196181698487	0.038183015141540495	0.0625411454904542	0.12376563528637255
LINK/USDT	2025-11-14 00:00:00+00:00	(0.75, 1.0)	0.01795580110497236	0.020027624309392207	0.049033149171270655	0.07113259668508283
LINK/USDT	2025-11-15 00:00:00+00:00	(0.75, 1.0)	0.01145311381531855	0.03006442376521116	0.03292770221904073	0.03650680028632783
LINK/USDT	2025-11-16 00:00:00+00:00	(0.1, 0.25)	0.011371712864250188	0.02914001421464109	0.04904051172707886	0.08102345415778243
LINK/USDT	2025-11-17 00:00:00+00:00	(0.5, 0.75)	0.027757487216946736	0.031409788166544904	0.04601899196493797	0.0883856829802775
LINK/USDT	2025-11-18 00:00:00+00:00	(0.25, 0.5)	0.025563909774436077	0.034586466165413464	0.04060150375939843	0.07067669172932327
LINK/USDT	2025-11-19 00:00:00+00:00	(0.25, 0.5)	0.015283842794759887	0.027656477438136883	0.051673944687045184	0.07714701601164486
LINK/USDT	2025-11-20 00:00:00+00:00	(0.75, 1.0)	0.009629629629629556	0.01703703703703707	0.03851851851851849	0.09111111111111114
LINK/USDT	2025-11-21 00:00:00+00:00	(0.75, 1.0)	0.010703363914373131	0.03287461773700317	0.10779816513761468	0.1230886850152906
LINK/USDT	2025-11-22 00:00:00+00:00	(0.5, 0.75)	0.013980263157894877	0.024671052631579007	0.04111842105263158	0.04687500000000002
LINK/USDT	2025-11-23 00:00:00+00:00	(0.5, 0.75)	0.011475409836065622	0.03524590163934424	0.04180327868852458	0.05245901639344267
LINK/USDT	2025-11-24 00:00:00+00:00	(0.25, 0.5)	0.01690821256038654	0.03945249597423512	0.040257648953301126	0.07326892109500806
LINK/USDT	2025-11-25 00:00:00+00:00	(0.05, 0.1)	0.012345679012345689	0.012345679012345689	0.030092592592592636	0.051697530864197525
LINK/USDT	2025-11-26 00:00:00+00:00	(0.5, 0.75)	0.012223071046600469	0.019098548510313215	0.030557677616501175	0.05805958747135216
LINK/USDT	2025-11-27 00:00:00+00:00	(0.0, 0.05)	0.011940298507462564	0.01567164179104484	0.022388059701492588	0.025373134328358197
LINK/USDT	2025-11-28 00:00:00+00:00	(0.25, 0.5)	0.012012012012012022	0.01876876876876877	0.03078078078078079	0.038288288288288404
LINK/USDT	2025-11-29 00:00:00+00:00	(0.0, 0.05)	0.007616146230007588	0.012185833968012197	0.01751713632901755	0.023610053313023648
LINK/USDT	2025-11-30 00:00:00+00:00	(0.0, 0.05)	0.009216589861751093	0.013824884792626706	0.013824884792626706	0.06451612903225805
LINK/USDT	2025-12-01 00:00:00+00:00	(0.75, 1.0)	0.03320158102766798	0.04347826086956527	0.04822134387351788	0.07193675889328065
LINK/USDT	2025-12-02 00:00:00+00:00	(0.5, 0.75)	0.014900662251655752	0.01986754966887419	0.025662251655629034	0.1332781456953642
LINK/USDT	2025-12-03 00:00:00+00:00	(0.25, 0.5)	0.015509601181683964	0.04283604135893649	0.08641063515509602	0.09748892171344169
LINK/USDT	2025-12-04 00:00:00+00:00	(0.5, 0.75)	0.028236914600550975	0.028236914600550975	0.039944903581267226	0.06611570247933878
LINK/USDT	2025-12-05 00:00:00+00:00	(0.1, 0.25)	0.00914848698099935	0.014778325123152768	0.030260380014074575	0.07318789584799443
LINK/USDT	2025-12-06 00:00:00+00:00	(0.0, 0.05)	0.009601181683899484	0.02141802067946818	0.022895125553914365	0.04357459379615952
LINK/USDT	2025-12-07 00:00:00+00:00	(0.05, 0.1)	0.008620689655172358	0.010775862068965416	0.02155172413793096	0.0725574712643678
LINK/USDT	2025-12-08 00:00:00+00:00	(0.75, 1.0)	0.01322556943423951	0.034533431300514374	0.0521675238795003	0.053637031594415775
LINK/USDT	2025-12-09 00:00:00+00:00	(0.1, 0.25)	0.013034033309196214	0.023895727733526436	0.024619840695148432	0.10716871832005796
LINK/USDT	2025-12-10 00:00:00+00:00	(0.5, 0.75)	0.01108033240997231	0.01800554016620497	0.027008310249307395	0.0657894736842106
LINK/USDT	2025-12-11 00:00:00+00:00	(0.75, 1.0)	0.024787535410764974	0.04886685552407941	0.05028328611898023	0.05736543909348446
LINK/USDT	2025-12-12 00:00:00+00:00	(0.75, 1.0)	0.02484031227821147	0.02484031227821147	0.026969481902058254	0.0766501064584812
LINK/USDT	2025-12-13 00:00:00+00:00	(0.1, 0.25)	0.005124450951683769	0.010248901903367538	0.027086383601757028	0.027086383601757028
LINK/USDT	2025-12-14 00:00:00+00:00	(0.0, 0.05)	0.006540697674418595	0.007267441860465219	0.026162790697674507	0.05159883720930239
LINK/USDT	2025-12-15 00:00:00+00:00	(0.25, 0.5)	0.010550113036925438	0.033911077618688855	0.03541823662396388	0.09570459683496606
LINK/USDT	2025-12-16 00:00:00+00:00	(0.5, 0.75)	0.01480904130943112	0.017147310989867548	0.03429462197973496	0.04520654715510523
LINK/USDT	2025-12-17 00:00:00+00:00	(0.05, 0.1)	0.00777604976671848	0.018662519440124436	0.032659409020217724	0.08242612752721622
LINK/USDT	2025-12-18 00:00:00+00:00	(0.25, 0.5)	0.008979591836734647	0.01306122448979593	0.019591836734693894	0.09306122448979597
LINK/USDT	2025-12-19 00:00:00+00:00	(0.5, 0.75)	0.012531328320802034	0.042606516290726794	0.05597326649958228	0.07685881370091896
LINK/USDT	2025-12-20 00:00:00+00:00	(0.1, 0.25)	0.00399361022364223	0.007987220447284317	0.019169329073482445	0.019169329073482445
LINK/USDT	2025-12-21 00:00:00+00:00	(0.0, 0.05)	0.0071713147410358445	0.017529880478087557	0.02629482071713148	0.03904382470119523
LINK/USDT	2025-12-22 00:00:00+00:00	(0.5, 0.75)	0.017432646592710037	0.030110935023771854	0.03248811410459589	0.049128367670364444
LINK/USDT	2025-12-23 00:00:00+00:00	(0.5, 0.75)	0.008737092930897493	0.020651310563939616	0.03733121525019848	0.050039714058776726
LINK/USDT	2025-12-24 00:00:00+00:00	(0.1, 0.25)	0.006462035541195482	0.021809369951534697	0.02584814216478193	0.034733441033925665
LINK/USDT	2025-12-25 00:00:00+00:00	(0.25, 0.5)	0.005704971475142648	0.01140994295028515	0.02118989405052973	0.03585982070089646
LINK/USDT	2025-12-26 00:00:00+00:00	(0.75, 1.0)	0.009942004971002567	0.04225352112676054	0.04225352112676054	0.04225352112676054
LINK/USDT	2025-12-27 00:00:00+00:00	(0.0, 0.05)	0.00327868852459024	0.009016393442622905	0.011475409836065622	0.031967213114754145
LINK/USDT	2025-12-28 00:00:00+00:00	(0.5, 0.75)	0.003999999999999915	0.008799999999999954	0.013599999999999994	0.022399999999999948
LINK/USDT	2025-12-29 00:00:00+00:00	(0.25, 0.5)	0.0144230769230769	0.04166666666666663	0.060897435897435875	0.062499999999999944
LINK/USDT	2025-12-30 00:00:00+00:00	(0.0, 0.05)	0.006498781478472792	0.012997562956945584	0.024370430544273007	0.02843216896831841
LINK/USDT	2025-12-31 00:00:00+00:00	(0.05, 0.1)	0.005654281098546064	0.009693053311793294	0.012116316639741546	0.02907915993537974
LINK/USDT	2026-01-01 00:00:00+00:00	(0.1, 0.25)	0.004901960784313621	0.006535947712418306	0.013071895424836612	0.04084967320261438
LINK/USDT	2026-01-02 00:00:00+00:00	(0.5, 0.75)	0.00633412509897071	0.03246239113222487	0.04513064133016629	0.0673000791765637
LINK/USDT	2026-01-03 00:00:00+00:00	(0.25, 0.5)	0.005988023952095814	0.011227544910179535	0.029940119760478938	0.029940119760478938
LINK/USDT	2026-01-04 00:00:00+00:00	(0.25, 0.5)	0.008995502248875636	0.009745127436281918	0.014992503748126017	0.02398800599700152
LINK/USDT	2026-01-05 00:00:00+00:00	(0.05, 0.1)	0.020786933927245684	0.03414996288047519	0.03563474387527843	0.05419450631031926
LINK/USDT	2026-01-06 00:00:00+00:00	(0.75, 1.0)	0.023121387283237014	0.027456647398843986	0.02890173410404627	0.05563583815028899
LINK/USDT	2026-01-07 00:00:00+00:00	(0.75, 1.0)	0.017142857142857158	0.024285714285714275	0.031428571428571396	0.05214285714285717
LINK/USDT	2026-01-08 00:00:00+00:00	(0.1, 0.25)	0.010439970171513706	0.017897091722595095	0.0365398956002983	0.039522744220730884
LINK/USDT	2026-01-09 00:00:00+00:00	(0.5, 0.75)	0.006046863189720338	0.015873015873015938	0.024187452758881352	0.03174603174603174
LINK/USDT	2026-01-10 00:00:00+00:00	(0.1, 0.25)	0.003813882532418056	0.007627765064835976	0.012204424103737616	0.014492753623188368
LINK/USDT	2026-01-11 00:00:00+00:00	(0.25, 0.5)	0.005323193916349696	0.009885931558935286	0.01140684410646377	0.02433460076045616
LINK/USDT	2026-01-12 00:00:00+00:00	(0.25, 0.5)	0.017450682852807316	0.030349013657056174	0.031866464339908945	0.04476479514415781
LINK/USDT	2026-01-13 00:00:00+00:00	(0.5, 0.75)	0.0068807339449541175	0.00993883792048922	0.020642201834862352	0.08639143730886842
LINK/USDT	2026-01-14 00:00:00+00:00	(0.75, 1.0)	0.010653409090909116	0.012784090909090889	0.02485795454545452	0.03906250000000005
LINK/USDT	2026-01-15 00:00:00+00:00	(0.5, 0.75)	0.00850460666194183	0.027639971651311043	0.027639971651311043	0.04677533664068038
LINK/USDT	2026-01-16 00:00:00+00:00	(0.5, 0.75)	0.009413468501086097	0.014482259232440209	0.02027516292541632	0.03186097031136854
LINK/USDT	2026-01-17 00:00:00+00:00	(0.5, 0.75)	0.00364697301239976	0.008752735229759242	0.011670313639678947	0.01969365426695839
LINK/USDT	2026-01-18 00:00:00+00:00	(0.1, 0.25)	0.009454545454545382	0.011636363636363646	0.015272727272727335	0.10981818181818193
LINK/USDT	2026-01-19 00:00:00+00:00	(0.75, 1.0)	0.016380655226209115	0.017160686427457147	0.017160686427457147	0.024180967238689587
LINK/USDT	2026-01-20 00:00:00+00:00	(0.5, 0.75)	0.007770007770007743	0.008547008547008503	0.03341103341103339	0.06837606837606844
LINK/USDT	2026-01-21 00:00:00+00:00	(0.75, 1.0)	0.01729818780889628	0.02141680395387148	0.03294892915980233	0.0634266886326194
LINK/USDT	2026-01-22 00:00:00+00:00	(0.75, 1.0)	0.006441223832528186	0.013687600644122378	0.01690821256038654	0.037037037037037104
LINK/USDT	2026-01-23 00:00:00+00:00	(0.05, 0.1)	0.004893964110929749	0.01305057096247962	0.019575856443719432	0.037520391517128944
LINK/USDT	2026-01-24 00:00:00+00:00	(0.25, 0.5)	0.004909983633387784	0.008183306055646452	0.008183306055646452	0.012274959083469605
LINK/USDT	2026-01-25 00:00:00+00:00	(0.05, 0.1)	0.004918032786885287	0.013114754098360668	0.01721311475409843	0.07049180327868863
LINK/USDT	2026-01-26 00:00:00+00:00	(0.5, 0.75)	0.021570319240724764	0.02761000862812757	0.035375323554788625	0.050043140638481455
LINK/USDT	2026-01-27 00:00:00+00:00	(0.25, 0.5)	0.004191114836546581	0.01089689857502102	0.015926236378876888	0.02933780385582562
LINK/USDT	2026-01-28 00:00:00+00:00	(0.25, 0.5)	0.008305647840531533	0.011627906976744234	0.01744186046511635	0.03156146179402
LINK/USDT	2026-01-29 00:00:00+00:00	(0.25, 0.5)	0.005927180355630845	0.02201524132091446	0.02709568162574092	0.0846740050804403
LINK/USDT	2026-01-30 00:00:00+00:00	(0.75, 1.0)	0.007187780772686439	0.04941599281221929	0.04941599281221929	0.05929919137466308
LINK/USDT	2026-01-31 00:00:00+00:00	(0.5, 0.75)	0.00649350649350652	0.010204081632653008	0.04452690166975885	0.17346938775510198
LINK/USDT	2026-02-01 00:00:00+00:00	(0.75, 1.0)	0.01097804391217577	0.01696606786427145	0.03093812375249506	0.0858283433133732
LINK/USDT	2026-02-02 00:00:00+00:00	(0.75, 1.0)	0.025316455696202552	0.06540084388185664	0.06645569620253172	0.10759493670886071
LINK/USDT	2026-02-03 00:00:00+00:00	(0.25, 0.5)	0.009202453987730048	0.027607361963190143	0.03476482617586911	0.08384458077709615
LINK/USDT	2026-02-04 00:00:00+00:00	(0.75, 1.0)	0.022198731501056983	0.03276955602536984	0.03276955602536984	0.08033826638477798
LINK/USDT	2026-02-05 00:00:00+00:00	(0.75, 1.0)	0.011943539630835985	0.03474484256243217	0.0608034744842561	0.22041259500542879
LINK/USDT	2026-02-06 00:00:00+00:00	(0.75, 1.0)	0.12567567567567564	0.14729729729729726	0.1648648648648647	0.2513513513513513
LINK/USDT	2026-02-07 00:00:00+00:00	(0.5, 0.75)	0.01241534988713332	0.027088036117381517	0.053047404063205496	0.053047404063205496
LINK/USDT	2026-02-08 00:00:00+00:00	(0.25, 0.5)	0.01122334455667785	0.019079685746352406	0.02693602693602696	0.03703703703703704
LINK/USDT	2026-02-09 00:00:00+00:00	(0.5, 0.75)	0.010169491525423712	0.020338983050847425	0.051977401129943604	0.06553672316384182
LINK/USDT	2026-02-10 00:00:00+00:00	(0.5, 0.75)	0.006779661016949008	0.029378531073446304	0.04632768361581923	0.04745762711864406
LINK/USDT	2026-02-11 00:00:00+00:00	(0.1, 0.25)	0.005834305717619478	0.018669778296382538	0.05017502917152855	0.057176196032671926
LINK/USDT	2026-02-12 00:00:00+00:00	(0.5, 0.75)	0.008363201911589043	0.01314217443249716	0.029868578255675033	0.051373954599761025
LINK/USDT	2026-02-13 00:00:00+00:00	(0.5, 0.75)	0.010701545778834703	0.011890606420927425	0.021403091557669406	0.07253269916765748
LINK/USDT	2026-02-14 00:00:00+00:00	(0.1, 0.25)	0.011376564277588128	0.018202502844141086	0.03412969283276459	0.052332195676905675
LINK/USDT	2026-02-15 00:00:00+00:00	(0.25, 0.5)	0.011037527593818946	0.026490066225165584	0.03532008830022078	0.07174392935982343
LINK/USDT	2026-02-16 00:00:00+00:00	(0.5, 0.75)	0.011312217194570096	0.018099547511312233	0.026018099547511362	0.03846153846153844
LINK/USDT	2026-02-17 00:00:00+00:00	(0.5, 0.75)	0.006703910614525196	0.015642458100558723	0.030167597765363083	0.037988826815642446
LINK/USDT	2026-02-18 00:00:00+00:00	(0.1, 0.25)	0.011312217194570096	0.01923076923076922	0.029411764705882328	0.0542986425339367
LINK/USDT	2026-02-19 00:00:00+00:00	(0.1, 0.25)	0.011641443538998795	0.01629802095459844	0.02444703143189745	0.04772991850989525
LINK/USDT	2026-02-20 00:00:00+00:00	(0.25, 0.5)	0.008139534883720963	0.009302325581395357	0.02441860465116289	0.0662790697674419
LINK/USDT	2026-02-21 00:00:00+00:00	(0.25, 0.5)	0.007812500000000031	0.015625000000000062	0.015625000000000062	0.02232142857142869
LINK/USDT	2026-02-22 00:00:00+00:00	(0.1, 0.25)	0.00789177001127399	0.012401352874859212	0.014656144306651724	0.03382187147688847
LINK/USDT	2026-02-23 00:00:00+00:00	(0.25, 0.5)	0.04948216340621401	0.05983889528193321	0.05983889528193321	0.05983889528193321
LINK/USDT	2026-02-24 00:00:00+00:00	(0.25, 0.5)	0.012033694344163615	0.027677496991576463	0.028880866425992805	0.0348977135980745
LINK/USDT	2026-02-25 00:00:00+00:00	(0.1, 0.25)	0.04034229828850857	0.05501222493887544	0.062347188264058655	0.1723716381418093
LINK/USDT	2026-02-26 00:00:00+00:00	(0.75, 1.0)	0.016146393972012958	0.02045209903121631	0.02045209903121631	0.051668460710441386
LINK/USDT	2026-02-27 00:00:00+00:00	(0.05, 0.1)	0.008810572687224677	0.031938325991189336	0.05506607929515418	0.08259911894273128
LINK/USDT	2026-02-28 00:00:00+00:00	(0.1, 0.25)	0.010332950631458077	0.011481056257175618	0.063145809414466	0.08495981630309969
LINK/USDT	2026-03-01 00:00:00+00:00	(0.5, 0.75)	0.012429378531073383	0.053107344632768436	0.053107344632768436	0.07570621468926574
LINK/USDT	2026-03-02 00:00:00+00:00	(0.5, 0.75)	0.025287356321839156	0.025287356321839156	0.03448275862068974	0.07816091954022986
LINK/USDT	2026-03-03 00:00:00+00:00	(0.25, 0.5)	0.01117318435754186	0.020111731843575387	0.04692737430167598	0.05139664804469264
LINK/USDT	2026-03-04 00:00:00+00:00	(0.25, 0.5)	0.011376564277588128	0.025028441410694047	0.07053469852104677	0.10921501706484653
LINK/USDT	2026-03-05 00:00:00+00:00	(0.5, 0.75)	0.008556149732620328	0.018181818181818174	0.03101604278074876	0.04491978609625668
LINK/USDT	2026-03-06 00:00:00+00:00	(0.1, 0.25)	0.005411255411255488	0.014069264069264153	0.03138528138528148	0.06818181818181826
LINK/USDT	2026-03-07 00:00:00+00:00	(0.0, 0.05)	0.005675368898978514	0.013620885357548152	0.014755959137343814	0.02497162315550498
LINK/USDT	2026-03-08 00:00:00+00:00	(0.0, 0.05)	0.008027522935779848	0.016055045871559696	0.0286697247706422	0.04357798165137603
LINK/USDT	2026-03-09 00:00:00+00:00	(0.5, 0.75)	0.017482517482517525	0.033799533799533904	0.04195804195804189	0.06876456876456875
LINK/USDT	2026-03-10 00:00:00+00:00	(0.5, 0.75)	0.01241534988713332	0.02483069977426644	0.03498871331828448	0.038374717832957095
LINK/USDT	2026-03-11 00:00:00+00:00	(0.05, 0.1)	0.010011123470522788	0.011123470522803075	0.020022246941045575	0.035595105672969994
LINK/USDT	2026-03-12 00:00:00+00:00	(0.1, 0.25)	0.007786429365962212	0.021134593993325863	0.03114571746384865	0.03337041156840942
LINK/USDT	2026-03-13 00:00:00+00:00	(0.25, 0.5)	0.029572836801752416	0.029572836801752416	0.029572836801752416	0.06352683461117196
LINK/USDT	2026-03-14 00:00:00+00:00	(0.25, 0.5)	0.0087912087912088	0.012087912087912222	0.024175824175824246	0.029670329670329624
LINK/USDT	2026-03-15 00:00:00+00:00	(0.5, 0.75)	0.008714596949891075	0.01633986928104579	0.022875816993464144	0.04901960784313737
LINK/USDT	2026-03-16 00:00:00+00:00	(0.75, 1.0)	0.011591148577449887	0.042149631190727115	0.04425711275026343	0.07060063224446785
LINK/USDT	2026-03-17 00:00:00+00:00	(0.25, 0.5)	0.0129999999999999	0.025	0.03499999999999996	0.03499999999999996
LINK/USDT	2026-03-18 00:00:00+00:00	(0.25, 0.5)	0.010204081632653024	0.01836734693877548	0.043877551020408134	0.08673469387755098
LINK/USDT	2026-03-19 00:00:00+00:00	(0.1, 0.25)	0.007583965330444234	0.01950162513542792	0.03358613217768153	0.048754062838569805
LINK/USDT	2026-03-20 00:00:00+00:00	(0.05, 0.1)	0.008810572687224677	0.013215859030837114	0.020925110132158732	0.02753303964757709
LINK/USDT	2026-03-21 00:00:00+00:00	(0.5, 0.75)	0.006571741511500601	0.007667031763417336	0.00876232201533407	0.054764512595837894
LINK/USDT	2026-03-22 00:00:00+00:00	(0.75, 1.0)	0.01480637813211854	0.022779043280182355	0.026195899772209617	0.04555808656036451
LINK/USDT	2026-03-23 00:00:00+00:00	(0.25, 0.5)	0.01034482758620688	0.017241379310344664	0.07701149425287356	0.08160919540229875
LINK/USDT	2026-03-24 00:00:00+00:00	(0.1, 0.25)	0.006593406593406648	0.013186813186813296	0.027472527472527472	0.029670329670329624
LINK/USDT	2026-03-25 00:00:00+00:00	(0.5, 0.75)	0.011879049676025856	0.016198704103671746	0.031317494600432066	0.03563714902807776
LINK/USDT	2026-03-26 00:00:00+00:00	(0.25, 0.5)	0.0042643923240939146	0.018123667377398713	0.05010660980810241	0.061833688699360345
LINK/USDT	2026-03-27 00:00:00+00:00	(0.25, 0.5)	0.007847533632286829	0.015695067264574054	0.048206278026905795	0.05605381165919283
LINK/USDT	2026-03-28 00:00:00+00:00	(0.0, 0.05)	0.00701754385964918	0.008187134502924008	0.016374269005847812	0.03859649122807018
LINK/USDT	2026-03-29 00:00:00+00:00	(0.75, 1.0)	0.010663507109004723	0.021327014218009446	0.021327014218009446	0.04620853080568727
LINK/USDT	2026-03-30 00:00:00+00:00	(0.25, 0.5)	0.020214030915576685	0.03448275862068955	0.059453032104637336	0.0630202140309155
LINK/USDT	2026-03-31 00:00:00+00:00	(0.25, 0.5)	0.010452961672473851	0.03135888501742155	0.041811846689895404	0.04529616724738683
LINK/USDT	2026-04-01 00:00:00+00:00	(0.05, 0.1)	0.010250569476081989	0.011389521640091077	0.052391799544419033	0.052391799544419033
LINK/USDT	2026-04-02 00:00:00+00:00	(0.25, 0.5)	0.020134228187919434	0.05480984340044746	0.06263982102908283	0.06599552572706933
LINK/USDT	2026-04-03 00:00:00+00:00	(0.05, 0.1)	0.004640371229698483	0.01044083526682133	0.02088167053364266	0.025522041763341143
LINK/USDT	2026-04-04 00:00:00+00:00	(0.1, 0.25)	0.003472222222222148	0.004629629629629736	0.008101851851851884	0.019675925925925916
LINK/USDT	2026-04-05 00:00:00+00:00	(0.0, 0.05)	0.00459770114942519	0.008045977011494083	0.02183908045977006	0.054022988505747
LINK/USDT	2026-04-06 00:00:00+00:00	(0.75, 1.0)	0.012387387387387523	0.018018018018018032	0.031531531531531654	0.04842342342342339
LINK/USDT	2026-04-07 00:00:00+00:00	(0.75, 1.0)	0.007936507936507969	0.014739229024943198	0.031746031746031876	0.09637188208616776
LINK/USDT	2026-04-08 00:00:00+00:00	(0.75, 1.0)	0.012917115177610442	0.015069967707212119	0.017222820236813794	0.051668460710441386
LINK/USDT	2026-04-09 00:00:00+00:00	(0.75, 1.0)	0.016968325791855244	0.01923076923076922	0.01923076923076922	0.05769230769230767
LINK/USDT	2026-04-10 00:00:00+00:00	(0.5, 0.75)	0.007838745800671924	0.013437849944008871	0.01567749160134365	0.03359462486002228
LINK/USDT	2026-04-11 00:00:00+00:00	(0.25, 0.5)	0.005506607929515497	0.009911894273127738	0.0165198237885461	0.03634361233480177
LINK/USDT	2026-04-12 00:00:00+00:00	(0.75, 1.0)	0.006629834254143701	0.03756906077348064	0.03867403314917123	0.04530386740331493
LINK/USDT	2026-04-13 00:00:00+00:00	(0.5, 0.75)	0.007990867579908708	0.01027397260273971	0.017123287671232917	0.08561643835616438
LINK/USDT	2026-04-14 00:00:00+00:00	(0.75, 1.0)	0.019271948608137014	0.019271948608137014	0.022483940042826455	0.0449678800856531
LINK/USDT	2026-04-15 00:00:00+00:00	(0.25, 0.5)	0.005518763796909571	0.00993377483443707	0.018763796909492265	0.04194260485651203
LINK/USDT	2026-04-16 00:00:00+00:00	(0.25, 0.5)	0.006493506493506355	0.01406926406926396	0.01731601731601714	0.061688311688311716
LINK/USDT	2026-04-17 00:00:00+00:00	(0.5, 0.75)	0.004201680672268818	0.015756302521008254	0.028361344537815084	0.05567226890756296
LINK/USDT	2026-04-18 00:00:00+00:00	(0.25, 0.5)	0.007291666666666696	0.01145833333333346	0.03333333333333337	0.040625000000000064
LINK/USDT	2026-04-19 00:00:00+00:00	(0.05, 0.1)	0.006465517241379173	0.012931034482758537	0.02155172413793115	0.040948275862069054
LINK/USDT	2026-04-20 00:00:00+00:00	(0.5, 0.75)	0.006600660066006655	0.01320132013201331	0.029702970297029656	0.035203520352035236
LINK/USDT	2026-04-21 00:00:00+00:00	(0.1, 0.25)	0.0075268817204301374	0.012903225806451528	0.026881720430107524	0.026881720430107524
LINK/USDT	2026-04-22 00:00:00+00:00	(0.5, 0.75)	0.004246284501061481	0.016985138004246298	0.020169851380042597	0.03503184713375797
LINK/USDT	2026-04-23 00:00:00+00:00	(0.5, 0.75)	0.015151515151515213	0.01948051948051945	0.01948051948051945	0.027056277056277056
LINK/USDT	2026-04-24 00:00:00+00:00	(0.25, 0.5)	0.006417112299465294	0.014973262032085623	0.01604278074866314	0.022459893048128243
LINK/USDT	2026-04-25 00:00:00+00:00	(0.1, 0.25)	0.006410256410256464	0.008547008547008555	0.010683760683760646	0.018162393162393157
LINK/USDT	2026-04-26 00:00:00+00:00	(0.1, 0.25)	0.004282655246252586	0.005353319057815732	0.02034261241970016	0.025695931477515893
LINK/USDT	2026-04-27 00:00:00+00:00	(0.0, 0.05)	0.015822784810126618	0.016877637130801704	0.03164556962025305	0.04746835443037967
LINK/USDT	2026-04-28 00:00:00+00:00	(0.5, 0.75)	0.00429184549356214	0.010729613733905541	0.01716738197424894	0.020386266094420548
LINK/USDT	2026-04-29 00:00:00+00:00	(0.1, 0.25)	0.003243243243243174	0.011891891891891831	0.022702702702702603	0.05513513513513511
LINK/USDT	2026-04-30 00:00:00+00:00	(0.5, 0.75)	0.01098901098901095	0.014285714285714178	0.018681318681318674	0.018681318681318674
LINK/USDT	2026-05-01 00:00:00+00:00	(0.1, 0.25)	0.004385964912280803	0.012061403508772063	0.012061403508772063	0.024122807017543737
LINK/USDT	2026-05-02 00:00:00+00:00	(0.5, 0.75)	0.004395604395604302	0.005494505494505573	0.007692307692307724	0.020879120879120826
LINK/USDT	2026-05-03 00:00:00+00:00	(0.1, 0.25)	0.006550218340611408	0.01091703056768555	0.014192139737991157	0.016375545851528422
LINK/USDT	2026-05-04 00:00:00+00:00	(0.25, 0.5)	0.006578947368421108	0.031798245614035194	0.06250000000000004	0.06250000000000004
LINK/USDT	2026-05-05 00:00:00+00:00	(0.25, 0.5)	0.007454739084132085	0.021299254526091698	0.04792332268370618	0.05324813631522896
LINK/USDT	2026-05-06 00:00:00+00:00	(0.25, 0.5)	0.008171603677221662	0.01532175689479064	0.052093973442288034	0.052093973442288034
LINK/USDT	2026-05-07 00:00:00+00:00	(0.25, 0.5)	0.014014014014014071	0.01501501501501505	0.028028028028028142	0.03303303303303304
LINK/USDT	2026-05-08 00:00:00+00:00	(0.25, 0.5)	0.008105369807497475	0.012158054711246303	0.018237082066869272	0.07396149949341443
LINK/USDT	2026-05-09 00:00:00+00:00	(0.25, 0.5)	0.011594202898550822	0.025120772946859885	0.025120772946859885	0.0318840579710145
LINK/USDT	2026-05-10 00:00:00+00:00	(0.1, 0.25)	0.009643201542912214	0.011571841851494792	0.0260366441658632	0.056894889103182245
LINK/USDT	2026-05-11 00:00:00+00:00	(0.75, 1.0)	0.01217228464419483	0.028089887640449507	0.028089887640449507	0.030898876404494388
LINK/USDT	2026-05-12 00:00:00+00:00	(0.25, 0.5)	0.007575757575757582	0.01988636363636355	0.03598484848484839	0.04829545454545452
LINK/USDT	2026-05-13 00:00:00+00:00	(0.05, 0.1)	0.01363193768257065	0.02239532619279459	0.05258033106134381	0.07594936708860771
LINK/USDT	2026-05-14 00:00:00+00:00	(0.25, 0.5)	0.004873294346978454	0.01851851851851847	0.0233918128654971	0.06627680311890835
LINK/USDT	2026-05-15 00:00:00+00:00	(0.5, 0.75)	0.009505703422053199	0.02091254752851717	0.03422053231939158	0.05798479087452466
LINK/USDT	2026-05-16 00:00:00+00:00	(0.0, 0.05)	0.0029732408325073697	0.0059464816650149155	0.04856293359762143	0.04856293359762143
LINK/USDT	2026-05-17 00:00:00+00:00	(0.1, 0.25)	0.007201646090535008	0.013374485596707716	0.02263374485596696	0.05246913580246911
LINK/USDT	2026-05-18 00:00:00+00:00	(0.75, 1.0)	0.007360672975814775	0.014721345951629923	0.019978969505783335	0.04206098843322822
LINK/USDT	2026-05-19 00:00:00+00:00	(0.75, 1.0)	0.007268951194184868	0.016614745586708217	0.032191069574247194	0.045690550363447505
LINK/USDT	2026-05-20 00:00:00+00:00	(0.1, 0.25)	0.014893617021276466	0.014893617021276466	0.027659574468085084	0.03425531914893608
LINK/USDT	2026-05-21 00:00:00+00:00	(0.1, 0.25)	0.008073698374909368	0.013559672911706703	0.026601801055791293	0.0349860262912743
LINK/USDT	2026-05-22 00:00:00+00:00	(0.25, 0.5)	0.0048244713611168746	0.015191952371176317	0.022890576883596872	0.06887702730445505
LINK/USDT	2026-05-23 00:00:00+00:00	(0.5, 0.75)	0.009034863945578323	0.009034863945578323	0.03922193877551037	0.07706207482993213
LINK/USDT	2026-05-24 00:00:00+00:00	(0.75, 1.0)	0.006908101318819232	0.010990161189030817	0.01632823948084578	0.0419719489219175
LINK/USDT	2026-05-25 00:00:00+00:00	(0.5, 0.75)	0.005387134255836078	0.013309390514418448	0.02545685011091155	0.032111545368120865
LINK/USDT	2026-05-26 00:00:00+00:00	(0.25, 0.5)	0.010221285563751455	0.013593256059009623	0.030136986301370006	0.03635405690200218
LINK/USDT	2026-05-27 00:00:00+00:00	(0.1, 0.25)	0.006796941376380635	0.009983007646558986	0.02017841971112994	0.040887850467289696
LINK/USDT	2026-05-28 00:00:00+00:00	(0.75, 1.0)	0.004607283896445789	0.0426722246599385	0.0426722246599385	0.0426722246599385
LINK/USDT	2026-05-29 00:00:00+00:00	(0.25, 0.5)	0.0028770609715615333	0.01549186676994584	0.015934491534801386	0.038840323116078435
LINK/USDT	2026-05-30 00:00:00+00:00	(0.1, 0.25)	0.010947694349220414	0.03018909653875923	0.03018909653875923	0.03018909653875923
LINK/USDT	2026-05-31 00:00:00+00:00	(0.5, 0.75)	0.0046749293324636915	0.01130680582735388	0.015438138725809899	0.03348554033485538
LINK/USDT	2026-06-01 00:00:00+00:00	(0.5, 0.75)	0.008409785932721707	0.02031454783748361	0.032110091743119316	0.04008300567933605
LINK/USDT	2026-06-02 00:00:00+00:00	(0.5, 0.75)	0.008623548922056514	0.02708678828081824	0.030845771144278795	0.08922056384742956
LINK/USDT	2026-06-03 00:00:00+00:00	(0.75, 1.0)	0.008937082936129775	0.03193517635843669	0.053145853193517605	0.060891325071496576
LINK/USDT	2026-06-04 00:00:00+00:00	(0.75, 1.0)	0.026968973747016595	0.0715990453460619	0.0715990453460619	0.0715990453460619
LINK/USDT	2026-06-05 00:00:00+00:00	(0.75, 1.0)	0.02031857519127064	0.035745641540198186	0.08817258246582219	0.1156402859651324
LINK/USDT	2026-06-06 00:00:00+00:00	(0.75, 1.0)	0.007255139056831959	0.04097810022840249	0.0635496439607685	0.0635496439607685
LINK/USDT	2026-06-07 00:00:00+00:00	(0.25, 0.5)	0.01760801842069618	0.03115264797507794	0.06352431261005016	0.08871732358120009
LINK/USDT	2026-06-08 00:00:00+00:00	(0.75, 1.0)	0.016837574376503357	0.026205848841625502	0.03772629446765403	0.05139891125458915
LINK/USDT	2026-06-09 00:00:00+00:00	(0.5, 0.75)	0.025943100639177822	0.027572377490913617	0.028950996365459426	0.047374357688933465
LINK/USDT	2026-06-10 00:00:00+00:00	(0.25, 0.5)	0.011832061068702287	0.02035623409669213	0.033587786259542014	0.053435114503816786
LINK/USDT	2026-06-11 00:00:00+00:00	(0.5, 0.75)	0.010272619517977005	0.03147635980508361	0.03779797181614644	0.05188989859080734
LINK/USDT	2026-06-12 00:00:00+00:00	(0.1, 0.25)	0.006327512022272819	0.010883320678309214	0.02391799544419135	0.03264996203492775
LINK/USDT	2026-06-13 00:00:00+00:00	(0.0, 0.05)	0.004187817258883295	0.010279187817258822	0.017131979695431558	0.024365482233502673
LINK/USDT	2026-06-14 00:00:00+00:00	(0.05, 0.1)	0.003890562248996057	0.008283132530120573	0.016064257028112466	0.054718875502007915
LINK/USDT	2026-06-15 00:00:00+00:00	(0.75, 1.0)	0.013626961917508226	0.013748631220343054	0.042462586689378294	0.06022630490327281
LINK/USDT	2026-06-16 00:00:00+00:00	(0.5, 0.75)	0.006968641114982558	0.022467860146581687	0.033641715727502026	0.046858104049020854
LINK/USDT	2026-06-17 00:00:00+00:00	(0.1, 0.25)	0.007365370683409798	0.019681236416324376	0.036947597198744166	0.058077758995411614
LINK/USDT	2026-06-18 00:00:00+00:00	(0.25, 0.5)	0.006905055487053137	0.023551171393341643	0.030456226880394673	0.045006165228113466
LINK/USDT	2026-06-19 00:00:00+00:00	(0.25, 0.5)	0.0064983754061485235	0.027618095476130977	0.03024243939015257	0.03499125218695329
LINK/USDT	2026-06-20 00:00:00+00:00	(0.25, 0.5)	0.009621471072287696	0.010254462590201343	0.019369540448157942	0.024433472591467227
LINK/USDT	2026-06-21 00:00:00+00:00	(0.5, 0.75)	0.004258517034068112	0.006638276553106204	0.014153306613226396	0.030310621242484858
LINK/USDT	2026-06-22 00:00:00+00:00	(0.75, 1.0)	0.01368986693961108	0.02674002047082902	0.039662231320368536	0.043628454452405235
LINK/USDT	2026-06-23 00:00:00+00:00	(0.25, 0.5)	0.009792699987282202	0.011191657128322532	0.05557675187587438	0.05557675187587438
LINK/USDT	2026-06-24 00:00:00+00:00	(0.1, 0.25)	0.010193413486670189	0.0148980658651334	0.021824359644537352	0.07540512284370099
LINK/USDT	2026-06-25 00:00:00+00:00	(0.75, 1.0)	0.006588678230469206	0.0071265295145892076	0.022993142396127507	0.07301331181928199
LINK/USDT	2026-06-26 00:00:00+00:00	(0.25, 0.5)	0.00798898071625342	0.03443526170798898	0.04490358126721758	0.053168044077135004
LINK/USDT	2026-06-27 00:00:00+00:00	(0.1, 0.25)	0.0063772048846676525	0.012618724559023062	0.012618724559023062	0.031207598371777414
LINK/USDT	2026-06-28 00:00:00+00:00	(0.1, 0.25)	0.004790583082397927	0.006433068710648742	0.018888584724883643	0.027101012866137354
LINK/USDT	2026-06-29 00:00:00+00:00	(0.25, 0.5)	0.011976872246696	0.02588105726872243	0.03221365638766519	0.04432819383259912
LTC/USDT	2025-01-01 00:00:00+00:00	(0.05, 0.1)	0.013279445727482771	0.021555042340261826	0.03858737490377218	0.05879522709776751
LTC/USDT	2025-01-02 00:00:00+00:00	(0.25, 0.5)	0.02197284043757071	0.02480196152395318	0.02489626556016598	0.03904187099207847
LTC/USDT	2025-01-03 00:00:00+00:00	(0.0, 0.05)	0.010823127314155518	0.018987942656413178	0.03958986043862149	0.10177537263837462
LTC/USDT	2025-01-04 00:00:00+00:00	(0.25, 0.5)	0.01335351197364907	0.015133980236802305	0.016736401673640253	0.024125344965726058
LTC/USDT	2025-01-05 00:00:00+00:00	(0.0, 0.05)	0.0049549549549549295	0.012612612612612664	0.0214414414414414	0.050360360360360394
LTC/USDT	2025-01-06 00:00:00+00:00	(0.5, 0.75)	0.012763740557436823	0.02743770079013629	0.03785708083702353	0.04983936789094378
LTC/USDT	2025-01-07 00:00:00+00:00	(0.25, 0.5)	0.007654407883160218	0.018476156959352532	0.03580855182122125	0.11288052085166297
LTC/USDT	2025-01-08 00:00:00+00:00	(0.1, 0.25)	0.013032145960034698	0.025195482189400514	0.04334395211893035	0.07548991215368285
LTC/USDT	2025-01-09 00:00:00+00:00	(0.5, 0.75)	0.012997243009058617	0.021169751870815337	0.03889326506498624	0.05878298542733358
LTC/USDT	2025-01-10 00:00:00+00:00	(0.25, 0.5)	0.013190034196385038	0.02442598925256473	0.037713727405960074	0.04113336590131894
LTC/USDT	2025-01-11 00:00:00+00:00	(0.25, 0.5)	0.004422651668108912	0.011633496779155926	0.01817132967983848	0.02692048841457549
LTC/USDT	2025-01-12 00:00:00+00:00	(0.5, 0.75)	0.009609840476648087	0.015375744762636884	0.025946569286949862	0.03767057466846052
LTC/USDT	2025-01-13 00:00:00+00:00	(0.5, 0.75)	0.019317073170731745	0.044487804878048806	0.10585365853658531	0.11609756097560982
LTC/USDT	2025-01-14 00:00:00+00:00	(0.75, 1.0)	0.012077789150460663	0.023746161719549717	0.03469805527123849	0.05168884339815774
LTC/USDT	2025-01-15 00:00:00+00:00	(0.1, 0.25)	0.008282985772753793	0.014032352367959439	0.025238744884038232	0.1747222763593842
LTC/USDT	2025-01-16 00:00:00+00:00	(0.75, 1.0)	0.02541285188671172	0.0681098656627021	0.0681098656627021	0.14075468469239327
LTC/USDT	2025-01-17 00:00:00+00:00	(0.75, 1.0)	0.015632477269101993	0.07895996171638213	0.12904769500717814	0.12904769500717814
LTC/USDT	2025-01-18 00:00:00+00:00	(0.5, 0.75)	0.025216138328530258	0.0715417867435159	0.11030259365994247	0.11239193083573493
LTC/USDT	2025-01-19 00:00:00+00:00	(0.25, 0.5)	0.015076579451180605	0.04913848117421823	0.11526802807913213	0.14087428206764516
LTC/USDT	2025-01-20 00:00:00+00:00	(0.75, 1.0)	0.02902328814737577	0.05179005908932923	0.13112617309697605	0.13112617309697605
LTC/USDT	2025-01-21 00:00:00+00:00	(0.5, 0.75)	0.025366593628855596	0.041631552334400794	0.07845946401483231	0.09430305073318725
LTC/USDT	2025-01-22 00:00:00+00:00	(0.5, 0.75)	0.01409750776202058	0.020894520432994838	0.04271209196945531	0.05076781069061003
LTC/USDT	2025-01-23 00:00:00+00:00	(0.5, 0.75)	0.008951851208065367	0.022423083608552045	0.03815400660524944	0.05188597253606813
LTC/USDT	2025-01-24 00:00:00+00:00	(0.5, 0.75)	0.01900976410610907	0.025663181543247326	0.055128315907716316	0.08787695498142228
LTC/USDT	2025-01-25 00:00:00+00:00	(0.5, 0.75)	0.03661829227134652	0.06378670266621657	0.06378670266621657	0.09542693216334786
LTC/USDT	2025-01-26 00:00:00+00:00	(0.5, 0.75)	0.00671684065711741	0.01165331391114358	0.029861616897305154	0.07874079469126803
LTC/USDT	2025-01-27 00:00:00+00:00	(0.75, 1.0)	0.020564894615581506	0.03660721904599374	0.09599795204368973	0.09599795204368973
LTC/USDT	2025-01-28 00:00:00+00:00	(0.75, 1.0)	0.01648018041460657	0.029143897996357006	0.03616965912047881	0.06808916644982226
LTC/USDT	2025-01-29 00:00:00+00:00	(0.5, 0.75)	0.015139226818058868	0.03226097143372081	0.04514733711813996	0.08669009642245644
LTC/USDT	2025-01-30 00:00:00+00:00	(0.75, 1.0)	0.02426132917424831	0.06923143575080144	0.15120006931808327	0.17138896109522572
LTC/USDT	2025-01-31 00:00:00+00:00	(0.5, 0.75)	0.008976243906213701	0.031107328019809723	0.07428615646521702	0.07823260852743172
LTC/USDT	2025-02-01 00:00:00+00:00	(0.25, 0.5)	0.006761006289308171	0.03380503144654075	0.06509433962264163	0.10778301886792459
LTC/USDT	2025-02-02 00:00:00+00:00	(0.75, 1.0)	0.018506056527590874	0.0708277254374159	0.0708277254374159	0.1462819650067295
LTC/USDT	2025-02-03 00:00:00+00:00	(0.75, 1.0)	0.059172695232795364	0.25774438879614164	0.25774438879614164	0.26822481914301605
LTC/USDT	2025-02-04 00:00:00+00:00	(0.75, 1.0)	0.014765973254086212	0.044112184249628525	0.09286775631500742	0.0960252600297177
LTC/USDT	2025-02-05 00:00:00+00:00	(0.75, 1.0)	0.01900049480455222	0.03552696684809504	0.06481939633844629	0.08886689757545774
LTC/USDT	2025-02-06 00:00:00+00:00	(0.5, 0.75)	0.01475095785440619	0.02279693486590034	0.0576628352490421	0.09741379310344829
LTC/USDT	2025-02-07 00:00:00+00:00	(0.25, 0.5)	0.0366246703779666	0.0366246703779666	0.0366246703779666	0.07383533548198068
LTC/USDT	2025-02-08 00:00:00+00:00	(0.5, 0.75)	0.02000000000000002	0.02242718446601944	0.026893203883495247	0.03320388349514565
LTC/USDT	2025-02-09 00:00:00+00:00	(0.0, 0.05)	0.015521701638401882	0.036504742742167307	0.036504742742167307	0.08134521414199478
LTC/USDT	2025-02-10 00:00:00+00:00	(0.75, 1.0)	0.03186783425115104	0.06202040263609285	0.1049020492913244	0.1373115464475942
LTC/USDT	2025-02-11 00:00:00+00:00	(0.1, 0.25)	0.04524469067405356	0.07537983715269038	0.12314278519264658	0.12314278519264658
LTC/USDT	2025-02-12 00:00:00+00:00	(0.25, 0.5)	0.01922112652515458	0.02908240013371222	0.03359518636135726	0.11424034765167977
LTC/USDT	2025-02-13 00:00:00+00:00	(0.25, 0.5)	0.036595327560855984	0.05701682731579799	0.07384414311387022	0.0855252409736971
LTC/USDT	2025-02-14 00:00:00+00:00	(0.1, 0.25)	0.017536898904935677	0.03055070623710529	0.0722901126805269	0.07522615457863835
LTC/USDT	2025-02-15 00:00:00+00:00	(0.5, 0.75)	0.013352522587351097	0.05197089629807308	0.07259934436715428	0.08547213560406171
LTC/USDT	2025-02-16 00:00:00+00:00	(0.5, 0.75)	0.020312617986860966	0.039266027335195866	0.04893151098693641	0.0940874424224118
LTC/USDT	2025-02-17 00:00:00+00:00	(0.1, 0.25)	0.02230037566941097	0.03708736312045412	0.04571976660538737	0.07081768044121184
LTC/USDT	2025-02-18 00:00:00+00:00	(0.5, 0.75)	0.0159652857376781	0.038152939250041026	0.051334534141149586	0.09202554445718036
LTC/USDT	2025-02-19 00:00:00+00:00	(0.75, 1.0)	0.018566625916870468	0.026742053789731053	0.07587102689486558	0.07587102689486558
LTC/USDT	2025-02-20 00:00:00+00:00	(0.25, 0.5)	0.010139416983523337	0.0395139044210839	0.05353015731007226	0.06918661000521872
LTC/USDT	2025-02-21 00:00:00+00:00	(0.5, 0.75)	0.028573576960673818	0.05601924956763679	0.05601924956763679	0.12421986615534988
LTC/USDT	2025-02-22 00:00:00+00:00	(0.5, 0.75)	0.031604665825977346	0.0347572509457754	0.036648802017654414	0.04657944514501878
LTC/USDT	2025-02-23 00:00:00+00:00	(0.05, 0.1)	0.011218076219269605	0.01432094836502504	0.02927838332405118	0.041928554379823346
LTC/USDT	2025-02-24 00:00:00+00:00	(0.1, 0.25)	0.016259536102335003	0.0688911150497033	0.07089465978269248	0.14248285428065033
LTC/USDT	2025-02-25 00:00:00+00:00	(0.75, 1.0)	0.03556300741263667	0.04006353688669249	0.09918813978115068	0.09918813978115068
LTC/USDT	2025-02-26 00:00:00+00:00	(0.5, 0.75)	0.010395736874290311	0.06691709618240596	0.11662444308552466	0.13086398182930029
LTC/USDT	2025-02-27 00:00:00+00:00	(0.75, 1.0)	0.014298408595201519	0.029162290976654005	0.08296308263995472	0.08296308263995472
LTC/USDT	2025-02-28 00:00:00+00:00	(0.5, 0.75)	0.01924295216978138	0.05883750395945512	0.10049097244219193	0.12305986696230603
LTC/USDT	2025-03-01 00:00:00+00:00	(0.1, 0.25)	0.01178967224711153	0.03914171186041031	0.04959522125284919	0.06342843668945998
LTC/USDT	2025-03-02 00:00:00+00:00	(0.1, 0.25)	0.010159651669085558	0.02039993549427501	0.027414933075310365	0.10111272375423325
LTC/USDT	2025-03-03 00:00:00+00:00	(0.1, 0.25)	0.033554922443811405	0.053339664450775634	0.125039569484014	0.1875593542260209
LTC/USDT	2025-03-04 00:00:00+00:00	(0.5, 0.75)	0.023738334692398336	0.08915466159282416	0.09504394310048016	0.15411796683881482
LTC/USDT	2025-03-05 00:00:00+00:00	(0.25, 0.5)	0.018928054080154456	0.036986962819893755	0.05021728633510384	0.060453887011105795
LTC/USDT	2025-03-06 00:00:00+00:00	(0.05, 0.1)	0.010064219304131095	0.04495351289178566	0.08971532636825458	0.1043803316399885
LTC/USDT	2025-03-07 00:00:00+00:00	(0.1, 0.25)	0.06184172383805191	0.06184172383805191	0.07933133636100101	0.09073340419364191
LTC/USDT	2025-03-08 00:00:00+00:00	(0.5, 0.75)	0.02643001832738492	0.03443619176232283	0.05874409182984473	0.07176618115173143
LTC/USDT	2025-03-09 00:00:00+00:00	(0.5, 0.75)	0.006552567237163831	0.01887530562347181	0.04176039119804397	0.08958435207823957
LTC/USDT	2025-03-10 00:00:00+00:00	(0.5, 0.75)	0.03699019917799563	0.03699019917799563	0.06470650226578144	0.13531457477078712
LTC/USDT	2025-03-11 00:00:00+00:00	(0.25, 0.5)	0.05269747325290229	0.06464830412019112	0.07432278625085365	0.11393125426815394
LTC/USDT	2025-03-12 00:00:00+00:00	(0.25, 0.5)	0.009718387631143122	0.04041965764770841	0.04273881833241308	0.06294864715626729
LTC/USDT	2025-03-13 00:00:00+00:00	(0.0, 0.05)	0.010964912280701754	0.014364035087719322	0.03706140350877188	0.05910087719298246
LTC/USDT	2025-03-14 00:00:00+00:00	(0.25, 0.5)	0.012717156807085326	0.01964346542522998	0.03224707618939484	0.056545929374361356
LTC/USDT	2025-03-15 00:00:00+00:00	(0.0, 0.05)	0.007426823940585483	0.01616426387068593	0.03309305373525558	0.03593272171253829
LTC/USDT	2025-03-16 00:00:00+00:00	(0.05, 0.1)	0.005636245393453241	0.015608064166485993	0.0443312378061999	0.047149360502926445
LTC/USDT	2025-03-17 00:00:00+00:00	(0.1, 0.25)	0.021424627277747077	0.03964660408614029	0.04273881833241308	0.04936499171728326
LTC/USDT	2025-03-18 00:00:00+00:00	(0.1, 0.25)	0.013514986376021743	0.02975476839237046	0.041852861035422226	0.056021798365122624
LTC/USDT	2025-03-19 00:00:00+00:00	(0.5, 0.75)	0.012397609032543774	0.018817799424396753	0.027894620323223332	0.05822448527783917
LTC/USDT	2025-03-20 00:00:00+00:00	(0.5, 0.75)	0.008700265251989317	0.011671087533156438	0.03469496021220155	0.04456233421750666
LTC/USDT	2025-03-21 00:00:00+00:00	(0.05, 0.1)	0.00653174858121854	0.01295641931684343	0.020344790662811772	0.03533568904593636
LTC/USDT	2025-03-22 00:00:00+00:00	(0.25, 0.5)	0.006701823774994501	0.011096462315974567	0.015820698747527992	0.020215337288508058
LTC/USDT	2025-03-23 00:00:00+00:00	(0.05, 0.1)	0.003935286401399207	0.008854394403148254	0.015194578049846967	0.02590730214254487
LTC/USDT	2025-03-24 00:00:00+00:00	(0.0, 0.05)	0.015770452305333454	0.019603548351768613	0.034935932537509554	0.05245865732121336
LTC/USDT	2025-03-25 00:00:00+00:00	(0.5, 0.75)	0.006181391878929961	0.026004476180326096	0.026004476180326096	0.030587232228498247
LTC/USDT	2025-03-26 00:00:00+00:00	(0.1, 0.25)	0.011107584893684514	0.030043372474346654	0.034486406431820486	0.05945202581191146
LTC/USDT	2025-03-27 00:00:00+00:00	(0.25, 0.5)	0.015343057806590897	0.01620745542949757	0.028309022150188982	0.03079416531604532
LTC/USDT	2025-03-28 00:00:00+00:00	(0.0, 0.05)	0.010823682216690118	0.0155861023920339	0.06634917198831053	0.08355882671284785
LTC/USDT	2025-03-29 00:00:00+00:00	(0.25, 0.5)	0.005811303555150468	0.02404284412032816	0.03463992707383781	0.04421148587055617
LTC/USDT	2025-03-30 00:00:00+00:00	(0.1, 0.25)	0.015416958654519891	0.024877365101611718	0.024877365101611718	0.024877365101611718
LTC/USDT	2025-03-31 00:00:00+00:00	(0.25, 0.5)	0.019862934138692157	0.019862934138692157	0.06249274015565117	0.06249274015565117
LTC/USDT	2025-04-01 00:00:00+00:00	(0.25, 0.5)	0.008070344495302358	0.015297518670199904	0.035292700554083435	0.036617682486147995
LTC/USDT	2025-04-02 00:00:00+00:00	(0.1, 0.25)	0.012953060011883412	0.022341057635175226	0.04278074866310153	0.09043374925727865
LTC/USDT	2025-04-03 00:00:00+00:00	(0.75, 1.0)	0.015997069239223203	0.03675662474050544	0.03895469532299423	0.05714983514470622
LTC/USDT	2025-04-04 00:00:00+00:00	(0.5, 0.75)	0.00757211538461533	0.013581730769230714	0.04218750000000006	0.04218750000000006
LTC/USDT	2025-04-05 00:00:00+00:00	(0.0, 0.05)	0.006283343212803808	0.00782454060462372	0.019324244220509896	0.03983402489626556
LTC/USDT	2025-04-06 00:00:00+00:00	(0.05, 0.1)	0.006796941376380657	0.013958004612210115	0.0264595217866245	0.1786624590362908
LTC/USDT	2025-04-07 00:00:00+00:00	(0.75, 1.0)	0.02739529546758478	0.06454388984509467	0.12464142283419388	0.14285714285714296
LTC/USDT	2025-04-08 00:00:00+00:00	(0.5, 0.75)	0.016006739679865215	0.03833192923336147	0.04563324908733502	0.07427688851446232
LTC/USDT	2025-04-09 00:00:00+00:00	(0.5, 0.75)	0.03530768122207815	0.05116010952586824	0.07767689868857185	0.17351203343421231
LTC/USDT	2025-04-10 00:00:00+00:00	(0.75, 1.0)	0.015835312747426798	0.027183953549749305	0.03615729743995771	0.0640010556875166
LTC/USDT	2025-04-11 00:00:00+00:00	(0.5, 0.75)	0.009028432825764746	0.0222342002425548	0.051475542379733105	0.051475542379733105
LTC/USDT	2025-04-12 00:00:00+00:00	(0.25, 0.5)	0.004738712649730149	0.01737527971567715	0.025536395945768037	0.0683164407002764
LTC/USDT	2025-04-13 00:00:00+00:00	(0.05, 0.1)	0.008745247148288945	0.01749049429657789	0.030038022813688087	0.045880861850443655
LTC/USDT	2025-04-14 00:00:00+00:00	(0.5, 0.75)	0.013043478260869696	0.03286445012787733	0.04616368286445012	0.06406649616368293
LTC/USDT	2025-04-15 00:00:00+00:00	(0.05, 0.1)	0.012625276584667434	0.024339450735389883	0.02603149811271639	0.05297409865937776
LTC/USDT	2025-04-16 00:00:00+00:00	(0.25, 0.5)	0.01294887197970897	0.024696302229341802	0.02656521158723795	0.043518889333867376
LTC/USDT	2025-04-17 00:00:00+00:00	(0.5, 0.75)	0.006307878137162781	0.018521003892094958	0.024292041336733353	0.03932358072741904
LTC/USDT	2025-04-18 00:00:00+00:00	(0.25, 0.5)	0.008283233132932404	0.0110888443553774	0.018704074816299154	0.0332665330661322
LTC/USDT	2025-04-19 00:00:00+00:00	(0.25, 0.5)	0.003951007506914225	0.011457921770051421	0.01343342552350844	0.0333201633083103
LTC/USDT	2025-04-20 00:00:00+00:00	(0.25, 0.5)	0.003275681341719078	0.0077306079664570685	0.02070230607966455	0.04074947589098532
LTC/USDT	2025-04-21 00:00:00+00:00	(0.25, 0.5)	0.01472094214029705	0.021889400921659086	0.0476190476190476	0.056835637480798736
LTC/USDT	2025-04-22 00:00:00+00:00	(0.1, 0.25)	0.017579879378929866	0.02771718208648801	0.03515975875785973	0.093930450404209
LTC/USDT	2025-04-23 00:00:00+00:00	(0.5, 0.75)	0.0219371853272598	0.024214816590745748	0.024694317909374278	0.035962598897146966
LTC/USDT	2025-04-24 00:00:00+00:00	(0.05, 0.1)	0.014198050776079977	0.029599326194200554	0.040668992900974726	0.04632414871856586
LTC/USDT	2025-04-25 00:00:00+00:00	(0.25, 0.5)	0.009979802780087789	0.02328620648687173	0.04395865510276824	0.05191873589164791
LTC/USDT	2025-04-26 00:00:00+00:00	(0.1, 0.25)	0.008775981524249483	0.01905311778291	0.02840646651270217	0.032678983833718395
LTC/USDT	2025-04-27 00:00:00+00:00	(0.1, 0.25)	0.004587155963302818	0.020527522935779887	0.03474770642201836	0.03474770642201836
LTC/USDT	2025-04-28 00:00:00+00:00	(0.5, 0.75)	0.011156782149148593	0.024192601291837958	0.05167351732237218	0.05167351732237218
LTC/USDT	2025-04-29 00:00:00+00:00	(0.1, 0.25)	0.018092681218629593	0.01902649702346207	0.021010855608731144	0.03525154663242671
LTC/USDT	2025-04-30 00:00:00+00:00	(0.75, 1.0)	0.010179294389820816	0.01631000578369012	0.0242914979757086	0.06003470213996527
LTC/USDT	2025-05-01 00:00:00+00:00	(0.25, 0.5)	0.014456391875746639	0.015651135005973742	0.04336917562724009	0.08853046594982074
LTC/USDT	2025-05-02 00:00:00+00:00	(0.5, 0.75)	0.01969833408374606	0.026452048626744804	0.03511931562359302	0.04603782080144083
LTC/USDT	2025-05-03 00:00:00+00:00	(0.05, 0.1)	0.0064964668338271395	0.008206063369044893	0.020173239115568682	0.02746751766583083
LTC/USDT	2025-05-04 00:00:00+00:00	(0.1, 0.25)	0.008118765947576002	0.014381813964277535	0.014961725817675787	0.024472280213407555
LTC/USDT	2025-05-05 00:00:00+00:00	(0.5, 0.75)	0.007264206209724551	0.021441124780316324	0.056942003514938486	0.08576449912126546
LTC/USDT	2025-05-06 00:00:00+00:00	(0.75, 1.0)	0.011785929043896448	0.02285027059530958	0.03138905592303066	0.1528562838244138
LTC/USDT	2025-05-07 00:00:00+00:00	(0.75, 1.0)	0.019285247330573067	0.023752451514491093	0.025059925909784234	0.06700806275877104
LTC/USDT	2025-05-08 00:00:00+00:00	(0.75, 1.0)	0.016041597521849794	0.03031308773094379	0.0397167828299591	0.06173249253235975
LTC/USDT	2025-05-09 00:00:00+00:00	(0.75, 1.0)	0.0127226463104326	0.02438507209499573	0.0818490245971162	0.11842663273960986
LTC/USDT	2025-05-10 00:00:00+00:00	(0.75, 1.0)	0.03748685091326386	0.042650855886009316	0.06244620828153392	0.06244620828153392
LTC/USDT	2025-05-11 00:00:00+00:00	(0.5, 0.75)	0.03663177925784975	0.03691722169362508	0.0588962892483349	0.074976213130352
LTC/USDT	2025-05-12 00:00:00+00:00	(0.1, 0.25)	0.013909587680079398	0.025732737208147078	0.05067064083457534	0.06706408345752608
LTC/USDT	2025-05-13 00:00:00+00:00	(0.75, 1.0)	0.021969550973212577	0.046251686259394846	0.046251686259394846	0.05338215455771817
LTC/USDT	2025-05-14 00:00:00+00:00	(0.25, 0.5)	0.011635799476389052	0.02511393386987301	0.04702802288373892	0.0717540967710657
LTC/USDT	2025-05-15 00:00:00+00:00	(0.25, 0.5)	0.008790123456790129	0.024395061728395052	0.062419753086419824	0.062419753086419824
LTC/USDT	2025-05-16 00:00:00+00:00	(0.5, 0.75)	0.012743327312863697	0.024583584186233222	0.033313265101344504	0.03943407585791685
LTC/USDT	2025-05-17 00:00:00+00:00	(0.25, 0.5)	0.01808553157474023	0.028177458033573074	0.03886890487609913	0.05605515587529976
LTC/USDT	2025-05-18 00:00:00+00:00	(0.25, 0.5)	0.008887970235634554	0.010644894584539077	0.03307151715584955	0.06903679206283594
LTC/USDT	2025-05-19 00:00:00+00:00	(0.75, 1.0)	0.02354928457869639	0.041136724960254376	0.06458664546899841	0.06458664546899841
LTC/USDT	2025-05-20 00:00:00+00:00	(0.1, 0.25)	0.009412002833721208	0.03177816010525251	0.07387916202813477	0.07489120534358862
LTC/USDT	2025-05-21 00:00:00+00:00	(0.1, 0.25)	0.0076279266871492005	0.018646043013030945	0.02924038563407131	0.05212416569551846
LTC/USDT	2025-05-22 00:00:00+00:00	(0.5, 0.75)	0.009768637532133705	0.03105398457583558	0.03105398457583558	0.03989717223650396
LTC/USDT	2025-05-23 00:00:00+00:00	(0.25, 0.5)	0.011170955515659331	0.032216237781767444	0.06852184320766012	0.0832834629962098
LTC/USDT	2025-05-24 00:00:00+00:00	(0.75, 1.0)	0.009066277615673244	0.017403084618591098	0.02407253022092541	0.02928303459774909
LTC/USDT	2025-05-25 00:00:00+00:00	(0.25, 0.5)	0.018054685869338387	0.018889584637862684	0.02316844082654977	0.03109997912753083
LTC/USDT	2025-05-26 00:00:00+00:00	(0.5, 0.75)	0.013725901089689881	0.013725901089689881	0.02200335289186933	0.03426236378876792
LTC/USDT	2025-05-27 00:00:00+00:00	(0.05, 0.1)	0.017447971410552834	0.02385957536262346	0.034055076729030846	0.04172797981921378
LTC/USDT	2025-05-28 00:00:00+00:00	(0.25, 0.5)	0.010170913285100124	0.012792282688476597	0.025270001048547725	0.04183705567788607
LTC/USDT	2025-05-29 00:00:00+00:00	(0.5, 0.75)	0.016300347039646768	0.04048795877589661	0.04048795877589661	0.0644652434535704
LTC/USDT	2025-05-30 00:00:00+00:00	(0.25, 0.5)	0.04874146757679188	0.04874146757679188	0.050554607508532516	0.09588310580204787
LTC/USDT	2025-05-31 00:00:00+00:00	(0.75, 1.0)	0.023122065727699682	0.02852112676056346	0.030516431924882563	0.05657276995305173
LTC/USDT	2025-06-01 00:00:00+00:00	(0.1, 0.25)	0.007836809957358613	0.014060159041143239	0.02109023856171486	0.03434366716607127
LTC/USDT	2025-06-02 00:00:00+00:00	(0.1, 0.25)	0.005886348200135794	0.0183382386235	0.033506905139234704	0.03395970115462984
LTC/USDT	2025-06-03 00:00:00+00:00	(0.5, 0.75)	0.004779370901411658	0.015560742469712032	0.020784706013115533	0.02122929865510722
LTC/USDT	2025-06-04 00:00:00+00:00	(0.25, 0.5)	0.012045505242025412	0.012380102609859464	0.015056881552531725	0.039817086772250654
LTC/USDT	2025-06-05 00:00:00+00:00	(0.25, 0.5)	0.009422181859461894	0.013054830287206168	0.022249971619934087	0.08150754909751382
LTC/USDT	2025-06-06 00:00:00+00:00	(0.75, 1.0)	0.014716439339554965	0.015195022732711127	0.01998085666427377	0.05384063173007897
LTC/USDT	2025-06-07 00:00:00+00:00	(0.1, 0.25)	0.0048098946404031345	0.016032982134677118	0.023591387998167686	0.030691708657810433
LTC/USDT	2025-06-08 00:00:00+00:00	(0.0, 0.05)	0.004767851061414482	0.00647065501191955	0.023158133726870155	0.023158133726870155
LTC/USDT	2025-06-09 00:00:00+00:00	(0.25, 0.5)	0.00733944954128441	0.013761467889908289	0.029816513761467985	0.04827981651376156
LTC/USDT	2025-06-10 00:00:00+00:00	(0.75, 1.0)	0.005726241603347605	0.012773923576698563	0.02598832727673163	0.045369452703446805
LTC/USDT	2025-06-11 00:00:00+00:00	(0.75, 1.0)	0.018544324150498486	0.02229606603065707	0.028191660413763482	0.04062600493086082
LTC/USDT	2025-06-12 00:00:00+00:00	(0.5, 0.75)	0.01191647534710838	0.023723625232316626	0.041653000983929184	0.08571116212966004
LTC/USDT	2025-06-13 00:00:00+00:00	(0.75, 1.0)	0.03682652457075192	0.03895796329188876	0.03895796329188876	0.06394316163410309
LTC/USDT	2025-06-14 00:00:00+00:00	(0.75, 1.0)	0.008588672237697248	0.010097493036211587	0.014972144846796565	0.03145311049210763
LTC/USDT	2025-06-15 00:00:00+00:00	(0.1, 0.25)	0.006341749853200308	0.009160305343511463	0.014797416324133774	0.019612448620082226
LTC/USDT	2025-06-16 00:00:00+00:00	(0.5, 0.75)	0.01066172209989572	0.019585119944373595	0.027813188086684336	0.0414880055626376
LTC/USDT	2025-06-17 00:00:00+00:00	(0.75, 1.0)	0.028721541155866826	0.028721541155866826	0.034676007005253924	0.061646234676007015
LTC/USDT	2025-06-18 00:00:00+00:00	(0.25, 0.5)	0.013611078234110613	0.018345366315540436	0.026985442064149618	0.02769558527636411
LTC/USDT	2025-06-19 00:00:00+00:00	(0.5, 0.75)	0.010963102675940029	0.013556524814334451	0.01886125191559583	0.021690439702935323
LTC/USDT	2025-06-20 00:00:00+00:00	(0.0, 0.05)	0.004232804232804226	0.00787771898883012	0.021046443268665564	0.059024103468548035
LTC/USDT	2025-06-21 00:00:00+00:00	(0.25, 0.5)	0.006998069498069478	0.011462355212355247	0.01616795366795371	0.06660231660231673
LTC/USDT	2025-06-22 00:00:00+00:00	(0.75, 1.0)	0.01901663955961461	0.021643938446140244	0.029525835105717494	0.07343925935193299
LTC/USDT	2025-06-23 00:00:00+00:00	(0.75, 1.0)	0.008955223880597	0.016417910447761284	0.019154228855721468	0.07400497512437813
LTC/USDT	2025-06-24 00:00:00+00:00	(0.75, 1.0)	0.006114050558494956	0.012815990593768246	0.0184597295708406	0.0184597295708406
LTC/USDT	2025-06-25 00:00:00+00:00	(0.1, 0.25)	0.009664113140836858	0.010842663523865667	0.01767825574543312	0.01850324101355325
LTC/USDT	2025-06-26 00:00:00+00:00	(0.1, 0.25)	0.0035344015080112767	0.012252591894439283	0.015197926484448707	0.02556550424128183
LTC/USDT	2025-06-27 00:00:00+00:00	(0.5, 0.75)	0.01245699371218409	0.02491398742436835	0.02491398742436835	0.02942223276782541
LTC/USDT	2025-06-28 00:00:00+00:00	(0.5, 0.75)	0.0036569541111242457	0.008729503362038397	0.015571546537690141	0.03350241830836385
LTC/USDT	2025-06-29 00:00:00+00:00	(0.05, 0.1)	0.0032429928190873423	0.010539726662033944	0.012508686587908414	0.03057678943710911
LTC/USDT	2025-06-30 00:00:00+00:00	(0.75, 1.0)	0.006706831874502711	0.012390587700352432	0.03376150960554734	0.04103671706263498
LTC/USDT	2025-07-01 00:00:00+00:00	(0.25, 0.5)	0.010553171749971132	0.013104487997216857	0.018091151571378895	0.05160616954656155
LTC/USDT	2025-07-02 00:00:00+00:00	(0.5, 0.75)	0.004567307692307808	0.0117788461538462	0.01838942307692309	0.06838942307692304
LTC/USDT	2025-07-03 00:00:00+00:00	(0.25, 0.5)	0.0058292376271572854	0.02045948108355248	0.06172133958166654	0.06172133958166654
LTC/USDT	2025-07-04 00:00:00+00:00	(0.25, 0.5)	0.010007871359496238	0.010682559316316235	0.02451366243112568	0.03991903744518157
LTC/USDT	2025-07-05 00:00:00+00:00	(0.25, 0.5)	0.006670500287521544	0.012995974698102306	0.014721104082806222	0.0230017251293847
LTC/USDT	2025-07-06 00:00:00+00:00	(0.5, 0.75)	0.005827905382242087	0.009827448291623807	0.014284081819220659	0.02342589418352185
LTC/USDT	2025-07-07 00:00:00+00:00	(0.25, 0.5)	0.004000457195107948	0.013030060578351819	0.018859298205509266	0.03566121842496291
LTC/USDT	2025-07-08 00:00:00+00:00	(0.05, 0.1)	0.005001163061176932	0.007792509886020024	0.016050244242847286	0.02884391719004424
LTC/USDT	2025-07-09 00:00:00+00:00	(0.1, 0.25)	0.006170723345903234	0.008113358473317263	0.01874071534681751	0.049022968803565214
LTC/USDT	2025-07-10 00:00:00+00:00	(0.5, 0.75)	0.007713498622589563	0.014765840220385712	0.014765840220385712	0.057190082644628076
LTC/USDT	2025-07-11 00:00:00+00:00	(0.75, 1.0)	0.011203889652256657	0.024416023676144195	0.031814818729521244	0.05971884578797158
LTC/USDT	2025-07-12 00:00:00+00:00	(0.75, 1.0)	0.019741031628104432	0.024941625981744944	0.031734239015071206	0.049883251963489736
LTC/USDT	2025-07-13 00:00:00+00:00	(0.1, 0.25)	0.0063618718999353405	0.011429803752426164	0.029329307742074606	0.04625835669613966
LTC/USDT	2025-07-14 00:00:00+00:00	(0.75, 1.0)	0.008449514152936176	0.027566539923954365	0.03717786227291926	0.04066328686100543
LTC/USDT	2025-07-15 00:00:00+00:00	(0.25, 0.5)	0.03483735571878287	0.05131164742917105	0.05131164742917105	0.05802728226652677
LTC/USDT	2025-07-16 00:00:00+00:00	(0.5, 0.75)	0.015346069527090498	0.022549326652051473	0.027142708007098948	0.05073598496711556
LTC/USDT	2025-07-17 00:00:00+00:00	(0.75, 1.0)	0.013433141919606258	0.036095159967186326	0.06224364232977859	0.08480311730927
LTC/USDT	2025-07-18 00:00:00+00:00	(0.75, 1.0)	0.02368732727990517	0.0641531780497434	0.10935649427556257	0.1218910382945124
LTC/USDT	2025-07-19 00:00:00+00:00	(0.75, 1.0)	0.021928536465981488	0.030837004405286396	0.04199706314243765	0.1421439060205581
LTC/USDT	2025-07-20 00:00:00+00:00	(0.75, 1.0)	0.011578197363733498	0.024581403633772755	0.08550053437833995	0.09707873174207343
LTC/USDT	2025-07-21 00:00:00+00:00	(0.5, 0.75)	0.024467993452227135	0.024467993452227135	0.05668992849142757	0.06409925045231324
LTC/USDT	2025-07-22 00:00:00+00:00	(0.25, 0.5)	0.026835792561912153	0.03788074898610752	0.03908879109500389	0.06273190094054704
LTC/USDT	2025-07-23 00:00:00+00:00	(0.75, 1.0)	0.023759725591901645	0.04049192671295912	0.0507822304024095	0.11210574751108512
LTC/USDT	2025-07-24 00:00:00+00:00	(0.5, 0.75)	0.019550080342796036	0.022317443313693983	0.06936261381896086	0.07900374933047678
LTC/USDT	2025-07-25 00:00:00+00:00	(0.5, 0.75)	0.01622009140603999	0.03261941034142832	0.07348328703288814	0.07348328703288814
LTC/USDT	2025-07-26 00:00:00+00:00	(0.75, 1.0)	0.006522697223446407	0.015425297487880123	0.021242838254737738	0.030498016747465787
LTC/USDT	2025-07-27 00:00:00+00:00	(0.1, 0.25)	0.006758535943122935	0.013868164662512053	0.02799964890722371	0.02799964890722371
LTC/USDT	2025-07-28 00:00:00+00:00	(0.25, 0.5)	0.013319404544267442	0.020980238530512722	0.030121006355009954	0.0707756594411073
LTC/USDT	2025-07-29 00:00:00+00:00	(0.25, 0.5)	0.023173068150716233	0.023264300702490623	0.02846455615363553	0.03676671836511268
LTC/USDT	2025-07-30 00:00:00+00:00	(0.1, 0.25)	0.01181574817686699	0.022339148896889153	0.03286254961691131	0.05714021969906764
LTC/USDT	2025-07-31 00:00:00+00:00	(0.5, 0.75)	0.009833107803337876	0.014884979702300459	0.02110960757780788	0.06026161479476764
LTC/USDT	2025-08-01 00:00:00+00:00	(0.75, 1.0)	0.026657812351769304	0.03045251873636285	0.03652404895171244	0.04971065363817483
LTC/USDT	2025-08-02 00:00:00+00:00	(0.75, 1.0)	0.018292682926829295	0.025046904315197016	0.025328330206379014	0.060412757973733563
LTC/USDT	2025-08-03 00:00:00+00:00	(0.25, 0.5)	0.02419888458266379	0.047074392664713145	0.056810662633519284	0.0690991587106532
LTC/USDT	2025-08-04 00:00:00+00:00	(0.5, 0.75)	0.01376312930097787	0.01376312930097787	0.046269467584208614	0.10041651575516121
LTC/USDT	2025-08-05 00:00:00+00:00	(0.25, 0.5)	0.011227544910179594	0.04083499667332	0.0754324683965402	0.0865768463073852
LTC/USDT	2025-08-06 00:00:00+00:00	(0.25, 0.5)	0.010590905270236237	0.013028494578465255	0.02891485248381955	0.04992855341682775
LTC/USDT	2025-08-07 00:00:00+00:00	(0.25, 0.5)	0.00863894299991527	0.02727195731345811	0.042093673244685346	0.04853053273481824
LTC/USDT	2025-08-08 00:00:00+00:00	(0.1, 0.25)	0.026927784577723355	0.028396572827417414	0.0413708690330478	0.057935536515707944
LTC/USDT	2025-08-09 00:00:00+00:00	(0.25, 0.5)	0.004436915133914143	0.011697321716682824	0.02500806711842537	0.050419490158115525
LTC/USDT	2025-08-10 00:00:00+00:00	(0.25, 0.5)	0.010432190760059537	0.02682563338301039	0.046613677761218705	0.06532538499751615
LTC/USDT	2025-08-11 00:00:00+00:00	(0.1, 0.25)	0.011301731848117738	0.04276770469143837	0.04943491340759422	0.06984307667290027
LTC/USDT	2025-08-12 00:00:00+00:00	(0.5, 0.75)	0.006659452260051706	0.018646466328144467	0.026304836427203836	0.1134604178806294
LTC/USDT	2025-08-13 00:00:00+00:00	(0.5, 0.75)	0.00967840268251777	0.030178326474622614	0.042752629172382144	0.042752629172382144
LTC/USDT	2025-08-14 00:00:00+00:00	(0.1, 0.25)	0.013907888736889983	0.023179814561483592	0.054415564675482676	0.11194710442316463
LTC/USDT	2025-08-15 00:00:00+00:00	(0.1, 0.25)	0.010416666666666633	0.018782808398950065	0.02493438320209967	0.055118110236220465
LTC/USDT	2025-08-16 00:00:00+00:00	(0.25, 0.5)	0.008553396445773137	0.009882079388805828	0.030476665005813003	0.03280186015612027
LTC/USDT	2025-08-17 00:00:00+00:00	(0.1, 0.25)	0.004821280133000817	0.012385702410640024	0.02859517871986698	0.02859517871986698
LTC/USDT	2025-08-18 00:00:00+00:00	(0.0, 0.05)	0.00878938640132672	0.04427860696517416	0.04444444444444444	0.04444444444444444
LTC/USDT	2025-08-19 00:00:00+00:00	(0.1, 0.25)	0.01924054924563482	0.03712493642990333	0.04788947279199857	0.05899304966943544
LTC/USDT	2025-08-20 00:00:00+00:00	(0.5, 0.75)	0.00845442536327616	0.01822985468956401	0.027300748568912323	0.044561867018934415
LTC/USDT	2025-08-21 00:00:00+00:00	(0.05, 0.1)	0.008293020041465168	0.015031098825155449	0.024015203870076027	0.033258465791292276
LTC/USDT	2025-08-22 00:00:00+00:00	(0.0, 0.05)	0.010607773237109807	0.020259107903660537	0.03182331971132942	0.09694809147030685
LTC/USDT	2025-08-23 00:00:00+00:00	(0.05, 0.1)	0.007575140506638486	0.02940457766555347	0.02940457766555347	0.02940457766555347
LTC/USDT	2025-08-24 00:00:00+00:00	(0.05, 0.1)	0.006334841628959243	0.012669683257918486	0.03167420814479634	0.06310160427807489
LTC/USDT	2025-08-25 00:00:00+00:00	(0.75, 1.0)	0.024685095950629822	0.026629469946740987	0.06889846986220298	0.10110744779778505
LTC/USDT	2025-08-26 00:00:00+00:00	(0.75, 1.0)	0.01307129798903114	0.01453382084095067	0.022760511882998123	0.0542047531992688
LTC/USDT	2025-08-27 00:00:00+00:00	(0.25, 0.5)	0.005830388692579475	0.019346289752650157	0.03621908127208476	0.03816254416961125
LTC/USDT	2025-08-28 00:00:00+00:00	(0.25, 0.5)	0.014673188083592758	0.016362827923521596	0.02587816807469996	0.029346376167185516
LTC/USDT	2025-08-29 00:00:00+00:00	(0.5, 0.75)	0.00838481906443074	0.01350397175639895	0.04421888790820834	0.04624889673433371
LTC/USDT	2025-08-30 00:00:00+00:00	(0.05, 0.1)	0.005015502462155858	0.023800838956775483	0.027083713295641063	0.027083713295641063
LTC/USDT	2025-08-31 00:00:00+00:00	(0.1, 0.25)	0.00847152126892572	0.00964311463590477	0.010454217736121095	0.030641672674837705
LTC/USDT	2025-09-01 00:00:00+00:00	(0.5, 0.75)	0.011043622308117089	0.01822197680839319	0.03782440640530094	0.045739002392784826
LTC/USDT	2025-09-02 00:00:00+00:00	(0.75, 1.0)	0.0069878631849943995	0.017653549098933446	0.04018021331371832	0.04018021331371832
LTC/USDT	2025-09-03 00:00:00+00:00	(0.5, 0.75)	0.010470735636298566	0.01288705924467512	0.015571863253982415	0.02255235367818146
LTC/USDT	2025-09-04 00:00:00+00:00	(0.05, 0.1)	0.008482063968899042	0.01802438593391064	0.024032514578547434	0.03534193320374624
LTC/USDT	2025-09-05 00:00:00+00:00	(0.5, 0.75)	0.005296229802513495	0.013824057450628294	0.021364452423698343	0.036894075403949726
LTC/USDT	2025-09-06 00:00:00+00:00	(0.5, 0.75)	0.0037530158162809553	0.006076311321597774	0.011616477526583837	0.011616477526583837
LTC/USDT	2025-09-07 00:00:00+00:00	(0.05, 0.1)	0.0032059845044082234	0.007747795885653259	0.019324962151571836	0.028408584914061782
LTC/USDT	2025-09-08 00:00:00+00:00	(0.25, 0.5)	0.006436461685657083	0.023136470383578297	0.03174741236844387	0.03174741236844387
LTC/USDT	2025-09-09 00:00:00+00:00	(0.1, 0.25)	0.009273160823103392	0.020665901262916217	0.027289587565132944	0.03435485295416409
LTC/USDT	2025-09-10 00:00:00+00:00	(0.0, 0.05)	0.005903927005993476	0.015117631272922422	0.01583325878880052	0.06449592986850351
LTC/USDT	2025-09-11 00:00:00+00:00	(0.75, 1.0)	0.004611049440696834	0.010161386730424368	0.015028605584493255	0.04038937750832554
LTC/USDT	2025-09-12 00:00:00+00:00	(0.25, 0.5)	0.011924306575650181	0.01935539618076553	0.01935539618076553	0.030674846625766847
LTC/USDT	2025-09-13 00:00:00+00:00	(0.25, 0.5)	0.007706639566395635	0.009231029810298132	0.027100271002710053	0.028539972899729035
LTC/USDT	2025-09-14 00:00:00+00:00	(0.25, 0.5)	0.02046121593291403	0.029937106918239056	0.032620545073375265	0.04511530398322847
LTC/USDT	2025-09-15 00:00:00+00:00	(0.05, 0.1)	0.010388710934118282	0.013678469396589024	0.037659077136178755	0.04190113410094367
LTC/USDT	2025-09-16 00:00:00+00:00	(0.0, 0.05)	0.006081438392384962	0.01683412656442809	0.028468182619425384	0.03340384276396974
LTC/USDT	2025-09-17 00:00:00+00:00	(0.0, 0.05)	0.004257167680277975	0.011555169417897465	0.018331885317115548	0.03883579496090355
LTC/USDT	2025-09-18 00:00:00+00:00	(0.75, 1.0)	0.008334042010375065	0.011480568075516697	0.02729823964622849	0.035717322901607305
LTC/USDT	2025-09-19 00:00:00+00:00	(0.1, 0.25)	0.00963733198072534	0.026967621946064734	0.03347704793304585	0.05156817989686359
LTC/USDT	2025-09-20 00:00:00+00:00	(0.1, 0.25)	0.005868955851436595	0.009635599159074934	0.016730903994393805	0.016730903994393805
LTC/USDT	2025-09-21 00:00:00+00:00	(0.05, 0.1)	0.006224793968086917	0.0066631597404873824	0.022532000701385176	0.022532000701385176
LTC/USDT	2025-09-22 00:00:00+00:00	(0.5, 0.75)	0.024388104219668402	0.03596806737433103	0.10448284937275197	0.10448284937275197
LTC/USDT	2025-09-23 00:00:00+00:00	(0.5, 0.75)	0.007478935908359292	0.0213954369023952	0.023194168323393004	0.026980971314967288
LTC/USDT	2025-09-24 00:00:00+00:00	(0.1, 0.25)	0.005829259119969823	0.028582173749529823	0.028582173749529823	0.029428356525009358
LTC/USDT	2025-09-25 00:00:00+00:00	(0.25, 0.5)	0.007282012483449935	0.015604312464535574	0.027331189710610805	0.05267637601664454
LTC/USDT	2025-09-26 00:00:00+00:00	(0.5, 0.75)	0.013298388662395558	0.01426907396622014	0.02844107940205792	0.03795379537953792
LTC/USDT	2025-09-27 00:00:00+00:00	(0.1, 0.25)	0.0033563482930570993	0.010548523206751	0.011891062523973867	0.016302263137706066
LTC/USDT	2025-09-28 00:00:00+00:00	(0.0, 0.05)	0.006809245228733037	0.010165915411911405	0.01496115853073753	0.04286947348230554
LTC/USDT	2025-09-29 00:00:00+00:00	(0.75, 1.0)	0.005255748474894437	0.00797747536367897	0.016987329892069473	0.022149225715626462
LTC/USDT	2025-09-30 00:00:00+00:00	(0.25, 0.5)	0.0077657185628742355	0.010479041916167707	0.020583832335329368	0.035273203592814335
LTC/USDT	2025-10-01 00:00:00+00:00	(0.5, 0.75)	0.006831368145236663	0.013007673591615202	0.05081414935429527	0.10612015721504776
LTC/USDT	2025-10-02 00:00:00+00:00	(0.75, 1.0)	0.02065301225469189	0.045162396092210094	0.055531750792698516	0.055531750792698516
LTC/USDT	2025-10-03 00:00:00+00:00	(0.25, 0.5)	0.010598923283983893	0.016655450874831796	0.028432032301480448	0.0762954239569313
LTC/USDT	2025-10-04 00:00:00+00:00	(0.75, 1.0)	0.007708246995441297	0.01475341898052218	0.02627434728553657	0.028595109821798612
LTC/USDT	2025-10-05 00:00:00+00:00	(0.75, 1.0)	0.013196115860237393	0.031620881400946155	0.038094447672006	0.04830276371483117
LTC/USDT	2025-10-06 00:00:00+00:00	(0.0, 0.05)	0.015950302216252564	0.02677971793149775	0.02829079919409003	0.03190060443250501
LTC/USDT	2025-10-07 00:00:00+00:00	(0.75, 1.0)	0.009746588693957163	0.010678871090770448	0.01610305958132038	0.03483346046275108
LTC/USDT	2025-10-08 00:00:00+00:00	(0.5, 0.75)	0.00860306643952304	0.01686541737649054	0.025383304940374697	0.03628620102214643
LTC/USDT	2025-10-09 00:00:00+00:00	(0.1, 0.25)	0.009779126622829173	0.026555386949924174	0.038442083965604466	0.10757039285112115
LTC/USDT	2025-10-10 00:00:00+00:00	(0.75, 1.0)	0.029323189094943865	0.054842288793786775	0.05935964495165632	0.6600095102234902
LTC/USDT	2025-10-11 00:00:00+00:00	(0.75, 1.0)	0.034528552456839265	0.08366533864541831	0.08366533864541831	0.1299417713760343
LTC/USDT	2025-10-12 00:00:00+00:00	(0.75, 1.0)	0.018052869116698976	0.029013539651837554	0.053621319578766334	0.11336771975069844
LTC/USDT	2025-10-13 00:00:00+00:00	(0.75, 1.0)	0.01814863631755036	0.02494170130791842	0.053736185744702396	0.06620703639866168
LTC/USDT	2025-10-14 00:00:00+00:00	(0.5, 0.75)	0.014416775884665719	0.0327653997378768	0.08771045468293177	0.0950700675471317
LTC/USDT	2025-10-15 00:00:00+00:00	(0.5, 0.75)	0.012837629660059566	0.019205093971449157	0.03573996097360587	0.06788538564239498
LTC/USDT	2025-10-16 00:00:00+00:00	(0.25, 0.5)	0.011063112422294775	0.019492150458328885	0.047097250026340735	0.0776525129069644
LTC/USDT	2025-10-17 00:00:00+00:00	(0.5, 0.75)	0.013817865303013776	0.016864323795016834	0.10640844304210642	0.10640844304210642
LTC/USDT	2025-10-18 00:00:00+00:00	(0.5, 0.75)	0.009111111111111035	0.015999999999999976	0.02244444444444456	0.026222222222222216
LTC/USDT	2025-10-19 00:00:00+00:00	(0.05, 0.1)	0.007664513303405265	0.02014672068323665	0.033614365487791606	0.044454177159750384
LTC/USDT	2025-10-20 00:00:00+00:00	(0.25, 0.5)	0.01386649467913583	0.029130388046866688	0.03815973341932722	0.03815973341932722
LTC/USDT	2025-10-21 00:00:00+00:00	(0.5, 0.75)	0.008346709470304988	0.020759764579989275	0.023542001070090836	0.05692883895131079
LTC/USDT	2025-10-22 00:00:00+00:00	(0.75, 1.0)	0.00970664365832605	0.014883520276100038	0.02761000862812757	0.05457290767903367
LTC/USDT	2025-10-23 00:00:00+00:00	(0.75, 1.0)	0.006164161349626832	0.009300313615226555	0.020655347680328718	0.02919865902454853
LTC/USDT	2025-10-24 00:00:00+00:00	(0.1, 0.25)	0.006795497982586542	0.014440433212996383	0.029093225737948702	0.03726905924824809
LTC/USDT	2025-10-25 00:00:00+00:00	(0.1, 0.25)	0.006338979528213649	0.009352592746544795	0.013717136028265542	0.014548477605736168
LTC/USDT	2025-10-26 00:00:00+00:00	(0.0, 0.05)	0.0030946977511862716	0.00742727460284711	0.02743965339385183	0.04827728491850622
LTC/USDT	2025-10-27 00:00:00+00:00	(0.5, 0.75)	0.006785749925157239	0.009979044007584073	0.02873964674184223	0.0492964773974653
LTC/USDT	2025-10-28 00:00:00+00:00	(0.75, 1.0)	0.008251987521384655	0.018919190902686882	0.08131226728388848	0.11723860320016107
LTC/USDT	2025-10-29 00:00:00+00:00	(0.5, 0.75)	0.007128835623514802	0.009918379997933753	0.02675896270275858	0.05124496332265723
LTC/USDT	2025-10-30 00:00:00+00:00	(0.25, 0.5)	0.008712389828791405	0.022692736298247484	0.04153581197447076	0.09512714010738528
LTC/USDT	2025-10-31 00:00:00+00:00	(0.75, 1.0)	0.016591736244915403	0.016591736244915403	0.023442517662170818	0.03553842860201235
LTC/USDT	2025-11-01 00:00:00+00:00	(0.1, 0.25)	0.007562230858103129	0.014809368763785281	0.04642369499002208	0.09421279277386828
LTC/USDT	2025-11-02 00:00:00+00:00	(0.5, 0.75)	0.012074425969913035	0.020091053048297714	0.020091053048297714	0.03889548693586705
LTC/USDT	2025-11-03 00:00:00+00:00	(0.25, 0.5)	0.017645879286144025	0.1081812713053941	0.1081812713053941	0.14477641868859045
LTC/USDT	2025-11-04 00:00:00+00:00	(0.25, 0.5)	0.021050223086603242	0.049193456126301306	0.06852762841780127	0.13179270106395144
LTC/USDT	2025-11-05 00:00:00+00:00	(0.75, 1.0)	0.019103773584905715	0.062499999999999965	0.06733490566037728	0.09386792452830181
LTC/USDT	2025-11-06 00:00:00+00:00	(0.25, 0.5)	0.013049836877039	0.018449769377882782	0.029924625942175844	0.043649454381820336
LTC/USDT	2025-11-07 00:00:00+00:00	(0.1, 0.25)	0.013266239707227775	0.026646843549862746	0.0455169258920403	0.21614821591948755
LTC/USDT	2025-11-08 00:00:00+00:00	(0.5, 0.75)	0.029027858951880033	0.029222676797194622	0.04656146503019678	0.11611143580752
LTC/USDT	2025-11-09 00:00:00+00:00	(0.75, 1.0)	0.03800980301488948	0.08045870711180989	0.0874872838250255	0.13788957736058446
LTC/USDT	2025-11-10 00:00:00+00:00	(0.75, 1.0)	0.02914472489558738	0.04358089704013072	0.05066279280915197	0.08080624659524234
LTC/USDT	2025-11-11 00:00:00+00:00	(0.75, 1.0)	0.021728679934621718	0.04057302182482452	0.048937602153638966	0.07662724738005959
LTC/USDT	2025-11-12 00:00:00+00:00	(0.25, 0.5)	0.010025062656641603	0.014436090225563887	0.040501253132832	0.09483709273182951
LTC/USDT	2025-11-13 00:00:00+00:00	(0.5, 0.75)	0.016852211214380613	0.025125114901440034	0.044122152997650835	0.0936574405065877
LTC/USDT	2025-11-14 00:00:00+00:00	(0.75, 1.0)	0.017171821661321987	0.018102824040550327	0.06082548877624905	0.07220440674459505
LTC/USDT	2025-11-15 00:00:00+00:00	(0.5, 0.75)	0.010878405856038971	0.09028060187067909	0.09028060187067909	0.12108580723871488
LTC/USDT	2025-11-16 00:00:00+00:00	(0.25, 0.5)	0.010955388866956173	0.03464271614686134	0.03464271614686134	0.09109751283063551
LTC/USDT	2025-11-17 00:00:00+00:00	(0.25, 0.5)	0.0260106549670949	0.029771231588843563	0.029771231588843563	0.0769873602841325
LTC/USDT	2025-11-18 00:00:00+00:00	(0.25, 0.5)	0.02037909499287827	0.03100690259669112	0.06650597129396289	0.07801029911252318
LTC/USDT	2025-11-19 00:00:00+00:00	(0.25, 0.5)	0.013225569434239436	0.020258213498477933	0.03852209509814214	0.07483992862391095
LTC/USDT	2025-11-20 00:00:00+00:00	(0.75, 1.0)	0.011872638963842509	0.018564490016189948	0.01888828926065839	0.08429573664328104
LTC/USDT	2025-11-21 00:00:00+00:00	(0.5, 0.75)	0.008986463428506336	0.02559435786599932	0.09270845182573093	0.09850983960869067
LTC/USDT	2025-11-22 00:00:00+00:00	(0.5, 0.75)	0.009277108433734893	0.018192771084337412	0.03168674698795192	0.03710843373493991
LTC/USDT	2025-11-23 00:00:00+00:00	(0.25, 0.5)	0.011045029736618653	0.027916009224420578	0.030828984100012214	0.03155722781891016
LTC/USDT	2025-11-24 00:00:00+00:00	(0.25, 0.5)	0.016123166444417487	0.03406473511940844	0.03406473511940844	0.061340768578009484
LTC/USDT	2025-11-25 00:00:00+00:00	(0.25, 0.5)	0.010016305613789883	0.015140927090612757	0.034824132308409146	0.042860470533426585
LTC/USDT	2025-11-26 00:00:00+00:00	(0.25, 0.5)	0.005508673230192204	0.020862634786685434	0.030473511486169818	0.052039381153305184
LTC/USDT	2025-11-27 00:00:00+00:00	(0.1, 0.25)	0.00809342120476359	0.014105676956873614	0.01560874089490108	0.021158515435310422
LTC/USDT	2025-11-28 00:00:00+00:00	(0.25, 0.5)	0.010292587024401533	0.021394703365329115	0.024401526540996872	0.042095524459350074
LTC/USDT	2025-11-29 00:00:00+00:00	(0.0, 0.05)	0.009483167377904354	0.010431484115694757	0.02074442863916548	0.030701754385964952
LTC/USDT	2025-11-30 00:00:00+00:00	(0.0, 0.05)	0.0046417519638181455	0.013449178766960362	0.015472506546060428	0.05831944775053549
LTC/USDT	2025-12-01 00:00:00+00:00	(0.75, 1.0)	0.03235037949483631	0.034838870225208374	0.04392186139106633	0.07229065571730747
LTC/USDT	2025-12-02 00:00:00+00:00	(0.5, 0.75)	0.013127413127413076	0.015701415701415686	0.019047619047619098	0.07722007722007722
LTC/USDT	2025-12-03 00:00:00+00:00	(0.1, 0.25)	0.011451301832208329	0.02073288331726132	0.04182738669238186	0.05098842815814856
LTC/USDT	2025-12-04 00:00:00+00:00	(0.1, 0.25)	0.014377556984219636	0.014377556984219636	0.03261250730566911	0.05388661601402688
LTC/USDT	2025-12-05 00:00:00+00:00	(0.1, 0.25)	0.007671101522234215	0.01030804267050221	0.02900635263094812	0.05441687642334882
LTC/USDT	2025-12-06 00:00:00+00:00	(0.05, 0.1)	0.007605985037406476	0.012094763092269312	0.01733167082294265	0.03266832917705723
LTC/USDT	2025-12-07 00:00:00+00:00	(0.0, 0.05)	0.007096537379175312	0.007708307842897289	0.017129572984216218	0.04747338798482821
LTC/USDT	2025-12-08 00:00:00+00:00	(0.75, 1.0)	0.010217899790717693	0.024252123599655284	0.03902499076695804	0.04284131478517776
LTC/USDT	2025-12-09 00:00:00+00:00	(0.25, 0.5)	0.006642941874258628	0.01981020166073549	0.0226571767497034	0.06014234875444849
LTC/USDT	2025-12-10 00:00:00+00:00	(0.25, 0.5)	0.008972267536704685	0.017128874388254476	0.024353297599627167	0.03903518993241679
LTC/USDT	2025-12-11 00:00:00+00:00	(0.75, 1.0)	0.028053977272727324	0.0492424242424242	0.0492424242424242	0.0492424242424242
LTC/USDT	2025-12-12 00:00:00+00:00	(0.5, 0.75)	0.013268998793727314	0.01387213510253324	0.02605548854041009	0.048130277442701985
LTC/USDT	2025-12-13 00:00:00+00:00	(0.25, 0.5)	0.003413801511826398	0.008412582297000704	0.01060716898317489	0.020482809070958386
LTC/USDT	2025-12-14 00:00:00+00:00	(0.0, 0.05)	0.003930238270695077	0.009088676000982496	0.031810366003438825	0.0494964382215672
LTC/USDT	2025-12-15 00:00:00+00:00	(0.25, 0.5)	0.00910815939278936	0.0256799493991145	0.030740037950664226	0.07185325743200514
LTC/USDT	2025-12-16 00:00:00+00:00	(0.5, 0.75)	0.007613885662666195	0.01509872241579561	0.034456058846302776	0.04452187379016651
LTC/USDT	2025-12-17 00:00:00+00:00	(0.0, 0.05)	0.009996203973174822	0.011894217385803011	0.02353536631658863	0.07440212577502227
LTC/USDT	2025-12-18 00:00:00+00:00	(0.5, 0.75)	0.0094736842105263	0.012500000000000037	0.02171052631578936	0.07789473684210528
LTC/USDT	2025-12-19 00:00:00+00:00	(0.75, 1.0)	0.008611410118406897	0.03619483315392893	0.040365984930032295	0.06001076426264793
LTC/USDT	2025-12-20 00:00:00+00:00	(0.0, 0.05)	0.004131697869593381	0.01316978695932873	0.01691413815364736	0.038476436410587345
LTC/USDT	2025-12-21 00:00:00+00:00	(0.5, 0.75)	0.005657708628005628	0.01594445158801588	0.01594445158801588	0.03330333033303335
LTC/USDT	2025-12-22 00:00:00+00:00	(0.5, 0.75)	0.014636025163692393	0.02387983053023494	0.024393375272820716	0.040313262292977284
LTC/USDT	2025-12-23 00:00:00+00:00	(0.5, 0.75)	0.008818570872779052	0.016599662819348996	0.016599662819348996	0.031513422383607735
LTC/USDT	2025-12-24 00:00:00+00:00	(0.25, 0.5)	0.007936507936507929	0.018605256310174432	0.02771272443403585	0.028623471246422102
LTC/USDT	2025-12-25 00:00:00+00:00	(0.1, 0.25)	0.005409684654967628	0.012534635176144459	0.023222060957909893	0.029159519725557376
LTC/USDT	2025-12-26 00:00:00+00:00	(0.75, 1.0)	0.008297115764519893	0.02923745555116553	0.030422757803239855	0.03318846305807976
LTC/USDT	2025-12-27 00:00:00+00:00	(0.05, 0.1)	0.004030161206448287	0.011700468018720638	0.018980759230369133	0.04966198647945909
LTC/USDT	2025-12-28 00:00:00+00:00	(0.5, 0.75)	0.003735990037359865	0.013574097135741014	0.016811955168119657	0.03175591531755912
LTC/USDT	2025-12-29 00:00:00+00:00	(0.25, 0.5)	0.013498026232013273	0.022793836750286595	0.041640137527059674	0.0424041767477397
LTC/USDT	2025-12-30 00:00:00+00:00	(0.1, 0.25)	0.0056316395750671665	0.011519262767182792	0.014335082554716376	0.018046845001919835
LTC/USDT	2025-12-31 00:00:00+00:00	(0.5, 0.75)	0.00510986203372498	0.009580991313234543	0.01009197751660695	0.03180889115993862
LTC/USDT	2026-01-01 00:00:00+00:00	(0.25, 0.5)	0.005849473547380772	0.0077992980631744245	0.014818666320031204	0.04328610425061742
LTC/USDT	2026-01-02 00:00:00+00:00	(0.25, 0.5)	0.005522088353413625	0.016440763052208682	0.019076305220883483	0.04028614457831317
LTC/USDT	2026-01-03 00:00:00+00:00	(0.5, 0.75)	0.0058508044856168204	0.011335933690882406	0.02145294978059472	0.024987810823988262
LTC/USDT	2026-01-04 00:00:00+00:00	(0.05, 0.1)	0.004599927369567794	0.007868296816365954	0.01355768066820003	0.018399709478271346
LTC/USDT	2026-01-05 00:00:00+00:00	(0.0, 0.05)	0.01299332119004242	0.020279295689131775	0.02720097146326666	0.038008500303582216
LTC/USDT	2026-01-06 00:00:00+00:00	(0.25, 0.5)	0.014172471775162223	0.015613740091280462	0.015613740091280462	0.044799423492673594
LTC/USDT	2026-01-07 00:00:00+00:00	(0.75, 1.0)	0.011223880597014898	0.01361194029850747	0.018985074626865543	0.03534328358208948
LTC/USDT	2026-01-08 00:00:00+00:00	(0.05, 0.1)	0.006742675003064818	0.013362755915164932	0.02562216501164648	0.02819664092190753
LTC/USDT	2026-01-09 00:00:00+00:00	(0.5, 0.75)	0.005272192251103392	0.011893084845512492	0.019372241294752308	0.02709661598822962
LTC/USDT	2026-01-10 00:00:00+00:00	(0.25, 0.5)	0.002580169553999186	0.009583486914854418	0.013392308637424787	0.01990416513085151
LTC/USDT	2026-01-11 00:00:00+00:00	(0.0, 0.05)	0.0027083589806721512	0.007755755262833872	0.010094792564323616	0.0423488858796011
LTC/USDT	2026-01-12 00:00:00+00:00	(0.75, 1.0)	0.013503184713375825	0.028407643312101962	0.045605095541401255	0.06560509554140134
LTC/USDT	2026-01-13 00:00:00+00:00	(0.25, 0.5)	0.0036808202970947963	0.011436834494544372	0.02523991060864995	0.04850795320099906
LTC/USDT	2026-01-14 00:00:00+00:00	(0.75, 1.0)	0.01463414634146342	0.022336328626444274	0.024646983311938403	0.0663671373555841
LTC/USDT	2026-01-15 00:00:00+00:00	(0.75, 1.0)	0.01097465377580336	0.047948784949046266	0.05030049647243282	0.09746537758035025
LTC/USDT	2026-01-16 00:00:00+00:00	(0.25, 0.5)	0.01381788033715628	0.015476025977615096	0.02335221776979428	0.07116208373635471
LTC/USDT	2026-01-17 00:00:00+00:00	(0.75, 1.0)	0.013868515802106842	0.028670489398586366	0.028670489398586366	0.028670489398586366
LTC/USDT	2026-01-18 00:00:00+00:00	(0.1, 0.25)	0.00720480320213465	0.012941961307538344	0.020813875917278214	0.13769179452968655
LTC/USDT	2026-01-19 00:00:00+00:00	(0.75, 1.0)	0.015433434299726056	0.020770229337948906	0.034040098081638534	0.040675032453483445
LTC/USDT	2026-01-20 00:00:00+00:00	(0.5, 0.75)	0.007055171440666008	0.014251446310145207	0.02963172005079715	0.07266826583885976
LTC/USDT	2026-01-21 00:00:00+00:00	(0.25, 0.5)	0.021590232281119757	0.02977963073257892	0.03558665872543181	0.0547945205479451
LTC/USDT	2026-01-22 00:00:00+00:00	(0.5, 0.75)	0.011774967291757555	0.01642680622183471	0.02398604448320985	0.037650821340311134
LTC/USDT	2026-01-23 00:00:00+00:00	(0.1, 0.25)	0.006873354782100013	0.018426440479672287	0.02208248025738507	0.03831529687042981
LTC/USDT	2026-01-24 00:00:00+00:00	(0.5, 0.75)	0.005135730007336674	0.014380044020542977	0.014966984592810127	0.01804842259721209
LTC/USDT	2026-01-25 00:00:00+00:00	(0.05, 0.1)	0.004242867593269818	0.011558156547183498	0.03686905632772489	0.07505486466715429
LTC/USDT	2026-01-26 00:00:00+00:00	(0.75, 1.0)	0.01720557698012454	0.017798872738059964	0.027439928804508962	0.046573716997923474
LTC/USDT	2026-01-27 00:00:00+00:00	(0.5, 0.75)	0.007329692440356498	0.008623167576890033	0.018396090830698493	0.02658810002874381
LTC/USDT	2026-01-28 00:00:00+00:00	(0.25, 0.5)	0.008153340008582569	0.013016735803175463	0.016020597911600695	0.027034758975826072
LTC/USDT	2026-01-29 00:00:00+00:00	(0.1, 0.25)	0.005629330254041579	0.022950346420323373	0.029445727482679075	0.07173787528868358
LTC/USDT	2026-01-30 00:00:00+00:00	(0.75, 1.0)	0.006489586477512716	0.05674615152429818	0.05674615152429818	0.05674615152429818
LTC/USDT	2026-01-31 00:00:00+00:00	(0.25, 0.5)	0.004585753592173603	0.010700091715071887	0.04631611128095385	0.1601956588199328
LTC/USDT	2026-02-01 00:00:00+00:00	(0.75, 1.0)	0.01287625418060206	0.015551839464882939	0.02073578595317729	0.04615384615384624
LTC/USDT	2026-02-02 00:00:00+00:00	(0.5, 0.75)	0.0180425531914894	0.05412765957446808	0.05480851063829785	0.07931914893617027
LTC/USDT	2026-02-03 00:00:00+00:00	(0.1, 0.25)	0.0068561872909698425	0.020401337792642124	0.025919732441471645	0.07541806020066899
LTC/USDT	2026-02-04 00:00:00+00:00	(0.75, 1.0)	0.018543492919757272	0.027140930546190146	0.02815239379635876	0.06608226567768041
LTC/USDT	2026-02-05 00:00:00+00:00	(0.5, 0.75)	0.012442474859382937	0.027100732912902735	0.06459860235213907	0.22771433441281744
LTC/USDT	2026-02-06 00:00:00+00:00	(0.75, 1.0)	0.11861158432708689	0.13351788756388422	0.16120102214650767	0.24275979557069843
LTC/USDT	2026-02-07 00:00:00+00:00	(0.25, 0.5)	0.01096290882514163	0.01827151470856934	0.0454960716243377	0.05737255618490774
LTC/USDT	2026-02-08 00:00:00+00:00	(0.25, 0.5)	0.008525303827317228	0.011608924360602223	0.020315617631053953	0.04044984581897341
LTC/USDT	2026-02-09 00:00:00+00:00	(0.25, 0.5)	0.010069571585499896	0.016660563896008857	0.04888319296960823	0.05071402416697186
LTC/USDT	2026-02-10 00:00:00+00:00	(0.25, 0.5)	0.0069699192956713596	0.02072633895818053	0.03154805575935434	0.03374908290535576
LTC/USDT	2026-02-11 00:00:00+00:00	(0.0, 0.05)	0.006006006006006011	0.016516516516516564	0.03922672672672679	0.050863363363363376
LTC/USDT	2026-02-12 00:00:00+00:00	(0.25, 0.5)	0.00779467680608372	0.012737642585551363	0.025475285171102726	0.04372623574144495
LTC/USDT	2026-02-13 00:00:00+00:00	(0.5, 0.75)	0.006966672942948549	0.009979288269629093	0.022594614950103613	0.06288834494445497
LTC/USDT	2026-02-14 00:00:00+00:00	(0.25, 0.5)	0.010003637686431508	0.010003637686431508	0.018188432157148056	0.03182975627500909
LTC/USDT	2026-02-15 00:00:00+00:00	(0.1, 0.25)	0.011125067288713522	0.021891261439081267	0.02673604880674685	0.04485914229319936
LTC/USDT	2026-02-16 00:00:00+00:00	(0.25, 0.5)	0.008143322475570085	0.018820123054650726	0.03546869344914949	0.041983351429605506
LTC/USDT	2026-02-17 00:00:00+00:00	(0.5, 0.75)	0.0052669814747547975	0.014347984017435509	0.02288412640755536	0.04867417362876861
LTC/USDT	2026-02-18 00:00:00+00:00	(0.25, 0.5)	0.009094283593170044	0.015033407572383115	0.022086117297698677	0.03674832962138078
LTC/USDT	2026-02-19 00:00:00+00:00	(0.0, 0.05)	0.010326699211415777	0.011641006383777781	0.024596319939917295	0.04337213668794584
LTC/USDT	2026-02-20 00:00:00+00:00	(0.0, 0.05)	0.006060606060606067	0.01079545454545455	0.029545454545454455	0.052272727272727235
LTC/USDT	2026-02-21 00:00:00+00:00	(0.05, 0.1)	0.009399855386840258	0.009399855386840258	0.014099783080260324	0.024222704266088146
LTC/USDT	2026-02-22 00:00:00+00:00	(0.1, 0.25)	0.0049342105263158464	0.008589181286549686	0.01169590643274842	0.036001461988304076
LTC/USDT	2026-02-23 00:00:00+00:00	(0.1, 0.25)	0.033133657806065066	0.04736053912392364	0.04736053912392364	0.05091725945338822
LTC/USDT	2026-02-24 00:00:00+00:00	(0.5, 0.75)	0.010275300504071367	0.02714230321830164	0.032376890267545595	0.033346258239627745
LTC/USDT	2026-02-25 00:00:00+00:00	(0.25, 0.5)	0.031097203207510193	0.03794249951105022	0.04830823391355366	0.15587717582632502
LTC/USDT	2026-02-26 00:00:00+00:00	(0.75, 1.0)	0.01320190107375462	0.019186762893856776	0.02411547262805852	0.04699876782256648
LTC/USDT	2026-02-27 00:00:00+00:00	(0.1, 0.25)	0.006115107913668998	0.017625899280575483	0.03561151079136698	0.05341726618705034
LTC/USDT	2026-02-28 00:00:00+00:00	(0.25, 0.5)	0.006037321624588463	0.008049762166117908	0.06366630076838646	0.06384924990852547
LTC/USDT	2026-03-01 00:00:00+00:00	(0.25, 0.5)	0.008856088560885681	0.03265682656826574	0.03265682656826574	0.0564575645756458
LTC/USDT	2026-03-02 00:00:00+00:00	(0.5, 0.75)	0.02171471359041551	0.022089105204043422	0.026956196181205497	0.051853238487457806
LTC/USDT	2026-03-03 00:00:00+00:00	(0.25, 0.5)	0.009532538955087004	0.015765352887259384	0.03244729605866171	0.04106324472960578
LTC/USDT	2026-03-04 00:00:00+00:00	(0.1, 0.25)	0.008582907231555989	0.019722425127830633	0.043462381300219184	0.06135865595325054
LTC/USDT	2026-03-05 00:00:00+00:00	(0.5, 0.75)	0.011297440423654026	0.016946160635481038	0.027184466019417586	0.03954104148278909
LTC/USDT	2026-03-06 00:00:00+00:00	(0.1, 0.25)	0.0039582583663189275	0.011155091759625719	0.024289312702410967	0.04983807124865065
LTC/USDT	2026-03-07 00:00:00+00:00	(0.25, 0.5)	0.004823747680890633	0.011873840445269028	0.015769944341372938	0.020037105751391435
LTC/USDT	2026-03-08 00:00:00+00:00	(0.0, 0.05)	0.00819214299013215	0.014522435300688906	0.02401787376652391	0.03835412399925517
LTC/USDT	2026-03-09 00:00:00+00:00	(0.25, 0.5)	0.014925373134328342	0.024938598148498022	0.02928395994709989	0.04250897411675798
LTC/USDT	2026-03-10 00:00:00+00:00	(0.5, 0.75)	0.010050251256281523	0.017867113344500297	0.017867113344500297	0.02922017494881817
LTC/USDT	2026-03-11 00:00:00+00:00	(0.05, 0.1)	0.005754594393911311	0.006868386857248885	0.010766660478930727	0.032299981436792316
LTC/USDT	2026-03-12 00:00:00+00:00	(0.05, 0.1)	0.0060098342742669515	0.01730103806228379	0.01912219996357671	0.021853942815516354
LTC/USDT	2026-03-13 00:00:00+00:00	(0.25, 0.5)	0.013706140350877194	0.013706140350877194	0.026681286549707618	0.03618421052631586
LTC/USDT	2026-03-14 00:00:00+00:00	(0.5, 0.75)	0.00650759219088936	0.013919016630513432	0.026572668112798372	0.026572668112798372
LTC/USDT	2026-03-15 00:00:00+00:00	(0.1, 0.25)	0.003280481137233456	0.012392928740659736	0.01622015673409879	0.03280481137233469
LTC/USDT	2026-03-16 00:00:00+00:00	(0.75, 1.0)	0.005869797225186736	0.021166844539309813	0.03593027392387056	0.060654571326929856
LTC/USDT	2026-03-17 00:00:00+00:00	(0.25, 0.5)	0.00864993215739481	0.023066485753052906	0.03188602442333778	0.03307327001356845
LTC/USDT	2026-03-18 00:00:00+00:00	(0.25, 0.5)	0.006027208541415435	0.010504563457895633	0.03822972274840707	0.056139142414327624
LTC/USDT	2026-03-19 00:00:00+00:00	(0.25, 0.5)	0.006239971474416142	0.011410233553218052	0.02692101978962378	0.03137814227134958
LTC/USDT	2026-03-20 00:00:00+00:00	(0.1, 0.25)	0.005920344456404706	0.008611410118406833	0.01847865087908147	0.02332256907068527
LTC/USDT	2026-03-21 00:00:00+00:00	(0.5, 0.75)	0.0062244353547928405	0.007469322425751409	0.011381824648764015	0.043393206473412854
LTC/USDT	2026-03-22 00:00:00+00:00	(0.75, 1.0)	0.00751879699248127	0.011186502842472024	0.023656702732440842	0.03704382908490732
LTC/USDT	2026-03-23 00:00:00+00:00	(0.25, 0.5)	0.008575689783743491	0.01547352721849363	0.05387770320656214	0.05387770320656214
LTC/USDT	2026-03-24 00:00:00+00:00	(0.1, 0.25)	0.0064713284199173	0.010785547366528876	0.01743663490922175	0.026065072802444775
LTC/USDT	2026-03-25 00:00:00+00:00	(0.5, 0.75)	0.00620237462342728	0.012581959950381019	0.013999645578592932	0.017898281056175757
LTC/USDT	2026-03-26 00:00:00+00:00	(0.25, 0.5)	0.004597701149425253	0.014146772767462373	0.037312113174182135	0.042263483642794
LTC/USDT	2026-03-27 00:00:00+00:00	(0.5, 0.75)	0.0047584187408492885	0.010065885797950298	0.03129575402635434	0.03459004392386531
LTC/USDT	2026-03-28 00:00:00+00:00	(0.1, 0.25)	0.007078986587183356	0.009873323397913584	0.015461997019374169	0.031110283159463518
LTC/USDT	2026-03-29 00:00:00+00:00	(0.25, 0.5)	0.005015790451421199	0.012260821103473969	0.013375441203789688	0.040312093628088456
LTC/USDT	2026-03-30 00:00:00+00:00	(0.5, 0.75)	0.01558100244039794	0.01989862962267697	0.027219823540454206	0.027219823540454206
LTC/USDT	2026-03-31 00:00:00+00:00	(0.1, 0.25)	0.005799812909260901	0.01552853133769875	0.01889616463985029	0.021702525724976548
LTC/USDT	2026-04-01 00:00:00+00:00	(0.05, 0.1)	0.0063103192279139455	0.007052709725315563	0.017631774313288842	0.019673348181143323
LTC/USDT	2026-04-02 00:00:00+00:00	(0.25, 0.5)	0.011154489682096938	0.034021193530395955	0.04833612195575375	0.05056701989217324
LTC/USDT	2026-04-03 00:00:00+00:00	(0.1, 0.25)	0.003631498470947969	0.008792048929663624	0.01930428134556571	0.025802752293578007
LTC/USDT	2026-04-04 00:00:00+00:00	(0.1, 0.25)	0.003949595636637217	0.005078051532819184	0.008463419221365351	0.016362610494639787
LTC/USDT	2026-04-05 00:00:00+00:00	(0.0, 0.05)	0.0029856316476954015	0.005971263295390803	0.019406605710020508	0.03508117186042163
LTC/USDT	2026-04-06 00:00:00+00:00	(0.75, 1.0)	0.005902969931746915	0.009223390518354546	0.01217487548422807	0.026563364692861052
LTC/USDT	2026-04-07 00:00:00+00:00	(0.5, 0.75)	0.0031769762661185146	0.005980190618575972	0.013455428891796038	0.05288731078303131
LTC/USDT	2026-04-08 00:00:00+00:00	(0.75, 1.0)	0.010081008100809995	0.01134113411341126	0.013501350135013503	0.030783078307830673
LTC/USDT	2026-04-09 00:00:00+00:00	(0.5, 0.75)	0.00667531985907657	0.009271277582050807	0.009271277582050807	0.030780641572408746
LTC/USDT	2026-04-10 00:00:00+00:00	(0.5, 0.75)	0.004224834680382145	0.007531227038942023	0.009735488611315232	0.023695811903012606
LTC/USDT	2026-04-11 00:00:00+00:00	(0.25, 0.5)	0.004370788563103167	0.005463485703879023	0.009287925696594392	0.02476780185758513
LTC/USDT	2026-04-12 00:00:00+00:00	(0.5, 0.75)	0.002546380502000738	0.023463077482720977	0.025645689341578824	0.030374681702437283
LTC/USDT	2026-04-13 00:00:00+00:00	(0.25, 0.5)	0.004850746268656812	0.0059701492537313485	0.022761194029850856	0.03917910447761196
LTC/USDT	2026-04-14 00:00:00+00:00	(0.75, 1.0)	0.007171754321441717	0.008275101140124967	0.015998528870908506	0.023170283192350222
LTC/USDT	2026-04-15 00:00:00+00:00	(0.25, 0.5)	0.0033088235294117595	0.008639705882352921	0.015625000000000028	0.034374999999999954
LTC/USDT	2026-04-16 00:00:00+00:00	(0.5, 0.75)	0.006540697674418595	0.011627906976744196	0.01671511627906967	0.036700581395348764
LTC/USDT	2026-04-17 00:00:00+00:00	(0.5, 0.75)	0.004450774434751646	0.012818230372084722	0.019227345558127083	0.03703044329713367
LTC/USDT	2026-04-18 00:00:00+00:00	(0.25, 0.5)	0.00479063165365513	0.007452093683463479	0.0168559261887863	0.025195173882185853
LTC/USDT	2026-04-19 00:00:00+00:00	(0.25, 0.5)	0.005392773683264502	0.008808197015998597	0.02013302175085381	0.03433399245011691
LTC/USDT	2026-04-20 00:00:00+00:00	(0.75, 1.0)	0.006464721093461422	0.009604728481714	0.024011821204285133	0.024011821204285133
LTC/USDT	2026-04-21 00:00:00+00:00	(0.1, 0.25)	0.003995641118779493	0.010533962949509595	0.017980385034507718	0.021976026153287337
LTC/USDT	2026-04-22 00:00:00+00:00	(0.5, 0.75)	0.0037735849056603926	0.011141060197663926	0.017610062893081705	0.019766397124887588
LTC/USDT	2026-04-23 00:00:00+00:00	(0.5, 0.75)	0.009192501802451427	0.018925739005046942	0.018925739005046942	0.024693583273251704
LTC/USDT	2026-04-24 00:00:00+00:00	(0.75, 1.0)	0.005694963516639976	0.00925431571454001	0.013881473571809952	0.017974728599394876
LTC/USDT	2026-04-25 00:00:00+00:00	(0.1, 0.25)	0.0035492457852705542	0.006743566992014116	0.009582963620230686	0.014374445430346092
LTC/USDT	2026-04-26 00:00:00+00:00	(0.0, 0.05)	0.0028576531523486996	0.005000893016610129	0.010894802643329156	0.013038042507590586
LTC/USDT	2026-04-27 00:00:00+00:00	(0.0, 0.05)	0.00924608819345667	0.01333570412517781	0.02809388335704122	0.032894736842105164
LTC/USDT	2026-04-28 00:00:00+00:00	(0.1, 0.25)	0.0030586541921554826	0.005757466714645562	0.012234616768621802	0.0201511335012594
LTC/USDT	2026-04-29 00:00:00+00:00	(0.25, 0.5)	0.003056454512765223	0.0084501977705861	0.03973390866594752	0.060409924487594385
LTC/USDT	2026-04-30 00:00:00+00:00	(0.75, 1.0)	0.00795660036166374	0.010849909584086697	0.018625678119349027	0.019168173598553388
LTC/USDT	2026-05-01 00:00:00+00:00	(0.25, 0.5)	0.0036212203512584256	0.00869092884302017	0.01339851529965602	0.02045989498460986
LTC/USDT	2026-05-02 00:00:00+00:00	(0.5, 0.75)	0.003612064294744498	0.006321112515802807	0.010474986454758865	0.01191981217265674
LTC/USDT	2026-05-03 00:00:00+00:00	(0.1, 0.25)	0.004702477844094865	0.007958039428468166	0.009404955688189474	0.01663953698679679
LTC/USDT	2026-05-04 00:00:00+00:00	(0.5, 0.75)	0.004896626768226261	0.023394994559303574	0.026840768951759103	0.030286543344214756
LTC/USDT	2026-05-05 00:00:00+00:00	(0.25, 0.5)	0.004546281142025823	0.007092198581560294	0.012365884706310233	0.031460265502818635
LTC/USDT	2026-05-06 00:00:00+00:00	(0.5, 0.75)	0.008150248051027655	0.013642806520198498	0.03277817150956771	0.03277817150956771
LTC/USDT	2026-05-07 00:00:00+00:00	(0.5, 0.75)	0.010398308071907003	0.01075079309129361	0.02079661614381388	0.02379273880860066
LTC/USDT	2026-05-08 00:00:00+00:00	(0.1, 0.25)	0.004600955583082605	0.010617589807113685	0.011502388957706576	0.05184923022473898
LTC/USDT	2026-05-09 00:00:00+00:00	(0.5, 0.75)	0.006331279945242941	0.012149212867898714	0.01676933607118419	0.026009582477755016
LTC/USDT	2026-05-10 00:00:00+00:00	(0.1, 0.25)	0.006722978796759189	0.008791587657300554	0.018617479744871667	0.05085330115497333
LTC/USDT	2026-05-11 00:00:00+00:00	(0.75, 1.0)	0.014957620076450033	0.029084261259764002	0.029915240152900067	0.0352335050689712
LTC/USDT	2026-05-12 00:00:00+00:00	(0.5, 0.75)	0.005811965811965749	0.014871794871794828	0.015384615384615361	0.025470085470085505
LTC/USDT	2026-05-13 00:00:00+00:00	(0.5, 0.75)	0.010382419103651175	0.016784910884236007	0.02301436234642669	0.046547845648035956
LTC/USDT	2026-05-14 00:00:00+00:00	(0.5, 0.75)	0.003499562554680715	0.010848643919510017	0.01294838145231837	0.051268591426071736
LTC/USDT	2026-05-15 00:00:00+00:00	(0.75, 1.0)	0.005985975714041413	0.011458867795450687	0.02052334530528481	0.0364289379168805
LTC/USDT	2026-05-16 00:00:00+00:00	(0.25, 0.5)	0.012334954829742891	0.012334954829742891	0.03717859624739403	0.03717859624739403
LTC/USDT	2026-05-17 00:00:00+00:00	(0.0, 0.05)	0.005166577587742725	0.009442365936219511	0.013539996436843133	0.0498841973988955
LTC/USDT	2026-05-18 00:00:00+00:00	(0.75, 1.0)	0.007174392935982351	0.012509197939661511	0.021339220014716772	0.02612214863870496
LTC/USDT	2026-05-19 00:00:00+00:00	(0.5, 0.75)	0.006067291781577595	0.008825151682294613	0.01323772752344192	0.020040448611877246
LTC/USDT	2026-05-20 00:00:00+00:00	(0.25, 0.5)	0.013438880706921886	0.021170839469808515	0.021170839469808515	0.021723122238586152
LTC/USDT	2026-05-21 00:00:00+00:00	(0.25, 0.5)	0.008152677413377761	0.011858439874004088	0.025940337224384023	0.025940337224384023
LTC/USDT	2026-05-22 00:00:00+00:00	(0.05, 0.1)	0.0035042419771302994	0.006824050165990362	0.012357063814090774	0.04278863887864257
LTC/USDT	2026-05-23 00:00:00+00:00	(0.75, 1.0)	0.008740262207866252	0.014060421812654416	0.031920957628728854	0.05263157894736848
LTC/USDT	2026-05-24 00:00:00+00:00	(0.75, 1.0)	0.004112918302486425	0.005421574126004845	0.008599738268835313	0.03196859226023557
LTC/USDT	2026-05-25 00:00:00+00:00	(0.75, 1.0)	0.005482041587901686	0.00945179584120983	0.0119092627599243	0.014177693761814745
LTC/USDT	2026-05-26 00:00:00+00:00	(0.5, 0.75)	0.007400379506641377	0.01119544592030367	0.016318785578747618	0.028273244781783582
LTC/USDT	2026-05-27 00:00:00+00:00	(0.1, 0.25)	0.004999999999999962	0.005192307692307616	0.015769230769230775	0.023269230769230785
LTC/USDT	2026-05-28 00:00:00+00:00	(0.75, 1.0)	0.0038446751249518593	0.02998846597462505	0.03440984236831986	0.03479430988081511
LTC/USDT	2026-05-29 00:00:00+00:00	(0.25, 0.5)	0.0029007928833880985	0.00986269580351959	0.012763488686907689	0.02281957068265339
LTC/USDT	2026-05-30 00:00:00+00:00	(0.25, 0.5)	0.008277189605389791	0.013859480269489872	0.017709335899903787	0.018286814244465887
LTC/USDT	2026-05-31 00:00:00+00:00	(0.1, 0.25)	0.0024771341463413767	0.006478658536585296	0.010099085365853681	0.026105182926829222
LTC/USDT	2026-06-01 00:00:00+00:00	(0.5, 0.75)	0.005183336532923709	0.016893837588788683	0.028412363217508098	0.042042618544826216
LTC/USDT	2026-06-02 00:00:00+00:00	(0.25, 0.5)	0.005327545382793923	0.018942383583267577	0.03354380426203622	0.08938437253354382
LTC/USDT	2026-06-03 00:00:00+00:00	(0.75, 1.0)	0.010403397027600741	0.020169851380042524	0.03694267515923571	0.03694267515923571
LTC/USDT	2026-06-04 00:00:00+00:00	(0.75, 1.0)	0.02046413502109702	0.07552742616033752	0.07552742616033752	0.07552742616033752
LTC/USDT	2026-06-05 00:00:00+00:00	(0.75, 1.0)	0.017362637362637344	0.026813186813186788	0.07010989010989022	0.08593406593406601
LTC/USDT	2026-06-06 00:00:00+00:00	(0.75, 1.0)	0.009392898052691952	0.050630011454753744	0.08041237113402057	0.08041237113402057
LTC/USDT	2026-06-07 00:00:00+00:00	(0.75, 1.0)	0.018630534720542057	0.025647229615291613	0.03774497943382536	0.0571013791434793
LTC/USDT	2026-06-08 00:00:00+00:00	(0.75, 1.0)	0.013785046728971876	0.025934579439252325	0.029672897196261757	0.041588785046729
LTC/USDT	2026-06-09 00:00:00+00:00	(0.5, 0.75)	0.02207249070631977	0.02207249070631977	0.02207249070631977	0.03926579925650552
LTC/USDT	2026-06-10 00:00:00+00:00	(0.5, 0.75)	0.009265693768820906	0.018994672226082934	0.0319666435024323	0.046096826499884225
LTC/USDT	2026-06-11 00:00:00+00:00	(0.25, 0.5)	0.007165034631000649	0.025555290183902565	0.025555290183902565	0.02627179364700266
LTC/USDT	2026-06-12 00:00:00+00:00	(0.25, 0.5)	0.007048872180451061	0.00869360902255633	0.023731203007518915	0.031719924812030106
LTC/USDT	2026-06-13 00:00:00+00:00	(0.0, 0.05)	0.00859266140269402	0.011379470506270367	0.020901068276823004	0.035067347886669716
LTC/USDT	2026-06-14 00:00:00+00:00	(0.5, 0.75)	0.006068779501011374	0.010339402112834363	0.017756799280737225	0.03910991233985169
LTC/USDT	2026-06-15 00:00:00+00:00	(0.75, 1.0)	0.009900990099009807	0.009900990099009807	0.030363036303630263	0.033443344334433356
LTC/USDT	2026-06-16 00:00:00+00:00	(0.1, 0.25)	0.005888767720828857	0.015049073064340345	0.02311886586695752	0.042529989094874654
LTC/USDT	2026-06-17 00:00:00+00:00	(0.25, 0.5)	0.005017452006980734	0.012434554973821994	0.023778359511343723	0.03490401396160546
LTC/USDT	2026-06-18 00:00:00+00:00	(0.1, 0.25)	0.005794517494985628	0.01827501671495432	0.024738132382438143	0.04591040784488512
LTC/USDT	2026-06-19 00:00:00+00:00	(0.25, 0.5)	0.003875968992248101	0.014819881440948441	0.01937984496124034	0.031919744642042995
LTC/USDT	2026-06-20 00:00:00+00:00	(0.25, 0.5)	0.005909090909091025	0.008409090909091012	0.013409090909090987	0.019545454545454533
LTC/USDT	2026-06-21 00:00:00+00:00	(0.5, 0.75)	0.002471354751741169	0.004268703662098514	0.02111884969669732	0.037968995731296286
LTC/USDT	2026-06-22 00:00:00+00:00	(0.75, 1.0)	0.010542844324809307	0.02355316285329754	0.02355316285329754	0.034768954688201084
LTC/USDT	2026-06-23 00:00:00+00:00	(0.1, 0.25)	0.0065080789946139845	0.007405745062836586	0.035682226211849105	0.06463195691202878
LTC/USDT	2026-06-24 00:00:00+00:00	(0.25, 0.5)	0.004254313401087207	0.01654455211533923	0.02221696998345556	0.07326873079650204
LTC/USDT	2026-06-25 00:00:00+00:00	(0.75, 1.0)	0.005338510070371241	0.00655180781363737	0.022809997573404458	0.06600339723368112
LTC/USDT	2026-06-26 00:00:00+00:00	(0.5, 0.75)	0.006578947368421129	0.03265107212475624	0.04702729044834308	0.05238791423001946
LTC/USDT	2026-06-27 00:00:00+00:00	(0.1, 0.25)	0.005723825423324636	0.01764846172191753	0.02838063439065103	0.03792034342952531
LTC/USDT	2026-06-28 00:00:00+00:00	(0.25, 0.5)	0.004735969689794053	0.009708737864077758	0.03480937721998577	0.03480937721998577
LTC/USDT	2026-06-29 00:00:00+00:00	(0.25, 0.5)	0.015701898289196197	0.02226388563393475	0.02765408952425591	0.03093508319662527
AVAX/USDT	2025-01-01 00:00:00+00:00	(0.0, 0.05)	0.010027855153203327	0.020891364902506964	0.035376044568245016	0.08607242339832859
AVAX/USDT	2025-01-02 00:00:00+00:00	(0.25, 0.5)	0.02266736953083815	0.02266736953083815	0.07274644175013174	0.07274644175013174
AVAX/USDT	2025-01-03 00:00:00+00:00	(0.0, 0.05)	0.01300025490695891	0.027784858526637684	0.06653071628855467	0.08411929645679321
AVAX/USDT	2025-01-04 00:00:00+00:00	(0.1, 0.25)	0.012646146504414249	0.021951801479360575	0.027916964924838982	0.046766881412550726
AVAX/USDT	2025-01-05 00:00:00+00:00	(0.5, 0.75)	0.013573601684998791	0.023402761525860055	0.03346594898197987	0.04586941259068572
AVAX/USDT	2025-01-06 00:00:00+00:00	(0.25, 0.5)	0.02435026925778504	0.04308124560992733	0.05970498712245369	0.0707094357293373
AVAX/USDT	2025-01-07 00:00:00+00:00	(0.1, 0.25)	0.017175141242937807	0.021920903954802236	0.03864406779661019	0.12519774011299434
AVAX/USDT	2025-01-08 00:00:00+00:00	(0.25, 0.5)	0.013191273465246147	0.03196347031963465	0.05986808726534752	0.0948756976154237
AVAX/USDT	2025-01-09 00:00:00+00:00	(0.25, 0.5)	0.02143048486471999	0.028395392445753957	0.047682828824002176	0.06536297883739614
AVAX/USDT	2025-01-10 00:00:00+00:00	(0.1, 0.25)	0.006322155030236503	0.022814733369983655	0.04782847718526668	0.054425508521165386
AVAX/USDT	2025-01-11 00:00:00+00:00	(0.05, 0.1)	0.009264305177111616	0.019346049046321354	0.02534059945504086	0.04795640326975471
AVAX/USDT	2025-01-12 00:00:00+00:00	(0.75, 1.0)	0.008099352051835776	0.015388768898488128	0.02645788336933056	0.04103671706263508
AVAX/USDT	2025-01-13 00:00:00+00:00	(0.25, 0.5)	0.024965706447187833	0.059259259259259164	0.1108367626886145	0.1253772290809328
AVAX/USDT	2025-01-14 00:00:00+00:00	(0.75, 1.0)	0.013079328973557033	0.014500995166335089	0.0392379869206711	0.048620983793005425
AVAX/USDT	2025-01-15 00:00:00+00:00	(0.0, 0.05)	0.008203445447087893	0.01668033907574513	0.0336341263330598	0.10609789444900179
AVAX/USDT	2025-01-16 00:00:00+00:00	(0.25, 0.5)	0.01465386558868111	0.016675088428499338	0.03587670540677096	0.055330975240020154
AVAX/USDT	2025-01-17 00:00:00+00:00	(0.1, 0.25)	0.007210343112879144	0.024117354549975108	0.03853804077573357	0.04326205867727504
AVAX/USDT	2025-01-18 00:00:00+00:00	(0.25, 0.5)	0.0074788902291918515	0.03039806996381177	0.07020506634499388	0.08154402895054289
AVAX/USDT	2025-01-19 00:00:00+00:00	(0.1, 0.25)	0.013043478260869514	0.03785166240409199	0.1056265984654732	0.14603580562659849
AVAX/USDT	2025-01-20 00:00:00+00:00	(0.75, 1.0)	0.0301833568406206	0.03949224259520447	0.1622002820874471	0.1622002820874471
AVAX/USDT	2025-01-21 00:00:00+00:00	(0.25, 0.5)	0.018973214285714277	0.031250000000000125	0.05719866071428563	0.08565848214285714
AVAX/USDT	2025-01-22 00:00:00+00:00	(0.1, 0.25)	0.012699270467441202	0.017022426371251082	0.03431504998649022	0.03431504998649022
AVAX/USDT	2025-01-23 00:00:00+00:00	(0.25, 0.5)	0.01385869565217386	0.03288043478260872	0.05543478260869563	0.06304347826086958
AVAX/USDT	2025-01-24 00:00:00+00:00	(0.5, 0.75)	0.018575851393188958	0.028426681677455615	0.05178722206585973	0.06276386152547134
AVAX/USDT	2025-01-25 00:00:00+00:00	(0.75, 1.0)	0.013932328689223826	0.03127665624111463	0.03127665624111463	0.06710264429911855
AVAX/USDT	2025-01-26 00:00:00+00:00	(0.1, 0.25)	0.01307901907356959	0.028337874659400714	0.037329700272479685	0.07574931880108975
AVAX/USDT	2025-01-27 00:00:00+00:00	(0.75, 1.0)	0.02289223897264099	0.030429927414851933	0.08263539921831381	0.08458961474036854
AVAX/USDT	2025-01-28 00:00:00+00:00	(0.75, 1.0)	0.019213973799126743	0.021834061135371178	0.02532751091703049	0.07743813682678312
AVAX/USDT	2025-01-29 00:00:00+00:00	(0.75, 1.0)	0.010500308832612609	0.02563310685608395	0.05003088326127231	0.060222359481161294
AVAX/USDT	2025-01-30 00:00:00+00:00	(0.75, 1.0)	0.01897765534129184	0.04530149984695451	0.05081114172023274	0.06917661463116023
AVAX/USDT	2025-01-31 00:00:00+00:00	(0.05, 0.1)	0.013477878699091733	0.020802812774684844	0.04248461763844134	0.0694403750366248
AVAX/USDT	2025-02-01 00:00:00+00:00	(0.1, 0.25)	0.016550522648083633	0.02322880371660872	0.04326364692218357	0.09378629500580722
AVAX/USDT	2025-02-02 00:00:00+00:00	(0.5, 0.75)	0.012991030003093157	0.05845963501391909	0.06588308072997225	0.2066192390968142
AVAX/USDT	2025-02-03 00:00:00+00:00	(0.75, 1.0)	0.0514327700220427	0.22152828802351218	0.22152828802351218	0.27847171197648796
AVAX/USDT	2025-02-04 00:00:00+00:00	(0.75, 1.0)	0.020021074815595376	0.04004214963119075	0.10502283105022839	0.10502283105022839
AVAX/USDT	2025-02-05 00:00:00+00:00	(0.75, 1.0)	0.03257575757575756	0.03295454545454549	0.043939393939393945	0.06780303030303027
AVAX/USDT	2025-02-06 00:00:00+00:00	(0.25, 0.5)	0.013835511145272846	0.023443504996156782	0.04189085318985395	0.09761721752498076
AVAX/USDT	2025-02-07 00:00:00+00:00	(0.25, 0.5)	0.014175779667881791	0.029566626164439058	0.0457675172134467	0.1016605913325232
AVAX/USDT	2025-02-08 00:00:00+00:00	(0.75, 1.0)	0.015095879232966175	0.024887800897592793	0.03712770297837618	0.03712770297837618
AVAX/USDT	2025-02-09 00:00:00+00:00	(0.05, 0.1)	0.008550488599348425	0.032166123778501594	0.041123778501628586	0.07573289902280128
AVAX/USDT	2025-02-10 00:00:00+00:00	(0.75, 1.0)	0.021411578112609006	0.06106264869151464	0.08088818398096746	0.08445678033306896
AVAX/USDT	2025-02-11 00:00:00+00:00	(0.0, 0.05)	0.022135922330097098	0.030291262135922235	0.05087378640776694	0.08310679611650487
AVAX/USDT	2025-02-12 00:00:00+00:00	(0.25, 0.5)	0.014972419227738478	0.02521670606776992	0.031126871552403575	0.11032308904649334
AVAX/USDT	2025-02-13 00:00:00+00:00	(0.5, 0.75)	0.008692365835222994	0.01851851851851846	0.04761904761904754	0.05744520030234314
AVAX/USDT	2025-02-14 00:00:00+00:00	(0.05, 0.1)	0.01302803000394782	0.02842479273588626	0.04303197789182787	0.07619423608369522
AVAX/USDT	2025-02-15 00:00:00+00:00	(0.25, 0.5)	0.012514220705347055	0.02844141069397042	0.03905953735305262	0.06105422828972314
AVAX/USDT	2025-02-16 00:00:00+00:00	(0.05, 0.1)	0.011385944248135028	0.017275225755791178	0.018060463290145302	0.0333725952100511
AVAX/USDT	2025-02-17 00:00:00+00:00	(0.05, 0.1)	0.00963855421686755	0.015261044176706788	0.040160642570281124	0.0610441767068273
AVAX/USDT	2025-02-18 00:00:00+00:00	(0.5, 0.75)	0.010391686650679377	0.01358912869704236	0.055155875299760154	0.08353317346123101
AVAX/USDT	2025-02-19 00:00:00+00:00	(0.5, 0.75)	0.016595744680851086	0.020425531914893637	0.044255319148936136	0.044255319148936136
AVAX/USDT	2025-02-20 00:00:00+00:00	(0.1, 0.25)	0.016000000000000108	0.024421052631579024	0.03873684210526323	0.06863157894736853
AVAX/USDT	2025-02-21 00:00:00+00:00	(0.1, 0.25)	0.013079667063020287	0.017835909631391172	0.045184304399524394	0.10978993261989693
AVAX/USDT	2025-02-22 00:00:00+00:00	(0.75, 1.0)	0.030142566191446108	0.03136456211812626	0.03788187372708756	0.07454175152749498
AVAX/USDT	2025-02-23 00:00:00+00:00	(0.0, 0.05)	0.01239829523440528	0.017047655947307297	0.03796977915536615	0.061216582719876095
AVAX/USDT	2025-02-24 00:00:00+00:00	(0.25, 0.5)	0.021956087824351326	0.052694610778443125	0.06986027944111776	0.1548902195608782
AVAX/USDT	2025-02-25 00:00:00+00:00	(0.75, 1.0)	0.036465638148667656	0.036933146330060736	0.0846189808321645	0.09537166900420753
AVAX/USDT	2025-02-26 00:00:00+00:00	(0.5, 0.75)	0.011893870082342087	0.03247941445562676	0.04345837145471177	0.0727355901189387
AVAX/USDT	2025-02-27 00:00:00+00:00	(0.75, 1.0)	0.019248395967002827	0.03528872593950518	0.07974335472044006	0.07974335472044006
AVAX/USDT	2025-02-28 00:00:00+00:00	(0.25, 0.5)	0.023121387283236976	0.09826589595375727	0.10315695864828815	0.10315695864828815
AVAX/USDT	2025-03-01 00:00:00+00:00	(0.25, 0.5)	0.015673981191222475	0.02194357366771153	0.05015673981191227	0.06493506493506492
AVAX/USDT	2025-03-02 00:00:00+00:00	(0.25, 0.5)	0.011954022988505819	0.013333333333333294	0.022988505747126436	0.15862068965517254
AVAX/USDT	2025-03-03 00:00:00+00:00	(0.1, 0.25)	0.01774193548387102	0.04798387096774199	0.08467741935483876	0.18306451612903235
AVAX/USDT	2025-03-04 00:00:00+00:00	(0.5, 0.75)	0.026227944682880342	0.0701001430615164	0.0701001430615164	0.10824988078206961
AVAX/USDT	2025-03-05 00:00:00+00:00	(0.5, 0.75)	0.016499999999999914	0.029999999999999895	0.08399999999999999	0.13949999999999996
AVAX/USDT	2025-03-06 00:00:00+00:00	(0.75, 1.0)	0.01467889908256882	0.04724770642201823	0.051834862385321055	0.07706422018348623
AVAX/USDT	2025-03-07 00:00:00+00:00	(0.25, 0.5)	0.06650831353919233	0.06650831353919233	0.06650831353919233	0.072209026128266
AVAX/USDT	2025-03-08 00:00:00+00:00	(0.75, 1.0)	0.012961116650049752	0.030907278165503364	0.040877367896310905	0.08374875373878364
AVAX/USDT	2025-03-09 00:00:00+00:00	(0.5, 0.75)	0.007302823758520065	0.02288218111002933	0.05793573515092509	0.14264849074975655
AVAX/USDT	2025-03-10 00:00:00+00:00	(0.5, 0.75)	0.04120267260579056	0.047327394209354	0.07906458797327384	0.16258351893095757
AVAX/USDT	2025-03-11 00:00:00+00:00	(0.75, 1.0)	0.06322897483118485	0.10988336402701039	0.13443830570902401	0.16206261510128916
AVAX/USDT	2025-03-12 00:00:00+00:00	(0.25, 0.5)	0.018264840182648418	0.0473744292237442	0.07933789954337903	0.12043378995433787
AVAX/USDT	2025-03-13 00:00:00+00:00	(0.5, 0.75)	0.015319598520866305	0.024300052826201842	0.04067617538298994	0.08452192287374527
AVAX/USDT	2025-03-14 00:00:00+00:00	(0.75, 1.0)	0.018338727076591146	0.023732470334411962	0.03613807982740012	0.04692556634304194
AVAX/USDT	2025-03-15 00:00:00+00:00	(0.5, 0.75)	0.010781671159029803	0.01671159029649589	0.02857142857142844	0.059299191374662955
AVAX/USDT	2025-03-16 00:00:00+00:00	(0.75, 1.0)	0.008294453084499748	0.04613789528252984	0.0787973043027477	0.08968377397615347
AVAX/USDT	2025-03-17 00:00:00+00:00	(0.0, 0.05)	0.020765027322404317	0.02513661202185797	0.03169398907103816	0.048633879781420794
AVAX/USDT	2025-03-18 00:00:00+00:00	(0.05, 0.1)	0.01273885350318463	0.02919320594479834	0.04670912951167742	0.0509554140127389
AVAX/USDT	2025-03-19 00:00:00+00:00	(0.5, 0.75)	0.008909853249475795	0.02148846960167716	0.04350104821802945	0.06603773584905669
AVAX/USDT	2025-03-20 00:00:00+00:00	(0.1, 0.25)	0.021673387096774178	0.030745967741935457	0.05493951612903225	0.0715725806451612
AVAX/USDT	2025-03-21 00:00:00+00:00	(0.0, 0.05)	0.015889830508474614	0.018538135593220414	0.036546610169491595	0.05985169491525419
AVAX/USDT	2025-03-22 00:00:00+00:00	(0.5, 0.75)	0.007780082987551793	0.017116182572614203	0.02956431535269711	0.03423236514522822
AVAX/USDT	2025-03-23 00:00:00+00:00	(0.25, 0.5)	0.007720020586721674	0.020072053525476096	0.02316006176016484	0.029850746268656813
AVAX/USDT	2025-03-24 00:00:00+00:00	(0.25, 0.5)	0.022692889561270767	0.0862329803328291	0.10590015128593049	0.1159858799798286
AVAX/USDT	2025-03-25 00:00:00+00:00	(0.0, 0.05)	0.009302325581395316	0.018139534883720956	0.052093023255814	0.10093023255813961
AVAX/USDT	2025-03-26 00:00:00+00:00	(0.5, 0.75)	0.013925152306353362	0.030896431679721535	0.030896431679721535	0.06179286335944307
AVAX/USDT	2025-03-27 00:00:00+00:00	(0.1, 0.25)	0.012233801540552766	0.01631173538740369	0.02899864068871774	0.03398278205709107
AVAX/USDT	2025-03-28 00:00:00+00:00	(0.0, 0.05)	0.010923987255348292	0.02457897132453358	0.09148839326354127	0.11015020482476112
AVAX/USDT	2025-03-29 00:00:00+00:00	(0.75, 1.0)	0.00925925925925915	0.022417153996101405	0.04337231968810919	0.05263157894736834
AVAX/USDT	2025-03-30 00:00:00+00:00	(0.25, 0.5)	0.021406727828746083	0.02752293577981647	0.03720693170234456	0.06218144750254836
AVAX/USDT	2025-03-31 00:00:00+00:00	(0.5, 0.75)	0.021253985122210526	0.0297555791710947	0.045164718384697204	0.04994686503719454
AVAX/USDT	2025-04-01 00:00:00+00:00	(0.0, 0.05)	0.01011714589989357	0.02449414270500537	0.05431309904153352	0.06549520766773165
AVAX/USDT	2025-04-02 00:00:00+00:00	(0.5, 0.75)	0.016793893129770907	0.029007633587786276	0.04681933842239177	0.10890585241730265
AVAX/USDT	2025-04-03 00:00:00+00:00	(0.75, 1.0)	0.022651933701657464	0.04364640883977895	0.05580110497237557	0.07790055248618785
AVAX/USDT	2025-04-04 00:00:00+00:00	(0.1, 0.25)	0.012658227848101288	0.020363236103467307	0.06384149697303247	0.06384149697303247
AVAX/USDT	2025-04-05 00:00:00+00:00	(0.05, 0.1)	0.011563876651982425	0.015418502202643234	0.017621145374449355	0.03744493392070483
AVAX/USDT	2025-04-06 00:00:00+00:00	(0.0, 0.05)	0.011804384485666152	0.035413153456998456	0.045531197301855106	0.12928611579539082
AVAX/USDT	2025-04-07 00:00:00+00:00	(0.75, 1.0)	0.02649842271293375	0.06309148264984227	0.11293375394321761	0.16214511041009466
AVAX/USDT	2025-04-08 00:00:00+00:00	(0.25, 0.5)	0.015995260663507083	0.038507109004739255	0.05450236966824634	0.10663507109004734
AVAX/USDT	2025-04-09 00:00:00+00:00	(0.25, 0.5)	0.03150092649783816	0.05003088326127231	0.0790611488573194	0.205064854848672
AVAX/USDT	2025-04-10 00:00:00+00:00	(0.1, 0.25)	0.013071895424836517	0.034313725490196026	0.034313725490196026	0.05610021786492362
AVAX/USDT	2025-04-11 00:00:00+00:00	(0.25, 0.5)	0.015624999999999955	0.018857758620689734	0.036099137931034385	0.06734913793103449
AVAX/USDT	2025-04-12 00:00:00+00:00	(0.1, 0.25)	0.008385744234800846	0.01572327044025161	0.024633123689727407	0.11477987421383655
AVAX/USDT	2025-04-13 00:00:00+00:00	(0.5, 0.75)	0.015617374328940961	0.02391410444119075	0.0390434358223524	0.06881405563689606
AVAX/USDT	2025-04-14 00:00:00+00:00	(0.5, 0.75)	0.01614530776992938	0.03985872855701325	0.04036326942482345	0.04843592330978814
AVAX/USDT	2025-04-15 00:00:00+00:00	(0.1, 0.25)	0.011454183266932294	0.02141434262948206	0.023904382470119546	0.07569721115537847
AVAX/USDT	2025-04-16 00:00:00+00:00	(0.5, 0.75)	0.014376996805111798	0.019169329073482396	0.02502662406815774	0.04259850905218321
AVAX/USDT	2025-04-17 00:00:00+00:00	(0.25, 0.5)	0.01067235859124863	0.016542155816435367	0.046424759871931565	0.046424759871931565
AVAX/USDT	2025-04-18 00:00:00+00:00	(0.05, 0.1)	0.009973753280839963	0.012073490813648316	0.023097112860892454	0.025721784776902804
AVAX/USDT	2025-04-19 00:00:00+00:00	(0.0, 0.05)	0.005771248688352541	0.015215110178384006	0.03672612801678905	0.06977964323189918
AVAX/USDT	2025-04-20 00:00:00+00:00	(0.5, 0.75)	0.0060090135202802925	0.011517275913870828	0.04056084126189278	0.04056084126189278
AVAX/USDT	2025-04-21 00:00:00+00:00	(0.25, 0.5)	0.024923702950152515	0.024923702950152515	0.06561546286876903	0.06561546286876903
AVAX/USDT	2025-04-22 00:00:00+00:00	(0.5, 0.75)	0.01777552056881655	0.03910614525139662	0.05129507364144225	0.14525139664804465
AVAX/USDT	2025-04-23 00:00:00+00:00	(0.75, 1.0)	0.014525646845211088	0.0317748524738992	0.05401724920562858	0.0544711756695415
AVAX/USDT	2025-04-24 00:00:00+00:00	(0.25, 0.5)	0.015232974910394258	0.028673835125448053	0.0367383512544803	0.04614695340501797
AVAX/USDT	2025-04-25 00:00:00+00:00	(0.05, 0.1)	0.013920071845532208	0.03502469690166148	0.043107319263583334	0.04939380332285592
AVAX/USDT	2025-04-26 00:00:00+00:00	(0.05, 0.1)	0.00942549371633756	0.03500897666068212	0.050718132854578046	0.05700179533213642
AVAX/USDT	2025-04-27 00:00:00+00:00	(0.25, 0.5)	0.015131286159323538	0.03337783711615488	0.034712950600801123	0.06453048509123273
AVAX/USDT	2025-04-28 00:00:00+00:00	(0.5, 0.75)	0.01305361305361294	0.03869463869463878	0.06573426573426575	0.06573426573426575
AVAX/USDT	2025-04-29 00:00:00+00:00	(0.1, 0.25)	0.012814645308924537	0.020137299771167107	0.030205949656750577	0.047139588100686546
AVAX/USDT	2025-04-30 00:00:00+00:00	(0.5, 0.75)	0.008780036968576769	0.015249537892791213	0.022643253234750554	0.0730129390018485
AVAX/USDT	2025-05-01 00:00:00+00:00	(0.25, 0.5)	0.013358778625954082	0.019083969465648786	0.03721374045801532	0.05057251908396957
AVAX/USDT	2025-05-02 00:00:00+00:00	(0.1, 0.25)	0.0184331797235024	0.02672811059907843	0.04838709677419358	0.05622119815668214
AVAX/USDT	2025-05-03 00:00:00+00:00	(0.1, 0.25)	0.008007536504945912	0.009891662741403713	0.030617051342440044	0.03768252472915689
AVAX/USDT	2025-05-04 00:00:00+00:00	(0.25, 0.5)	0.012147716229348883	0.019922254616132177	0.030126336248785107	0.04227405247813399
AVAX/USDT	2025-05-05 00:00:00+00:00	(0.25, 0.5)	0.008012018027040569	0.028542814221331834	0.04256384576865287	0.04707060590886318
AVAX/USDT	2025-05-06 00:00:00+00:00	(0.25, 0.5)	0.007621951219512123	0.017276422764227636	0.030995934959349564	0.04369918699186989
AVAX/USDT	2025-05-07 00:00:00+00:00	(0.75, 1.0)	0.011471321695760442	0.024937655860349125	0.02992518703241902	0.05785536159600998
AVAX/USDT	2025-05-08 00:00:00+00:00	(0.5, 0.75)	0.020950434338272872	0.055697496167603465	0.08584568216658167	0.14358712314767513
AVAX/USDT	2025-05-09 00:00:00+00:00	(0.75, 1.0)	0.013039568345323703	0.021582733812949662	0.09217625899280579	0.09217625899280579
AVAX/USDT	2025-05-10 00:00:00+00:00	(0.1, 0.25)	0.022222222222222206	0.028205128205128212	0.0769230769230768	0.12863247863247856
AVAX/USDT	2025-05-11 00:00:00+00:00	(0.75, 1.0)	0.035203094777562866	0.035203094777562866	0.05996131528046424	0.06499032882011604
AVAX/USDT	2025-05-12 00:00:00+00:00	(0.1, 0.25)	0.016860698514652817	0.03171417101565633	0.09634684865515851	0.12484945804897629
AVAX/USDT	2025-05-13 00:00:00+00:00	(0.5, 0.75)	0.023896314297286343	0.05305791818550029	0.05305791818550029	0.1134062373430539
AVAX/USDT	2025-05-14 00:00:00+00:00	(0.0, 0.05)	0.01357115160915075	0.03024428072896476	0.04459092671578126	0.0697944939899186
AVAX/USDT	2025-05-15 00:00:00+00:00	(0.25, 0.5)	0.010821643286573129	0.030861723446893773	0.06452905811623244	0.08777555110220432
AVAX/USDT	2025-05-16 00:00:00+00:00	(0.25, 0.5)	0.014849384811200739	0.0284259652100128	0.03394145099703015	0.05854900296987692
AVAX/USDT	2025-05-17 00:00:00+00:00	(0.75, 1.0)	0.02298352124891577	0.03469210754553327	0.03816131830008669	0.05073720728534266
AVAX/USDT	2025-05-18 00:00:00+00:00	(0.5, 0.75)	0.011261261261261262	0.017117117117117074	0.05945945945945932	0.10360360360360364
AVAX/USDT	2025-05-19 00:00:00+00:00	(0.75, 1.0)	0.027439024390243857	0.050522648083623695	0.07447735191637618	0.07447735191637618
AVAX/USDT	2025-05-20 00:00:00+00:00	(0.1, 0.25)	0.02058165548098422	0.03221476510067109	0.039373601789709126	0.047874720357941845
AVAX/USDT	2025-05-21 00:00:00+00:00	(0.5, 0.75)	0.011910013233348017	0.025584472871636604	0.03749448610498462	0.07322452580502867
AVAX/USDT	2025-05-22 00:00:00+00:00	(0.75, 1.0)	0.01806451612903218	0.0301075268817204	0.09720430107526888	0.09763440860215052
AVAX/USDT	2025-05-23 00:00:00+00:00	(0.25, 0.5)	0.015354330708661441	0.03149606299212601	0.0795275590551181	0.12047244094488184
AVAX/USDT	2025-05-24 00:00:00+00:00	(0.75, 1.0)	0.015490533562822695	0.023235800344234045	0.026247848537005142	0.03141135972461276
AVAX/USDT	2025-05-25 00:00:00+00:00	(0.0, 0.05)	0.026510212950890892	0.028683181225554112	0.04519774011299431	0.0669274228596262
AVAX/USDT	2025-05-26 00:00:00+00:00	(0.75, 1.0)	0.020958083832335262	0.025235243798118045	0.03336184773310527	0.0483319076133447
AVAX/USDT	2025-05-27 00:00:00+00:00	(0.0, 0.05)	0.021635655560363478	0.030722630895716023	0.05884898312418864	0.05928169623539582
AVAX/USDT	2025-05-28 00:00:00+00:00	(0.1, 0.25)	0.016731016731016755	0.018018018018017938	0.027885027885027825	0.0429000429000429
AVAX/USDT	2025-05-29 00:00:00+00:00	(0.75, 1.0)	0.0238297872340425	0.03787234042553194	0.0451063829787235	0.0927659574468085
AVAX/USDT	2025-05-30 00:00:00+00:00	(0.5, 0.75)	0.05560538116591921	0.05560538116591921	0.05560538116591921	0.0919282511210761
AVAX/USDT	2025-05-31 00:00:00+00:00	(0.75, 1.0)	0.022123893805309873	0.03736479842674541	0.03736479842674541	0.06637168141592928
AVAX/USDT	2025-06-01 00:00:00+00:00	(0.05, 0.1)	0.0067502410800386005	0.016393442622950814	0.03278688524590163	0.038572806171648856
AVAX/USDT	2025-06-02 00:00:00+00:00	(0.25, 0.5)	0.01052631578947363	0.02583732057416264	0.03732057416267948	0.052631578947368494
AVAX/USDT	2025-06-03 00:00:00+00:00	(0.75, 1.0)	0.010803193987787714	0.02489431658055414	0.02724283701268193	0.038046031000469646
AVAX/USDT	2025-06-04 00:00:00+00:00	(0.5, 0.75)	0.019385342789598116	0.027895981087470444	0.029787234042553148	0.07470449172576842
AVAX/USDT	2025-06-05 00:00:00+00:00	(0.75, 1.0)	0.010442565887617966	0.016409746394828537	0.02038786673296868	0.10492292391844851
AVAX/USDT	2025-06-06 00:00:00+00:00	(0.75, 1.0)	0.012813667912440041	0.031500266951414835	0.04644954618259482	0.07047517351841966
AVAX/USDT	2025-06-07 00:00:00+00:00	(0.5, 0.75)	0.015808261091280074	0.029576746557878727	0.08006119326874045	0.08006119326874045
AVAX/USDT	2025-06-08 00:00:00+00:00	(0.1, 0.25)	0.00827250608272497	0.015085158150851518	0.025790754257907597	0.0656934306569342
AVAX/USDT	2025-06-09 00:00:00+00:00	(0.5, 0.75)	0.014265335235377895	0.0228245363766047	0.04089396100808366	0.08749405611031857
AVAX/USDT	2025-06-10 00:00:00+00:00	(0.75, 1.0)	0.010459299681673508	0.020463847203274186	0.03683492496589353	0.05229649840836738
AVAX/USDT	2025-06-11 00:00:00+00:00	(0.5, 0.75)	0.022163120567375887	0.026152482269503542	0.03324468085106383	0.06427304964539005
AVAX/USDT	2025-06-12 00:00:00+00:00	(0.5, 0.75)	0.013029315960912106	0.022335970218706397	0.040949278734295144	0.09632387156817127
AVAX/USDT	2025-06-13 00:00:00+00:00	(0.75, 1.0)	0.0518556176919166	0.0645653279105236	0.0645653279105236	0.0645653279105236
AVAX/USDT	2025-06-14 00:00:00+00:00	(0.25, 0.5)	0.01393908105317499	0.01393908105317499	0.022199277232834266	0.03717088280846664
AVAX/USDT	2025-06-15 00:00:00+00:00	(0.1, 0.25)	0.006863780359028458	0.008447729672650481	0.02692713833157347	0.029039070749736044
AVAX/USDT	2025-06-16 00:00:00+00:00	(0.5, 0.75)	0.010487676979548992	0.030414263240692282	0.050340849501835386	0.06449921342422656
AVAX/USDT	2025-06-17 00:00:00+00:00	(0.75, 1.0)	0.03246407663650875	0.04204364023416707	0.04204364023416707	0.07237892496008512
AVAX/USDT	2025-06-18 00:00:00+00:00	(0.5, 0.75)	0.01554126473740617	0.017148981779206873	0.03590568060021426	0.0444801714898177
AVAX/USDT	2025-06-19 00:00:00+00:00	(0.5, 0.75)	0.019834710743801623	0.025895316804407653	0.032506887052341595	0.04132231404958678
AVAX/USDT	2025-06-20 00:00:00+00:00	(0.1, 0.25)	0.009387078961899598	0.012700165654334645	0.03257868580894533	0.08117062396466035
AVAX/USDT	2025-06-21 00:00:00+00:00	(0.5, 0.75)	0.0074669730040208245	0.014933946008041446	0.014933946008041446	0.07581849511774844
AVAX/USDT	2025-06-22 00:00:00+00:00	(0.75, 1.0)	0.019654556283501982	0.03097081596188205	0.03454437164979144	0.08933889219773675
AVAX/USDT	2025-06-23 00:00:00+00:00	(0.75, 1.0)	0.016324062877872015	0.016324062877872015	0.039903264812575584	0.11668681983071341
AVAX/USDT	2025-06-24 00:00:00+00:00	(0.75, 1.0)	0.011634349030470961	0.016066481994459786	0.03379501385041548	0.03379501385041548
AVAX/USDT	2025-06-25 00:00:00+00:00	(0.25, 0.5)	0.012561441835062637	0.015292190060076524	0.0349535772801748	0.05188421627525939
AVAX/USDT	2025-06-26 00:00:00+00:00	(0.25, 0.5)	0.007954545454545487	0.03238636363636365	0.037500000000000006	0.05284090909090907
AVAX/USDT	2025-06-27 00:00:00+00:00	(0.5, 0.75)	0.017421602787456487	0.03019744483159115	0.034843205574912973	0.044715447154471524
AVAX/USDT	2025-06-28 00:00:00+00:00	(0.25, 0.5)	0.0051282051282051195	0.0108262108262109	0.014814814814814701	0.03418803418803407
AVAX/USDT	2025-06-29 00:00:00+00:00	(0.05, 0.1)	0.005013927576601664	0.011699164345403948	0.020612813370473593	0.06128133704735365
AVAX/USDT	2025-06-30 00:00:00+00:00	(0.75, 1.0)	0.01970181043663458	0.03248136315228964	0.04739084132055381	0.06230031948881779
AVAX/USDT	2025-07-01 00:00:00+00:00	(0.25, 0.5)	0.011111111111111072	0.01833333333333324	0.03499999999999995	0.06222222222222208
AVAX/USDT	2025-07-02 00:00:00+00:00	(0.05, 0.1)	0.008182349503214528	0.019871420222092335	0.0420806545879604	0.10870835768556397
AVAX/USDT	2025-07-03 00:00:00+00:00	(0.25, 0.5)	0.008064516129032182	0.012903225806451719	0.039784946236559246	0.04462365591397859
AVAX/USDT	2025-07-04 00:00:00+00:00	(0.0, 0.05)	0.01023706896551731	0.017241379310344845	0.049568965517241284	0.07435344827586202
AVAX/USDT	2025-07-05 00:00:00+00:00	(0.25, 0.5)	0.0039281705948372775	0.011784511784511831	0.01627384960718289	0.020763187429853953
AVAX/USDT	2025-07-06 00:00:00+00:00	(0.25, 0.5)	0.005595970900951395	0.008393956351427092	0.01063234471180757	0.049244543928371715
AVAX/USDT	2025-07-07 00:00:00+00:00	(0.5, 0.75)	0.007088331515812571	0.02181025081788433	0.026717557251908313	0.04307524536532165
AVAX/USDT	2025-07-08 00:00:00+00:00	(0.25, 0.5)	0.013850415512465374	0.020498614958448808	0.03213296398891957	0.04376731301939053
AVAX/USDT	2025-07-09 00:00:00+00:00	(0.0, 0.05)	0.005461496450027386	0.012015292190060015	0.032768978700163924	0.08410704533042049
AVAX/USDT	2025-07-10 00:00:00+00:00	(0.75, 1.0)	0.013803680981595071	0.013803680981595071	0.014826175869120611	0.07413087934560324
AVAX/USDT	2025-07-11 00:00:00+00:00	(0.75, 1.0)	0.013526570048309063	0.023671497584540988	0.03768115942028974	0.05845410628019328
AVAX/USDT	2025-07-12 00:00:00+00:00	(0.75, 1.0)	0.021276595744680913	0.03239845261121865	0.03384912959381041	0.04352030947775622
AVAX/USDT	2025-07-13 00:00:00+00:00	(0.25, 0.5)	0.010110736639383597	0.020221473278767364	0.030332209918151134	0.05007221954742413
AVAX/USDT	2025-07-14 00:00:00+00:00	(0.75, 1.0)	0.010318949343339533	0.04174484052532819	0.04268292682926813	0.04971857410881795
AVAX/USDT	2025-07-15 00:00:00+00:00	(0.1, 0.25)	0.02218027371401616	0.04624823029731007	0.05285512033978296	0.10335063709296827
AVAX/USDT	2025-07-16 00:00:00+00:00	(0.75, 1.0)	0.014285714285714141	0.03928571428571424	0.03928571428571424	0.06294642857142858
AVAX/USDT	2025-07-17 00:00:00+00:00	(0.5, 0.75)	0.014971378247468069	0.04051078819903134	0.0537208278291501	0.10215763980625277
AVAX/USDT	2025-07-18 00:00:00+00:00	(0.75, 1.0)	0.027719445611087787	0.03527929441411171	0.054178916421671684	0.08273834523309545
AVAX/USDT	2025-07-19 00:00:00+00:00	(0.5, 0.75)	0.025913338997451123	0.042056074766355075	0.042905692438402636	0.09430756159728118
AVAX/USDT	2025-07-20 00:00:00+00:00	(0.75, 1.0)	0.011880376894715392	0.01925440393281452	0.03932814420319545	0.05079885292912749
AVAX/USDT	2025-07-21 00:00:00+00:00	(0.5, 0.75)	0.018943974203949974	0.034260378879483994	0.07617896009673522	0.07617896009673522
AVAX/USDT	2025-07-22 00:00:00+00:00	(0.25, 0.5)	0.024419062623079992	0.046868846002363185	0.051988972036234746	0.05435210712879082
AVAX/USDT	2025-07-23 00:00:00+00:00	(0.75, 1.0)	0.022411128284389563	0.024729520865533254	0.04907264296754263	0.11398763523956734
AVAX/USDT	2025-07-24 00:00:00+00:00	(0.75, 1.0)	0.015494137353433877	0.016331658291457312	0.06993299832495804	0.07998324958123953
AVAX/USDT	2025-07-25 00:00:00+00:00	(0.5, 0.75)	0.01148936170212764	0.03276595744680849	0.04468085106382982	0.050212765957446795
AVAX/USDT	2025-07-26 00:00:00+00:00	(0.75, 1.0)	0.004596740493104865	0.01295445048056827	0.02423735896364404	0.08065190137902213
AVAX/USDT	2025-07-27 00:00:00+00:00	(0.5, 0.75)	0.009236947791164534	0.010040160642570281	0.02088353413654631	0.06907630522088364
AVAX/USDT	2025-07-28 00:00:00+00:00	(0.75, 1.0)	0.014503816793893093	0.02137404580152667	0.06030534351145032	0.09122137404580155
AVAX/USDT	2025-07-29 00:00:00+00:00	(0.5, 0.75)	0.030362776025236717	0.03903785488958998	0.04258675078864361	0.06427444794952691
AVAX/USDT	2025-07-30 00:00:00+00:00	(0.25, 0.5)	0.00988060930424051	0.02058460271716756	0.04981473857554553	0.08686702346644723
AVAX/USDT	2025-07-31 00:00:00+00:00	(0.25, 0.5)	0.011187607573149657	0.02151462994836489	0.03829604130808953	0.08390705679862304
AVAX/USDT	2025-08-01 00:00:00+00:00	(0.5, 0.75)	0.029743127534925647	0.03515096890491201	0.04281207751239294	0.07030193780982419
AVAX/USDT	2025-08-02 00:00:00+00:00	(0.75, 1.0)	0.009289363678587983	0.011611704598235021	0.029725963771481678	0.053878309335810504
AVAX/USDT	2025-08-03 00:00:00+00:00	(0.25, 0.5)	0.022999520843315784	0.03066602779108771	0.04408241494968846	0.04647819837086722
AVAX/USDT	2025-08-04 00:00:00+00:00	(0.0, 0.05)	0.024321796071094463	0.026192703461178614	0.031337698783910115	0.0823199251637043
AVAX/USDT	2025-08-05 00:00:00+00:00	(0.75, 1.0)	0.0056228373702421714	0.0207612456747405	0.042820069204152336	0.07352941176470584
AVAX/USDT	2025-08-06 00:00:00+00:00	(0.1, 0.25)	0.01692589204025622	0.01784080512351329	0.03385178408051228	0.037968892955169184
AVAX/USDT	2025-08-07 00:00:00+00:00	(0.0, 0.05)	0.0058611361587016485	0.016681695220919793	0.0428313796212804	0.06447249774571685
AVAX/USDT	2025-08-08 00:00:00+00:00	(0.75, 1.0)	0.03000428632661806	0.03000428632661806	0.03000428632661806	0.03729104157736824
AVAX/USDT	2025-08-09 00:00:00+00:00	(0.0, 0.05)	0.007553503986571537	0.019303399076793994	0.04322282836760391	0.045740663029794376
AVAX/USDT	2025-08-10 00:00:00+00:00	(0.5, 0.75)	0.01150369761709111	0.018077239112571804	0.05299917830731303	0.05299917830731303
AVAX/USDT	2025-08-11 00:00:00+00:00	(0.1, 0.25)	0.013058129738837352	0.038331929233361275	0.05855096882898065	0.08340353833192926
AVAX/USDT	2025-08-12 00:00:00+00:00	(0.75, 1.0)	0.012269938650306797	0.02015775635407541	0.022348816827344346	0.09377738825591574
AVAX/USDT	2025-08-13 00:00:00+00:00	(0.25, 0.5)	0.01573215006050815	0.031060911657926567	0.04316256555062527	0.052843888664784136
AVAX/USDT	2025-08-14 00:00:00+00:00	(0.25, 0.5)	0.016451233842538257	0.02937720329024677	0.04896200548374461	0.11006658832745783
AVAX/USDT	2025-08-15 00:00:00+00:00	(0.25, 0.5)	0.012583892617449695	0.06501677852348996	0.08137583892617455	0.09228187919463084
AVAX/USDT	2025-08-16 00:00:00+00:00	(0.25, 0.5)	0.01672940192388116	0.01672940192388116	0.024257632789627698	0.033458803847762474
AVAX/USDT	2025-08-17 00:00:00+00:00	(0.0, 0.05)	0.008264462809917326	0.02066115702479339	0.03801652892561991	0.06859504132231406
AVAX/USDT	2025-08-18 00:00:00+00:00	(0.05, 0.1)	0.01915403032721456	0.06464485235434947	0.0786113328012769	0.0786113328012769
AVAX/USDT	2025-08-19 00:00:00+00:00	(0.25, 0.5)	0.02956081081081078	0.04476351351351346	0.050675675675675644	0.07390202702702703
AVAX/USDT	2025-08-20 00:00:00+00:00	(0.25, 0.5)	0.01068566340160278	0.02671415850400703	0.03606411398040956	0.05877114870881568
AVAX/USDT	2025-08-21 00:00:00+00:00	(0.0, 0.05)	0.007268063274903877	0.019666524155622096	0.0260795211628901	0.03847798204360847
AVAX/USDT	2025-08-22 00:00:00+00:00	(0.1, 0.25)	0.0096322241681262	0.022767075306479843	0.03458844133099821	0.14054290718038517
AVAX/USDT	2025-08-23 00:00:00+00:00	(0.05, 0.1)	0.012728719172633265	0.03381066030230714	0.062450278440731914	0.09148766905330154
AVAX/USDT	2025-08-24 00:00:00+00:00	(0.5, 0.75)	0.012629161882893297	0.01607347876004599	0.05128205128205128	0.06314580941446608
AVAX/USDT	2025-08-25 00:00:00+00:00	(0.5, 0.75)	0.02637703646237392	0.028316524437548504	0.07408844065166796	0.11093871217998445
AVAX/USDT	2025-08-26 00:00:00+00:00	(0.5, 0.75)	0.014169171318162381	0.024903392013739884	0.024903392013739884	0.054100472305710676
AVAX/USDT	2025-08-27 00:00:00+00:00	(0.1, 0.25)	0.010761589403973428	0.03145695364238417	0.03394039735099339	0.0608443708609271
AVAX/USDT	2025-08-28 00:00:00+00:00	(0.5, 0.75)	0.01426242868785662	0.021189894050529876	0.029747351263243703	0.03871230643846778
AVAX/USDT	2025-08-29 00:00:00+00:00	(0.75, 1.0)	0.008831794460056299	0.02328382175832992	0.06824568446407063	0.08028904054596547
AVAX/USDT	2025-08-30 00:00:00+00:00	(0.1, 0.25)	0.007662835249042134	0.026394210302256173	0.03320561941251586	0.035759897828863345
AVAX/USDT	2025-08-31 00:00:00+00:00	(0.05, 0.1)	0.012610340479192968	0.012610340479192968	0.018074821353509865	0.03993274485077761
AVAX/USDT	2025-09-01 00:00:00+00:00	(0.5, 0.75)	0.011578044596912503	0.019725557461406553	0.06303602058319034	0.07118353344768424
AVAX/USDT	2025-09-02 00:00:00+00:00	(0.75, 1.0)	0.009075194468452933	0.031979256698357904	0.05445116681071744	0.06655142610198786
AVAX/USDT	2025-09-03 00:00:00+00:00	(0.75, 1.0)	0.011400651465798092	0.01710097719869714	0.061482084690553815	0.061482084690553815
AVAX/USDT	2025-09-04 00:00:00+00:00	(0.0, 0.05)	0.008730158730158826	0.00992063492063492	0.028571428571428668	0.04880952380952383
AVAX/USDT	2025-09-05 00:00:00+00:00	(0.25, 0.5)	0.012847078325735693	0.020721094073767096	0.042685453791960266	0.05180273518441774
AVAX/USDT	2025-09-06 00:00:00+00:00	(0.1, 0.25)	0.005725971370143173	0.009815950920245335	0.018404907975460093	0.02167689161554197
AVAX/USDT	2025-09-07 00:00:00+00:00	(0.0, 0.05)	0.006964358869315924	0.014338385907415051	0.016386726751331508	0.02826710364604661
AVAX/USDT	2025-09-08 00:00:00+00:00	(0.25, 0.5)	0.010539116335630238	0.019862180786380156	0.03607620591811919	0.05147952979327116
AVAX/USDT	2025-09-09 00:00:00+00:00	(0.05, 0.1)	0.011430823807646933	0.021284982262514886	0.05321245565628701	0.057548285376428886
AVAX/USDT	2025-09-10 00:00:00+00:00	(0.0, 0.05)	0.0065586419753087075	0.02121913580246916	0.05902777777777782	0.1454475308641975
AVAX/USDT	2025-09-11 00:00:00+00:00	(0.75, 1.0)	0.008196721311475478	0.04030054644808742	0.04952185792349724	0.057718579234972596
AVAX/USDT	2025-09-12 00:00:00+00:00	(0.25, 0.5)	0.013712718546451785	0.02742543709290357	0.03942406582104897	0.03942406582104897
AVAX/USDT	2025-09-13 00:00:00+00:00	(0.25, 0.5)	0.00792011019283748	0.0578512396694216	0.0864325068870524	0.0864325068870524
AVAX/USDT	2025-09-14 00:00:00+00:00	(0.25, 0.5)	0.009637753406447297	0.01661681621801263	0.03389830508474575	0.055832502492522425
AVAX/USDT	2025-09-15 00:00:00+00:00	(0.5, 0.75)	0.01546738399462007	0.019166106254203105	0.06993947545393416	0.07498318762609282
AVAX/USDT	2025-09-16 00:00:00+00:00	(0.75, 1.0)	0.013100436681222608	0.01948270070540807	0.06147127981189111	0.06147127981189111
AVAX/USDT	2025-09-17 00:00:00+00:00	(0.0, 0.05)	0.006006006006005996	0.01735068401735067	0.024357691024357708	0.0874207540874208
AVAX/USDT	2025-09-18 00:00:00+00:00	(0.75, 1.0)	0.02419861722187291	0.05091137649277176	0.05091137649277176	0.11816467630421112
AVAX/USDT	2025-09-19 00:00:00+00:00	(0.5, 0.75)	0.018280491288203388	0.03970294201656671	0.0579834333047701	0.07055127106540986
AVAX/USDT	2025-09-20 00:00:00+00:00	(0.25, 0.5)	0.005319148936170204	0.01861702127659582	0.03693853427895981	0.03693853427895981
AVAX/USDT	2025-09-21 00:00:00+00:00	(0.05, 0.1)	0.006331022007838433	0.015676816400361865	0.03105215556225508	0.03105215556225508
AVAX/USDT	2025-09-22 00:00:00+00:00	(0.05, 0.1)	0.04783530124129574	0.05540417801998178	0.11201937632455342	0.14653345443536178
AVAX/USDT	2025-09-23 00:00:00+00:00	(0.75, 1.0)	0.04300760678759505	0.08806319485078988	0.08806319485078988	0.09976594499707421
AVAX/USDT	2025-09-24 00:00:00+00:00	(0.5, 0.75)	0.03380782918149468	0.05604982206405696	0.05604982206405696	0.07680901542111516
AVAX/USDT	2025-09-25 00:00:00+00:00	(0.75, 1.0)	0.019112207151664534	0.042848335388409285	0.07305795314426626	0.1322441430332921
AVAX/USDT	2025-09-26 00:00:00+00:00	(0.75, 1.0)	0.017271157167530225	0.039723661485319466	0.059758203799654595	0.08739205526770298
AVAX/USDT	2025-09-27 00:00:00+00:00	(0.25, 0.5)	0.009655172413793142	0.013793103448275935	0.028275862068965527	0.028275862068965527
AVAX/USDT	2025-09-28 00:00:00+00:00	(0.1, 0.25)	0.008707767328456984	0.024730059212817738	0.032044583768721636	0.08289794496691044
AVAX/USDT	2025-09-29 00:00:00+00:00	(0.75, 1.0)	0.014342895263508995	0.02768512341561035	0.03735823882588395	0.05637091394262846
AVAX/USDT	2025-09-30 00:00:00+00:00	(0.25, 0.5)	0.024222585924713647	0.029132569558101493	0.049427168576104796	0.062193126022913325
AVAX/USDT	2025-10-01 00:00:00+00:00	(0.25, 0.5)	0.008997000999666762	0.02099300233255578	0.0496501166277908	0.0496501166277908
AVAX/USDT	2025-10-02 00:00:00+00:00	(0.05, 0.1)	0.029201817001946857	0.03017521090201167	0.031148604802076485	0.06164828033744317
AVAX/USDT	2025-10-03 00:00:00+00:00	(0.1, 0.25)	0.00846905537459277	0.01824104234527683	0.033550488599348574	0.05146579804560267
AVAX/USDT	2025-10-04 00:00:00+00:00	(0.1, 0.25)	0.005116725295810686	0.008314678605692407	0.036456667732651125	0.04924848097217778
AVAX/USDT	2025-10-05 00:00:00+00:00	(0.0, 0.05)	0.010312707917498413	0.028942115768463107	0.04624085163007321	0.052561543579507715
AVAX/USDT	2025-10-06 00:00:00+00:00	(0.1, 0.25)	0.014915478952601898	0.014915478952601898	0.028505137553861432	0.03612860457408021
AVAX/USDT	2025-10-07 00:00:00+00:00	(0.1, 0.25)	0.0058881256133464085	0.012430487405953516	0.03565587176970886	0.09159306509649986
AVAX/USDT	2025-10-08 00:00:00+00:00	(0.25, 0.5)	0.013978494623655935	0.018637992831541203	0.023297491039426473	0.06415770609318994
AVAX/USDT	2025-10-09 00:00:00+00:00	(0.5, 0.75)	0.01494612443517552	0.026763990267639887	0.031630170316301706	0.04483837330552669
AVAX/USDT	2025-10-10 00:00:00+00:00	(0.25, 0.5)	0.005287275290800091	0.010927035600986913	0.02079661614381388	0.7084948889672189
AVAX/USDT	2025-10-11 00:00:00+00:00	(0.75, 1.0)	0.09535218016291336	0.12458073790129379	0.1490177287973167	0.1490177287973167
AVAX/USDT	2025-10-12 00:00:00+00:00	(0.75, 1.0)	0.027153558052434378	0.03698501872659172	0.042602996254681655	0.1254681647940075
AVAX/USDT	2025-10-13 00:00:00+00:00	(0.75, 1.0)	0.03225806451612898	0.03225806451612898	0.06137992831541223	0.10707885304659501
AVAX/USDT	2025-10-14 00:00:00+00:00	(0.1, 0.25)	0.007136859781695976	0.0331654072208228	0.08186397984886647	0.08774139378673383
AVAX/USDT	2025-10-15 00:00:00+00:00	(0.25, 0.5)	0.009292035398229969	0.023893805309734475	0.04070796460176983	0.0765486725663717
AVAX/USDT	2025-10-16 00:00:00+00:00	(0.1, 0.25)	0.010999083409715948	0.016040329972502355	0.0637030247479377	0.08295142071494052
AVAX/USDT	2025-10-17 00:00:00+00:00	(0.25, 0.5)	0.013802950975725804	0.01999048072346493	0.10661589719181334	0.10661589719181334
AVAX/USDT	2025-10-18 00:00:00+00:00	(0.25, 0.5)	0.008534136546184646	0.016064257028112462	0.028112449799196897	0.030120481927710913
AVAX/USDT	2025-10-19 00:00:00+00:00	(0.0, 0.05)	0.00893743793445895	0.014895729890764682	0.042701092353525295	0.05412115193644488
AVAX/USDT	2025-10-20 00:00:00+00:00	(0.25, 0.5)	0.014173998044965745	0.04545454545454544	0.050830889540566915	0.050830889540566915
AVAX/USDT	2025-10-21 00:00:00+00:00	(0.25, 0.5)	0.010848126232741735	0.03747534516765293	0.04487179487179488	0.06854043392504934
AVAX/USDT	2025-10-22 00:00:00+00:00	(0.75, 1.0)	0.015267175572519122	0.015267175572519122	0.029007633587786276	0.06564885496183202
AVAX/USDT	2025-10-23 00:00:00+00:00	(0.75, 1.0)	0.008407777193904368	0.012086179716237542	0.03363110877561747	0.03993694167104561
AVAX/USDT	2025-10-24 00:00:00+00:00	(0.5, 0.75)	0.012565445026178113	0.012565445026178113	0.03298429319371741	0.048167539267015794
AVAX/USDT	2025-10-25 00:00:00+00:00	(0.05, 0.1)	0.005655526992287889	0.01028277634961436	0.014395886889460214	0.03033419023136246
AVAX/USDT	2025-10-26 00:00:00+00:00	(0.0, 0.05)	0.008642602948652676	0.023894255210981128	0.055414336553126574	0.08235892221657351
AVAX/USDT	2025-10-27 00:00:00+00:00	(0.75, 1.0)	0.011052378664103817	0.014896684286400709	0.03219605958673723	0.044690052859202294
AVAX/USDT	2025-10-28 00:00:00+00:00	(0.5, 0.75)	0.009345794392523428	0.015740285292670946	0.026069847515986285	0.06837186424003938
AVAX/USDT	2025-10-29 00:00:00+00:00	(0.5, 0.75)	0.009748589020010329	0.010261672652642346	0.02103642893791689	0.045664443304258624
AVAX/USDT	2025-10-30 00:00:00+00:00	(0.5, 0.75)	0.010172939979654265	0.025940996948117905	0.04628687690742625	0.12512716174974553
AVAX/USDT	2025-10-31 00:00:00+00:00	(0.5, 0.75)	0.017650303364589094	0.020959735245449477	0.027027027027026942	0.044125758411472545
AVAX/USDT	2025-11-01 00:00:00+00:00	(0.1, 0.25)	0.009376723662438042	0.02151130722559297	0.034749034749034895	0.036403750689464984
AVAX/USDT	2025-11-02 00:00:00+00:00	(0.1, 0.25)	0.0048051254671649685	0.010144153764014828	0.022423918846769978	0.04858515750133476
AVAX/USDT	2025-11-03 00:00:00+00:00	(0.75, 1.0)	0.0185479597244302	0.0794912559618442	0.09114997350291461	0.15739268680445145
AVAX/USDT	2025-11-04 00:00:00+00:00	(0.25, 0.5)	0.024669073405535508	0.03249097472924204	0.06257521058965107	0.12093862815884485
AVAX/USDT	2025-11-05 00:00:00+00:00	(0.75, 1.0)	0.025015634771732354	0.07629768605378376	0.08380237648530331	0.10631644777986236
AVAX/USDT	2025-11-06 00:00:00+00:00	(0.25, 0.5)	0.010843373493975886	0.019879518072289052	0.031927710843373557	0.06746987951807235
AVAX/USDT	2025-11-07 00:00:00+00:00	(0.1, 0.25)	0.013588634959851688	0.02903026559604687	0.06053119209388513	0.12476837554045704
AVAX/USDT	2025-11-08 00:00:00+00:00	(0.25, 0.5)	0.018353726362625045	0.041156840934371434	0.04727474972191331	0.07730812013348168
AVAX/USDT	2025-11-09 00:00:00+00:00	(0.25, 0.5)	0.012041284403669772	0.03669724770642205	0.03669724770642205	0.06307339449541292
AVAX/USDT	2025-11-10 00:00:00+00:00	(0.1, 0.25)	0.020845070422535267	0.020845070422535267	0.031549295774647816	0.0371830985915493
AVAX/USDT	2025-11-11 00:00:00+00:00	(0.5, 0.75)	0.014843320505772377	0.03463441451346888	0.06157229246838927	0.0934579439252336
AVAX/USDT	2025-11-12 00:00:00+00:00	(0.25, 0.5)	0.010011778563015203	0.014134275618374466	0.042991755005889094	0.06654888103651349
AVAX/USDT	2025-11-13 00:00:00+00:00	(0.1, 0.25)	0.01781472684085515	0.04988123515439429	0.05225653206650847	0.11460807600950128
AVAX/USDT	2025-11-14 00:00:00+00:00	(0.5, 0.75)	0.018079800498753067	0.02369077306733161	0.057980049875311704	0.08354114713216958
AVAX/USDT	2025-11-15 00:00:00+00:00	(0.75, 1.0)	0.01111837802485284	0.028122956180510236	0.03466317854807071	0.03858731196860692
AVAX/USDT	2025-11-16 00:00:00+00:00	(0.25, 0.5)	0.009026434558349374	0.029013539651837592	0.03803997421018697	0.0799484203739523
AVAX/USDT	2025-11-17 00:00:00+00:00	(0.5, 0.75)	0.024503311258278093	0.04768211920529794	0.05364238410596018	0.1052980132450331
AVAX/USDT	2025-11-18 00:00:00+00:00	(0.5, 0.75)	0.02068965517241372	0.034482758620689655	0.04827586206896559	0.062068965517241406
AVAX/USDT	2025-11-19 00:00:00+00:00	(0.25, 0.5)	0.01586206896551715	0.022068965517241277	0.05172413793103448	0.06827586206896541
AVAX/USDT	2025-11-20 00:00:00+00:00	(0.75, 1.0)	0.006311360448807844	0.011220196353436195	0.016830294530154295	0.0722300140252454
AVAX/USDT	2025-11-21 00:00:00+00:00	(0.5, 0.75)	0.005743000717875095	0.02297200287150038	0.10193826274228283	0.10193826274228283
AVAX/USDT	2025-11-22 00:00:00+00:00	(0.05, 0.1)	0.005263157894736863	0.007518796992481176	0.013533834586466143	0.02706766917293242
AVAX/USDT	2025-11-23 00:00:00+00:00	(0.0, 0.05)	0.004528301886792356	0.015094339622641456	0.017358490566037634	0.022641509433962318
AVAX/USDT	2025-11-24 00:00:00+00:00	(0.25, 0.5)	0.009855951478392647	0.025777103866565572	0.032600454890068215	0.06747536012130406
AVAX/USDT	2025-11-25 00:00:00+00:00	(0.1, 0.25)	0.005763688760806921	0.007925072046109469	0.012247838616714692	0.04899135446685889
AVAX/USDT	2025-11-26 00:00:00+00:00	(0.5, 0.75)	0.010563380281690167	0.023239436619718317	0.028169014084507067	0.07676056338028169
AVAX/USDT	2025-11-27 00:00:00+00:00	(0.5, 0.75)	0.006684491978609601	0.00735294117647055	0.009358288770053513	0.020053475935828922
AVAX/USDT	2025-11-28 00:00:00+00:00	(0.0, 0.05)	0.0039946737683089545	0.004660452729693761	0.023302263648468803	0.032623169107856204
AVAX/USDT	2025-11-29 00:00:00+00:00	(0.0, 0.05)	0.003364737550471111	0.004710632570659508	0.018169582772543713	0.04845222072678335
AVAX/USDT	2025-11-30 00:00:00+00:00	(0.25, 0.5)	0.008421052631579017	0.014736842105263093	0.025263157894736803	0.06596491228070173
AVAX/USDT	2025-12-01 00:00:00+00:00	(0.75, 1.0)	0.02973977695167289	0.04237918215613385	0.04609665427509301	0.07063197026022314
AVAX/USDT	2025-12-02 00:00:00+00:00	(0.5, 0.75)	0.02433281004709566	0.02433281004709566	0.03296703296703296	0.08241758241758233
AVAX/USDT	2025-12-03 00:00:00+00:00	(0.1, 0.25)	0.008797653958944223	0.021260997067448616	0.05645161290322577	0.11070381231671553
AVAX/USDT	2025-12-04 00:00:00+00:00	(0.75, 1.0)	0.009465855307640216	0.013522650439486212	0.013522650439486212	0.045300878972278566
AVAX/USDT	2025-12-05 00:00:00+00:00	(0.1, 0.25)	0.006254343293954125	0.009034051424600347	0.05559416261292557	0.09937456567060456
AVAX/USDT	2025-12-06 00:00:00+00:00	(0.5, 0.75)	0.012121212121212133	0.01893939393939394	0.01893939393939394	0.026515151515151488
AVAX/USDT	2025-12-07 00:00:00+00:00	(0.1, 0.25)	0.007440476190476164	0.009672619047619107	0.017857142857142873	0.06622023809523801
AVAX/USDT	2025-12-08 00:00:00+00:00	(0.75, 1.0)	0.008941877794336752	0.02160953800298056	0.0394932935916542	0.0394932935916542
AVAX/USDT	2025-12-09 00:00:00+00:00	(0.25, 0.5)	0.011721611721611732	0.016117216117216164	0.019780219780219748	0.09010989010989014
AVAX/USDT	2025-12-10 00:00:00+00:00	(0.0, 0.05)	0.004791238877481197	0.004791238877481197	0.03490759753593428	0.05407255304585907
AVAX/USDT	2025-12-11 00:00:00+00:00	(0.75, 1.0)	0.02560455192034148	0.05761024182076817	0.05761024182076817	0.08250355618776672
AVAX/USDT	2025-12-12 00:00:00+00:00	(0.5, 0.75)	0.01635687732341999	0.0312267657992565	0.03494423791821553	0.07286245353159841
AVAX/USDT	2025-12-13 00:00:00+00:00	(0.1, 0.25)	0.006838905775075977	0.012158054711246211	0.028875379939209786	0.028875379939209786
AVAX/USDT	2025-12-14 00:00:00+00:00	(0.25, 0.5)	0.0037397157816006516	0.008227374719521407	0.03290949887808523	0.05011219147344802
AVAX/USDT	2025-12-15 00:00:00+00:00	(0.25, 0.5)	0.01010886469673412	0.03188180404354589	0.0381026438569207	0.08942457231726286
AVAX/USDT	2025-12-16 00:00:00+00:00	(0.25, 0.5)	0.013018714401952819	0.013832384052074853	0.028478437754271738	0.03986981285598049
AVAX/USDT	2025-12-17 00:00:00+00:00	(0.1, 0.25)	0.004061738424045404	0.008935824532900179	0.02761982128350933	0.07879772542648258
AVAX/USDT	2025-12-18 00:00:00+00:00	(0.25, 0.5)	0.011824324324324223	0.016891891891891983	0.02027027027027029	0.08783783783783791
AVAX/USDT	2025-12-19 00:00:00+00:00	(0.5, 0.75)	0.01222707423580791	0.04803493449781666	0.07248908296943232	0.10393013100436678
AVAX/USDT	2025-12-20 00:00:00+00:00	(0.1, 0.25)	0.005709624796084852	0.008972267536704829	0.01549755301794464	0.020391517128874388
AVAX/USDT	2025-12-21 00:00:00+00:00	(0.25, 0.5)	0.005737704918032811	0.013934426229508192	0.020491803278688527	0.03114754098360648
AVAX/USDT	2025-12-22 00:00:00+00:00	(0.5, 0.75)	0.016233766233766177	0.03246753246753249	0.03327922077922079	0.03571428571428567
AVAX/USDT	2025-12-23 00:00:00+00:00	(0.75, 1.0)	0.012903225806451623	0.01693548387096781	0.034677419354838826	0.0572580645161291
AVAX/USDT	2025-12-24 00:00:00+00:00	(0.5, 0.75)	0.008237232289950693	0.02224052718286652	0.023887973640856746	0.028006589785831947
AVAX/USDT	2025-12-25 00:00:00+00:00	(0.25, 0.5)	0.004962779156327438	0.0140612076095947	0.02481389578163763	0.04218362282878425
AVAX/USDT	2025-12-26 00:00:00+00:00	(0.75, 1.0)	0.01657000828500423	0.04888152444076221	0.04888152444076221	0.04888152444076221
AVAX/USDT	2025-12-27 00:00:00+00:00	(0.05, 0.1)	0.005658852061438988	0.008084074373484207	0.01293451899757479	0.037995149555375966
AVAX/USDT	2025-12-28 00:00:00+00:00	(0.5, 0.75)	0.0055074744295828875	0.014948859166010974	0.01966955153422502	0.029110936270653105
AVAX/USDT	2025-12-29 00:00:00+00:00	(0.1, 0.25)	0.011876484560570099	0.04592240696753761	0.05067300079176554	0.0673000791765637
AVAX/USDT	2025-12-30 00:00:00+00:00	(0.25, 0.5)	0.0032284100080710995	0.008071025020177534	0.018563357546408428	0.025020177562550483
AVAX/USDT	2025-12-31 00:00:00+00:00	(0.25, 0.5)	0.007182761372705496	0.01755786113328018	0.019952114924181964	0.04070231444533119
AVAX/USDT	2026-01-01 00:00:00+00:00	(0.1, 0.25)	0.004055150040551558	0.010543390105433965	0.012976480129764812	0.11841038118410374
AVAX/USDT	2026-01-02 00:00:00+00:00	(0.75, 1.0)	0.009544787077826784	0.025697503671071927	0.03817914831130687	0.06607929515418505
AVAX/USDT	2026-01-03 00:00:00+00:00	(0.75, 1.0)	0.010752688172043038	0.03584229390681004	0.04444444444444439	0.05232974910394268
AVAX/USDT	2026-01-04 00:00:00+00:00	(0.5, 0.75)	0.0071225071225070975	0.011396011396011407	0.01709401709401711	0.042022792022792015
AVAX/USDT	2026-01-05 00:00:00+00:00	(0.75, 1.0)	0.016117729502452605	0.022424667133847127	0.03153468815697262	0.05676243868255084
AVAX/USDT	2026-01-06 00:00:00+00:00	(0.75, 1.0)	0.01874999999999997	0.034722222222222224	0.03541666666666665	0.04097222222222221
AVAX/USDT	2026-01-07 00:00:00+00:00	(0.25, 0.5)	0.004827586206896449	0.008965517241379242	0.0110344827586207	0.04689655172413791
AVAX/USDT	2026-01-08 00:00:00+00:00	(0.1, 0.25)	0.009232954545454475	0.01775568181818182	0.040482954545454565	0.046164772727272756
AVAX/USDT	2026-01-09 00:00:00+00:00	(0.5, 0.75)	0.005035971223021603	0.01438848920863317	0.03093525179856126	0.04388489208633102
AVAX/USDT	2026-01-10 00:00:00+00:00	(0.1, 0.25)	0.005087209302325473	0.011627906976744196	0.017441860465116296	0.021802325581395273
AVAX/USDT	2026-01-11 00:00:00+00:00	(0.5, 0.75)	0.004376367614879686	0.005105762217359612	0.011670313639679075	0.037199124726477004
AVAX/USDT	2026-01-12 00:00:00+00:00	(0.5, 0.75)	0.020482809070958386	0.04462326261887353	0.051938551572787185	0.060716898317483545
AVAX/USDT	2026-01-13 00:00:00+00:00	(0.5, 0.75)	0.008888888888888832	0.014814814814814762	0.028148148148148075	0.10148148148148142
AVAX/USDT	2026-01-14 00:00:00+00:00	(0.75, 1.0)	0.00542005420054189	0.006097560975609747	0.020325203252032447	0.03658536585365848
AVAX/USDT	2026-01-15 00:00:00+00:00	(0.1, 0.25)	0.009575923392612899	0.03488372093023267	0.03488372093023267	0.06976744186046521
AVAX/USDT	2026-01-16 00:00:00+00:00	(0.25, 0.5)	0.007256894049346854	0.010885341074020217	0.013788098693759035	0.04934687953555876
AVAX/USDT	2026-01-17 00:00:00+00:00	(0.75, 1.0)	0.00588668138337013	0.007358351729212761	0.01324503311258289	0.03237674760853578
AVAX/USDT	2026-01-18 00:00:00+00:00	(0.1, 0.25)	0.008701957940536565	0.013778100072516281	0.019579405366207368	0.126178390137781
AVAX/USDT	2026-01-19 00:00:00+00:00	(0.75, 1.0)	0.019154030327214702	0.02553870710295294	0.03192338387869117	0.0335195530726257
AVAX/USDT	2026-01-20 00:00:00+00:00	(0.5, 0.75)	0.006299212598425203	0.009448818897637734	0.027559055118110208	0.062204724409448756
AVAX/USDT	2026-01-21 00:00:00+00:00	(0.5, 0.75)	0.01983471074380167	0.02314049586776854	0.03305785123966945	0.0702479338842975
AVAX/USDT	2026-01-22 00:00:00+00:00	(0.75, 1.0)	0.004807692307692205	0.013621794871794865	0.024038461538461453	0.046474358974358976
AVAX/USDT	2026-01-23 00:00:00+00:00	(0.1, 0.25)	0.0049099836333879295	0.01718494271685768	0.02782324058919817	0.041734860883797034
AVAX/USDT	2026-01-24 00:00:00+00:00	(0.25, 0.5)	0.004122011541632375	0.006595218466611712	0.01071723000824394	0.0181368507831821
AVAX/USDT	2026-01-25 00:00:00+00:00	(0.1, 0.25)	0.004149377593361055	0.017427385892116252	0.02074688796680498	0.0705394190871369
AVAX/USDT	2026-01-26 00:00:00+00:00	(0.5, 0.75)	0.020833333333333353	0.0243055555555555	0.026909722222222113	0.03906249999999994
AVAX/USDT	2026-01-27 00:00:00+00:00	(0.25, 0.5)	0.004277159965782781	0.013686911890504718	0.017108639863130822	0.05303678357570567
AVAX/USDT	2026-01-28 00:00:00+00:00	(0.75, 1.0)	0.009046052631578901	0.011513157894736888	0.022203947368421018	0.02960526315789469
AVAX/USDT	2026-01-29 00:00:00+00:00	(0.25, 0.5)	0.007481296758104727	0.029925187032419056	0.034081463009143824	0.10390689941812137
AVAX/USDT	2026-01-30 00:00:00+00:00	(0.25, 0.5)	0.005434782608695698	0.03532608695652179	0.03532608695652179	0.04166666666666659
AVAX/USDT	2026-01-31 00:00:00+00:00	(0.5, 0.75)	0.005519779208831693	0.007359705611775536	0.04415823367065322	0.1600735970561178
AVAX/USDT	2026-02-01 00:00:00+00:00	(0.75, 1.0)	0.008840864440078746	0.013752455795677855	0.02357563850687625	0.05795677799607071
AVAX/USDT	2026-02-02 00:00:00+00:00	(0.5, 0.75)	0.01903807615230456	0.06012024048096206	0.06012024048096206	0.07915831663326663
AVAX/USDT	2026-02-03 00:00:00+00:00	(0.1, 0.25)	0.005934718100890257	0.020771513353115813	0.025717111770524388	0.07912957467853618
AVAX/USDT	2026-02-04 00:00:00+00:00	(0.75, 1.0)	0.024266936299292236	0.025278058645096056	0.028311425682507517	0.06268958543983814
AVAX/USDT	2026-02-05 00:00:00+00:00	(0.75, 1.0)	0.016528925619834725	0.030991735537189972	0.06921487603305784	0.22107438016528924
AVAX/USDT	2026-02-06 00:00:00+00:00	(0.75, 1.0)	0.10654685494223376	0.12580231065468545	0.15275994865211814	0.2477535301668807
AVAX/USDT	2026-02-07 00:00:00+00:00	(0.5, 0.75)	0.012987012987012903	0.022727272727272627	0.04978354978354968	0.05303030303030305
AVAX/USDT	2026-02-08 00:00:00+00:00	(0.25, 0.5)	0.007592190889370963	0.015184381778741925	0.024945770065075968	0.03253796095444693
AVAX/USDT	2026-02-09 00:00:00+00:00	(0.5, 0.75)	0.010964912280701912	0.019736842105263323	0.053728070175438625	0.053728070175438625
AVAX/USDT	2026-02-10 00:00:00+00:00	(0.1, 0.25)	0.006629834254143701	0.027624309392265192	0.0408839779005524	0.05082872928176785
AVAX/USDT	2026-02-11 00:00:00+00:00	(0.1, 0.25)	0.005727376861397357	0.027491408934707928	0.056128293241695326	0.06185567010309288
AVAX/USDT	2026-02-12 00:00:00+00:00	(0.5, 0.75)	0.009195402298850583	0.012643678160919476	0.033333333333333444	0.04022988505747143
AVAX/USDT	2026-02-13 00:00:00+00:00	(0.5, 0.75)	0.010101010101010085	0.01122334455667785	0.02020202020202017	0.05836139169472498
AVAX/USDT	2026-02-14 00:00:00+00:00	(0.25, 0.5)	0.009846827133479195	0.009846827133479195	0.0284463894967177	0.06455142231947482
AVAX/USDT	2026-02-15 00:00:00+00:00	(0.25, 0.5)	0.01148225469728614	0.024008350730688795	0.02922755741127342	0.06367432150313146
AVAX/USDT	2026-02-16 00:00:00+00:00	(0.25, 0.5)	0.009656652360515007	0.015021459227467872	0.019313304721030013	0.03969957081545056
AVAX/USDT	2026-02-17 00:00:00+00:00	(0.5, 0.75)	0.005399568034557121	0.012958963282937472	0.025917926565874754	0.03239740820734349
AVAX/USDT	2026-02-18 00:00:00+00:00	(0.05, 0.1)	0.007667031763417336	0.012048192771084274	0.02300109529025201	0.04490690032858709
AVAX/USDT	2026-02-19 00:00:00+00:00	(0.1, 0.25)	0.007909604519774044	0.012429378531073383	0.018079096045197758	0.031638418079095974
AVAX/USDT	2026-02-20 00:00:00+00:00	(0.0, 0.05)	0.007856341189674555	0.007856341189674555	0.05387205387205372	0.05387205387205372
AVAX/USDT	2026-02-21 00:00:00+00:00	(0.0, 0.05)	0.0054585152838428725	0.00873362445414848	0.019650655021834225	0.04148471615720513
AVAX/USDT	2026-02-22 00:00:00+00:00	(0.5, 0.75)	0.006607929515418557	0.011013215859030798	0.018722466960352416	0.03524229074889871
AVAX/USDT	2026-02-23 00:00:00+00:00	(0.1, 0.25)	0.04724409448818897	0.06299212598425202	0.06299212598425202	0.06974128233970764
AVAX/USDT	2026-02-24 00:00:00+00:00	(0.25, 0.5)	0.014285714285714192	0.028571428571428383	0.028571428571428383	0.03214285714285709
AVAX/USDT	2026-02-25 00:00:00+00:00	(0.25, 0.5)	0.03874092009685234	0.053268765133172066	0.09564164648910423	0.19007263922518164
AVAX/USDT	2026-02-26 00:00:00+00:00	(0.75, 1.0)	0.016666666666666684	0.02187500000000009	0.041666666666666706	0.05729166666666674
AVAX/USDT	2026-02-27 00:00:00+00:00	(0.1, 0.25)	0.005376344086021581	0.023655913978494692	0.052688172043010774	0.07526881720430119
AVAX/USDT	2026-02-28 00:00:00+00:00	(0.1, 0.25)	0.005574136008918696	0.013377926421404793	0.06243032329988857	0.09476031215161645
AVAX/USDT	2026-03-01 00:00:00+00:00	(0.75, 1.0)	0.01849836779107725	0.0413492927094667	0.0413492927094667	0.0631120783460283
AVAX/USDT	2026-03-02 00:00:00+00:00	(0.5, 0.75)	0.022123893805309658	0.022123893805309658	0.03761061946902654	0.0685840707964603
AVAX/USDT	2026-03-03 00:00:00+00:00	(0.1, 0.25)	0.01199563794983636	0.019629225736095934	0.03489640130861508	0.04798255179934564
AVAX/USDT	2026-03-04 00:00:00+00:00	(0.25, 0.5)	0.007616974972796549	0.01632208922742115	0.0544069640914037	0.08487486398258971
AVAX/USDT	2026-03-05 00:00:00+00:00	(0.5, 0.75)	0.009503695881731769	0.013727560718056916	0.025343189017951448	0.033790918690601926
AVAX/USDT	2026-03-06 00:00:00+00:00	(0.1, 0.25)	0.0031914893617022485	0.012765957446808427	0.03085106382978733	0.061702127659574474
AVAX/USDT	2026-03-07 00:00:00+00:00	(0.25, 0.5)	0.004424778761062049	0.011061946902654829	0.013274336283185756	0.023230088495575316
AVAX/USDT	2026-03-08 00:00:00+00:00	(0.0, 0.05)	0.0044843049327353305	0.012331838565022358	0.025784753363228746	0.036995515695067274
AVAX/USDT	2026-03-09 00:00:00+00:00	(0.5, 0.75)	0.01689189189189193	0.03153153153153146	0.0540540540540539	0.08108108108108095
AVAX/USDT	2026-03-10 00:00:00+00:00	(0.5, 0.75)	0.010799136069114432	0.025917926565874754	0.03563714902807776	0.07451403887688998
AVAX/USDT	2026-03-11 00:00:00+00:00	(0.5, 0.75)	0.009443861490031465	0.012591815320041892	0.02728226652675759	0.039874081846799476
AVAX/USDT	2026-03-12 00:00:00+00:00	(0.5, 0.75)	0.006282722513089057	0.013612565445026259	0.024083769633507897	0.03246073298429324
AVAX/USDT	2026-03-13 00:00:00+00:00	(0.25, 0.5)	0.02366255144032908	0.029835390946501967	0.034979423868312744	0.06378600823045259
AVAX/USDT	2026-03-14 00:00:00+00:00	(0.25, 0.5)	0.0072090628218331905	0.013388259526261482	0.026776519052523148	0.026776519052523148
AVAX/USDT	2026-03-15 00:00:00+00:00	(0.5, 0.75)	0.008230452674897125	0.01646090534979425	0.02263374485596696	0.04012345679012333
AVAX/USDT	2026-03-16 00:00:00+00:00	(0.75, 1.0)	0.0100300902708124	0.05315947843530585	0.06419257773319947	0.06720160481444332
AVAX/USDT	2026-03-17 00:00:00+00:00	(0.75, 1.0)	0.008555133079847895	0.023764258555133082	0.028517110266159596	0.03326996197718628
AVAX/USDT	2026-03-18 00:00:00+00:00	(0.25, 0.5)	0.007843137254901968	0.019607843137254832	0.04901960784313726	0.08627450980392147
AVAX/USDT	2026-03-19 00:00:00+00:00	(0.25, 0.5)	0.005159958720330127	0.014447884416924723	0.031991744066047524	0.04334365325077399
AVAX/USDT	2026-03-20 00:00:00+00:00	(0.1, 0.25)	0.008438818565400852	0.012658227848101182	0.016877637130801704	0.025316455696202552
AVAX/USDT	2026-03-21 00:00:00+00:00	(0.25, 0.5)	0.008342022940563094	0.009384775808133457	0.015641293013555824	0.06152241918665275
AVAX/USDT	2026-03-22 00:00:00+00:00	(0.75, 1.0)	0.013114754098360569	0.022950819672131046	0.03278688524590152	0.053551912568306034
AVAX/USDT	2026-03-23 00:00:00+00:00	(0.25, 0.5)	0.00996677740863786	0.02214839424141742	0.0741971207087486	0.09302325581395347
AVAX/USDT	2026-03-24 00:00:00+00:00	(0.1, 0.25)	0.009404388714733527	0.017763845350052238	0.019853709508882055	0.03239289446186003
AVAX/USDT	2026-03-25 00:00:00+00:00	(0.75, 1.0)	0.008298755186721999	0.010373443983402453	0.024896265560165994	0.024896265560165994
AVAX/USDT	2026-03-26 00:00:00+00:00	(0.05, 0.1)	0.004136504653567647	0.016546018614270956	0.04963805584281268	0.0723888314374353
AVAX/USDT	2026-03-27 00:00:00+00:00	(0.25, 0.5)	0.005488474204171319	0.016465422612513762	0.05378704720087818	0.05378704720087818
AVAX/USDT	2026-03-28 00:00:00+00:00	(0.0, 0.05)	0.007990867579908505	0.01027397260273971	0.017123287671232917	0.03310502283105034
AVAX/USDT	2026-03-29 00:00:00+00:00	(0.5, 0.75)	0.005707762557077504	0.01027397260273971	0.017123287671232917	0.05136986301369875
AVAX/USDT	2026-03-30 00:00:00+00:00	(0.5, 0.75)	0.02333722287047833	0.03500583430571749	0.060676779463243825	0.060676779463243825
AVAX/USDT	2026-03-31 00:00:00+00:00	(0.25, 0.5)	0.011350737797957028	0.03178206583427935	0.043132803632236184	0.043132803632236184
AVAX/USDT	2026-04-01 00:00:00+00:00	(0.05, 0.1)	0.010101010101010085	0.01346801346801358	0.06846240179573526	0.06846240179573526
AVAX/USDT	2026-04-02 00:00:00+00:00	(0.1, 0.25)	0.01748633879781422	0.050273224043715745	0.06120218579234959	0.062295081967213145
AVAX/USDT	2026-04-03 00:00:00+00:00	(0.1, 0.25)	0.0068493150684932076	0.01027397260273971	0.02853881278538813	0.047945205479452045
AVAX/USDT	2026-04-04 00:00:00+00:00	(0.25, 0.5)	0.007847533632287027	0.007847533632287027	0.00896860986547086	0.03139013452914791
AVAX/USDT	2026-04-05 00:00:00+00:00	(0.05, 0.1)	0.005549389567147496	0.00998890122086569	0.02774694783573807	0.05105438401775794
AVAX/USDT	2026-04-06 00:00:00+00:00	(0.75, 1.0)	0.047878128400435205	0.05331882480957565	0.05331882480957565	0.09249183895538625
AVAX/USDT	2026-04-07 00:00:00+00:00	(0.75, 1.0)	0.015765765765765827	0.03153153153153146	0.05067567567567559	0.13063063063063043
AVAX/USDT	2026-04-08 00:00:00+00:00	(0.75, 1.0)	0.016895459345300963	0.023231256599788686	0.03062302006335807	0.05807814149947209
AVAX/USDT	2026-04-09 00:00:00+00:00	(0.5, 0.75)	0.012181616832779562	0.015503875968992312	0.027685492801771874	0.08637873754152818
AVAX/USDT	2026-04-10 00:00:00+00:00	(0.75, 1.0)	0.007486631016042812	0.01604278074866314	0.018181818181818174	0.0331550802139038
AVAX/USDT	2026-04-11 00:00:00+00:00	(0.5, 0.75)	0.006403415154749253	0.00853788687299894	0.01707577374599788	0.044823906083244394
AVAX/USDT	2026-04-12 00:00:00+00:00	(0.75, 1.0)	0.007494646680942215	0.03854389721627422	0.043897216274089955	0.05032119914346902
AVAX/USDT	2026-04-13 00:00:00+00:00	(0.5, 0.75)	0.012154696132596817	0.01546961325966857	0.025414364640883827	0.08176795580110499
AVAX/USDT	2026-04-14 00:00:00+00:00	(0.75, 1.0)	0.017653167185877457	0.020768431983385363	0.026998961578400992	0.043613707165109025
AVAX/USDT	2026-04-15 00:00:00+00:00	(0.25, 0.5)	0.006423982869378878	0.012847965738758137	0.021413276231263496	0.0331905781584583
AVAX/USDT	2026-04-16 00:00:00+00:00	(0.5, 0.75)	0.007446808510638328	0.020212765957446754	0.028723404255319104	0.06702127659574476
AVAX/USDT	2026-04-17 00:00:00+00:00	(0.5, 0.75)	0.005159958720330311	0.01857585139318901	0.029927760577915474	0.05779153766769871
AVAX/USDT	2026-04-18 00:00:00+00:00	(0.25, 0.5)	0.009249743062692687	0.01747173689619732	0.04522096608427539	0.05035971223021567
AVAX/USDT	2026-04-19 00:00:00+00:00	(0.1, 0.25)	0.0064377682403434005	0.01287553648068661	0.021459227467811082	0.042918454935622165
AVAX/USDT	2026-04-20 00:00:00+00:00	(0.75, 1.0)	0.009977827050997767	0.01662971175166301	0.034368070953436865	0.04656319290465631
AVAX/USDT	2026-04-21 00:00:00+00:00	(0.5, 0.75)	0.008620689655172422	0.012931034482758537	0.03017241379310338	0.0387931034482758
AVAX/USDT	2026-04-22 00:00:00+00:00	(0.5, 0.75)	0.00531349628055249	0.026567481402763018	0.034006376195536696	0.043570669500531366
AVAX/USDT	2026-04-23 00:00:00+00:00	(0.75, 1.0)	0.01618122977346263	0.01618122977346263	0.018338727076591146	0.03128371089536129
AVAX/USDT	2026-04-24 00:00:00+00:00	(0.25, 0.5)	0.004255319148936079	0.017021276595744695	0.020212765957446945	0.021276595744680965
AVAX/USDT	2026-04-25 00:00:00+00:00	(0.1, 0.25)	0.005324813631522783	0.008519701810436642	0.012779552715654868	0.023429179978700813
AVAX/USDT	2026-04-26 00:00:00+00:00	(0.1, 0.25)	0.0042780748663100695	0.006417112299465104	0.02352941176470576	0.025668449197860987
AVAX/USDT	2026-04-27 00:00:00+00:00	(0.05, 0.1)	0.014814814814814876	0.01587301587301591	0.038095238095238036	0.05185185185185188
AVAX/USDT	2026-04-28 00:00:00+00:00	(0.25, 0.5)	0.0043243243243242325	0.008648648648648656	0.01729729729729731	0.01837837837837837
AVAX/USDT	2026-04-29 00:00:00+00:00	(0.0, 0.05)	0.0043620501635767885	0.014176663031624756	0.03380588876772069	0.057797164667393604
AVAX/USDT	2026-04-30 00:00:00+00:00	(0.25, 0.5)	0.012061403508772063	0.01535087719298252	0.01973684210526313	0.01973684210526313
AVAX/USDT	2026-05-01 00:00:00+00:00	(0.05, 0.1)	0.004385964912280803	0.013157894736842216	0.016447368421052672	0.023026315789473586
AVAX/USDT	2026-05-02 00:00:00+00:00	(0.25, 0.5)	0.0044004400440043065	0.007700770077007732	0.008800880088008809	0.020902090209020847
AVAX/USDT	2026-05-03 00:00:00+00:00	(0.1, 0.25)	0.00873362445414848	0.016375545851528422	0.0218340611353711	0.02510917030567671
AVAX/USDT	2026-05-04 00:00:00+00:00	(0.5, 0.75)	0.008849557522123902	0.038716814159292	0.04314159292035405	0.04314159292035405
AVAX/USDT	2026-05-05 00:00:00+00:00	(0.25, 0.5)	0.007600434310532061	0.015200868621064121	0.027144408251900107	0.03691639522258413
AVAX/USDT	2026-05-06 00:00:00+00:00	(0.1, 0.25)	0.008510638297872348	0.023404255319149005	0.042553191489361736	0.04361702127659576
AVAX/USDT	2026-05-07 00:00:00+00:00	(0.1, 0.25)	0.014583333333333209	0.016666666666666684	0.026041666666666668	0.03437500000000001
AVAX/USDT	2026-05-08 00:00:00+00:00	(0.1, 0.25)	0.007360672975814775	0.01156677181913769	0.021030494216614203	0.062039957939011556
AVAX/USDT	2026-05-09 00:00:00+00:00	(0.25, 0.5)	0.01612903225806453	0.022177419354838596	0.02620967741935482	0.03225806451612888
AVAX/USDT	2026-05-10 00:00:00+00:00	(0.1, 0.25)	0.011055276381909491	0.015075376884422148	0.022110552763819163	0.06432160804020107
AVAX/USDT	2026-05-11 00:00:00+00:00	(0.75, 1.0)	0.012757605495583984	0.026496565260058842	0.026496565260058842	0.029440628066731988
AVAX/USDT	2026-05-12 00:00:00+00:00	(0.1, 0.25)	0.007905138339920957	0.018774703557312204	0.035573122529644216	0.05039525691699603
AVAX/USDT	2026-05-13 00:00:00+00:00	(0.0, 0.05)	0.010162601626016224	0.021341463414634235	0.032520325203252064	0.0548780487804879
AVAX/USDT	2026-05-14 00:00:00+00:00	(0.25, 0.5)	0.004077471967380318	0.019367991845056012	0.019367991845056012	0.05198776758409784
AVAX/USDT	2026-05-15 00:00:00+00:00	(0.5, 0.75)	0.008048289738430591	0.01509054325955738	0.02917505030181096	0.056338028169014134
AVAX/USDT	2026-05-16 00:00:00+00:00	(0.0, 0.05)	0.005230125523012627	0.007322175732217603	0.040794979079497966	0.040794979079497966
AVAX/USDT	2026-05-17 00:00:00+00:00	(0.0, 0.05)	0.00862068965517223	0.014008620689655258	0.025862068965517265	0.049568965517241284
AVAX/USDT	2026-05-18 00:00:00+00:00	(0.75, 1.0)	0.008752735229759306	0.014223194748358947	0.021881838074398363	0.0284463894967177
AVAX/USDT	2026-05-19 00:00:00+00:00	(0.5, 0.75)	0.00755939524838016	0.014038876889848896	0.025917926565874754	0.03239740820734349
AVAX/USDT	2026-05-20 00:00:00+00:00	(0.1, 0.25)	0.005506607929515301	0.008810572687224677	0.02279735682819372	0.03744493392070483
AVAX/USDT	2026-05-21 00:00:00+00:00	(0.25, 0.5)	0.007302405498281746	0.010953608247422524	0.02502147766323011	0.028672680412371077
AVAX/USDT	2026-05-22 00:00:00+00:00	(0.1, 0.25)	0.005936605533764355	0.016961730096469854	0.02024806530266076	0.05332343899077707
AVAX/USDT	2026-05-23 00:00:00+00:00	(0.5, 0.75)	0.00906707450294955	0.011579637317019869	0.04162114922438281	0.08258684727987768
AVAX/USDT	2026-05-24 00:00:00+00:00	(0.75, 1.0)	0.004688332445391634	0.01161427810335642	0.012040490143846515	0.03835908364411288
AVAX/USDT	2026-05-25 00:00:00+00:00	(0.5, 0.75)	0.003685636856368639	0.009430894308943063	0.029159891598916004	0.03826558265582653
AVAX/USDT	2026-05-26 00:00:00+00:00	(0.5, 0.75)	0.011817791147400216	0.01525569402664388	0.031693167168027496	0.03985818650623125
AVAX/USDT	2026-05-27 00:00:00+00:00	(0.1, 0.25)	0.006772995411841751	0.00961328381035604	0.019882018789600216	0.032444832859952
AVAX/USDT	2026-05-28 00:00:00+00:00	(0.75, 1.0)	0.0053144375553587295	0.038861824623560574	0.039415411868910524	0.03974756421612046
AVAX/USDT	2026-05-29 00:00:00+00:00	(0.25, 0.5)	0.0039123630672926605	0.015649452269170642	0.01654370668455172	0.038788285267158454
AVAX/USDT	2026-05-30 00:00:00+00:00	(0.1, 0.25)	0.0075851918940337566	0.024340541152496304	0.025812294803577465	0.025812294803577465
AVAX/USDT	2026-05-31 00:00:00+00:00	(0.25, 0.5)	0.003461753210496994	0.009826912339475063	0.014740368509212693	0.031714126186487876
AVAX/USDT	2026-06-01 00:00:00+00:00	(0.75, 1.0)	0.009540714444197948	0.022853339250055418	0.03472376303527853	0.044042600399378774
AVAX/USDT	2026-06-02 00:00:00+00:00	(0.25, 0.5)	0.005834829443446992	0.026705565529622926	0.02850089766606817	0.09919210053859967
AVAX/USDT	2026-06-03 00:00:00+00:00	(0.75, 1.0)	0.007074033418709578	0.03329674350530549	0.046225149408464394	0.05647030125625077
AVAX/USDT	2026-06-04 00:00:00+00:00	(0.75, 1.0)	0.02307787239294103	0.07379982722448486	0.07379982722448486	0.07379982722448486
AVAX/USDT	2026-06-05 00:00:00+00:00	(0.75, 1.0)	0.0208632155430956	0.056200286869213724	0.0937540748467858	0.1486504107445561
AVAX/USDT	2026-06-06 00:00:00+00:00	(0.75, 1.0)	0.019363356315094567	0.08610825876485254	0.10400469414698542	0.10400469414698542
AVAX/USDT	2026-06-07 00:00:00+00:00	(0.25, 0.5)	0.01996697192613722	0.028374118000300267	0.04083470950307765	0.06845818946104196
AVAX/USDT	2026-06-08 00:00:00+00:00	(0.75, 1.0)	0.024904214559386916	0.03713527851458883	0.04804008252284109	0.050692602416740264
AVAX/USDT	2026-06-09 00:00:00+00:00	(0.5, 0.75)	0.027255221448674292	0.027255221448674292	0.029625240705080755	0.05154791882684045
AVAX/USDT	2026-06-10 00:00:00+00:00	(0.25, 0.5)	0.011847630473905179	0.01859628074385118	0.03914217156568688	0.05683863227354522
AVAX/USDT	2026-06-11 00:00:00+00:00	(0.75, 1.0)	0.009195760598503628	0.03491271820448867	0.035224438902743134	0.04535536159600989
AVAX/USDT	2026-06-12 00:00:00+00:00	(0.1, 0.25)	0.006911057692307598	0.011418269230769175	0.02448918269230773	0.027043269230769322
AVAX/USDT	2026-06-13 00:00:00+00:00	(0.1, 0.25)	0.006230056222458514	0.010332776173833704	0.01808235830420905	0.0317580914754596
AVAX/USDT	2026-06-14 00:00:00+00:00	(0.1, 0.25)	0.004024444775674355	0.006707407959457435	0.016544939633328464	0.06394395588016089
AVAX/USDT	2026-06-15 00:00:00+00:00	(0.75, 1.0)	0.013231402528668019	0.015142605116142276	0.0371949426639224	0.05571890620405757
AVAX/USDT	2026-06-16 00:00:00+00:00	(0.5, 0.75)	0.006849315068493108	0.0186534538035557	0.04430195278344497	0.04896531623433393
AVAX/USDT	2026-06-17 00:00:00+00:00	(0.25, 0.5)	0.006234594751341184	0.021893576917500334	0.03595766275192116	0.05350152240104403
AVAX/USDT	2026-06-18 00:00:00+00:00	(0.1, 0.25)	0.006639126586013564	0.02331071112422549	0.03378577751549131	0.08704632634995572
AVAX/USDT	2026-06-19 00:00:00+00:00	(0.25, 0.5)	0.005395968893826346	0.03554991271226792	0.05649896841771145	0.10204729408030468
AVAX/USDT	2026-06-20 00:00:00+00:00	(0.75, 1.0)	0.012368688580142392	0.012876990850559069	0.07455099966113188	0.07522873602168756
AVAX/USDT	2026-06-21 00:00:00+00:00	(0.75, 1.0)	0.007676315368623067	0.012154166000319787	0.022549176395330245	0.043978890132736204
AVAX/USDT	2026-06-22 00:00:00+00:00	(0.75, 1.0)	0.017466536075742625	0.0355860267711394	0.044890630101207876	0.057786483839373175
AVAX/USDT	2026-06-23 00:00:00+00:00	(0.25, 0.5)	0.0115273775216137	0.01921229586935626	0.05139289145052829	0.08469420429074606
AVAX/USDT	2026-06-24 00:00:00+00:00	(0.75, 1.0)	0.011168910648714735	0.021878824969400214	0.02876376988984084	0.08353733170134629
AVAX/USDT	2026-06-25 00:00:00+00:00	(0.75, 1.0)	0.008844065166796025	0.010861132660977546	0.03972071373157476	0.10643910007757951
AVAX/USDT	2026-06-26 00:00:00+00:00	(0.5, 0.75)	0.010571840461316647	0.04581130866570552	0.05958673714560305	0.11324683645683162
AVAX/USDT	2026-06-27 00:00:00+00:00	(0.75, 1.0)	0.013611615245009053	0.02601330913490632	0.03342407743496674	0.05142165759225648
AVAX/USDT	2026-06-28 00:00:00+00:00	(0.1, 0.25)	0.009020217729393442	0.011975116640746495	0.021928460342146194	0.0337480559875584
AVAX/USDT	2026-06-29 00:00:00+00:00	(0.5, 0.75)	0.019397889509621354	0.04639975170701434	0.05431409062693987	0.07107386716325267
