pair	ts	bucket	amp_1h	amp_4h	amp_12h	amp_24h
BTC/USDT	2023-01-01 00:00:00+00:00	[0.50,0.75)	0.00225838024925117	0.0031100395927773613	0.004443519005562108	0.007871341935476114
BTC/USDT	2023-01-02 00:00:00+00:00	[0.00,0.05)	0.0036827423970451556	0.009543949118200458	0.013442190334817607	0.015080703705977675
BTC/USDT	2023-01-03 00:00:00+00:00	[0.50,0.75)	0.001954258017192232	0.0032792701226850443	0.007609680558818504	0.010374766879371918
BTC/USDT	2023-01-04 00:00:00+00:00	[0.10,0.25)	0.004339906986566335	0.015497439490873817	0.015978584832763005	0.020350288207259603
BTC/USDT	2023-01-05 00:00:00+00:00	[0.25,0.50)	0.004178339053890204	0.004178339053890204	0.005777683423510201	0.007520535890070409
BTC/USDT	2023-01-06 00:00:00+00:00	[0.10,0.25)	0.002775942465740471	0.004192433655450479	0.009666482871389177	0.02150880078334815
BTC/USDT	2023-01-07 00:00:00+00:00	[0.50,0.75)	0.0023756768465649186	0.002694401193681789	0.004362391943592865	0.004362391943592865
BTC/USDT	2023-01-08 00:00:00+00:00	[0.00,0.05)	0.0021592893406407374	0.0021592893406407374	0.0033442723950288696	0.0162545683516283
BTC/USDT	2023-01-09 00:00:00+00:00	[0.75,1.00]	0.005494953542771413	0.008616953859631063	0.010532091367436122	0.017132559201513436
BTC/USDT	2023-01-10 00:00:00+00:00	[0.75,1.00]	0.0033044338414989455	0.0051588502269288876	0.00812754567671362	0.02052019085301989
BTC/USDT	2023-01-11 00:00:00+00:00	[0.25,0.50)	0.0046814218722132424	0.00822503399378668	0.00822503399378668	0.039249848454522965
BTC/USDT	2023-01-12 00:00:00+00:00	[0.75,1.00]	0.021355572454019013	0.02627692496246593	0.02627692496246593	0.0682432375970386
BTC/USDT	2023-01-13 00:00:00+00:00	[0.75,1.00]	0.009180011703346765	0.009180011703346765	0.018244264351202445	0.08660051762351974
BTC/USDT	2023-01-14 00:00:00+00:00	[0.75,1.00]	0.05465273451268898	0.05465273451268898	0.05465273451268898	0.05465273451268898
BTC/USDT	2023-01-15 00:00:00+00:00	[0.75,1.00]	0.016311430512981274	0.01975928976009683	0.01975928976009683	0.023864247944058878
BTC/USDT	2023-01-16 00:00:00+00:00	[0.50,0.75)	0.02279305389152849	0.03200302536853748	0.036984747897110704	0.04123881383369842
BTC/USDT	2023-01-17 00:00:00+00:00	[0.75,1.00]	0.02116612554875738	0.02116612554875738	0.02116612554875738	0.03789893929606716
BTC/USDT	2023-01-18 00:00:00+00:00	[0.75,1.00]	0.007663417657919684	0.012988931776498753	0.012988931776498753	0.05885483925196551
BTC/USDT	2023-01-19 00:00:00+00:00	[0.75,1.00]	0.004380262767525237	0.0076538820561184925	0.010401676849491307	0.025703169660409097
BTC/USDT	2023-01-20 00:00:00+00:00	[0.50,0.75)	0.005102411466323615	0.009764190339985053	0.017013736056328783	0.09171520510070219
BTC/USDT	2023-01-21 00:00:00+00:00	[0.75,1.00]	0.008391541950828096	0.008391541950828096	0.038373512189512717	0.039973148486472286
BTC/USDT	2023-01-22 00:00:00+00:00	[0.75,1.00]	0.009591200681908702	0.01651929776019992	0.01651929776019992	0.03442552831939032
BTC/USDT	2023-01-23 00:00:00+00:00	[0.75,1.00]	0.007308640277269017	0.007936392479140634	0.015742737978258814	0.029976930988255653
BTC/USDT	2023-01-24 00:00:00+00:00	[0.75,1.00]	0.004532716940784453	0.009534876726575478	0.01709521669560187	0.03047978627927972
BTC/USDT	2023-01-25 00:00:00+00:00	[0.75,1.00]	0.009587684511909795	0.0183334761518164	0.020848553808262213	0.06699497249492699
BTC/USDT	2023-01-26 00:00:00+00:00	[0.75,1.00]	0.010448289776063002	0.010448289776063002	0.018723189808793776	0.018723189808793776
BTC/USDT	2023-01-27 00:00:00+00:00	[0.25,0.50)	0.006693779133931478	0.022410098996236805	0.024525340146313537	0.04188472586709042
BTC/USDT	2023-01-28 00:00:00+00:00	[0.75,1.00]	0.006344752673506749	0.006344752673506749	0.012319908103896736	0.013471212192197546
BTC/USDT	2023-01-29 00:00:00+00:00	[0.10,0.25)	0.011563423984383793	0.022801509777978502	0.027748564032036384	0.04318038088925203
BTC/USDT	2023-01-30 00:00:00+00:00	[0.50,0.75)	0.004621304187063149	0.009164366741248636	0.034589532194959596	0.05405234870024239
BTC/USDT	2023-01-31 00:00:00+00:00	[0.25,0.50)	0.007140853645421601	0.008732489698919113	0.012381488737177681	0.02656662682455437
BTC/USDT	2023-02-01 00:00:00+00:00	[0.75,1.00]	0.005321963644362982	0.008105926562964258	0.011473616657529653	0.04557358989615027
BTC/USDT	2023-02-02 00:00:00+00:00	[0.75,1.00]	0.022974971997421767	0.022974971997421767	0.02515910987001826	0.037592381106553954
BTC/USDT	2023-02-03 00:00:00+00:00	[0.75,1.00]	0.006319432956237335	0.007577550700108989	0.01135996335085202	0.021678989094333453
BTC/USDT	2023-02-04 00:00:00+00:00	[0.25,0.50)	0.003263488916614013	0.005724991881868435	0.009023516945531709	0.014263130009741744
BTC/USDT	2023-02-05 00:00:00+00:00	[0.25,0.50)	0.005120880637200391	0.005130736725456071	0.008713210543614765	0.02958240611111761
BTC/USDT	2023-02-06 00:00:00+00:00	[0.25,0.50)	0.004996456567957734	0.011822454489723971	0.02029495267453021	0.023048395020934465
BTC/USDT	2023-02-07 00:00:00+00:00	[0.75,1.00]	0.004031858608793974	0.006184550240429772	0.01350001972533564	0.026022977824339235
BTC/USDT	2023-02-08 00:00:00+00:00	[0.50,0.75)	0.009465032084307622	0.00975801785019011	0.013758284592003376	0.03382243169581114
BTC/USDT	2023-02-09 00:00:00+00:00	[0.25,0.50)	0.003162850189814672	0.02811015780269921	0.02811015780269921	0.057112099949551264
BTC/USDT	2023-02-10 00:00:00+00:00	[0.75,1.00]	0.0040167000285959795	0.010713640263082636	0.014447126108092578	0.022289276522733766
BTC/USDT	2023-02-11 00:00:00+00:00	[0.50,0.75)	0.004191324352034182	0.005779908026929964	0.006797768021421668	0.014128766926724632
BTC/USDT	2023-02-12 00:00:00+00:00	[0.50,0.75)	0.002562740228294391	0.004255979307703185	0.009105049925383033	0.021051080446703927
BTC/USDT	2023-02-13 00:00:00+00:00	[0.75,1.00]	0.00858363773068787	0.0116715780804491	0.02123228995663379	0.02499765612505087
BTC/USDT	2023-02-14 00:00:00+00:00	[0.50,0.75)	0.0041230652743624715	0.006393186237213527	0.009603792448183665	0.036126671003833676
BTC/USDT	2023-02-15 00:00:00+00:00	[0.10,0.25)	0.00382010115667551	0.006423669922330467	0.03160728872955142	0.11758099051988835
BTC/USDT	2023-02-16 00:00:00+00:00	[0.75,1.00]	0.014059414554935687	0.014059414554935687	0.019306945385754743	0.07767947494605906
BTC/USDT	2023-02-17 00:00:00+00:00	[0.75,1.00]	0.011568984869496817	0.017364314860329542	0.017364314860329542	0.0643920832290308
BTC/USDT	2023-02-18 00:00:00+00:00	[0.75,1.00]	0.008740183642152084	0.011535921350532559	0.014520938990934873	0.018156250990064023
BTC/USDT	2023-02-19 00:00:00+00:00	[0.10,0.25)	0.005558080275266566	0.005558080275266566	0.011747926573937272	0.04055272426273677
BTC/USDT	2023-02-20 00:00:00+00:00	[0.50,0.75)	0.02298996721636911	0.027856447645652888	0.04687571136131422	0.05251615290059041
BTC/USDT	2023-02-21 00:00:00+00:00	[0.25,0.50)	0.00638550566758951	0.0125586983076194	0.03069877172683411	0.044382688793417405
BTC/USDT	2023-02-22 00:00:00+00:00	[0.75,1.00]	0.008370078472809439	0.025089781680896404	0.025089781680896404	0.03657905512732257
BTC/USDT	2023-02-23 00:00:00+00:00	[0.75,1.00]	0.005028706548761457	0.019633147739787814	0.04096291075894514	0.04096291075894514
BTC/USDT	2023-02-24 00:00:00+00:00	[0.50,0.75)	0.01010885529049553	0.01010885529049553	0.01578040905096055	0.05385661067413363
BTC/USDT	2023-02-25 00:00:00+00:00	[0.50,0.75)	0.0041057998521808435	0.007498823185256713	0.013488821014998984	0.021449309379094894
BTC/USDT	2023-02-26 00:00:00+00:00	[0.75,1.00]	0.0029387040613765834	0.008259883767739777	0.010163180535728083	0.027305404462466976
BTC/USDT	2023-02-27 00:00:00+00:00	[0.50,0.75)	0.004137691548564072	0.009017129098274453	0.01327738108764731	0.03367092776977026
BTC/USDT	2023-02-28 00:00:00+00:00	[0.50,0.75)	0.006639887956947409	0.008534383020146283	0.014903446328814405	0.02465654026621717
BTC/USDT	2023-03-01 00:00:00+00:00	[0.50,0.75)	0.008633885019415135	0.02063781767718446	0.04231320415321135	0.04231320415321135
BTC/USDT	2023-03-02 00:00:00+00:00	[0.50,0.75)	0.009766388759575117	0.015817850945871684	0.019531931101612443	0.025436116636336655
BTC/USDT	2023-03-03 00:00:00+00:00	[0.10,0.25)	0.002609285711237471	0.06354041746864293	0.06354041746864293	0.06354041746864293
BTC/USDT	2023-03-04 00:00:00+00:00	[0.25,0.50)	0.0027543178061072548	0.0030940751951590156	0.006269620541579603	0.011321665196175121
BTC/USDT	2023-03-05 00:00:00+00:00	[0.50,0.75)	0.003875762541397349	0.021165629206034847	0.021165629206034847	0.021165629206034847
BTC/USDT	2023-03-06 00:00:00+00:00	[0.10,0.25)	0.004848033233457518	0.011155161604826169	0.011155161604826169	0.015357980291060417
BTC/USDT	2023-03-07 00:00:00+00:00	[0.10,0.25)	0.005414733019426769	0.008044210574240278	0.010574597309639612	0.02816098598043447
BTC/USDT	2023-03-08 00:00:00+00:00	[0.50,0.75)	0.002798758225229389	0.008339634210481383	0.019315747218098995	0.031009306118339
BTC/USDT	2023-03-09 00:00:00+00:00	[0.75,1.00]	0.006250333885357177	0.008162921317267537	0.0128801457490177	0.0825396840016874
BTC/USDT	2023-03-10 00:00:00+00:00	[0.75,1.00]	0.015556870654318704	0.023188346993426794	0.03442699849379399	0.0382043887792606
BTC/USDT	2023-03-11 00:00:00+00:00	[0.75,1.00]	0.009751291027513747	0.026430687472460725	0.04567256102487186	0.04567256102487186
BTC/USDT	2023-03-12 00:00:00+00:00	[0.50,0.75)	0.006440709608005863	0.008860765712432906	0.01113933254400668	0.092331576180674
BTC/USDT	2023-03-13 00:00:00+00:00	[0.75,1.00]	0.03178035960641683	0.03178035960641683	0.03585209846420463	0.12250424709544273
BTC/USDT	2023-03-14 00:00:00+00:00	[0.50,0.75)	0.010594302116278318	0.02086500281953876	0.03725705946686154	0.10038932123666552
BTC/USDT	2023-03-15 00:00:00+00:00	[0.75,1.00]	0.027547420008815878	0.032139335031118266	0.03334409203041041	0.05291243899391396
BTC/USDT	2023-03-16 00:00:00+00:00	[0.50,0.75)	0.009855696942983197	0.013050302158984617	0.03885925199688571	0.04302315522362243
BTC/USDT	2023-03-17 00:00:00+00:00	[0.50,0.75)	0.004420928102549169	0.04028855576741089	0.08330039363440819	0.11481197138791673
BTC/USDT	2023-03-18 00:00:00+00:00	[0.75,1.00]	0.024356656032801294	0.024356656032801294	0.024509423206835648	0.04201463634085612
BTC/USDT	2023-03-19 00:00:00+00:00	[0.75,1.00]	0.008445465792499827	0.013303235025913455	0.019102100018592697	0.05776982483272993
BTC/USDT	2023-03-20 00:00:00+00:00	[0.50,0.75)	0.01755902912260588	0.03333478634323134	0.04814691216340783	0.04814691216340783
BTC/USDT	2023-03-21 00:00:00+00:00	[0.50,0.75)	0.008722978044070306	0.008722978044070306	0.03145714733096603	0.04087197383790518
BTC/USDT	2023-03-22 00:00:00+00:00	[0.25,0.50)	0.006011621162899125	0.011904397610296127	0.012189055611498805	0.08063827440319671
BTC/USDT	2023-03-23 00:00:00+00:00	[0.75,1.00]	0.0063825055080666635	0.011860343348677338	0.023203681400157352	0.06027453677461243
BTC/USDT	2023-03-24 00:00:00+00:00	[0.50,0.75)	0.008348081481117802	0.008456507297198648	0.01553349916243705	0.04853732867749815
BTC/USDT	2023-03-25 01:15:00+00:00	[0.50,0.75)	0.008656809823843759	0.008656809823843759	0.012661765502213136	0.022940909459291066
BTC/USDT	2023-03-26 01:15:00+00:00	[0.25,0.50)	0.003312900215068336	0.006809709376708261	0.018965836827421895	0.026561602786420047
BTC/USDT	2023-03-27 01:15:00+00:00	[0.50,0.75)	0.0038999138053435107	0.005506203577149944	0.011842084505183828	0.05335678707625141
BTC/USDT	2023-03-28 01:15:00+00:00	[0.25,0.50)	0.007621680879414485	0.010572462799599613	0.02140779324830001	0.03288511313860645
BTC/USDT	2023-03-29 01:15:00+00:00	[0.25,0.50)	0.00437518407853424	0.012951464580826452	0.04944782826563071	0.04944782826563071
BTC/USDT	2023-03-30 01:15:00+00:00	[0.10,0.25)	0.02112405848252675	0.038603009893559734	0.038603009893559734	0.05285264189150588
BTC/USDT	2023-03-31 01:15:00+00:00	[0.50,0.75)	0.005886097495397496	0.005886097495397496	0.02916303420249153	0.0405600861234968
BTC/USDT	2023-04-01 01:15:00+00:00	[0.25,0.50)	0.013437500659338712	0.013437500659338712	0.01755986268873795	0.021079149491623362
BTC/USDT	2023-04-02 01:15:00+00:00	[0.10,0.25)	0.002100668778599095	0.005455825413586766	0.013875395987328431	0.023708905315029907
BTC/USDT	2023-04-03 01:15:00+00:00	[0.25,0.50)	0.017289008143939792	0.017289008143939792	0.03358473973156198	0.04642488252354347
BTC/USDT	2023-04-04 01:15:00+00:00	[0.50,0.75)	0.004876386437662272	0.006802333089406433	0.024000616991663427	0.03460282955246585
BTC/USDT	2023-04-05 01:15:00+00:00	[0.75,1.00]	0.0046325876360870984	0.012104356603691855	0.01616547292659023	0.033900307441080836
BTC/USDT	2023-04-06 01:15:00+00:00	[0.25,0.50)	0.007547408669381633	0.009620845080899025	0.015831141169621213	0.016809568562155146
BTC/USDT	2023-04-07 01:15:00+00:00	[0.05,0.10)	0.002379338996457191	0.005439864033697878	0.011128177397812375	0.011128177397812375
BTC/USDT	2023-04-08 01:15:00+00:00	[0.00,0.05)	0.001406992087506663	0.005860614939782458	0.009287581654830613	0.010140380171054428
BTC/USDT	2023-04-09 01:15:00+00:00	[0.10,0.25)	0.0019047625835494342	0.002617489462333123	0.010101121689561855	0.02601453107560464
BTC/USDT	2023-04-10 01:15:00+00:00	[0.50,0.75)	0.0026831890526452773	0.005428308741562373	0.006313739895574326	0.06440786172269089
BTC/USDT	2023-04-11 01:15:00+00:00	[0.75,1.00]	0.020295593920475353	0.020295593920475353	0.02112343124993713	0.02514694196421087
BTC/USDT	2023-04-12 01:15:00+00:00	[0.10,0.25)	0.013172825056387933	0.014773651306365584	0.022303059334778795	0.02807317949433867
BTC/USDT	2023-04-13 01:15:00+00:00	[0.10,0.25)	0.004529497111390426	0.008415783614343142	0.014249717177493012	0.030067427020783855
BTC/USDT	2023-04-14 01:15:00+00:00	[0.75,1.00]	0.005670425831044589	0.012145017599049715	0.015595945444083175	0.03359626581079584
BTC/USDT	2023-04-15 01:15:00+00:00	[0.10,0.25)	0.003859632576433264	0.003859632576433264	0.0048103605940219545	0.011541963446271996
BTC/USDT	2023-04-16 01:15:00+00:00	[0.10,0.25)	0.0021535290916638757	0.003982209401758915	0.006506899728575965	0.02677356022024887
BTC/USDT	2023-04-17 01:15:00+00:00	[0.75,1.00]	0.003450354402691614	0.007037627630886937	0.02654154734970245	0.03354611409345553
BTC/USDT	2023-04-18 01:15:00+00:00	[0.50,0.75)	0.006515641398605495	0.009853379284577315	0.041215752155629545	0.041215752155629545
BTC/USDT	2023-04-19 01:15:00+00:00	[0.10,0.25)	0.006635416336743386	0.006635416336743386	0.04378477391019749	0.0596210897496806
BTC/USDT	2023-04-20 01:15:00+00:00	[0.75,1.00]	0.006066613908480721	0.015626494218543625	0.026135398201879035	0.03736152708615428
BTC/USDT	2023-04-21 01:15:00+00:00	[0.10,0.25)	0.0037507951324618695	0.00748212124526678	0.018835745544868856	0.043292020073621214
BTC/USDT	2023-04-22 01:15:00+00:00	[0.25,0.50)	0.004166654423323814	0.005978179424719544	0.00783782076333812	0.02565519024685516
BTC/USDT	2023-04-23 01:15:00+00:00	[0.75,1.00]	0.006668291109861071	0.006668291109861071	0.010844604414340068	0.02489989429068471
BTC/USDT	2023-04-24 01:15:00+00:00	[0.75,1.00]	0.0057514152076045206	0.006280545406704178	0.024726052904392806	0.032430073574979054
BTC/USDT	2023-04-25 01:15:00+00:00	[0.25,0.50)	0.005528859891504885	0.005814239189348056	0.010428720514294264	0.04692014220916337
BTC/USDT	2023-04-26 01:15:00+00:00	[0.75,1.00]	0.004676870447790736	0.006426544438043961	0.062056706259033735	0.09898680764894846
BTC/USDT	2023-04-27 01:15:00+00:00	[0.75,1.00]	0.015487551619105883	0.01900248645242211	0.022414815692970824	0.043598710913248705
BTC/USDT	2023-04-28 01:15:00+00:00	[0.50,0.75)	0.005577654365266158	0.007973894487392255	0.014562027907273444	0.022934956433694295
BTC/USDT	2023-04-29 01:15:00+00:00	[0.10,0.25)	0.00285581482079788	0.006308270217048168	0.007325325531127992	0.01427156059931815
BTC/USDT	2023-04-30 01:15:00+00:00	[0.10,0.25)	0.002573574581498185	0.0058482843636897715	0.009222175777306047	0.03053696042961774
BTC/USDT	2023-05-01 01:15:00+00:00	[0.50,0.75)	0.03042630809640815	0.03042630809640815	0.03452148016883866	0.054457242711755956
BTC/USDT	2023-05-02 01:15:00+00:00	[0.75,1.00]	0.006208810291819753	0.007866561213406658	0.01347880938610085	0.035939212709162276
BTC/USDT	2023-05-03 01:15:00+00:00	[0.50,0.75)	0.009057152716795188	0.009057152716795188	0.02243141028698398	0.04043454413336667
BTC/USDT	2023-05-04 01:15:00+00:00	[0.75,1.00]	0.007472201815012702	0.007472201815012702	0.02138000739145489	0.02471375366165158
BTC/USDT	2023-05-05 01:15:00+00:00	[0.25,0.50)	0.021259319151231925	0.021259319151231925	0.02527989442618098	0.03527427129234555
BTC/USDT	2023-05-06 01:15:00+00:00	[0.25,0.50)	0.006225872039827224	0.010449290397388903	0.022020225458695503	0.044852256464255356
BTC/USDT	2023-05-07 01:15:00+00:00	[0.50,0.75)	0.009800408166915063	0.012684883998467417	0.01402480504767797	0.025973351529112645
BTC/USDT	2023-05-08 01:15:00+00:00	[0.75,1.00]	0.019210172712348508	0.020268190455843705	0.03528002507477464	0.046348977893718966
BTC/USDT	2023-05-09 01:15:00+00:00	[0.25,0.50)	0.006173075908673472	0.007384495990716159	0.013753754751924446	0.01795416330361803
BTC/USDT	2023-05-10 01:15:00+00:00	[0.50,0.75)	0.003405404178232729	0.00422234082077802	0.030865214102625493	0.05601511494950807
BTC/USDT	2023-05-11 01:15:00+00:00	[0.75,1.00]	0.0037636441636271847	0.007630451626402151	0.013518751200998791	0.033712967009176094
BTC/USDT	2023-05-12 01:15:00+00:00	[0.25,0.50)	0.0032449007374300257	0.014835266610774773	0.029432112614867674	0.043612001520535806
BTC/USDT	2023-05-13 01:15:00+00:00	[0.75,1.00]	0.006523401677446183	0.008275430699396439	0.0104081741049591	0.018011318917196362
BTC/USDT	2023-05-14 01:15:00+00:00	[0.50,0.75)	0.00414264171692642	0.007181827511785478	0.008003239201226696	0.019282386581136946
BTC/USDT	2023-05-15 01:15:00+00:00	[0.25,0.50)	0.011415086929393864	0.013974209439742237	0.02101503831829299	0.030066262265781175
BTC/USDT	2023-05-16 01:15:00+00:00	[0.50,0.75)	0.006438854858641825	0.010863778383531014	0.015630739351110368	0.015630739351110368
BTC/USDT	2023-05-17 01:15:00+00:00	[0.10,0.25)	0.005023620164728691	0.008579189166453864	0.02453257752741667	0.03524540325472739
BTC/USDT	2023-05-18 01:15:00+00:00	[0.05,0.10)	0.003532894945976146	0.004759488009751434	0.011686797481337061	0.04059193620108375
BTC/USDT	2023-05-19 01:15:00+00:00	[0.25,0.50)	0.003640027409193955	0.005156177632145119	0.00890053585048795	0.020627691408842207
BTC/USDT	2023-05-20 01:15:00+00:00	[0.00,0.05)	0.0008404446689268887	0.0015774156363651632	0.004217111647007257	0.01657030833302001
BTC/USDT	2023-05-21 01:15:00+00:00	[0.50,0.75)	0.0022055594662524452	0.004259594753732743	0.015789775648593428	0.024136109903576206
BTC/USDT	2023-05-22 01:15:00+00:00	[0.50,0.75)	0.005128943545623242	0.008316628081472165	0.014059034972660395	0.021061741560941746
BTC/USDT	2023-05-23 01:15:00+00:00	[0.10,0.25)	0.005064697873331065	0.019366918326140254	0.019366918326140254	0.019366918326140254
BTC/USDT	2023-05-24 01:15:00+00:00	[0.00,0.05)	0.002598362369235336	0.019569422648297946	0.020926754152227178	0.048202566269281585
BTC/USDT	2023-05-25 01:15:00+00:00	[0.50,0.75)	0.007623596063779934	0.012700602201319671	0.021193342898930538	0.026276125363234686
BTC/USDT	2023-05-26 01:15:00+00:00	[0.00,0.05)	0.00468585904136996	0.00468585904136996	0.008389601978154287	0.022885272495603865
BTC/USDT	2023-05-27 01:15:00+00:00	[0.10,0.25)	0.001820902613182531	0.004020597930465412	0.004501301233492896	0.023028048644326726
BTC/USDT	2023-05-28 01:15:00+00:00	[0.75,1.00]	0.0025456878149850604	0.00791504296885076	0.010079522789528129	0.05074084861176133
BTC/USDT	2023-05-29 01:15:00+00:00	[0.75,1.00]	0.0026680146863194724	0.012152751911172661	0.01599176998527831	0.02383795384806411
BTC/USDT	2023-05-30 01:15:00+00:00	[0.25,0.50)	0.0026212220705385467	0.009634548146100064	0.013164071725218449	0.017445653113065722
BTC/USDT	2023-05-31 01:15:00+00:00	[0.25,0.50)	0.008595099110168378	0.026254689878997445	0.0302680860905499	0.034925323422256606
BTC/USDT	2023-06-01 01:15:00+00:00	[0.50,0.75)	0.004575750988360825	0.020648541500097706	0.020648541500097706	0.02468599051615827
BTC/USDT	2023-06-02 01:15:00+00:00	[0.50,0.75)	0.00716696249458597	0.01349228772514168	0.016699305891535413	0.01893572023351149
BTC/USDT	2023-06-03 01:15:00+00:00	[0.25,0.50)	0.002846284430978833	0.0029277015755875724	0.004449575894041254	0.015412523356773634
BTC/USDT	2023-06-04 01:15:00+00:00	[0.10,0.25)	0.0019098099722452155	0.0026724038555328605	0.008234092675847373	0.01872936488935006
BTC/USDT	2023-06-05 01:15:00+00:00	[0.75,1.00]	0.0024053196531547425	0.01252089773953184	0.01623202572575508	0.06251945587868846
BTC/USDT	2023-06-06 01:15:00+00:00	[0.75,1.00]	0.0062224933344358435	0.008596588666434724	0.01834648764939988	0.07959479298138322
BTC/USDT	2023-06-07 01:15:00+00:00	[0.75,1.00]	0.005563299270008393	0.014880229866567878	0.028474691581668266	0.03684934043967746
BTC/USDT	2023-06-08 01:15:00+00:00	[0.50,0.75)	0.0028063989069138768	0.009698267718439625	0.01382794775797939	0.022671864065548893
BTC/USDT	2023-06-09 01:15:00+00:00	[0.50,0.75)	0.012325327988723267	0.012325327988723267	0.019371444870879745	0.019371444870879745
BTC/USDT	2023-06-10 01:15:00+00:00	[0.00,0.05)	0.006978279307904432	0.037454391380301294	0.03926212031838984	0.04297840619257613
BTC/USDT	2023-06-11 01:15:00+00:00	[0.50,0.75)	0.004540492393589033	0.008907961922555548	0.008907961922555548	0.022197359345213215
BTC/USDT	2023-06-12 01:15:00+00:00	[0.75,1.00]	0.013941329563642548	0.013941329563642548	0.019438238491774253	0.019438238491774253
BTC/USDT	2023-06-13 01:15:00+00:00	[0.25,0.50)	0.0044973884766870585	0.008700206660672774	0.02084142504339717	0.027712680904999905
BTC/USDT	2023-06-14 01:15:00+00:00	[0.50,0.75)	0.0037747065400525804	0.0037747065400525804	0.00955612161608573	0.0491836099808723
BTC/USDT	2023-06-15 01:15:00+00:00	[0.50,0.75)	0.004144506369426775	0.006780254777070052	0.013300955414012699	0.0381771496815286
BTC/USDT	2023-06-16 01:15:00+00:00	[0.75,1.00]	0.0039539406928522335	0.006040622785893284	0.006582704796895913	0.05269461077844306
BTC/USDT	2023-06-17 01:15:00+00:00	[0.10,0.25)	0.00577486787526102	0.00945579076043925	0.025025186960730427	0.025025186960730427
BTC/USDT	2023-06-18 01:15:00+00:00	[0.25,0.50)	0.002770707076433406	0.007427354449061676	0.008919477152343536	0.016786380411921164
BTC/USDT	2023-06-19 01:15:00+00:00	[0.25,0.50)	0.0025569780768768297	0.003809522366645952	0.008014465428338276	0.032973692403604773
BTC/USDT	2023-06-20 01:15:00+00:00	[0.75,1.00]	0.005421229575016736	0.00582531247905056	0.012251008447962397	0.09022752719411277
BTC/USDT	2023-06-21 01:15:00+00:00	[0.75,1.00]	0.0057781399542270965	0.007802205423399681	0.01886365212566758	0.0735834662597961
BTC/USDT	2023-06-22 01:15:00+00:00	[0.75,1.00]	0.006622213375796144	0.013888004246284481	0.021891918789808913	0.03232450902335455
BTC/USDT	2023-06-23 01:15:00+00:00	[0.50,0.75)	0.007924719163602498	0.00939811757952439	0.014346738428661344	0.05433893357919937
BTC/USDT	2023-06-24 01:15:00+00:00	[0.75,1.00]	0.007992288557050652	0.01260229046653838	0.012795535867199398	0.018044986479383768
BTC/USDT	2023-06-25 01:15:00+00:00	[0.25,0.50)	0.0020781373093284035	0.01490017915765509	0.01690969872563779	0.03536787114764479
BTC/USDT	2023-06-26 01:15:00+00:00	[0.50,0.75)	0.007076719795193643	0.007076719795193643	0.015335040052853235	0.024312494838549838
BTC/USDT	2023-06-27 01:15:00+00:00	[0.25,0.50)	0.004126944346432421	0.006616301347728431	0.01824923907917863	0.025107584146466112
BTC/USDT	2023-06-28 01:15:00+00:00	[0.25,0.50)	0.003277115275040173	0.00772782967243234	0.018435449758640216	0.02334834240572119
BTC/USDT	2023-06-29 01:15:00+00:00	[0.10,0.25)	0.003309503802785345	0.005295206084456551	0.024622046391962395	0.024622046391962395
BTC/USDT	2023-06-30 01:15:00+00:00	[0.05,0.10)	0.00700429139403735	0.030249479395227354	0.030249479395227354	0.05857728207328077
BTC/USDT	2023-07-01 01:15:00+00:00	[0.10,0.25)	0.003652948524094319	0.006905200184077303	0.010467424889882278	0.011209979620011796
BTC/USDT	2023-07-02 01:15:00+00:00	[0.00,0.05)	0.003756071235833788	0.004923710935583603	0.004923710935583603	0.020801648432517295
BTC/USDT	2023-07-03 01:15:00+00:00	[0.10,0.25)	0.0033545183358070223	0.00477224628909461	0.00748583819784646	0.026384207207897033
BTC/USDT	2023-07-04 01:15:00+00:00	[0.10,0.25)	0.006386627979641153	0.011238529611021017	0.015478976267983871	0.023416354049094538
BTC/USDT	2023-07-05 01:15:00+00:00	[0.00,0.05)	0.0021163952507622773	0.0029322649711282494	0.02129695711412444	0.02199669110491143
BTC/USDT	2023-07-06 01:15:00+00:00	[0.10,0.25)	0.0054459650902878975	0.0054459650902878975	0.03635534552087221	0.05918674728524248
BTC/USDT	2023-07-07 01:15:00+00:00	[0.75,1.00]	0.003741149882920384	0.009013482068505595	0.01397791165394684	0.01727686808406278
BTC/USDT	2023-07-08 01:15:00+00:00	[0.05,0.10)	0.0024387498840694223	0.006713905825110439	0.007974042116540566	0.011832673175500494
BTC/USDT	2023-07-09 01:15:00+00:00	[0.50,0.75)	0.002361312425879572	0.0037840954012386013	0.004321715641059385	0.016323626301225472
BTC/USDT	2023-07-10 01:15:00+00:00	[0.25,0.50)	0.003182420094738238	0.006579504842415875	0.009494424866540764	0.034750419111135425
BTC/USDT	2023-07-11 01:15:00+00:00	[0.75,1.00]	0.0037394201471429027	0.006587283806572251	0.010290621829488384	0.016848055878745726
BTC/USDT	2023-07-12 01:15:00+00:00	[0.10,0.25)	0.002451073557110645	0.005933039816182514	0.015902486594462646	0.025338136738446856
BTC/USDT	2023-07-13 01:15:00+00:00	[0.05,0.10)	0.0033837662290571225	0.0048269351088244365	0.012726125576130332	0.05119986075958549
BTC/USDT	2023-07-14 01:15:00+00:00	[0.50,0.75)	0.0025764562024735973	0.008688812747583098	0.017665172145868626	0.055089225439121633
BTC/USDT	2023-07-15 01:15:00+00:00	[0.25,0.50)	0.0029946405623833654	0.004398357726723087	0.004398357726723087	0.004611271858717296
BTC/USDT	2023-07-16 01:15:00+00:00	[0.00,0.05)	0.008565692572408948	0.008928491918974343	0.009423218300654427	0.012439729958551766
BTC/USDT	2023-07-17 01:15:00+00:00	[0.25,0.50)	0.002050701776636339	0.0026838464546539735	0.012272173605166081	0.022384983671010442
BTC/USDT	2023-07-18 01:15:00+00:00	[0.50,0.75)	0.003153779897965848	0.006592460080832174	0.018709998012323554	0.024109852249387095
BTC/USDT	2023-07-19 01:15:00+00:00	[0.50,0.75)	0.0018852957270076073	0.007568191920037357	0.012060690917202731	0.014242418887102029
BTC/USDT	2023-07-20 01:15:00+00:00	[0.25,0.50)	0.0020800140290094917	0.004965495904482671	0.016769800556692912	0.028221379637066054
BTC/USDT	2023-07-21 01:15:00+00:00	[0.25,0.50)	0.004319629116597119	0.004745866452108166	0.007475057749634283	0.011114314308683633
BTC/USDT	2023-07-22 01:15:00+00:00	[0.10,0.25)	0.0013377689646950986	0.003314033750782311	0.0053841360503690235	0.012185519101778019
BTC/USDT	2023-07-23 01:15:00+00:00	[0.25,0.50)	0.002313542078153806	0.005691883102632514	0.005691883102632514	0.01805936538920948
BTC/USDT	2023-07-24 01:15:00+00:00	[0.50,0.75)	0.006171402695046189	0.009884930723667095	0.031925654634546434	0.03653750913771674
BTC/USDT	2023-07-25 01:15:00+00:00	[0.25,0.50)	0.0023452083372035378	0.004233553439581477	0.00806219119588763	0.011296012285767904
BTC/USDT	2023-07-26 01:15:00+00:00	[0.10,0.25)	0.003169376414900235	0.010836934897441254	0.010836934897441254	0.020342320093297707
BTC/USDT	2023-07-27 01:15:00+00:00	[0.75,1.00]	0.0022943978396063923	0.0052129018214716475	0.007528386626102676	0.01644919316850366
BTC/USDT	2023-07-28 01:15:00+00:00	[0.25,0.50)	0.0024805393302646493	0.003657779177681217	0.006977691202403947	0.014317504934773607
BTC/USDT	2023-07-29 01:15:00+00:00	[0.00,0.05)	0.0023119980115658308	0.002679203712562087	0.005139516004474589	0.005139516004474589
BTC/USDT	2023-07-30 01:15:00+00:00	[0.00,0.05)	0.0008740719377567857	0.000952820228560973	0.003469015615683741	0.016934632441500362
BTC/USDT	2023-07-31 01:15:00+00:00	[0.75,1.00]	0.002146930765303981	0.003909716823194616	0.005581816199494402	0.013411439360669105
BTC/USDT	2023-08-01 01:15:00+00:00	[0.25,0.50)	0.01869033382307713	0.01869033382307713	0.01869033382307713	0.047803669662076734
BTC/USDT	2023-08-02 01:15:00+00:00	[0.75,1.00]	0.008631251086119401	0.015525378253063035	0.022310434851348857	0.03735750363818724
BTC/USDT	2023-08-03 01:15:00+00:00	[0.25,0.50)	0.004309568131942645	0.006639064419479223	0.010544396430937604	0.01594094863940294
BTC/USDT	2023-08-04 01:15:00+00:00	[0.50,0.75)	0.004589878905978386	0.004589878905978386	0.005601022378399908	0.018001231046626008
BTC/USDT	2023-08-05 01:15:00+00:00	[0.50,0.75)	0.0013203569882103167	0.00259153162442425	0.004529935371637987	0.004529935371637987
BTC/USDT	2023-08-06 01:15:00+00:00	[0.00,0.05)	0.001244428471697306	0.0018678475483897955	0.0041997309418275305	0.007339546181205279
BTC/USDT	2023-08-07 01:15:00+00:00	[0.25,0.50)	0.002844407580745551	0.0036882359291965836	0.0066779656950530526	0.01973331322586118
BTC/USDT	2023-08-08 01:15:00+00:00	[0.25,0.50)	0.0014231770534374657	0.004662592581042709	0.01810241460337978	0.03761155730797816
BTC/USDT	2023-08-09 01:15:00+00:00	[0.75,1.00]	0.0061617812735196	0.009050995877624857	0.01832985836749657	0.026249228436949032
BTC/USDT	2023-08-10 01:15:00+00:00	[0.50,0.75)	0.002736384696104939	0.00505329397964979	0.006216477007715082	0.014110855665670642
BTC/USDT	2023-08-11 01:15:00+00:00	[0.00,0.05)	0.0022878208997971056	0.00395736685455842	0.004750740521678816	0.010589739961430764
BTC/USDT	2023-08-12 01:15:00+00:00	[0.00,0.05)	0.001030348031311424	0.0015890195891860488	0.0017939337919831051	0.0033911091703352617
BTC/USDT	2023-08-13 01:15:00+00:00	[0.00,0.05)	0.00042249966970981984	0.0031317278572304034	0.0031317278572304034	0.007629787041826498
BTC/USDT	2023-08-14 01:15:00+00:00	[0.50,0.75)	0.0067679564619749335	0.011878014787453402	0.01344192776881968	0.02026217415346713
BTC/USDT	2023-08-15 01:15:00+00:00	[0.10,0.25)	0.0014400607428972916	0.0018445149048156365	0.0036064395900125296	0.014943051834369558
BTC/USDT	2023-08-16 01:15:00+00:00	[0.05,0.10)	0.0024810923650799084	0.002655282160090351	0.007199274494370452	0.03132883884877311
BTC/USDT	2023-08-17 01:15:00+00:00	[0.75,1.00]	0.003125976758602095	0.005172826248286672	0.009465936771523714	0.1236389987514952
BTC/USDT	2023-08-18 01:15:00+00:00	[0.75,1.00]	0.0045353144757884515	0.01980929423679726	0.01980929423679726	0.04006144328563682
BTC/USDT	2023-08-19 01:15:00+00:00	[0.50,0.75)	0.002778155910339791	0.005999206241168502	0.010635601425698252	0.018402550765095314
BTC/USDT	2023-08-20 01:15:00+00:00	[0.50,0.75)	0.0019293597591116187	0.004359165167756524	0.006557140853608496	0.012566703733876366
BTC/USDT	2023-08-21 01:15:00+00:00	[0.50,0.75)	0.0017667067721720221	0.00444372058276471	0.011807611329097984	0.01706758790809448
BTC/USDT	2023-08-22 01:15:00+00:00	[0.50,0.75)	0.0019197281996333516	0.0036088895231715765	0.004499315013049427	0.034066735491454704
BTC/USDT	2023-08-23 01:15:00+00:00	[0.75,1.00]	0.002602364137386389	0.004418449398133628	0.014254041442696907	0.03865903152874588
BTC/USDT	2023-08-24 01:15:00+00:00	[0.75,1.00]	0.0035573212258796986	0.0053053348467650835	0.00878206583427925	0.027009837306091525
BTC/USDT	2023-08-25 01:15:00+00:00	[0.50,0.75)	0.0027693354858147217	0.006557360732170239	0.008571005279500348	0.02055372162474309
BTC/USDT	2023-08-26 01:15:00+00:00	[0.10,0.25)	0.0031558993565050635	0.0031558993565050635	0.005365335825519439	0.0054754431821103225
BTC/USDT	2023-08-27 01:15:00+00:00	[0.10,0.25)	0.002075281649487357	0.003033311039567613	0.0049801375239458484	0.008311895294425737
BTC/USDT	2023-08-28 01:15:00+00:00	[0.25,0.50)	0.002047516666302004	0.0026044995464677093	0.014951017367041032	0.014951017367041032
BTC/USDT	2023-08-29 01:15:00+00:00	[0.75,1.00]	0.002613324433435199	0.00464680315558542	0.008859583184703998	0.08500002296418653
BTC/USDT	2023-08-30 01:15:00+00:00	[0.50,0.75)	0.0077254325759130655	0.010210008409054104	0.010210008409054104	0.01979051829196302
BTC/USDT	2023-08-31 01:15:00+00:00	[0.25,0.50)	0.00226107253500126	0.003922081317819296	0.019258961662022234	0.0709683721599798
BTC/USDT	2023-09-01 01:15:00+00:00	[0.50,0.75)	0.0030240973865520745	0.004841556067734819	0.0076402501130863575	0.03162762752597908
BTC/USDT	2023-09-02 01:15:00+00:00	[0.10,0.25)	0.00190972175117649	0.0033539318678566673	0.004167898922346335	0.009109841753176461
BTC/USDT	2023-09-03 01:15:00+00:00	[0.10,0.25)	0.0009807865537178116	0.0018197493622762035	0.010731072423242196	0.012945764203918587
BTC/USDT	2023-09-04 01:15:00+00:00	[0.50,0.75)	0.0015152562706619104	0.008897640441235852	0.011317878981120535	0.01841675611558286
BTC/USDT	2023-09-05 01:15:00+00:00	[0.50,0.75)	0.0026658905704306205	0.009364377182770653	0.0107248738843617	0.013693053938688499
BTC/USDT	2023-09-06 01:15:00+00:00	[0.25,0.50)	0.001970350582909996	0.004669556514188206	0.0070862874061466945	0.025864096570040115
BTC/USDT	2023-09-07 01:15:00+00:00	[0.25,0.50)	0.0022137958691354482	0.004865920988821095	0.008287842425297459	0.03225761325059994
BTC/USDT	2023-09-08 01:15:00+00:00	[0.75,1.00]	0.003241857631174776	0.007073247585711201	0.0280413653279735	0.0280413653279735
BTC/USDT	2023-09-09 01:15:00+00:00	[0.10,0.25)	0.0014920463492988174	0.0016555529829138176	0.002754487638627859	0.005738193796720696
BTC/USDT	2023-09-10 01:15:00+00:00	[0.10,0.25)	0.0008474563159669841	0.004938918164574482	0.004938918164574482	0.017911845977232013
BTC/USDT	2023-09-11 01:15:00+00:00	[0.75,1.00]	0.0026384054620630947	0.005307530751908677	0.012575297603192351	0.03887380333632879
BTC/USDT	2023-09-12 01:15:00+00:00	[0.25,0.50)	0.0015313953946026835	0.03413119351438945	0.04770304605357584	0.05707031975233697
BTC/USDT	2023-09-13 01:15:00+00:00	[0.75,1.00]	0.0024795979880890295	0.005132370575128645	0.016645588733854622	0.027183783760850944
BTC/USDT	2023-09-14 01:15:00+00:00	[0.75,1.00]	0.004564226080441683	0.005380560707449292	0.02205934523859473	0.026761280104246728
BTC/USDT	2023-09-15 01:15:00+00:00	[0.50,0.75)	0.0046470431353790795	0.00675347132500138	0.013424330226376863	0.02504778506284391
BTC/USDT	2023-09-16 01:15:00+00:00	[0.75,1.00]	0.006872469818278036	0.009850038798626106	0.012481728553984228	0.013565984733191778
BTC/USDT	2023-09-17 01:15:00+00:00	[0.25,0.50)	0.0014623698473839376	0.003491256939364099	0.005502393157680206	0.009287106029745232
BTC/USDT	2023-09-18 01:15:00+00:00	[0.25,0.50)	0.00992997734638963	0.011460483818283287	0.036345846882135956	0.036345846882135956
BTC/USDT	2023-09-19 01:15:00+00:00	[0.50,0.75)	0.002428557955295649	0.006557368459660231	0.029237382651510695	0.029894953360010374
BTC/USDT	2023-09-20 01:15:00+00:00	[0.50,0.75)	0.00648883961409629	0.01334051421311588	0.016576679432539296	0.021595101837764738
BTC/USDT	2023-09-21 01:15:00+00:00	[0.50,0.75)	0.0040571176341744255	0.006171103108307229	0.022293948494211454	0.026886974788202952
BTC/USDT	2023-09-22 01:15:00+00:00	[0.25,0.50)	0.0034572341301395922	0.004483559468892569	0.007232310147636977	0.009583289397102386
BTC/USDT	2023-09-23 01:15:00+00:00	[0.25,0.50)	0.0018345172164699614	0.0032751173850228475	0.0032751173850228475	0.004658153744281292
BTC/USDT	2023-09-24 01:15:00+00:00	[0.00,0.05)	0.0005034507826063782	0.0014422472718460429	0.002990979275738186	0.027789128623773293
BTC/USDT	2023-09-25 01:15:00+00:00	[0.75,1.00]	0.005492477025013436	0.007524305712655222	0.011823311508157585	0.017325673927235222
BTC/USDT	2023-09-26 01:15:00+00:00	[0.10,0.25)	0.0034926900946547564	0.006208423188416836	0.007963714090482589	0.011767415390296182
BTC/USDT	2023-09-27 01:15:00+00:00	[0.25,0.50)	0.0014310213414633868	0.002633384146341408	0.023993902439024335	0.028122713414634095
BTC/USDT	2023-09-28 01:15:00+00:00	[0.75,1.00]	0.00551604154553503	0.007217618065064349	0.010639673309405613	0.036522084958607884
BTC/USDT	2023-09-29 01:15:00+00:00	[0.25,0.50)	0.00491483835321813	0.00871354328294313	0.014264214777547229	0.021468348692820365
BTC/USDT	2023-09-30 01:15:00+00:00	[0.10,0.25)	0.001419983273770974	0.002585840812518685	0.004112452866920917	0.007753064091327747
BTC/USDT	2023-10-01 01:15:00+00:00	[0.25,0.50)	0.0013885912719340775	0.00231382532839334	0.010320060665746695	0.03905523980401318
BTC/USDT	2023-10-02 01:15:00+00:00	[0.75,1.00]	0.00492552460284456	0.013043518855681023	0.02289313162958159	0.04663232158260314
BTC/USDT	2023-10-03 01:15:00+00:00	[0.75,1.00]	0.0034054926667299213	0.006441693126544225	0.010497358378257838	0.01877459749878208
BTC/USDT	2023-10-04 01:15:00+00:00	[0.50,0.75)	0.0083841577657649	0.0083841577657649	0.013239028923406709	0.022487412247655422
BTC/USDT	2023-10-05 01:15:00+00:00	[0.25,0.50)	0.0024492908419247103	0.0037363408749125923	0.018405031903906983	0.027717387187431327
BTC/USDT	2023-10-06 01:15:00+00:00	[0.25,0.50)	0.00362344673049503	0.004062145330733574	0.022737391962285063	0.04070730145796355
BTC/USDT	2023-10-07 01:15:00+00:00	[0.50,0.75)	0.0017102977854333086	0.0026332131941764784	0.005676252461466226	0.006442121658465302
BTC/USDT	2023-10-08 01:15:00+00:00	[0.05,0.10)	0.005306587739925236	0.006717050208456462	0.014585512954643342	0.014585512954643342
BTC/USDT	2023-10-09 01:15:00+00:00	[0.50,0.75)	0.0055988869046399645	0.0055988869046399645	0.022029114211904156	0.026150771539907663
BTC/USDT	2023-10-10 01:15:00+00:00	[0.10,0.25)	0.001850361910621041	0.005026193811716564	0.012417121851101958	0.01585195363539346
BTC/USDT	2023-10-11 01:15:00+00:00	[0.10,0.25)	0.003619273826916435	0.017288602914373896	0.017288602914373896	0.032825344612899196
BTC/USDT	2023-10-12 01:15:00+00:00	[0.50,0.75)	0.0028452047262446977	0.007889401210846185	0.010886260541115666	0.014644007626060121
BTC/USDT	2023-10-13 01:15:00+00:00	[0.25,0.50)	0.0018750529188647197	0.0025304075992795255	0.00855840247132486	0.016598339942207937
BTC/USDT	2023-10-14 01:15:00+00:00	[0.75,1.00]	0.0033056539905854977	0.005380301058479747	0.005505822793108274	0.007470964252750928
BTC/USDT	2023-10-15 01:15:00+00:00	[0.05,0.10)	0.002256090681515142	0.002256090681515142	0.005847069148676668	0.018062130183023047
BTC/USDT	2023-10-16 01:15:00+00:00	[0.50,0.75)	0.003891400522426243	0.023948576689332545	0.08038985218477863	0.10424996292505875
BTC/USDT	2023-10-17 01:15:00+00:00	[0.75,1.00]	0.004486161672520098	0.012331301628772922	0.019047142082242112	0.0191977388616577
BTC/USDT	2023-10-18 01:15:00+00:00	[0.50,0.75)	0.005169986911872071	0.023125769500781365	0.026315603800143254	0.02961550537459921
BTC/USDT	2023-10-19 01:15:00+00:00	[0.50,0.75)	0.010839049745288817	0.010839049745288817	0.016664189183001096	0.028751608896679052
BTC/USDT	2023-10-20 01:15:00+00:00	[0.50,0.75)	0.007484760060037382	0.02717614603510008	0.055390298985121995	0.055390298985121995
BTC/USDT	2023-10-21 01:15:00+00:00	[0.25,0.50)	0.003091094525244823	0.005509359795021903	0.013992550553436746	0.03092851788995883
BTC/USDT	2023-10-22 01:15:00+00:00	[0.25,0.50)	0.003539819460519976	0.00931432955271432	0.02031536937885758	0.027641933595472894
BTC/USDT	2023-10-23 01:15:00+00:00	[0.75,1.00]	0.015043586419410115	0.024517422566826326	0.026464204819510808	0.14998476045306347
BTC/USDT	2023-10-24 01:15:00+00:00	[0.75,1.00]	0.051690434006213794	0.051690434006213794	0.051690434006213794	0.06182213000421163
BTC/USDT	2023-10-25 01:15:00+00:00	[0.75,1.00]	0.010769374580117563	0.01394351829660887	0.028915284433853525	0.04233550582600962
BTC/USDT	2023-10-26 01:15:00+00:00	[0.50,0.75)	0.004244313302466132	0.0061645174486675705	0.02486592397661318	0.030893983139628708
BTC/USDT	2023-10-27 01:15:00+00:00	[0.50,0.75)	0.009209087674402755	0.011933669826592906	0.013696548116415356	0.02515599337381629
BTC/USDT	2023-10-28 01:15:00+00:00	[0.10,0.25)	0.0016756417019867702	0.009417366154576471	0.01851973764812061	0.01851973764812061
BTC/USDT	2023-10-29 01:15:00+00:00	[0.25,0.50)	0.002352336877234525	0.0034940851789537273	0.01711063249796355	0.024126750830275497
BTC/USDT	2023-10-30 01:15:00+00:00	[0.25,0.50)	0.009321483959842303	0.009321483959842303	0.021483872893703206	0.022988085994616818
BTC/USDT	2023-10-31 01:15:00+00:00	[0.25,0.50)	0.002990982057010856	0.008661742369700904	0.014827177381521927	0.020190217517522573
BTC/USDT	2023-11-01 01:15:00+00:00	[0.10,0.25)	0.00379202938692546	0.005035393624922021	0.02558505554909176	0.04493592448588216
BTC/USDT	2023-11-02 01:15:00+00:00	[0.75,1.00]	0.006332750180752994	0.022975236778601724	0.025920996276953646	0.04738496703702146
BTC/USDT	2023-11-03 01:15:00+00:00	[0.75,1.00]	0.005745801439936007	0.011620907277176363	0.017117067341556647	0.021081823649051114
BTC/USDT	2023-11-04 01:15:00+00:00	[0.10,0.25)	0.004419215233698738	0.005813618003462204	0.011968263127524515	0.019325447201384873
BTC/USDT	2023-11-05 01:15:00+00:00	[0.50,0.75)	0.004188788383520771	0.01049485426054188	0.01049485426054188	0.026659046527187223
BTC/USDT	2023-11-06 01:15:00+00:00	[0.75,1.00]	0.006971332759990368	0.01000005416066498	0.015690344664219563	0.015690344664219563
BTC/USDT	2023-11-07 01:15:00+00:00	[0.25,0.50)	0.004695328174261958	0.0052186873029521855	0.01297907709945554	0.03912123817712818
BTC/USDT	2023-11-08 01:15:00+00:00	[0.50,0.75)	0.0027077211566837304	0.005316882166967781	0.008514862389984765	0.0284101740052556
BTC/USDT	2023-11-09 01:15:00+00:00	[0.75,1.00]	0.01963163494239152	0.028385777968651816	0.03251004993244276	0.06615567599826536
BTC/USDT	2023-11-10 01:15:00+00:00	[0.50,0.75)	0.003413398928848109	0.008712632497906157	0.02554533143967072	0.03280385599388758
BTC/USDT	2023-11-11 01:15:00+00:00	[0.25,0.50)	0.007569357063553563	0.007569357063553563	0.007569357063553563	0.01634747501934536
BTC/USDT	2023-11-12 01:15:00+00:00	[0.50,0.75)	0.0035635333110427382	0.004558498430454752	0.008686332241522737	0.015365150575716302
BTC/USDT	2023-11-13 01:15:00+00:00	[0.25,0.50)	0.005741303070463257	0.013588483296662715	0.018370132571614715	0.030267695158198105
BTC/USDT	2023-11-14 01:15:00+00:00	[0.50,0.75)	0.0032387371534992023	0.007176375597905417	0.014785443622374687	0.05340660807873849
BTC/USDT	2023-11-15 01:15:00+00:00	[0.50,0.75)	0.006068335208099012	0.006375421822272191	0.029170416197975335	0.07367829021372328
BTC/USDT	2023-11-16 01:15:00+00:00	[0.50,0.75)	0.008396757631319429	0.009194828437373516	0.021810567978113354	0.05724788924627498
BTC/USDT	2023-11-17 01:15:00+00:00	[0.75,1.00]	0.008947018499472329	0.014527695844282361	0.015202999614072898	0.025826586943228584
BTC/USDT	2023-11-18 01:15:00+00:00	[0.25,0.50)	0.0018142632551159535	0.0041877115988492265	0.009883328790126027	0.018307615485995424
BTC/USDT	2023-11-19 01:15:00+00:00	[0.10,0.25)	0.0030024138397504972	0.0043941377471910115	0.00910931590678422	0.030621767472898926
BTC/USDT	2023-11-20 01:15:00+00:00	[0.75,1.00]	0.004430315796019012	0.008584038373556799	0.010230196850214241	0.028758190254859744
BTC/USDT	2023-11-21 01:15:00+00:00	[0.25,0.50)	0.005808565764563483	0.008073062268711857	0.014763705119119288	0.05389245231053708
BTC/USDT	2023-11-22 01:15:00+00:00	[0.75,1.00]	0.004380806277624036	0.012313647570695283	0.02044330127773052	0.05054840353575851
BTC/USDT	2023-11-23 01:15:00+00:00	[0.50,0.75)	0.004612062304477667	0.006410179419365864	0.013171334644888691	0.0209101509943292
BTC/USDT	2023-11-24 01:15:00+00:00	[0.10,0.25)	0.004097482170613819	0.004790717427752878	0.019621734326730284	0.02972636560271829
BTC/USDT	2023-11-25 01:15:00+00:00	[0.25,0.50)	0.002691430191609047	0.003270947551956562	0.006580582591160804	0.007867339016330927
BTC/USDT	2023-11-26 01:15:00+00:00	[0.00,0.05)	0.001666529181766843	0.0028139755036389246	0.012191418236757416	0.01762892392292952
BTC/USDT	2023-11-27 01:15:00+00:00	[0.50,0.75)	0.004765046453210025	0.009322337946470069	0.01971008594396529	0.02245351682535505
BTC/USDT	2023-11-28 01:15:00+00:00	[0.75,1.00]	0.002710127690156826	0.008866012212250786	0.01099301596113509	0.04057633517361645
BTC/USDT	2023-11-29 01:15:00+00:00	[0.50,0.75)	0.005297434082481923	0.006152774980397889	0.01619704866634658	0.023138640951923688
BTC/USDT	2023-11-30 01:15:00+00:00	[0.10,0.25)	0.003524897033882358	0.012150518079921192	0.015677532805022317	0.017096385921694622
BTC/USDT	2023-12-01 01:15:00+00:00	[0.25,0.50)	0.0035785688153213454	0.010911242940925254	0.026477238591843536	0.03085905184952108
BTC/USDT	2023-12-02 01:15:00+00:00	[0.25,0.50)	0.003311357352152322	0.003995914324625435	0.0045355123601998415	0.027496801617762395
BTC/USDT	2023-12-03 01:15:00+00:00	[0.25,0.50)	0.003545241430688342	0.006838444284291366	0.009914276517697381	0.03846726130226003
BTC/USDT	2023-12-04 01:15:00+00:00	[0.75,1.00]	0.00999048490096243	0.02619543427802737	0.04154532885407648	0.04807007364789996
BTC/USDT	2023-12-05 01:15:00+00:00	[0.75,1.00]	0.00486141315945579	0.006537911349883116	0.016008735437939677	0.07370645648417805
BTC/USDT	2023-12-06 01:15:00+00:00	[0.75,1.00]	0.007734590704796379	0.010653033768085596	0.021882749519602302	0.021882749519602302
BTC/USDT	2023-12-07 01:15:00+00:00	[0.25,0.50)	0.0025439612864167484	0.004877691015186131	0.027929820469538475	0.027929820469538475
BTC/USDT	2023-12-08 01:15:00+00:00	[0.25,0.50)	0.0030114470478968787	0.0043787781365303025	0.01656768323458035	0.037309494343310066
BTC/USDT	2023-12-09 01:15:00+00:00	[0.50,0.75)	0.003652904639951071	0.0068307638000824995	0.014474141214641764	0.017547871494526083
BTC/USDT	2023-12-10 01:15:00+00:00	[0.50,0.75)	0.003232813674614771	0.005663239984527082	0.010152321312576238	0.018223635713399456
BTC/USDT	2023-12-11 01:15:00+00:00	[0.75,1.00]	0.06860447374112984	0.06860447374112984	0.06860447374112984	0.07271335541203196
BTC/USDT	2023-12-12 01:15:00+00:00	[0.75,1.00]	0.0078142521684956	0.013480854938419528	0.01744213351224422	0.034123736042555294
BTC/USDT	2023-12-13 01:15:00+00:00	[0.50,0.75)	0.015485988107248883	0.015485988107248883	0.02015617192226961	0.07121603538706794
BTC/USDT	2023-12-14 01:15:00+00:00	[0.50,0.75)	0.003171659496208806	0.004712026220360715	0.03183183028758347	0.047216096855641695
BTC/USDT	2023-12-15 01:15:00+00:00	[0.10,0.25)	0.00511327853575667	0.013143981910757534	0.014298263349066066	0.03345812679666562
BTC/USDT	2023-12-16 01:15:00+00:00	[0.50,0.75)	0.0032491730499739717	0.008304629021293664	0.01155665034919886	0.015744330977491002
BTC/USDT	2023-12-17 01:15:00+00:00	[0.10,0.25)	0.007879359515215394	0.007982236832592245	0.012695866915626531	0.02920554295400601
BTC/USDT	2023-12-18 01:15:00+00:00	[0.75,1.00]	0.008886352400616568	0.011285514874807397	0.018647066236271437	0.05712115043475731
BTC/USDT	2023-12-19 01:15:00+00:00	[0.75,1.00]	0.017487664658970694	0.017487664658970694	0.017487664658970694	0.039362421693669845
BTC/USDT	2023-12-20 01:15:00+00:00	[0.25,0.50)	0.0047194900307852335	0.015906569199758594	0.02825558681431123	0.04901190396970465
BTC/USDT	2023-12-21 01:15:00+00:00	[0.25,0.50)	0.004770236636090283	0.00969440390707284	0.021206479742336682	0.02202106775782281
BTC/USDT	2023-12-22 01:15:00+00:00	[0.25,0.50)	0.0077232885894603235	0.008181368901209338	0.021251200018177836	0.02239776413181173
BTC/USDT	2023-12-23 01:15:00+00:00	[0.25,0.50)	0.005492929319250206	0.011632273856961695	0.011632273856961695	0.01409107460129921
BTC/USDT	2023-12-24 01:15:00+00:00	[0.10,0.25)	0.004118826125425557	0.006757905542226586	0.012437722951889291	0.032999903465012685
BTC/USDT	2023-12-25 01:15:00+00:00	[0.75,1.00]	0.0045362719242874475	0.007748931729002936	0.02172718710453518	0.02172718710453518
BTC/USDT	2023-12-26 01:15:00+00:00	[0.25,0.50)	0.002282233969202382	0.011400367731555937	0.03178303838198109	0.043559641461732905
BTC/USDT	2023-12-27 01:15:00+00:00	[0.25,0.50)	0.003767494721023717	0.009116322490940494	0.026461193270473266	0.039854973281819396
BTC/USDT	2023-12-28 01:15:00+00:00	[0.25,0.50)	0.008167440215912725	0.01191881923055294	0.02474615224780816	0.03581707119676085
BTC/USDT	2023-12-29 01:15:00+00:00	[0.25,0.50)	0.007562246618612726	0.01677699465107663	0.019938547898593454	0.04272815620338036
BTC/USDT	2023-12-30 01:15:00+00:00	[0.50,0.75)	0.002459884162552332	0.009192461071021696	0.016306494492973774	0.025921477402202735
BTC/USDT	2023-12-31 01:15:00+00:00	[0.10,0.25)	0.0031124521734195976	0.008508756579849864	0.022066675810273398	0.022066675810273398
BTC/USDT	2024-01-01 01:15:00+00:00	[0.50,0.75)	0.006632596869707889	0.013308965489975347	0.014101798971881666	0.0751184425917019
BTC/USDT	2024-01-02 01:15:00+00:00	[0.75,1.00]	0.00921428418811028	0.018116974224931807	0.026566294771628137	0.028480373129544767
BTC/USDT	2024-01-03 01:15:00+00:00	[0.50,0.75)	0.006824054576494163	0.006824054576494163	0.10517621998879596	0.10517621998879596
BTC/USDT	2024-01-04 01:15:00+00:00	[0.25,0.50)	0.00761612661547113	0.013741337329087803	0.018909674096272668	0.04947789848286203
BTC/USDT	2024-01-05 01:15:00+00:00	[0.50,0.75)	0.03469096122843263	0.03469096122843263	0.042708203059418186	0.04345220237236913
BTC/USDT	2024-01-06 01:15:00+00:00	[0.50,0.75)	0.005109307407268518	0.008792772154933558	0.014790901787530227	0.019595450666502992
BTC/USDT	2024-01-07 01:15:00+00:00	[0.25,0.50)	0.003114729774674991	0.005986933063143538	0.012854357513533986	0.02061134824307824
BTC/USDT	2024-01-08 01:15:00+00:00	[0.75,1.00]	0.006058405412349082	0.014274671005680676	0.046244754645885074	0.09303736690359962
BTC/USDT	2024-01-09 01:15:00+00:00	[0.50,0.75)	0.009268091674164657	0.014747220582257579	0.033300591332565056	0.0692508355225787
BTC/USDT	2024-01-10 01:15:00+00:00	[0.75,1.00]	0.010088492940659922	0.012914067763886254	0.041844906851033814	0.07432938567170007
BTC/USDT	2024-01-11 01:15:00+00:00	[0.75,1.00]	0.006027347427886636	0.011769237353419499	0.03951831721304468	0.07197252418043322
BTC/USDT	2024-01-12 01:15:00+00:00	[0.25,0.50)	0.006335365905411527	0.008531013826118351	0.01803330098657252	0.10589773795380587
BTC/USDT	2024-01-13 01:15:00+00:00	[0.75,1.00]	0.007462994733107883	0.013139544487031658	0.01921214350873365	0.01926000728280164
BTC/USDT	2024-01-14 01:15:00+00:00	[0.10,0.25)	0.0042599275616004234	0.006480567878164457	0.012069327353044473	0.031805729728769584
BTC/USDT	2024-01-15 01:15:00+00:00	[0.75,1.00]	0.004844835506220327	0.014930645993853036	0.014930645993853036	0.02929277382874842
BTC/USDT	2024-01-16 01:15:00+00:00	[0.50,0.75)	0.003975493839673906	0.009199429766275587	0.014558979210307098	0.03585100532318254
BTC/USDT	2024-01-17 01:15:00+00:00	[0.25,0.50)	0.0064279459238427115	0.009591326105087646	0.018169870413017722	0.023039512382843533
BTC/USDT	2024-01-18 01:15:00+00:00	[0.00,0.05)	0.0051073940475933124	0.005829855423336043	0.013506886589972861	0.05266607469528635
BTC/USDT	2024-01-19 01:15:00+00:00	[0.50,0.75)	0.0051353051194114015	0.014124458546220834	0.02001872244126631	0.046583980744853766
BTC/USDT	2024-01-20 01:15:00+00:00	[0.25,0.50)	0.003893583086659623	0.004230065575630207	0.007570375312568275	0.009939212034921135
BTC/USDT	2024-01-21 01:15:00+00:00	[0.05,0.10)	0.001839628551035147	0.0020301915085721295	0.006304417844564955	0.01467358773408162
BTC/USDT	2024-01-22 01:15:00+00:00	[0.25,0.50)	0.00502518647679938	0.01906180373922306	0.026796231715586583	0.04939261842487641
BTC/USDT	2024-01-23 01:15:00+00:00	[0.75,1.00]	0.006901215924932524	0.011641155858235787	0.03816613497000301	0.04256754364177767
BTC/USDT	2024-01-24 01:15:00+00:00	[0.75,1.00]	0.0072230079301451484	0.01083451189521754	0.02497224999724747	0.026794391746963957
BTC/USDT	2024-01-25 01:15:00+00:00	[0.75,1.00]	0.004445420064881509	0.00758323157917056	0.01267771639961126	0.01871461730248982
BTC/USDT	2024-01-26 01:15:00+00:00	[0.05,0.10)	0.007876034598912469	0.009371040052612198	0.040825052531960324	0.05954257093819679
BTC/USDT	2024-01-27 01:15:00+00:00	[0.10,0.25)	0.003081686539927615	0.0039999608432174085	0.012865151919959758	0.020286556020104703
BTC/USDT	2024-01-28 01:15:00+00:00	[0.10,0.25)	0.0038783360826315436	0.01808135805062345	0.01808135805062345	0.028967678398955407
BTC/USDT	2024-01-29 01:15:00+00:00	[0.25,0.50)	0.004511390461022121	0.00891233658504216	0.01286700226576798	0.0400832361612773
BTC/USDT	2024-01-30 01:15:00+00:00	[0.25,0.50)	0.004274338319907967	0.00937514384349824	0.016784810126582346	0.027580437284234812
BTC/USDT	2024-01-31 01:15:00+00:00	[0.75,1.00]	0.005048372348015408	0.008778741638918187	0.017201809403203976	0.04194965368534922
BTC/USDT	2024-02-01 01:15:00+00:00	[0.50,0.75)	0.006906127305175567	0.0074650803093397064	0.010632242712671023	0.036843545508625786
BTC/USDT	2024-02-02 01:15:00+00:00	[0.25,0.50)	0.0043723965086526545	0.006576754285011105	0.007633939198218932	0.02177315125077465
BTC/USDT	2024-02-03 01:15:00+00:00	[0.25,0.50)	0.003089249080525652	0.004098129632025418	0.007261999371615422	0.009425767460772174
BTC/USDT	2024-02-04 01:15:00+00:00	[0.05,0.10)	0.0014667338803435743	0.004796415105219759	0.009276836021570409	0.020857941661752772
BTC/USDT	2024-02-05 01:15:00+00:00	[0.50,0.75)	0.003954436406179906	0.010513496827375072	0.02509953275180915	0.029213089549892147
BTC/USDT	2024-02-06 01:15:00+00:00	[0.25,0.50)	0.00412469094087681	0.0072591282349203385	0.01100307847356232	0.017561372193237453
BTC/USDT	2024-02-07 01:15:00+00:00	[0.05,0.10)	0.003042712000170726	0.008974934246085201	0.009549035222960701	0.04427924716518809
BTC/USDT	2024-02-08 01:15:00+00:00	[0.50,0.75)	0.0065006287276370275	0.006718467990976859	0.010274789311742298	0.026636290316248337
BTC/USDT	2024-02-09 01:15:00+00:00	[0.10,0.25)	0.012929835463525649	0.023894374761617633	0.05289688713764511	0.06394878273627733
BTC/USDT	2024-02-10 01:15:00+00:00	[0.50,0.75)	0.003633571942903124	0.006784277182430355	0.014909568384937948	0.029014358930916175
BTC/USDT	2024-02-11 01:15:00+00:00	[0.25,0.50)	0.004071955097169472	0.021240709132681654	0.021240709132681654	0.026158940258247554
BTC/USDT	2024-02-12 01:15:00+00:00	[0.75,1.00]	0.004827928700983887	0.01094495562947841	0.017124498044998316	0.05415553646850216
BTC/USDT	2024-02-13 01:15:00+00:00	[0.25,0.50)	0.007561964125359925	0.012868181629346493	0.014352772087702099	0.041297299974754245
BTC/USDT	2024-02-14 01:15:00+00:00	[0.25,0.50)	0.0032279150906548318	0.007912135948855236	0.05269738346619388	0.0662783049701797
BTC/USDT	2024-02-15 01:15:00+00:00	[0.75,1.00]	0.00950186770009969	0.012946537818688751	0.016637269555496822	0.028930916179052045
BTC/USDT	2024-02-16 01:15:00+00:00	[0.50,0.75)	0.00613910828534633	0.00951581960333396	0.016986358647363194	0.01933216709042895
BTC/USDT	2024-02-17 01:15:00+00:00	[0.25,0.50)	0.003295975351434691	0.0051134219141151715	0.014010013479684207	0.027585981128442152
BTC/USDT	2024-02-18 01:15:00+00:00	[0.25,0.50)	0.007760348162475805	0.011176402321083167	0.017518762088974876	0.024477756286266923
BTC/USDT	2024-02-19 01:15:00+00:00	[0.50,0.75)	0.005284593939389303	0.006078330454997384	0.011222627141022476	0.022635328232150767
BTC/USDT	2024-02-20 01:15:00+00:00	[0.50,0.75)	0.005739850587776345	0.011085303910403223	0.019249268984960634	0.04324238481860151
BTC/USDT	2024-02-21 01:15:00+00:00	[0.25,0.50)	0.0026379723402251824	0.007030693040252568	0.029912235730466544	0.029912235730466544
BTC/USDT	2024-02-22 01:15:00+00:00	[0.75,1.00]	0.00838530791484537	0.010035757477599334	0.017711346864989628	0.021821080715692654
BTC/USDT	2024-02-23 01:15:00+00:00	[0.75,1.00]	0.005344431676553732	0.01122725354892274	0.013970924207337601	0.01997896214547231
BTC/USDT	2024-02-24 01:15:00+00:00	[0.25,0.50)	0.003975169538860668	0.009368422381338577	0.011578581143554954	0.021951692864062813
BTC/USDT	2024-02-25 01:15:00+00:00	[0.05,0.10)	0.007913259708943828	0.008575642372378215	0.008575642372378215	0.013176794630895414
BTC/USDT	2024-02-26 01:15:00+00:00	[0.10,0.25)	0.002405147539647525	0.0036650606477501317	0.013517336660502515	0.07778280130318437
BTC/USDT	2024-02-27 01:15:00+00:00	[0.10,0.25)	0.0437842014118207	0.0437842014118207	0.05005224127778932	0.053180323663901255
BTC/USDT	2024-02-28 01:15:00+00:00	[0.25,0.50)	0.004651072146660089	0.010175965065428647	0.0721275227031875	0.12831049378510997
BTC/USDT	2024-02-29 01:15:00+00:00	[0.75,1.00]	0.0071077662286723456	0.02605282081453884	0.042414362293260115	0.05412254036739232
BTC/USDT	2024-03-01 01:15:00+00:00	[0.75,1.00]	0.011578100514477524	0.012509109285080845	0.030893687123169852	0.038001774867576006
BTC/USDT	2024-03-02 01:15:00+00:00	[0.50,0.75)	0.004530193780982443	0.010854310178329914	0.012644048155539794	0.013931307538788297
BTC/USDT	2024-03-03 01:15:00+00:00	[0.10,0.25)	0.0026240909965317204	0.00740372575943563	0.021359346764912742	0.04769992009134079
BTC/USDT	2024-03-04 01:15:00+00:00	[0.75,1.00]	0.011231997096688831	0.012248500747217205	0.03846949995447906	0.08461723004243868
BTC/USDT	2024-03-05 01:15:00+00:00	[0.75,1.00]	0.01381625499025883	0.052587275539754834	0.052587275539754834	0.1460920059535964
BTC/USDT	2024-03-06 01:15:00+00:00	[0.75,1.00]	0.008207598288181453	0.04871368743987079	0.07680688013320473	0.07680688013320473
BTC/USDT	2024-03-07 01:15:00+00:00	[0.50,0.75)	0.009949789768570815	0.01225484153884488	0.024464764740587536	0.03512417349125436
BTC/USDT	2024-03-08 01:15:00+00:00	[0.50,0.75)	0.003485368766796015	0.006618841445207551	0.014822633621976597	0.05833592117049861
BTC/USDT	2024-03-09 01:15:00+00:00	[0.75,1.00]	0.004364904552129222	0.007472834067547639	0.00998531571218796	0.019895741556534424
BTC/USDT	2024-03-10 01:15:00+00:00	[0.25,0.50)	0.0085747880617814	0.015389763093717312	0.018701515503425817	0.041555132969457585
BTC/USDT	2024-03-11 01:15:00+00:00	[0.75,1.00]	0.01373719298307544	0.018059533620754194	0.07052866942322324	0.0767053325780157
BTC/USDT	2024-03-12 01:15:00+00:00	[0.25,0.50)	0.004003675559879349	0.016183119271641358	0.016183119271641358	0.06060217738174471
BTC/USDT	2024-03-13 01:15:00+00:00	[0.50,0.75)	0.004776155737075894	0.006416579659718097	0.02636599516382022	0.02807243156114901
BTC/USDT	2024-03-14 01:15:00+00:00	[0.10,0.25)	0.008525054240657606	0.01592260130755082	0.02017041583427065	0.07180295684631294
BTC/USDT	2024-03-15 01:15:00+00:00	[0.75,1.00]	0.01830889676112104	0.07365811181496372	0.08894299406504302	0.08894299406504302
BTC/USDT	2024-03-16 01:15:00+00:00	[0.75,1.00]	0.006244327139655866	0.012317098909311574	0.025017962856388326	0.06748195352838944
BTC/USDT	2024-03-17 01:15:00+00:00	[0.75,1.00]	0.01082827686745778	0.01258175961210153	0.045354198495341766	0.06648603061788623
BTC/USDT	2024-03-18 01:15:00+00:00	[0.75,1.00]	0.00762019774359664	0.02322624029534655	0.025167096696933774	0.04206204143683102
BTC/USDT	2024-03-19 01:15:00+00:00	[0.50,0.75)	0.013855970170279685	0.02625242593231807	0.060186173590759506	0.07449956976944433
BTC/USDT	2024-03-20 01:15:00+00:00	[0.75,1.00]	0.016735838258703357	0.042798219332458	0.057366253560774016	0.11967519008161127
BTC/USDT	2024-03-21 01:15:00+00:00	[0.25,0.50)	0.004497423156569672	0.02738701201427777	0.02738701201427777	0.05010436477191751
BTC/USDT	2024-03-22 01:15:00+00:00	[0.25,0.50)	0.011101000107361796	0.01776199555528118	0.04333433598534276	0.06675320496346193
BTC/USDT	2024-03-23 01:15:00+00:00	[0.50,0.75)	0.00874926642366368	0.021505361207357215	0.030138725698133223	0.046908218182182194
BTC/USDT	2024-03-24 01:15:00+00:00	[0.50,0.75)	0.005541672993925986	0.013060237211467287	0.03177499321609443	0.059695272999374806
BTC/USDT	2024-03-25 01:15:00+00:00	[0.50,0.75)	0.005618556639246113	0.01870155305895195	0.020300819020747044	0.07139222739362502
BTC/USDT	2024-03-26 01:15:00+00:00	[0.50,0.75)	0.0038408393072686103	0.008833802345540102	0.02157261687752422	0.032457817003707166
BTC/USDT	2024-03-27 01:15:00+00:00	[0.25,0.50)	0.006206668905094001	0.009270835609840399	0.032307573538156005	0.04839714506853931
BTC/USDT	2024-03-28 01:15:00+00:00	[0.25,0.50)	0.004016045745556872	0.014919910273117369	0.03202033417545329	0.038148761501964557
BTC/USDT	2024-03-29 01:15:00+00:00	[0.00,0.05)	0.003599720050000313	0.01002420277547934	0.01905511653222175	0.02691618478224211
BTC/USDT	2024-03-30 01:15:00+00:00	[0.10,0.25)	0.00414914729965141	0.008148199934083984	0.008148199934083984	0.011144386216972479
BTC/USDT	2024-03-31 01:15:00+00:00	[0.05,0.10)	0.003399988079244655	0.007356849810347031	0.014213285181486346	0.022887993069381423
BTC/USDT	2024-04-01 01:15:00+00:00	[0.10,0.25)	0.0041720543956962446	0.010411953725151349	0.030923943730262027	0.04255410914939985
BTC/USDT	2024-04-02 01:15:00+00:00	[0.10,0.25)	0.015658817343537274	0.0507831642742412	0.06833863552766149	0.07250308734149624
BTC/USDT	2024-04-03 01:15:00+00:00	[0.25,0.50)	0.010532252961164393	0.017052852332322926	0.01955614251496825	0.023549759331355485
BTC/USDT	2024-04-04 01:15:00+00:00	[0.25,0.50)	0.009334762765301256	0.017424487668128125	0.03648828022385309	0.06413093048981722
BTC/USDT	2024-04-05 01:15:00+00:00	[0.50,0.75)	0.0069440108915984	0.026735271905819716	0.03301427597915177	0.03840058148066927
BTC/USDT	2024-04-06 01:15:00+00:00	[0.05,0.10)	0.005064784004240485	0.00862083689154561	0.011547895992225886	0.033042345180953475
BTC/USDT	2024-04-07 01:15:00+00:00	[0.50,0.75)	0.0066043174970241	0.010403310849397227	0.010403310849397227	0.021244895143150228
BTC/USDT	2024-04-08 01:15:00+00:00	[0.10,0.25)	0.007139558232931786	0.008795754446356932	0.05266250717154338	0.05266250717154338
BTC/USDT	2024-04-09 01:15:00+00:00	[0.25,0.50)	0.007562963981052254	0.010175065256905117	0.028995643830458547	0.04818151787427801
BTC/USDT	2024-04-10 01:15:00+00:00	[0.10,0.25)	0.013507261176687838	0.016373916399968828	0.02954019953895338	0.05306477972789722
BTC/USDT	2024-04-11 01:15:00+00:00	[0.50,0.75)	0.006535953273776922	0.009698561630800316	0.020394789276203654	0.024657028376259108
BTC/USDT	2024-04-12 01:15:00+00:00	[0.10,0.25)	0.009246053634463552	0.01587167011047302	0.0173319332969789	0.0874989473366228
BTC/USDT	2024-04-13 01:15:00+00:00	[0.25,0.50)	0.01246763689258281	0.03301821949236733	0.03301821949236733	0.10919931798032875
BTC/USDT	2024-04-14 01:15:00+00:00	[0.75,1.00]	0.012051931013473753	0.035766343363857506	0.04317795953141236	0.05853425503090116
BTC/USDT	2024-04-15 01:15:00+00:00	[0.75,1.00]	0.010119261030878967	0.015608870545287132	0.0333073215991285	0.07003907250197765
BTC/USDT	2024-04-16 01:15:00+00:00	[0.25,0.50)	0.01807006789890611	0.03488762102351318	0.03614500817301651	0.043458443354708914
BTC/USDT	2024-04-17 01:15:00+00:00	[0.50,0.75)	0.00852212799407784	0.012927914453153128	0.03811665959603743	0.07538453094363262
BTC/USDT	2024-04-18 01:15:00+00:00	[0.25,0.50)	0.008113391349525932	0.013144888946616487	0.03683790102610726	0.053801467723080885
BTC/USDT	2024-04-19 01:15:00+00:00	[0.75,1.00]	0.04021183710290615	0.05155067981184351	0.09423915845093109	0.09423915845093109
BTC/USDT	2024-04-20 01:15:00+00:00	[0.50,0.75)	0.006193367766119817	0.012697490144875591	0.015609830739487383	0.033720181371126805
BTC/USDT	2024-04-21 01:15:00+00:00	[0.10,0.25)	0.006362941872244799	0.013094937140980157	0.014337878225911059	0.02242091647029947
BTC/USDT	2024-04-22 01:15:00+00:00	[0.10,0.25)	0.007221093634823557	0.024504579059152	0.030498818513543892	0.04209185107863506
BTC/USDT	2024-04-23 01:15:00+00:00	[0.50,0.75)	0.004197670319846227	0.013100326500399028	0.019300534592335834	0.020367121474003998
BTC/USDT	2024-04-24 01:15:00+00:00	[0.25,0.50)	0.005176582060325196	0.00941987602675894	0.01647710921162675	0.051873179429390015
BTC/USDT	2024-04-25 01:15:00+00:00	[0.25,0.50)	0.011282387464771598	0.011282387464771598	0.027803026252472867	0.03880552372052228
BTC/USDT	2024-04-26 01:15:00+00:00	[0.50,0.75)	0.008768601693832017	0.010327069326401577	0.014721112544495379	0.03785916615278912
BTC/USDT	2024-04-27 01:15:00+00:00	[0.75,1.00]	0.011212065751047948	0.013632389894016885	0.013632389894016885	0.020394764370145674
BTC/USDT	2024-04-28 01:15:00+00:00	[0.25,0.50)	0.002686876945815865	0.013241611371426765	0.01610821095002983	0.024985062423346645
BTC/USDT	2024-04-29 01:15:00+00:00	[0.50,0.75)	0.0050690463638854094	0.019258735081378715	0.02285851788176561	0.04699347926234454
BTC/USDT	2024-04-30 01:15:00+00:00	[0.75,1.00]	0.019522182026798805	0.019522182026798805	0.05467004741946268	0.07872997334318654
BTC/USDT	2024-05-01 01:15:00+00:00	[0.50,0.75)	0.013570740442776745	0.013570740442776745	0.06394014671438294	0.06394014671438294
BTC/USDT	2024-05-02 01:15:00+00:00	[0.50,0.75)	0.013715884142217534	0.01375629077514845	0.03825346231084326	0.04705135631019814
BTC/USDT	2024-05-03 01:15:00+00:00	[0.25,0.50)	0.01134151960818131	0.012735825329562038	0.040985825287504	0.07982938596882289
BTC/USDT	2024-05-04 01:15:00+00:00	[0.25,0.50)	0.016191042980360056	0.01625035140635697	0.031447152338175716	0.031447152338175716
BTC/USDT	2024-05-05 01:15:00+00:00	[0.25,0.50)	0.00949952356955472	0.010612669951623572	0.023044121822031884	0.028829732547692073
BTC/USDT	2024-05-06 01:15:00+00:00	[0.50,0.75)	0.004948145844670843	0.009686698281893804	0.0335246831998756	0.04353572261525305
BTC/USDT	2024-05-07 01:15:00+00:00	[0.25,0.50)	0.006485546169054595	0.017845554222116724	0.025005544344532723	0.036355328783563
BTC/USDT	2024-05-08 01:15:00+00:00	[0.50,0.75)	0.006234851121526566	0.010585609818447745	0.01839136396620887	0.03408824395072041
BTC/USDT	2024-05-09 01:15:00+00:00	[0.25,0.50)	0.002865530284863917	0.006291290761583088	0.019134641068189625	0.04550496558063403
BTC/USDT	2024-05-10 01:15:00+00:00	[0.25,0.50)	0.0036283684945580836	0.005709587931919057	0.012869727566816072	0.05222956878431823
BTC/USDT	2024-05-11 01:15:00+00:00	[0.25,0.50)	0.003059894978667561	0.0045594026911716205	0.00972940597308834	0.016867574663603602
BTC/USDT	2024-05-12 01:15:00+00:00	[0.00,0.05)	0.0017401510177282016	0.004694845699277775	0.012419402495075452	0.02097833223900197
BTC/USDT	2024-05-13 01:15:00+00:00	[0.25,0.50)	0.00661046819621267	0.012215292682831605	0.0414276073196415	0.043941635244029276
BTC/USDT	2024-05-14 01:15:00+00:00	[0.10,0.25)	0.00824903909327227	0.009819022620585514	0.02965718402752435	0.029787791168227808
BTC/USDT	2024-05-15 01:15:00+00:00	[0.00,0.05)	0.004071736067747276	0.006894432576740835	0.043353843815114826	0.08117493020239881
BTC/USDT	2024-05-16 01:15:00+00:00	[0.25,0.50)	0.004187656181524971	0.005588993069636505	0.016643563435858724	0.032546026511828044
BTC/USDT	2024-05-17 01:15:00+00:00	[0.05,0.10)	0.0033597382498479385	0.010939887963746635	0.02110251732731597	0.03470293280569497
BTC/USDT	2024-05-18 01:15:00+00:00	[0.00,0.05)	0.0037835307578117467	0.0038550395040943593	0.010023342070465359	0.011968140609532696
BTC/USDT	2024-05-19 01:15:00+00:00	[0.00,0.05)	0.003172691962951749	0.0061069614580221525	0.014191813564386018	0.027528383627128773
BTC/USDT	2024-05-20 01:15:00+00:00	[0.05,0.10)	0.009865585043207682	0.0186410785298881	0.01944077066124028	0.08928748954750644
BTC/USDT	2024-05-21 01:15:00+00:00	[0.75,1.00]	0.010263815404570735	0.010263815404570735	0.010439359315525414	0.032624920518402
BTC/USDT	2024-05-22 01:15:00+00:00	[0.50,0.75)	0.004688393073962266	0.017172702081013118	0.017172702081013118	0.02602172298302787
BTC/USDT	2024-05-23 01:15:00+00:00	[0.25,0.50)	0.002425612674692733	0.0045326146588535446	0.01654114508250646	0.05442935027296941
BTC/USDT	2024-05-24 01:15:00+00:00	[0.25,0.50)	0.0025533677189216635	0.01052038307605194	0.020935015846299348	0.03913765647279019
BTC/USDT	2024-05-25 01:15:00+00:00	[0.10,0.25)	0.003259328098028393	0.004423893742701364	0.014613843133589861	0.014613843133589861
BTC/USDT	2024-05-26 01:15:00+00:00	[0.05,0.10)	0.005413754260296854	0.006291231009184979	0.01088700826064353	0.020712552712148363
BTC/USDT	2024-05-27 01:15:00+00:00	[0.10,0.25)	0.0076028705768776805	0.013540736777521517	0.015236854578180473	0.03543964431831065
BTC/USDT	2024-05-28 01:15:00+00:00	[0.25,0.50)	0.016894099810107522	0.030351075420510715	0.030351075420510715	0.03336057754067123
BTC/USDT	2024-05-29 01:15:00+00:00	[0.10,0.25)	0.007405625383153473	0.0075908390515131065	0.019988907629356872	0.026453273644284864
BTC/USDT	2024-05-30 01:15:00+00:00	[0.10,0.25)	0.006873539032959527	0.011646788965736295	0.0191416339592859	0.03506394809707865
BTC/USDT	2024-05-31 01:15:00+00:00	[0.05,0.10)	0.006062482184945406	0.006417871084756325	0.017048450672239715	0.03465005285588923
BTC/USDT	2024-06-01 01:15:00+00:00	[0.10,0.25)	0.0041668578227738355	0.004963201832730691	0.006571724977912185	0.007134833871776931
BTC/USDT	2024-06-02 01:15:00+00:00	[0.00,0.05)	0.002357591873145054	0.003339970936786158	0.014040638400515438	0.017719218470081996
BTC/USDT	2024-06-03 01:15:00+00:00	[0.25,0.50)	0.009262948002787241	0.009262948002787241	0.023558612473503382	0.031161332743525227
BTC/USDT	2024-06-04 01:15:00+00:00	[0.25,0.50)	0.004425688555154515	0.005470709209961608	0.012955821795288036	0.03616898789633647
BTC/USDT	2024-06-05 01:15:00+00:00	[0.25,0.50)	0.008491577434589254	0.008491577434589254	0.010233638094186492	0.019356323444990046
BTC/USDT	2024-06-06 01:15:00+00:00	[0.10,0.25)	0.002173277380207846	0.005860197729985665	0.009052040654295532	0.02225541803873672
BTC/USDT	2024-06-07 01:15:00+00:00	[0.05,0.10)	0.0032442727320658457	0.00992830570005092	0.019277499105605764	0.050561295085630786
BTC/USDT	2024-06-08 01:15:00+00:00	[0.05,0.10)	0.0013625266264854423	0.004220604215848283	0.005355850908975545	0.0059692328977974315
BTC/USDT	2024-06-09 01:15:00+00:00	[0.00,0.05)	0.0018317220135260265	0.0031268585837577537	0.009334104392279385	0.010490692811472396
BTC/USDT	2024-06-10 01:15:00+00:00	[0.10,0.25)	0.003227274269016312	0.0038860952553966036	0.009040823330771294	0.014712087755415422
BTC/USDT	2024-06-11 01:15:00+00:00	[0.10,0.25)	0.022741529746478566	0.026817021095204105	0.03956193220340941	0.04936903329345214
BTC/USDT	2024-06-12 01:15:00+00:00	[0.25,0.50)	0.01031875340680096	0.010747836779312738	0.040979402953031235	0.04619290029753662
BTC/USDT	2024-06-13 01:15:00+00:00	[0.25,0.50)	0.005044633053004164	0.017719046058774057	0.021716408357496705	0.032259579870322866
BTC/USDT	2024-06-14 01:15:00+00:00	[0.25,0.50)	0.005702782941266772	0.008214024472786458	0.012774269806961615	0.03440129258477643
BTC/USDT	2024-06-15 01:15:00+00:00	[0.25,0.50)	0.0021148189356468517	0.005124880965797551	0.005541793768847818	0.00939990121768476
BTC/USDT	2024-06-16 01:15:00+00:00	[0.10,0.25)	0.0009142312867574976	0.0029102096971713597	0.011119846393420316	0.014577506312081356
BTC/USDT	2024-06-17 01:15:00+00:00	[0.25,0.50)	0.004741318887385349	0.00621374917731956	0.016708522795114963	0.032655911004319686
BTC/USDT	2024-06-18 01:15:00+00:00	[0.75,1.00]	0.014894009520856122	0.019119965018564403	0.019509242004194183	0.02728866821878194
BTC/USDT	2024-06-19 01:15:00+00:00	[0.50,0.75)	0.010221859239312039	0.014068366566164314	0.014068366566164314	0.0162872811637287
BTC/USDT	2024-06-20 01:15:00+00:00	[0.25,0.50)	0.0068546312579152524	0.0068546312579152524	0.02333301772000321	0.029474454777972166
BTC/USDT	2024-06-21 01:15:00+00:00	[0.25,0.50)	0.0028670676012119635	0.011532041209495003	0.02405514849894468	0.02599060782356875
BTC/USDT	2024-06-22 01:15:00+00:00	[0.10,0.25)	0.003685755558045129	0.004324857021331576	0.00712779127095998	0.00712779127095998
BTC/USDT	2024-06-23 01:15:00+00:00	[0.10,0.25)	0.0014289710135883822	0.002389948587466983	0.00414007330810672	0.02508196482117369
BTC/USDT	2024-06-24 01:15:00+00:00	[0.75,1.00]	0.003142834546029774	0.013758304334071542	0.04433391331857009	0.07857956342929458
BTC/USDT	2024-06-25 01:15:00+00:00	[0.75,1.00]	0.005867818771550324	0.021826886915122197	0.021826886915122197	0.03543697116991895
BTC/USDT	2024-06-26 01:15:00+00:00	[0.25,0.50)	0.009858406956909838	0.015060317226860612	0.021580605983196655	0.028638406115082875
BTC/USDT	2024-06-27 01:15:00+00:00	[0.10,0.25)	0.004868633892101867	0.007326464080286455	0.020092761788409002	0.02920869010103982
BTC/USDT	2024-06-28 01:15:00+00:00	[0.25,0.50)	0.007447690111771013	0.011708748513279186	0.01635776293868853	0.03490974573623733
BTC/USDT	2024-06-29 01:15:00+00:00	[0.50,0.75)	0.0034770536322331377	0.005025972290415625	0.008555297612482367	0.008555297612482367
BTC/USDT	2024-06-30 01:15:00+00:00	[0.05,0.10)	0.003297668386270423	0.005421085059039376	0.01752514984077653	0.04818167089400566
BTC/USDT	2024-07-01 01:15:00+00:00	[0.75,1.00]	0.006978169102822562	0.009373897429435557	0.019299080141129063	0.021493195564516208
BTC/USDT	2024-07-02 01:15:00+00:00	[0.50,0.75)	0.004951358574624401	0.007522999353949434	0.014113574202243552	0.023573771331158466
BTC/USDT	2024-07-03 01:15:00+00:00	[0.25,0.50)	0.015076326044249732	0.0252016038130817	0.041304144794048495	0.04452465299024186
BTC/USDT	2024-07-04 01:15:00+00:00	[0.75,1.00]	0.04066373443983399	0.04066373443983399	0.05744398340248963	0.05908713692946058
BTC/USDT	2024-07-05 01:15:00+00:00	[0.75,1.00]	0.01190341706427162	0.06712338619141173	0.06712338619141173	0.06712338619141173
BTC/USDT	2024-07-06 01:15:00+00:00	[0.50,0.75)	0.0051191214241431224	0.008892037906297051	0.015203790629705106	0.043521388716677
BTC/USDT	2024-07-07 01:15:00+00:00	[0.25,0.50)	0.009207052391110348	0.01784631611703007	0.02810191253947795	0.07234297612783665
BTC/USDT	2024-07-08 01:15:00+00:00	[0.75,1.00]	0.015688031536299607	0.023270796072562664	0.06936398145782391	0.06936398145782391
BTC/USDT	2024-07-09 01:15:00+00:00	[0.50,0.75)	0.009433817724391115	0.01815933746137343	0.027560047273871662	0.034533841481078936
BTC/USDT	2024-07-10 01:15:00+00:00	[0.25,0.50)	0.006180994898753892	0.031621288028305015	0.031621288028305015	0.04001612267911991
BTC/USDT	2024-07-11 01:15:00+00:00	[0.25,0.50)	0.016007645525629978	0.02358036490008693	0.045178105994787145	0.05399704604691571
BTC/USDT	2024-07-12 01:15:00+00:00	[0.50,0.75)	0.015054230701289546	0.015054230701289546	0.021762939409998235	0.034617205440734856
BTC/USDT	2024-07-13 01:15:00+00:00	[0.25,0.50)	0.0026408584526128142	0.004057424116995931	0.019742606563743412	0.0361633666445084
BTC/USDT	2024-07-14 01:15:00+00:00	[0.75,1.00]	0.007554729777259879	0.01705744794549598	0.018803468738924762	0.04230759480431223
BTC/USDT	2024-07-15 01:15:00+00:00	[0.75,1.00]	0.01778008862606155	0.02672997580394199	0.03342162937709842	0.061295865892058383
BTC/USDT	2024-07-16 01:15:00+00:00	[0.75,1.00]	0.004719169933595863	0.01645009802721674	0.040549428972701675	0.05810597894074295
BTC/USDT	2024-07-17 01:15:00+00:00	[0.75,1.00]	0.006781513832677131	0.009931444558170003	0.022300126018467235	0.03301025456883313
BTC/USDT	2024-07-18 01:15:00+00:00	[0.25,0.50)	0.013728415476141021	0.013728415476141021	0.013728415476141021	0.029315237744409032
BTC/USDT	2024-07-19 01:15:00+00:00	[0.25,0.50)	0.005782152381084065	0.012756873690766743	0.016922066013325316	0.062487940755563874
BTC/USDT	2024-07-20 01:15:00+00:00	[0.50,0.75)	0.005693536529933448	0.007924354961351512	0.008301540678225196	0.020662446873294046
BTC/USDT	2024-07-21 01:15:00+00:00	[0.10,0.25)	0.003724436638585359	0.008129967552763986	0.012563927008602914	0.040150477778108574
BTC/USDT	2024-07-22 01:15:00+00:00	[0.25,0.50)	0.005979040686850891	0.0073039718501795815	0.018472363051447473	0.0249597134393023
BTC/USDT	2024-07-23 01:15:00+00:00	[0.50,0.75)	0.004520969660916199	0.019863325401546707	0.021618381915526404	0.033743753718024884
BTC/USDT	2024-07-24 01:15:00+00:00	[0.05,0.10)	0.00965565969635823	0.00965565969635823	0.01996894712451871	0.04296334539665882
BTC/USDT	2024-07-25 01:15:00+00:00	[0.75,1.00]	0.007649629044684291	0.011530483099579127	0.011530483099579127	0.04832920695057853
BTC/USDT	2024-07-26 01:15:00+00:00	[0.75,1.00]	0.010818530023826014	0.019397261513405883	0.019668697409295135	0.03025469734897605
BTC/USDT	2024-07-27 01:15:00+00:00	[0.25,0.50)	0.002714024426219836	0.006660717446457121	0.01864416779751018	0.04056271756445816
BTC/USDT	2024-07-28 01:15:00+00:00	[0.75,1.00]	0.004687298233256926	0.017884163878616972	0.017884163878616972	0.028355050771849452
BTC/USDT	2024-07-29 01:15:00+00:00	[0.50,0.75)	0.011374871249498103	0.018433680738342784	0.02250872417912971	0.06138966564093197
BTC/USDT	2024-07-30 01:15:00+00:00	[0.75,1.00]	0.012281774580335547	0.012731864508393085	0.015608962829736107	0.025439598321342953
BTC/USDT	2024-07-31 01:15:00+00:00	[0.05,0.10)	0.004664856008317327	0.013835292030875997	0.015963798497164543	0.03820044672693115
BTC/USDT	2024-08-01 01:15:00+00:00	[0.10,0.25)	0.010069866759122144	0.01496529590003165	0.021155380146339275	0.05201827234418707
BTC/USDT	2024-08-02 01:15:00+00:00	[0.50,0.75)	0.015958986731001244	0.0188364108750116	0.020197333828214408	0.07761915808357307
BTC/USDT	2024-08-03 01:15:00+00:00	[0.75,1.00]	0.0124848778206347	0.018489300205267775	0.022032012364766478	0.038373852793846655
BTC/USDT	2024-08-04 01:15:00+00:00	[0.10,0.25)	0.011296053410879466	0.013177434855019758	0.017116473999087025	0.1456709310541766
BTC/USDT	2024-08-05 01:15:00+00:00	[0.75,1.00]	0.029381470282688824	0.053343773524530395	0.11417115867689746	0.13411516799049175
BTC/USDT	2024-08-06 01:15:00+00:00	[0.75,1.00]	0.009616070348167879	0.014459852995665082	0.03212875667963885	0.04770589695683538
BTC/USDT	2024-08-07 01:15:00+00:00	[0.50,0.75)	0.020130111798752598	0.020468108441568426	0.02844297815089318	0.05655401120497139
BTC/USDT	2024-08-08 01:15:00+00:00	[0.50,0.75)	0.036526984751301506	0.036526984751301506	0.05180067018988825	0.1283636002150676
BTC/USDT	2024-08-09 01:15:00+00:00	[0.75,1.00]	0.006567405551498851	0.016077897071675173	0.022910970669725035	0.0332823115699985
BTC/USDT	2024-08-10 01:15:00+00:00	[0.50,0.75)	0.007185124103240674	0.007935680712459805	0.014424837140265547	0.016524944339078057
BTC/USDT	2024-08-11 01:15:00+00:00	[0.10,0.25)	0.002830754605651452	0.0082175637579493	0.0277122533272143	0.06159345702484761
BTC/USDT	2024-08-12 01:15:00+00:00	[0.25,0.50)	0.007007828256930913	0.009038047379755903	0.04012904659351179	0.05245410727104908
BTC/USDT	2024-08-13 01:15:00+00:00	[0.50,0.75)	0.009489706820700565	0.01687157873526542	0.024215333982604066	0.05348456862679251
BTC/USDT	2024-08-14 01:15:00+00:00	[0.25,0.50)	0.004920324977212072	0.013455525310979133	0.021663001160491396	0.05558636514253043
BTC/USDT	2024-08-15 01:15:00+00:00	[0.10,0.25)	0.016213741065241368	0.016213741065241368	0.028440123242857048	0.06409349242429001
BTC/USDT	2024-08-16 01:15:00+00:00	[0.50,0.75)	0.011499473806550111	0.023672496217301386	0.030628534009482157	0.046414862214622946
BTC/USDT	2024-08-17 01:15:00+00:00	[0.25,0.50)	0.00454190400126381	0.0065686295028311425	0.008053567124649079	0.012620957097826246
BTC/USDT	2024-08-18 01:15:00+00:00	[0.25,0.50)	0.002133187993895465	0.016852504566794293	0.017289262578311322	0.0348828099914363
BTC/USDT	2024-08-19 01:15:00+00:00	[0.75,1.00]	0.0037554460383466114	0.005908283282105886	0.01938203664938931	0.05343597648868362
BTC/USDT	2024-08-20 01:15:00+00:00	[0.75,1.00]	0.004943857331572018	0.017553335535006587	0.017553335535006587	0.047089993394980136
BTC/USDT	2024-08-21 01:15:00+00:00	[0.25,0.50)	0.008093010392444146	0.010329743105342123	0.017178391931697158	0.05034605893423813
BTC/USDT	2024-08-22 01:15:00+00:00	[0.25,0.50)	0.005539204984726383	0.02086418557469287	0.02749626161934663	0.02749626161934663
BTC/USDT	2024-08-23 01:15:00+00:00	[0.25,0.50)	0.0036517557836216728	0.008512141408373324	0.013094588300575099	0.072195862617537
BTC/USDT	2024-08-24 01:15:00+00:00	[0.50,0.75)	0.0058553312020692685	0.006371996520231568	0.013609231045203719	0.015304583221219324
BTC/USDT	2024-08-25 01:15:00+00:00	[0.25,0.50)	0.003759434769752707	0.004419596308573353	0.00794808347728654	0.019090993977309914
BTC/USDT	2024-08-26 01:15:00+00:00	[0.25,0.50)	0.005694599063777215	0.006474550857362323	0.015345859435008106	0.024137660634135225
BTC/USDT	2024-08-27 01:15:00+00:00	[0.25,0.50)	0.0041554203890261125	0.007856554520686815	0.017107013875689032	0.08201846923905465
BTC/USDT	2024-08-28 01:15:00+00:00	[0.75,1.00]	0.00917261007301491	0.0125870334920124	0.029120940554642687	0.04023412221111662
BTC/USDT	2024-08-29 01:15:00+00:00	[0.10,0.25)	0.005238319466296216	0.008385989427761364	0.027451682333825247	0.04159433127861848
BTC/USDT	2024-08-30 01:15:00+00:00	[0.25,0.50)	0.006557070640119468	0.01110621828019194	0.021316320503111684	0.03797395490232032
BTC/USDT	2024-08-31 01:15:00+00:00	[0.10,0.25)	0.0034582876423449676	0.003896921130324723	0.008740953184310462	0.010223534373681991
BTC/USDT	2024-09-01 01:15:00+00:00	[0.00,0.05)	0.011223142459522774	0.01852092596992636	0.01975985200773906	0.03077441363158075
BTC/USDT	2024-09-02 01:15:00+00:00	[0.75,1.00]	0.008114243308200068	0.0089176406306617	0.02482574339935279	0.03779658794684631
BTC/USDT	2024-09-03 01:15:00+00:00	[0.25,0.50)	0.010364820627045964	0.013864702507509052	0.01843761601025955	0.07093331308426988
BTC/USDT	2024-09-04 01:15:00+00:00	[0.75,1.00]	0.009866185702299104	0.009866185702299104	0.012808405816521052	0.041322063566842794
BTC/USDT	2024-09-05 01:15:00+00:00	[0.10,0.25)	0.008601870838092319	0.02336147693434141	0.03322042517671253	0.04482176837604762
BTC/USDT	2024-09-06 01:15:00+00:00	[0.05,0.10)	0.011702606693461176	0.011702606693461176	0.030742960209037898	0.07931256748373319
BTC/USDT	2024-09-07 01:15:00+00:00	[0.75,1.00]	0.0037097397744125836	0.011795888588281388	0.017027906010769513	0.020498595113306848
BTC/USDT	2024-09-08 01:15:00+00:00	[0.10,0.25)	0.0061304299727118145	0.007347333874179475	0.012000147503503145	0.03210450623202303
BTC/USDT	2024-09-09 01:15:00+00:00	[0.75,1.00]	0.007545311901757275	0.011023141171329614	0.01799168930060541	0.06346834180506185
BTC/USDT	2024-09-10 01:15:00+00:00	[0.75,1.00]	0.0052080027414982185	0.009593134016750332	0.019034704955743435	0.02915145248242561
BTC/USDT	2024-09-11 01:15:00+00:00	[0.10,0.25)	0.012480634339737694	0.02261124907419506	0.02261124907419506	0.04246102905938216
BTC/USDT	2024-09-12 01:15:00+00:00	[0.25,0.50)	0.013220309000642	0.013220309000642	0.01534808310798685	0.021510890973602426
BTC/USDT	2024-09-13 01:15:00+00:00	[0.10,0.25)	0.006164191118728495	0.008484365128329726	0.01237322651656017	0.051611970731863764
BTC/USDT	2024-09-14 01:15:00+00:00	[0.50,0.75)	0.0027957969895965043	0.008048816782313091	0.016009769434282062	0.019411696796741307
BTC/USDT	2024-09-15 01:15:00+00:00	[0.00,0.05)	0.00272574722956018	0.004106398179069202	0.007825017860406439	0.03282659622190106
BTC/USDT	2024-09-16 01:15:00+00:00	[0.75,1.00]	0.009485518746331174	0.01168234445239351	0.01817660401058629	0.028712852571367388
BTC/USDT	2024-09-17 01:15:00+00:00	[0.50,0.75)	0.0031128948382842486	0.009975963263690357	0.028599894265338696	0.06101273883037127
BTC/USDT	2024-09-18 01:15:00+00:00	[0.10,0.25)	0.004002789400278969	0.012039250846782203	0.023579066215049523	0.05669655309822664
BTC/USDT	2024-09-19 01:15:00+00:00	[0.75,1.00]	0.00867885031064262	0.012534857511545754	0.029401852470557256	0.037167310063304274
BTC/USDT	2024-09-20 01:15:00+00:00	[0.10,0.25)	0.005803839487529398	0.02090314802074418	0.02150105377507382	0.028380550700323172
BTC/USDT	2024-09-21 01:15:00+00:00	[0.10,0.25)	0.0039909872742851195	0.004918758528767699	0.006676398717908065	0.012724128082257013
BTC/USDT	2024-09-22 01:15:00+00:00	[0.05,0.10)	0.005952620314996949	0.0059972661547487765	0.010510453934200857	0.025997019177762946
BTC/USDT	2024-09-23 01:15:00+00:00	[0.75,1.00]	0.004595283157809096	0.016908669944458325	0.024743276805713706	0.03054504357252294
BTC/USDT	2024-09-24 01:15:00+00:00	[0.25,0.50)	0.005974555702006322	0.007791869360619297	0.019830440202403963	0.031588874296778105
BTC/USDT	2024-09-25 01:15:00+00:00	[0.25,0.50)	0.008238960608139348	0.010115517837699067	0.021902589549581238	0.031464753633335
BTC/USDT	2024-09-26 01:15:00+00:00	[0.50,0.75)	0.008808871965113051	0.01399243200234564	0.03259600636910064	0.050388655699356064
BTC/USDT	2024-09-27 01:15:00+00:00	[0.25,0.50)	0.005550954465152503	0.009811388687798779	0.017881127076835153	0.02573220079550389
BTC/USDT	2024-09-28 01:15:00+00:00	[0.00,0.05)	0.004177781464353421	0.007094632523101991	0.01272734537233219	0.01272734537233219
BTC/USDT	2024-09-29 01:15:00+00:00	[0.05,0.10)	0.0035051646733906166	0.003766896207706288	0.007664886304186489	0.014936186779896029
BTC/USDT	2024-09-30 01:15:00+00:00	[0.50,0.75)	0.013709291517857337	0.017394369174382026	0.03179769539428089	0.03782328292659306
BTC/USDT	2024-10-01 01:15:00+00:00	[0.50,0.75)	0.006858639567077743	0.011326296249685345	0.014954536873898775	0.06239979234835133
BTC/USDT	2024-10-02 01:15:00+00:00	[0.50,0.75)	0.0051900643012924305	0.00894136662192726	0.020553742580823684	0.0389301239527485
BTC/USDT	2024-10-03 01:15:00+00:00	[0.25,0.50)	0.004579238149484227	0.009110901921906757	0.02696012155498571	0.02696012155498571
BTC/USDT	2024-10-04 01:15:00+00:00	[0.25,0.50)	0.005471708276853185	0.006266455934648021	0.01824743241984294	0.02833977803716317
BTC/USDT	2024-10-05 01:15:00+00:00	[0.25,0.50)	0.0016274764341703198	0.007545968427505487	0.010988006090577677	0.010988006090577677
BTC/USDT	2024-10-06 01:15:00+00:00	[0.10,0.25)	0.002580816121318766	0.005541244519730051	0.008907687406193632	0.034954273463475856
BTC/USDT	2024-10-07 01:15:00+00:00	[0.75,1.00]	0.0027327694235588836	0.009437499999999968	0.020340068922305797	0.03681375313283212
BTC/USDT	2024-10-08 01:15:00+00:00	[0.75,1.00]	0.006820206736315447	0.008136072285478762	0.013052950615482659	0.02145632811049815
BTC/USDT	2024-10-09 01:15:00+00:00	[0.25,0.50)	0.00329106061871678	0.005513853253680113	0.012469539612252232	0.03595764701430883
BTC/USDT	2024-10-10 01:15:00+00:00	[0.50,0.75)	0.004682600982348129	0.00583011454349719	0.011839383734407695	0.03919098644264528
BTC/USDT	2024-10-11 01:15:00+00:00	[0.50,0.75)	0.011322072221852763	0.011344683114983052	0.023108499035711917	0.0553621068032187
BTC/USDT	2024-10-12 01:15:00+00:00	[0.50,0.75)	0.0035451619869138495	0.006230847365006327	0.012305744521413406	0.015798233529708543
BTC/USDT	2024-10-13 01:15:00+00:00	[0.10,0.25)	0.005401271586420187	0.006117575515336855	0.00825790881192041	0.01707754986882853
BTC/USDT	2024-10-14 01:15:00+00:00	[0.25,0.50)	0.004924995863054375	0.03219332014288745	0.04315992882064638	0.06404660645439952
BTC/USDT	2024-10-15 01:15:00+00:00	[0.25,0.50)	0.0034218037993800914	0.009260302067076792	0.012438645376117618	0.04781160286554815
BTC/USDT	2024-10-16 01:15:00+00:00	[0.75,1.00]	0.006349930345038342	0.010017244437568462	0.024425989324956682	0.024425989324956682
BTC/USDT	2024-10-17 01:15:00+00:00	[0.10,0.25)	0.007414720146765456	0.009588023132613855	0.017260304596567595	0.018370538770370867
BTC/USDT	2024-10-18 01:15:00+00:00	[0.50,0.75)	0.010319635944002259	0.010912582669178824	0.012655683590040578	0.021827528264286175
BTC/USDT	2024-10-19 01:15:00+00:00	[0.00,0.05)	0.001987279132516374	0.00537008413073309	0.008850125581243611	0.009990643367545378
BTC/USDT	2024-10-20 01:15:00+00:00	[0.05,0.10)	0.0012456039339982317	0.0031652994087484477	0.005861665571756385	0.020801878781049117
BTC/USDT	2024-10-21 01:15:00+00:00	[0.50,0.75)	0.005387496398732354	0.012438634399308632	0.026374099683088438	0.04149495822529533
BTC/USDT	2024-10-22 01:15:00+00:00	[0.75,1.00]	0.004875058470465941	0.006307992475465989	0.015710695545098883	0.017664602142938895
BTC/USDT	2024-10-23 01:15:00+00:00	[0.50,0.75)	0.004701597503138936	0.007383194385242204	0.01904618708539736	0.03494618903170559
BTC/USDT	2024-10-24 01:15:00+00:00	[0.75,1.00]	0.005172736732570257	0.006683068232496016	0.015647985729151173	0.03196075516574996
BTC/USDT	2024-10-25 01:15:00+00:00	[0.50,0.75)	0.003499484855244103	0.00969592564388681	0.015364208886309506	0.04668724500996268
BTC/USDT	2024-10-26 01:15:00+00:00	[0.75,1.00]	0.005333660851962916	0.011112467450964138	0.01234845086434217	0.015197413601359535
BTC/USDT	2024-10-27 01:15:00+00:00	[0.10,0.25)	0.0025005326079216715	0.0054561146748524775	0.012197206611414864	0.02048394390530079
BTC/USDT	2024-10-28 01:15:00+00:00	[0.25,0.50)	0.002687837795781201	0.0052337834794216834	0.021798728841371306	0.03911620388746038
BTC/USDT	2024-10-29 01:15:00+00:00	[0.25,0.50)	0.02442762678371399	0.02442762678371399	0.02442762678371399	0.05349454029926225
BTC/USDT	2024-10-30 01:15:00+00:00	[0.50,0.75)	0.006993734057890651	0.006993734057890651	0.01331332483087495	0.021140623267162026
BTC/USDT	2024-10-31 01:15:00+00:00	[0.25,0.50)	0.005883956553797635	0.007882573704367088	0.010619365230894205	0.041690738823062144
BTC/USDT	2024-11-01 01:15:00+00:00	[0.25,0.50)	0.017589107317111472	0.017589107317111472	0.023380520777489856	0.0401581306433801
BTC/USDT	2024-11-02 01:15:00+00:00	[0.50,0.75)	0.005540084189272822	0.006731721142867589	0.007535296369926867	0.013139913787056963
BTC/USDT	2024-11-03 01:15:00+00:00	[0.25,0.50)	0.015032115775359137	0.01968888873456489	0.01968888873456489	0.027189031966467013
BTC/USDT	2024-11-04 01:15:00+00:00	[0.50,0.75)	0.00710751022700718	0.01185529393356183	0.014964402881824369	0.03871857638840965
BTC/USDT	2024-11-05 01:15:00+00:00	[0.75,1.00]	0.008854012655981892	0.015130551777160023	0.024001567212726883	0.0588203027973268
BTC/USDT	2024-11-06 01:15:00+00:00	[0.75,1.00]	0.02285778950256017	0.05804527334270821	0.063775203211238	0.07775026429319112
BTC/USDT	2024-11-07 01:15:00+00:00	[0.50,0.75)	0.010786777165854607	0.018683674009743613	0.02127184388900648	0.03222291357763193
BTC/USDT	2024-11-08 01:15:00+00:00	[0.50,0.75)	0.007678160117306831	0.009065387419367577	0.010036210384683351	0.02158100094209192
BTC/USDT	2024-11-09 01:15:00+00:00	[0.05,0.10)	0.0036419740390134024	0.004100495950399982	0.008642351992074675	0.018148821277722355
BTC/USDT	2024-11-10 01:15:00+00:00	[0.50,0.75)	0.010894870490254924	0.04072957345266744	0.04451972777669769	0.0630120970047181
BTC/USDT	2024-11-11 01:15:00+00:00	[0.75,1.00]	0.011951874616724803	0.013396591749998087	0.025242628550858688	0.11262802352644663
BTC/USDT	2024-11-12 01:15:00+00:00	[0.75,1.00]	0.013260351784954981	0.025114835661280633	0.053120337805206565	0.05489063987173542
BTC/USDT	2024-11-13 01:15:00+00:00	[0.75,1.00]	0.013147797441518245	0.024300710391248443	0.02541667244580995	0.08114656233437063
BTC/USDT	2024-11-14 01:15:00+00:00	[0.75,1.00]	0.012350836120401287	0.013886622073578648	0.02846410256410268	0.0570991081382385
BTC/USDT	2024-11-15 01:15:00+00:00	[0.50,0.75)	0.007017789705491969	0.015979627435680065	0.041495999501549564	0.05450797532122547
BTC/USDT	2024-11-16 01:15:00+00:00	[0.25,0.50)	0.006637663749075537	0.007950875332052978	0.0140108748897172	0.018870327089757204
BTC/USDT	2024-11-17 01:15:00+00:00	[0.25,0.50)	0.014469316143342022	0.016807089680380766	0.023004869424132258	0.030085021376103683
BTC/USDT	2024-11-18 01:15:00+00:00	[0.50,0.75)	0.005856403671527857	0.007015804439861287	0.031356044015494744	0.03551955253600293
BTC/USDT	2024-11-19 01:15:00+00:00	[0.50,0.75)	0.006898624957407805	0.013192934633267005	0.023873641169940316	0.03615680541663455
BTC/USDT	2024-11-20 01:15:00+00:00	[0.25,0.50)	0.005890643995999051	0.010636072439618246	0.030481867783221	0.0378437034368439
BTC/USDT	2024-11-21 01:15:00+00:00	[0.25,0.50)	0.008459325605901034	0.038777555321390995	0.045783561643835624	0.0521390937829294
BTC/USDT	2024-11-22 01:15:00+00:00	[0.25,0.50)	0.0055704917939466475	0.01484126045045369	0.018582096925886357	0.025066653980351603
BTC/USDT	2024-11-23 01:15:00+00:00	[0.25,0.50)	0.003616016847298147	0.005239264915040219	0.005723962233864956	0.01740030844559657
BTC/USDT	2024-11-24 01:15:00+00:00	[0.10,0.25)	0.004925753103603367	0.007046976584235338	0.022004943273773933	0.028819770976316904
BTC/USDT	2024-11-25 01:15:00+00:00	[0.50,0.75)	0.008241210668014183	0.013141417823622761	0.020164375106675677	0.06460142142265668
BTC/USDT	2024-11-26 01:15:00+00:00	[0.75,1.00]	0.006258020095756129	0.009277736876724903	0.03717508177118687	0.044335009834803804
BTC/USDT	2024-11-27 01:15:00+00:00	[0.50,0.75)	0.007929898905641929	0.00981143406600478	0.017111556676456845	0.05307754182876086
BTC/USDT	2024-11-28 01:15:00+00:00	[0.25,0.50)	0.0036965635645976515	0.016806482522671667	0.01870355782161633	0.01870355782161633
BTC/USDT	2024-11-29 01:15:00+00:00	[0.50,0.75)	0.010742517065901404	0.013313052783170387	0.020006177304940895	0.03170076784025726
BTC/USDT	2024-11-30 01:15:00+00:00	[0.10,0.25)	0.005620947421520161	0.005937387475054433	0.011809728939104827	0.011809728939104827
BTC/USDT	2024-12-01 01:15:00+00:00	[0.25,0.50)	0.00500228191910179	0.008555252256020019	0.01757611763482216	0.0246716883059242
BTC/USDT	2024-12-02 01:15:00+00:00	[0.25,0.50)	0.006711000063438329	0.02093872816145728	0.0343097328471224	0.03809359458501848
BTC/USDT	2024-12-03 01:15:00+00:00	[0.10,0.25)	0.0044044480112452565	0.009473434116728794	0.019349441058808422	0.02853318594648403
BTC/USDT	2024-12-04 01:15:00+00:00	[0.10,0.25)	0.014522780607999072	0.014522780607999072	0.018031676815446852	0.04609887618989705
BTC/USDT	2024-12-05 01:15:00+00:00	[0.50,0.75)	0.012304583573254866	0.06139708292654663	0.06139708292654663	0.1381135025057721
BTC/USDT	2024-12-06 01:15:00+00:00	[0.75,1.00]	0.01230645168045704	0.016778163206744415	0.016778163206744415	0.04814256029644423
BTC/USDT	2024-12-07 01:15:00+00:00	[0.50,0.75)	0.003450205371273347	0.011451419747502639	0.013262677503460194	0.015962002912261446
BTC/USDT	2024-12-08 01:15:00+00:00	[0.10,0.25)	0.0053481629166847134	0.008491441979644994	0.016706373769799644	0.02692425500197539
BTC/USDT	2024-12-09 01:15:00+00:00	[0.50,0.75)	0.0065635188798368	0.014107256716659373	0.01895894974879765	0.06284694585437627
BTC/USDT	2024-12-10 01:15:00+00:00	[0.50,0.75)	0.00683642347635059	0.025051407128536714	0.025051407128536714	0.04096097957064185
BTC/USDT	2024-12-11 01:15:00+00:00	[0.25,0.50)	0.008610250009644977	0.021289556359829483	0.02955863292886751	0.06495808842773468
BTC/USDT	2024-12-12 01:15:00+00:00	[0.25,0.50)	0.00494999305459091	0.014857123013116895	0.016378068382513374	0.03203182981763341
BTC/USDT	2024-12-13 01:15:00+00:00	[0.25,0.50)	0.005076058531482933	0.009710860387251437	0.015906931596076812	0.03459556777050797
BTC/USDT	2024-12-14 01:15:00+00:00	[0.50,0.75)	0.00952137056420495	0.010277359841732687	0.017730215063595695	0.019845327810793477
BTC/USDT	2024-12-15 01:15:00+00:00	[0.25,0.50)	0.006467189230230551	0.012895593241094731	0.01797468506451101	0.05034193502215734
BTC/USDT	2024-12-16 01:15:00+00:00	[0.75,1.00]	0.010634364710520747	0.01313437993305135	0.021948986255577153	0.04243346993017432
BTC/USDT	2024-12-17 01:15:00+00:00	[0.10,0.25)	0.004417583767114805	0.008291386676973397	0.013471337267692356	0.02855000184587886
BTC/USDT	2024-12-18 01:15:00+00:00	[0.25,0.50)	0.014310803397205042	0.027716447868197408	0.03128253326369692	0.060794438727634674
BTC/USDT	2024-12-19 01:15:00+00:00	[0.50,0.75)	0.018012464913284693	0.02557157699876569	0.03786188325611083	0.07059960709441478
BTC/USDT	2024-12-20 01:15:00+00:00	[0.50,0.75)	0.014840521955307894	0.018946456361117782	0.06182092982883619	0.06182092982883619
BTC/USDT	2024-12-21 01:15:00+00:00	[0.75,1.00]	0.0035280625672777406	0.005784972121524767	0.030793786892135994	0.032235028816118616
BTC/USDT	2024-12-22 01:15:00+00:00	[0.10,0.25)	0.006227109162746315	0.01475226676185185	0.015014375389284311	0.03678562555599201
BTC/USDT	2024-12-23 01:15:00+00:00	[0.50,0.75)	0.015163005571404048	0.02979971455675685	0.030106667865912953	0.04262684150772409
BTC/USDT	2024-12-24 01:15:00+00:00	[0.75,1.00]	0.009551886555283988	0.011336553849795117	0.013682343405765454	0.06265357162628814
BTC/USDT	2024-12-25 01:15:00+00:00	[0.50,0.75)	0.005151522374534674	0.006408411121086857	0.017492847682685796	0.023751214462766828
BTC/USDT	2024-12-26 01:15:00+00:00	[0.50,0.75)	0.006161048215270808	0.01187714139670938	0.041002059789567454	0.041002059789567454
BTC/USDT	2024-12-27 01:15:00+00:00	[0.00,0.05)	0.007954425146727229	0.009546146273841398	0.030293389842394557	0.042270699403099424
BTC/USDT	2024-12-28 01:15:00+00:00	[0.05,0.10)	0.004975390388168346	0.006379562485180986	0.007776096293361269	0.01680402325646786
BTC/USDT	2024-12-29 01:15:00+00:00	[0.00,0.05)	0.003825131838217808	0.005009973319226578	0.005341627890307487	0.024271304596041845
BTC/USDT	2024-12-30 01:15:00+00:00	[0.25,0.50)	0.008929289619034896	0.011018955616597905	0.011316946632973147	0.037225438354160596
BTC/USDT	2024-12-31 01:15:00+00:00	[0.75,1.00]	0.006259756961118637	0.008666270555071695	0.043638040821199	0.04575653244995026
ETH/USDT	2023-01-01 00:00:00+00:00	[0.50,0.75)	0.0033317985852413198	0.00421079067431248	0.005843204554016172	0.011803608053241921
ETH/USDT	2023-01-02 00:00:00+00:00	[0.05,0.10)	0.004325108127703238	0.008775219380484488	0.026075651891297253	0.026075651891297253
ETH/USDT	2023-01-03 00:00:00+00:00	[0.10,0.25)	0.0022871810904423577	0.004368680428147091	0.006902679621874748	0.012307996083819458
ETH/USDT	2023-01-04 00:00:00+00:00	[0.25,0.50)	0.006819810396092589	0.03479915328924068	0.042244936620240314	0.049328314567872664
ETH/USDT	2023-01-05 00:00:00+00:00	[0.25,0.50)	0.00598016684029295	0.0061710232288129455	0.011650192049241021	0.013630327080135906
ETH/USDT	2023-01-06 00:00:00+00:00	[0.10,0.25)	0.00628568686723296	0.007845112998416538	0.015994114165986915	0.032548022327783414
ETH/USDT	2023-01-07 00:00:00+00:00	[0.25,0.50)	0.002903398870199006	0.004631236784801252	0.007723987755230823	0.007723987755230823
ETH/USDT	2023-01-08 00:00:00+00:00	[0.00,0.05)	0.005133843817238331	0.005133843817238331	0.006684280470826513	0.03024142513605874
ETH/USDT	2023-01-09 00:00:00+00:00	[0.75,1.00]	0.007887926358691314	0.0226099893071331	0.03258999829534004	0.04608005702862281
ETH/USDT	2023-01-10 00:00:00+00:00	[0.75,1.00]	0.00675113149569356	0.009574194329655094	0.013570379788989347	0.02337919864371895
ETH/USDT	2023-01-11 00:00:00+00:00	[0.25,0.50)	0.0053888585349789655	0.01063551108084039	0.010710356338270586	0.057600910118330385
ETH/USDT	2023-01-12 00:00:00+00:00	[0.75,1.00]	0.022528421355590696	0.022528421355590696	0.022528421355590696	0.05474168945171962
ETH/USDT	2023-01-13 00:00:00+00:00	[0.75,1.00]	0.010716383892864546	0.012110787873640193	0.013073422093871013	0.04457138003524942
ETH/USDT	2023-01-14 00:00:00+00:00	[0.75,1.00]	0.09859328473149193	0.09859328473149193	0.09859328473149193	0.09859328473149193
ETH/USDT	2023-01-15 00:00:00+00:00	[0.75,1.00]	0.021067542917761008	0.021125758418608313	0.021125758418608313	0.032749453421131
ETH/USDT	2023-01-16 00:00:00+00:00	[0.50,0.75)	0.02243120326832657	0.02828952439682415	0.03942804285824397	0.05343790950435524
ETH/USDT	2023-01-17 00:00:00+00:00	[0.75,1.00]	0.026238993232935045	0.026238993232935045	0.026238993232935045	0.04295092137164411
ETH/USDT	2023-01-18 00:00:00+00:00	[0.75,1.00]	0.009416472754238384	0.01859002224665656	0.01859002224665656	0.06943130385864417
ETH/USDT	2023-01-19 00:00:00+00:00	[0.75,1.00]	0.006007451613966764	0.009291437238286734	0.012258894127732478	0.033697121566817326
ETH/USDT	2023-01-20 00:00:00+00:00	[0.50,0.75)	0.005920559902895117	0.011860489140259884	0.014113788383564557	0.08689729087575213
ETH/USDT	2023-01-21 00:00:00+00:00	[0.75,1.00]	0.007870071397963658	0.013772624946436537	0.03805276086208663	0.03805276086208663
ETH/USDT	2023-01-22 00:00:00+00:00	[0.75,1.00]	0.009103225055017752	0.01991675299916018	0.01991675299916018	0.03671327599629747
ETH/USDT	2023-01-23 00:00:00+00:00	[0.75,1.00]	0.009435642895317273	0.009675219765706107	0.009675219765706107	0.038578019129291624
ETH/USDT	2023-01-24 00:00:00+00:00	[0.50,0.75)	0.005637144912123287	0.010093993397716909	0.016640950138623316	0.0654449779001789
ETH/USDT	2023-01-25 00:00:00+00:00	[0.75,1.00]	0.013637095994586313	0.02439338768407818	0.0263654819063578	0.07927045403280379
ETH/USDT	2023-01-26 00:00:00+00:00	[0.75,1.00]	0.013773472577084197	0.01407734477711893	0.026567112345893335	0.03436236449780459
ETH/USDT	2023-01-27 00:00:00+00:00	[0.25,0.50)	0.011051791238399378	0.0319765991418022	0.0319765991418022	0.04269783454745038
ETH/USDT	2023-01-28 00:00:00+00:00	[0.50,0.75)	0.0077347858517352605	0.008988397821222346	0.017675928769767778	0.031866816264361636
ETH/USDT	2023-01-29 00:00:00+00:00	[0.50,0.75)	0.027189119253542095	0.03356256492947787	0.03407244058355271	0.05970006564649051
ETH/USDT	2023-01-30 00:00:00+00:00	[0.50,0.75)	0.006788581569335346	0.009754407716009963	0.04431722184744232	0.06839024923879153
ETH/USDT	2023-01-31 00:00:00+00:00	[0.50,0.75)	0.009185387696179638	0.009185387696179638	0.014276315369235919	0.027818055227303184
ETH/USDT	2023-02-01 00:00:00+00:00	[0.50,0.75)	0.0069963157363479855	0.010415615221560507	0.016844150600585476	0.0584119814272736
ETH/USDT	2023-02-02 00:00:00+00:00	[0.75,1.00]	0.03305377705285207	0.03305377705285207	0.03305377705285207	0.053454487912944076
ETH/USDT	2023-02-03 00:00:00+00:00	[0.75,1.00]	0.01127139927930984	0.01198723626260297	0.013746496645272353	0.030374540469055175
ETH/USDT	2023-02-04 00:00:00+00:00	[0.25,0.50)	0.004778699278982182	0.009599528148585074	0.012349988564825392	0.030008305547865172
ETH/USDT	2023-02-05 00:00:00+00:00	[0.50,0.75)	0.007850234308520146	0.008335630475688157	0.010265230053812986	0.03865790956050672
ETH/USDT	2023-02-06 00:00:00+00:00	[0.50,0.75)	0.0050751488914162445	0.01509092465544023	0.020789766543150994	0.03274388230546279
ETH/USDT	2023-02-07 00:00:00+00:00	[0.75,1.00]	0.005502105744173746	0.01176376143956326	0.019544517037384593	0.03837888574639668
ETH/USDT	2023-02-08 00:00:00+00:00	[0.50,0.75)	0.01756572168036627	0.01756572168036627	0.01797910326152076	0.04040355627980544
ETH/USDT	2023-02-09 00:00:00+00:00	[0.25,0.50)	0.006318012708855585	0.028749688954705806	0.028749688954705806	0.07997353839057576
ETH/USDT	2023-02-10 00:00:00+00:00	[0.75,1.00]	0.0061480956370432195	0.015344460913836401	0.016530257137333304	0.041895985048656305
ETH/USDT	2023-02-11 00:00:00+00:00	[0.75,1.00]	0.006811293349869665	0.010598292865717387	0.012733868774829417	0.025202448616849827
ETH/USDT	2023-02-12 00:00:00+00:00	[0.75,1.00]	0.0037138936044279294	0.005073269722336016	0.007213148874449529	0.035734030582710595
ETH/USDT	2023-02-13 00:00:00+00:00	[0.75,1.00]	0.012288421136084296	0.018465665094277176	0.03970613496121874	0.04239505291949092
ETH/USDT	2023-02-14 00:00:00+00:00	[0.75,1.00]	0.006396276595744759	0.00972739361702135	0.017107712765957458	0.05740691489361697
ETH/USDT	2023-02-15 00:00:00+00:00	[0.05,0.10)	0.0040373291713156085	0.0072684823898924765	0.030899111916570517	0.09832121919601687
ETH/USDT	2023-02-16 00:00:00+00:00	[0.75,1.00]	0.01743680195083842	0.01743680195083842	0.022041632880150108	0.06656289027125889
ETH/USDT	2023-02-17 00:00:00+00:00	[0.75,1.00]	0.009653249907180228	0.017066653682051385	0.019927326731468017	0.04868622068570942
ETH/USDT	2023-02-18 00:00:00+00:00	[0.75,1.00]	0.006485413725687093	0.007087883853209925	0.011086631660395847	0.019704317111923667
ETH/USDT	2023-02-19 00:00:00+00:00	[0.25,0.50)	0.006420716566158152	0.006574435378975931	0.011901383469315423	0.03573962398013469
ETH/USDT	2023-02-20 00:00:00+00:00	[0.25,0.50)	0.018973731421307163	0.022769665791443496	0.04118499685157252	0.04118499685157252
ETH/USDT	2023-02-21 00:00:00+00:00	[0.25,0.50)	0.007634484378670425	0.010923185341790074	0.02990956072351425	0.047192858820765876
ETH/USDT	2023-02-22 00:00:00+00:00	[0.75,1.00]	0.009024273011295351	0.027253064167267558	0.027253064167267558	0.04318673395818319
ETH/USDT	2023-02-23 00:00:00+00:00	[0.75,1.00]	0.006017395744060018	0.0254128602079952	0.03054284203424445	0.03054284203424445
ETH/USDT	2023-02-24 00:00:00+00:00	[0.25,0.50)	0.010005868012074775	0.011264163384814624	0.01426471388904022	0.053852622154467844
ETH/USDT	2023-02-25 00:00:00+00:00	[0.50,0.75)	0.0037838712488019364	0.00835812349858717	0.009104940192429694	0.031895296299523285
ETH/USDT	2023-02-26 00:00:00+00:00	[0.75,1.00]	0.0026522198200010227	0.011595605611141866	0.012092111217255777	0.039908994921816085
ETH/USDT	2023-02-27 00:00:00+00:00	[0.50,0.75)	0.004200244200244267	0.011507936507936592	0.012063492063492057	0.03493284493284495
ETH/USDT	2023-02-28 00:00:00+00:00	[0.50,0.75)	0.005682548819095307	0.005780523798734932	0.012179514656444672	0.031143796652929698
ETH/USDT	2023-03-01 00:00:00+00:00	[0.75,1.00]	0.010023985297324185	0.028483319315951796	0.04655016665109181	0.04655016665109181
ETH/USDT	2023-03-02 00:00:00+00:00	[0.75,1.00]	0.01311185658117805	0.020284000048094847	0.02422176532121341	0.03527756736283942
ETH/USDT	2023-03-03 00:00:00+00:00	[0.10,0.25)	0.0038054248580564314	0.06289893131998384	0.06289893131998384	0.06289893131998384
ETH/USDT	2023-03-04 00:00:00+00:00	[0.50,0.75)	0.00538216560509557	0.00538216560509557	0.009439490445859832	0.018095541401273937
ETH/USDT	2023-03-05 00:00:00+00:00	[0.50,0.75)	0.00705856824665431	0.022796750250496222	0.022796750250496222	0.022796750250496222
ETH/USDT	2023-03-06 00:00:00+00:00	[0.25,0.50)	0.006942400470931439	0.010480785227083605	0.01174769333145637	0.018587717389913334
ETH/USDT	2023-03-07 00:00:00+00:00	[0.10,0.25)	0.005983009786311883	0.014708232391350199	0.014708232391350199	0.03090582512480578
ETH/USDT	2023-03-08 00:00:00+00:00	[0.50,0.75)	0.0032212179393136457	0.00846446773360222	0.014600728441759806	0.030158254291236503
ETH/USDT	2023-03-09 00:00:00+00:00	[0.75,1.00]	0.005411925797933006	0.009108988361099355	0.014657842402112618	0.09027483454503964
ETH/USDT	2023-03-10 00:00:00+00:00	[0.75,1.00]	0.012251094972223382	0.01783440381736004	0.04640863103983875	0.04970404265144198
ETH/USDT	2023-03-11 00:00:00+00:00	[0.50,0.75)	0.016937512701382662	0.03604039214861848	0.04737177735264638	0.04882236284258684
ETH/USDT	2023-03-12 00:00:00+00:00	[0.50,0.75)	0.005579610178520258	0.01717591138185832	0.018268613497602885	0.09963394479122567
ETH/USDT	2023-03-13 00:00:00+00:00	[0.75,1.00]	0.031098579384886863	0.031098579384886863	0.03657909276229299	0.08159804911505268
ETH/USDT	2023-03-14 00:00:00+00:00	[0.50,0.75)	0.010865719614063005	0.013863986615736039	0.023842219197303952	0.07482475129375218
ETH/USDT	2023-03-15 00:00:00+00:00	[0.50,0.75)	0.019423370529530033	0.021781291079397105	0.0391179019222948	0.06242594655773079
ETH/USDT	2023-03-16 00:00:00+00:00	[0.50,0.75)	0.012607918572596981	0.016679288721941157	0.02290751567659262	0.035891066614158924
ETH/USDT	2023-03-17 00:00:00+00:00	[0.50,0.75)	0.007391182050499373	0.03731499602013268	0.060637616628064904	0.08220071697458266
ETH/USDT	2023-03-18 00:00:00+00:00	[0.75,1.00]	0.035997802345659524	0.035997802345659524	0.035997802345659524	0.05243535980983561
ETH/USDT	2023-03-19 00:00:00+00:00	[0.75,1.00]	0.008954245781335572	0.012004903650055647	0.018699402861969108	0.04505934659427945
ETH/USDT	2023-03-20 00:00:00+00:00	[0.75,1.00]	0.012952276060485265	0.027028393861576492	0.03735649945774637	0.045543686538061685
ETH/USDT	2023-03-21 00:00:00+00:00	[0.75,1.00]	0.014593111082923103	0.014593111082923103	0.02926694265385901	0.068030074147534
ETH/USDT	2023-03-22 00:00:00+00:00	[0.25,0.50)	0.012469991997866128	0.01624322041433272	0.016471058949053135	0.06104961323019479
ETH/USDT	2023-03-23 00:00:00+00:00	[0.50,0.75)	0.0069130795465019825	0.009015807908563054	0.017081067379482034	0.07363005806986829
ETH/USDT	2023-03-24 00:00:00+00:00	[0.25,0.50)	0.006877283473028164	0.006877283473028164	0.023260427515746685	0.05102305102305098
ETH/USDT	2023-03-25 01:15:00+00:00	[0.50,0.75)	0.0077568420932645574	0.0077568420932645574	0.015034937135952827	0.0285766394236798
ETH/USDT	2023-03-26 01:15:00+00:00	[0.50,0.75)	0.0028857142857142597	0.005171428571428546	0.02379428571428577	0.03142857142857143
ETH/USDT	2023-03-27 01:15:00+00:00	[0.50,0.75)	0.006388928117497498	0.00730405309984469	0.013376641717271608	0.04751871204632108
ETH/USDT	2023-03-28 01:15:00+00:00	[0.10,0.25)	0.009893935146248046	0.01033197831978323	0.02641692365199515	0.05050929819643025
ETH/USDT	2023-03-29 01:15:00+00:00	[0.10,0.25)	0.004100935753876504	0.013458474519219986	0.029721966653950598	0.029721966653950598
ETH/USDT	2023-03-30 01:15:00+00:00	[0.25,0.50)	0.015852371994886975	0.035271527688623724	0.035271527688623724	0.037225165082359804
ETH/USDT	2023-03-31 01:15:00+00:00	[0.50,0.75)	0.006689092526002341	0.006689092526002341	0.02478996470412773	0.03831728724432581
ETH/USDT	2023-04-01 01:15:00+00:00	[0.05,0.10)	0.0098804807075805	0.012406771115896928	0.016829149336095285	0.01919103906708095
ETH/USDT	2023-04-02 01:15:00+00:00	[0.10,0.25)	0.00397699731194643	0.0050345921649847265	0.010906446921958288	0.029254615960868934
ETH/USDT	2023-04-03 01:15:00+00:00	[0.10,0.25)	0.013425111735911209	0.013425111735911209	0.030653165010697533	0.04324935870868013
ETH/USDT	2023-04-04 01:15:00+00:00	[0.75,1.00]	0.005049196593446012	0.006372130198715621	0.04891547005484662	0.06329686078879912
ETH/USDT	2023-04-05 01:15:00+00:00	[0.75,1.00]	0.007566013071895439	0.010619607843137226	0.025647058823529387	0.031722875816993505
ETH/USDT	2023-04-06 01:15:00+00:00	[0.25,0.50)	0.007675971514908169	0.007675971514908169	0.024713141601335486	0.024713141601335486
ETH/USDT	2023-04-07 01:15:00+00:00	[0.25,0.50)	0.00279549738554435	0.006922184002300295	0.019989137495873294	0.019989137495873294
ETH/USDT	2023-04-08 01:15:00+00:00	[0.25,0.50)	0.0019274358104653059	0.007995089884192407	0.011855345404034805	0.017449216373513415
ETH/USDT	2023-04-09 01:15:00+00:00	[0.05,0.10)	0.0023153133749730533	0.0045606289037259315	0.019163256515184104	0.026911479646780107
ETH/USDT	2023-04-10 01:15:00+00:00	[0.25,0.50)	0.0037717062506424886	0.0087447307045027	0.010611644128421943	0.04237081770807965
ETH/USDT	2023-04-11 01:15:00+00:00	[0.75,1.00]	0.013369459467941514	0.013369459467941514	0.016277683045474937	0.02942745655971796
ETH/USDT	2023-04-12 01:15:00+00:00	[0.00,0.05)	0.021387292405792714	0.021387292405792714	0.027896008586641003	0.04248378108295304
ETH/USDT	2023-04-13 01:15:00+00:00	[0.25,0.50)	0.005022723093493023	0.009788005358972396	0.05718338718575152	0.11582210313394807
ETH/USDT	2023-04-14 01:15:00+00:00	[0.75,1.00]	0.010065284487704051	0.015204600731072554	0.023046324962190053	0.04109556568036691
ETH/USDT	2023-04-15 01:15:00+00:00	[0.50,0.75)	0.0065961155138712325	0.008112740613775945	0.016793613804658738	0.018839854018815834
ETH/USDT	2023-04-16 01:15:00+00:00	[0.25,0.50)	0.004668995566133716	0.00833989136067876	0.009577918961976255	0.033369162555903165
ETH/USDT	2023-04-17 01:15:00+00:00	[0.75,1.00]	0.004647448923484344	0.00933314845539261	0.02411700861116825	0.027024054851372475
ETH/USDT	2023-04-18 01:15:00+00:00	[0.25,0.50)	0.006023076364867938	0.010323891536247378	0.02815123001378779	0.02815123001378779
ETH/USDT	2023-04-19 01:15:00+00:00	[0.25,0.50)	0.005279433556803907	0.008376574181282754	0.06576420753701082	0.08436134577907378
ETH/USDT	2023-04-20 01:15:00+00:00	[0.75,1.00]	0.006106186951176286	0.018442022089272713	0.026847674556182605	0.03526875967756038
ETH/USDT	2023-04-21 01:15:00+00:00	[0.25,0.50)	0.005009196370773009	0.006827919976161344	0.030548391405760336	0.06425129211578176
ETH/USDT	2023-04-22 01:15:00+00:00	[0.25,0.50)	0.004453259688812271	0.007712137834872689	0.01270584166067674	0.024682083736414503
ETH/USDT	2023-04-23 01:15:00+00:00	[0.50,0.75)	0.006406710666931511	0.010321624393832819	0.016953885645853328	0.028800661615049655
ETH/USDT	2023-04-24 01:15:00+00:00	[0.75,1.00]	0.0060019082443620005	0.010063590377757819	0.027397698380124458	0.0387139072635883
ETH/USDT	2023-04-25 01:15:00+00:00	[0.25,0.50)	0.005760074701817126	0.01098811611355111	0.019837241244523567	0.044897094989657826
ETH/USDT	2023-04-26 01:15:00+00:00	[0.25,0.50)	0.0027847843666490182	0.005789138269899129	0.05701845990713817	0.09624643199503025
ETH/USDT	2023-04-27 01:15:00+00:00	[0.75,1.00]	0.012688850289408676	0.014431074564050357	0.029822471544544874	0.0398402611237347
ETH/USDT	2023-04-28 01:15:00+00:00	[0.50,0.75)	0.005986893840104888	0.007958060288335431	0.015129750982962058	0.02618086500655311
ETH/USDT	2023-04-29 01:15:00+00:00	[0.10,0.25)	0.0022847592805123446	0.007689907393205996	0.009667916585131069	0.018484337234700863
ETH/USDT	2023-04-30 01:15:00+00:00	[0.05,0.10)	0.003433783798017665	0.0035075153519628826	0.010727941099021419	0.0383614742097557
ETH/USDT	2023-05-01 01:15:00+00:00	[0.50,0.75)	0.03251937572990763	0.03251937572990763	0.03251937572990763	0.041479987259794085
ETH/USDT	2023-05-02 01:15:00+00:00	[0.50,0.75)	0.006421027364378291	0.006421027364378291	0.009994326364945629	0.03214878016846323
ETH/USDT	2023-05-03 01:15:00+00:00	[0.25,0.50)	0.006159393074438529	0.006159393074438529	0.015961841808758356	0.039639020935498
ETH/USDT	2023-05-04 01:15:00+00:00	[0.75,1.00]	0.005628339850543369	0.005628339850543369	0.017000959136566286	0.027166752743025158
ETH/USDT	2023-05-05 01:15:00+00:00	[0.10,0.25)	0.015236444085175228	0.015236444085175228	0.021086387712991178	0.07373588036333473
ETH/USDT	2023-05-06 01:15:00+00:00	[0.50,0.75)	0.008253268072592438	0.014029045058110208	0.04420206659012627	0.06551755393075105
ETH/USDT	2023-05-07 01:15:00+00:00	[0.50,0.75)	0.014886873338868378	0.015889426717003236	0.015931199774425486	0.03785161165677168
ETH/USDT	2023-05-08 01:15:00+00:00	[0.75,1.00]	0.022523003351764503	0.022523003351764503	0.025191605644627593	0.03814500117418502
ETH/USDT	2023-05-09 01:15:00+00:00	[0.25,0.50)	0.009869256670936494	0.009869256670936494	0.013166215361665505	0.01669558261583951
ETH/USDT	2023-05-10 01:15:00+00:00	[0.25,0.50)	0.0035263177790138046	0.006366812651542542	0.02875056026871298	0.05236014882897091
ETH/USDT	2023-05-11 01:15:00+00:00	[0.50,0.75)	0.004590081716537838	0.007909986426005369	0.016899350737847457	0.036153707772065884
ETH/USDT	2023-05-12 01:15:00+00:00	[0.10,0.25)	0.0038494200728541018	0.020487406977004085	0.028867857063043373	0.043930319351018
ETH/USDT	2023-05-13 01:15:00+00:00	[0.50,0.75)	0.00451387547663328	0.008475932435340736	0.009447133026890181	0.015831673279291938
ETH/USDT	2023-05-14 01:15:00+00:00	[0.10,0.25)	0.0032897483426013252	0.0074589894739185095	0.01158369932479443	0.02168116716486039
ETH/USDT	2023-05-15 01:15:00+00:00	[0.25,0.50)	0.01257016452371078	0.015844048112816183	0.015960182496889203	0.027756117793446732
ETH/USDT	2023-05-16 01:15:00+00:00	[0.50,0.75)	0.006877930620680393	0.010405786795262127	0.017211493588746428	0.020244894330985162
ETH/USDT	2023-05-17 01:15:00+00:00	[0.05,0.10)	0.006043354499671537	0.00879132910006566	0.027041821764834734	0.029461353185898806
ETH/USDT	2023-05-18 01:15:00+00:00	[0.05,0.10)	0.0028581303109931244	0.00494824096068287	0.010587699616538855	0.033353996719458975
ETH/USDT	2023-05-19 01:15:00+00:00	[0.50,0.75)	0.0032795800361808606	0.005432671498174292	0.012202701352896136	0.018162547306970922
ETH/USDT	2023-05-20 01:15:00+00:00	[0.00,0.05)	0.0016296811901644846	0.003309081467486484	0.005330991011893835	0.011617693365816455
ETH/USDT	2023-05-21 01:15:00+00:00	[0.10,0.25)	0.002449957153215726	0.004185801234866361	0.008074970886159414	0.016056557755267965
ETH/USDT	2023-05-22 01:15:00+00:00	[0.25,0.50)	0.0045780321128951655	0.007117062059003247	0.015634201900105615	0.02331796210900607
ETH/USDT	2023-05-23 01:15:00+00:00	[0.25,0.50)	0.005814302638546841	0.02241099749411743	0.02241099749411743	0.02241099749411743
ETH/USDT	2023-05-24 01:15:00+00:00	[0.05,0.10)	0.0028990053599148293	0.02030385470358209	0.02091502560968358	0.04773623378098447
ETH/USDT	2023-05-25 01:15:00+00:00	[0.75,1.00]	0.007048582652686333	0.008422123618686862	0.02519288924059573	0.028612610575700134
ETH/USDT	2023-05-26 01:15:00+00:00	[0.10,0.25)	0.003842309827873444	0.0069905607995557565	0.014891726818434169	0.022881732370905072
ETH/USDT	2023-05-27 01:15:00+00:00	[0.25,0.50)	0.0023195002133502606	0.005147758728213577	0.007478199980306046	0.025886497664088192
ETH/USDT	2023-05-28 01:15:00+00:00	[0.75,1.00]	0.0036696059490787967	0.007155731600703696	0.011780514392410353	0.04907018661025538
ETH/USDT	2023-05-29 01:15:00+00:00	[0.75,1.00]	0.004273370484002283	0.013665393525765478	0.013665393525765478	0.023761818295660868
ETH/USDT	2023-05-30 01:15:00+00:00	[0.25,0.50)	0.0023820565791137813	0.0104504827353598	0.012795649057717427	0.013528184156161766
ETH/USDT	2023-05-31 01:15:00+00:00	[0.25,0.50)	0.011601427222163988	0.02342323433728623	0.025569314723475716	0.031194249134221873
ETH/USDT	2023-06-01 01:15:00+00:00	[0.75,1.00]	0.004057572804677333	0.02038903709856918	0.02038903709856918	0.02282251580163682
ETH/USDT	2023-06-02 01:15:00+00:00	[0.50,0.75)	0.007447583149508413	0.015580493864176594	0.018166534598333832	0.02317799241856379
ETH/USDT	2023-06-03 01:15:00+00:00	[0.00,0.05)	0.002885191452686018	0.002885191452686018	0.004876972073028439	0.01319094817166108
ETH/USDT	2023-06-04 01:15:00+00:00	[0.00,0.05)	0.0016333477815013682	0.0035045617447749308	0.01009609793743586	0.020710215559619872
ETH/USDT	2023-06-05 01:15:00+00:00	[0.75,1.00]	0.00353689040419333	0.013404071141417204	0.01484856692210877	0.057886044152712944
ETH/USDT	2023-06-06 01:15:00+00:00	[0.50,0.75)	0.00489889456582504	0.008873364959341929	0.014071175125793563	0.05596917848029089
ETH/USDT	2023-06-07 01:15:00+00:00	[0.50,0.75)	0.003042537007781888	0.005271248557188569	0.021909457928415303	0.03328705698373941
ETH/USDT	2023-06-08 01:15:00+00:00	[0.75,1.00]	0.0026052714594958955	0.007146819828345843	0.015212827290626478	0.017932317331853947
ETH/USDT	2023-06-09 01:15:00+00:00	[0.25,0.50)	0.011939295028546943	0.011939295028546943	0.015181664886435724	0.015181664886435724
ETH/USDT	2023-06-10 01:15:00+00:00	[0.10,0.25)	0.008203040173724281	0.04504885993485343	0.06971226927252991	0.06971226927252991
ETH/USDT	2023-06-11 01:15:00+00:00	[0.50,0.75)	0.0039981899312059406	0.007624055585150531	0.009096168496783623	0.02264304412329087
ETH/USDT	2023-06-12 01:15:00+00:00	[0.75,1.00]	0.016743292390036482	0.016743292390036482	0.022427319929550098	0.022490221642763975
ETH/USDT	2023-06-13 01:15:00+00:00	[0.50,0.75)	0.005921399582693192	0.010507188223694728	0.023645472680164172	0.026316694563547613
ETH/USDT	2023-06-14 01:15:00+00:00	[0.25,0.50)	0.0036153289949385136	0.004602371196731273	0.007477418540325249	0.06863386472930937
ETH/USDT	2023-06-15 01:15:00+00:00	[0.50,0.75)	0.006023913847123524	0.006223902938627579	0.01696271112484774	0.03327091249568211
ETH/USDT	2023-06-16 01:15:00+00:00	[0.50,0.75)	0.0028612475279662848	0.007435636958181376	0.009202878078395883	0.04787179687546968
ETH/USDT	2023-06-17 01:15:00+00:00	[0.50,0.75)	0.0027463895451001544	0.0075700271147781314	0.03243299856861902	0.03243299856861902
ETH/USDT	2023-06-18 01:15:00+00:00	[0.25,0.50)	0.0027594362865872952	0.008231931779314689	0.010185566293137894	0.020776932040185693
ETH/USDT	2023-06-19 01:15:00+00:00	[0.25,0.50)	0.0021632342962529176	0.004755635718304004	0.008142576278657034	0.03142779263108449
ETH/USDT	2023-06-20 01:15:00+00:00	[0.75,1.00]	0.005171908491699087	0.006895877988932116	0.00985535895918207	0.06524649890527935
ETH/USDT	2023-06-21 01:15:00+00:00	[0.75,1.00]	0.003955425608208789	0.006934407237821998	0.01807248855298725	0.06552656258619736
ETH/USDT	2023-06-22 01:15:00+00:00	[0.75,1.00]	0.008578898206467482	0.012654396685330815	0.026999525133980063	0.03506181085721147
ETH/USDT	2023-06-23 01:15:00+00:00	[0.50,0.75)	0.009536473153737767	0.012695795548227598	0.013897827301013275	0.040108501981224946
ETH/USDT	2023-06-24 01:15:00+00:00	[0.75,1.00]	0.0065118897759081276	0.00983688406605371	0.014160438941738282	0.02189928347966496
ETH/USDT	2023-06-25 01:15:00+00:00	[0.25,0.50)	0.002240863557490678	0.021152474530802563	0.02865218178140665	0.034065384246888875
ETH/USDT	2023-06-26 01:15:00+00:00	[0.75,1.00]	0.0071131085187310615	0.0071131085187310615	0.017918233781687606	0.03820573298484937
ETH/USDT	2023-06-27 01:15:00+00:00	[0.25,0.50)	0.003956813288879647	0.010270534357702423	0.016487616838737063	0.02830973741148175
ETH/USDT	2023-06-28 01:15:00+00:00	[0.75,1.00]	0.003152248247563613	0.01033296289964092	0.014949136604547796	0.03017609847837238
ETH/USDT	2023-06-29 01:15:00+00:00	[0.25,0.50)	0.003452512994497678	0.006926774102346626	0.026505513146734522	0.026505513146734522
ETH/USDT	2023-06-30 01:15:00+00:00	[0.10,0.25)	0.007579818192646494	0.035998722259218956	0.038927780575091685	0.06691355217351282
ETH/USDT	2023-07-01 01:15:00+00:00	[0.50,0.75)	0.003961792555563556	0.011112724406508871	0.011112724406508871	0.011112724406508871
ETH/USDT	2023-07-02 01:15:00+00:00	[0.00,0.05)	0.005688264376789	0.006994535519125712	0.006994535519125712	0.038225344782721854
ETH/USDT	2023-07-03 01:15:00+00:00	[0.75,1.00]	0.0061136090895513	0.006144511915614716	0.01773307168940603	0.017815479225575255
ETH/USDT	2023-07-04 01:15:00+00:00	[0.05,0.10)	0.0037934560327198734	0.009452965235173829	0.010577709611451854	0.018149284253578733
ETH/USDT	2023-07-05 01:15:00+00:00	[0.05,0.10)	0.002327593309714088	0.003254510999423218	0.024712655516190167	0.024712655516190167
ETH/USDT	2023-07-06 01:15:00+00:00	[0.25,0.50)	0.006487162247342174	0.006839097365214093	0.0355401941421188	0.06933647098373745
ETH/USDT	2023-07-07 01:15:00+00:00	[0.75,1.00]	0.0036497140876797832	0.008593614624848443	0.014506801247617378	0.017046439092011794
ETH/USDT	2023-07-08 01:15:00+00:00	[0.00,0.05)	0.004487371255181893	0.009594427112269774	0.011218428137954614	0.017735800675242556
ETH/USDT	2023-07-09 01:15:00+00:00	[0.75,1.00]	0.0028666167504545407	0.0038185902235532533	0.008193389667344068	0.017504545940742213
ETH/USDT	2023-07-10 01:15:00+00:00	[0.50,0.75)	0.004007433142118475	0.008224933344105994	0.009894697153321964	0.030217338611941456
ETH/USDT	2023-07-11 01:15:00+00:00	[0.50,0.75)	0.0025193736645725087	0.004475343091919971	0.014882376077643481	0.01573811270210793
ETH/USDT	2023-07-12 01:15:00+00:00	[0.25,0.50)	0.002551074640192157	0.0035449308021004234	0.012468377303939304	0.01999936223134001
ETH/USDT	2023-07-13 01:15:00+00:00	[0.05,0.10)	0.0032671525508921303	0.006261596787389131	0.012095415826707296	0.08904193826097649
ETH/USDT	2023-07-14 01:15:00+00:00	[0.75,1.00]	0.004091299533770604	0.006499406662264176	0.01686171506879244	0.05927419154630263
ETH/USDT	2023-07-15 01:15:00+00:00	[0.50,0.75)	0.004072529314966477	0.005397265661385003	0.010421949225339656	0.010421949225339656
ETH/USDT	2023-07-16 01:15:00+00:00	[0.10,0.25)	0.012248017184401864	0.012248017184401864	0.012248017184401864	0.015258385657633817
ETH/USDT	2023-07-17 01:15:00+00:00	[0.50,0.75)	0.0030148350677298057	0.006850952791841266	0.024336996184674328	0.0327057624933726
ETH/USDT	2023-07-18 01:15:00+00:00	[0.75,1.00]	0.0028785773245426096	0.006206442579957516	0.016466925094298212	0.02135162527296848
ETH/USDT	2023-07-19 01:15:00+00:00	[0.50,0.75)	0.0032158220543490237	0.00703493862134093	0.008236281607386447	0.02091595845136916
ETH/USDT	2023-07-20 01:15:00+00:00	[0.50,0.75)	0.003842803980047085	0.0057853202776531635	0.019409327245374638	0.02694713505238985
ETH/USDT	2023-07-21 01:15:00+00:00	[0.25,0.50)	0.0045549069490039805	0.005299103796987303	0.009035922012392667	0.011136562760600799
ETH/USDT	2023-07-22 01:15:00+00:00	[0.00,0.05)	0.001931541116494018	0.002464562025690471	0.006375141171379378	0.023584855873257038
ETH/USDT	2023-07-23 01:15:00+00:00	[0.75,1.00]	0.0026102538043914895	0.006429354657538022	0.006429354657538022	0.020395282287181467
ETH/USDT	2023-07-24 01:15:00+00:00	[0.25,0.50)	0.005518282633890182	0.010701640599249402	0.026336774728604673	0.026336774728604673
ETH/USDT	2023-07-25 01:15:00+00:00	[0.05,0.10)	0.002632491225029319	0.005860813797287431	0.009522468258439222	0.012507041643194602
ETH/USDT	2023-07-26 01:15:00+00:00	[0.25,0.50)	0.002598761005644992	0.00820065454270974	0.010023022218867514	0.021377774662619406
ETH/USDT	2023-07-27 01:15:00+00:00	[0.50,0.75)	0.0028987054584279	0.0055091418657413245	0.01142933404510869	0.016692913385826763
ETH/USDT	2023-07-28 01:15:00+00:00	[0.10,0.25)	0.001557147306135209	0.0026793672612463668	0.009090518583747712	0.014427775212362739
ETH/USDT	2023-07-29 01:15:00+00:00	[0.00,0.05)	0.002102836160242549	0.0021508704887759638	0.004029546449195668	0.009094499535668137
ETH/USDT	2023-07-30 01:15:00+00:00	[0.10,0.25)	0.0011969995212001915	0.001888599244560278	0.003872958450816605	0.019753152098739096
ETH/USDT	2023-07-31 01:15:00+00:00	[0.75,1.00]	0.0022508915348300263	0.00688099146158241	0.00688099146158241	0.012976042173473689
ETH/USDT	2023-08-01 01:15:00+00:00	[0.25,0.50)	0.022544248740364262	0.022544248740364262	0.022544248740364262	0.03482300503854273
ETH/USDT	2023-08-02 01:15:00+00:00	[0.75,1.00]	0.006910294047130671	0.010378760835628782	0.015189859929351962	0.03118423366064434
ETH/USDT	2023-08-03 01:15:00+00:00	[0.10,0.25)	0.0037122793286372335	0.006522306287503261	0.01090855726584917	0.01800156535350894
ETH/USDT	2023-08-04 01:15:00+00:00	[0.50,0.75)	0.005258110567440085	0.005258110567440085	0.008434772184867548	0.019381450039776347
ETH/USDT	2023-08-05 01:15:00+00:00	[0.25,0.50)	0.0017605441284213208	0.0027282966462181158	0.004100646261850868	0.006287657601504664
ETH/USDT	2023-08-06 01:15:00+00:00	[0.00,0.05)	0.0028547146374948294	0.0028547146374948294	0.005627710344526971	0.009882542657281756
ETH/USDT	2023-08-07 01:15:00+00:00	[0.50,0.75)	0.0033327543532068807	0.004863433062660144	0.009042945850883713	0.024425724087020713
ETH/USDT	2023-08-08 01:15:00+00:00	[0.25,0.50)	0.0017163440777930767	0.00572296894729076	0.012369702700782253	0.02742870886103629
ETH/USDT	2023-08-09 01:15:00+00:00	[0.50,0.75)	0.0038759689922480815	0.004746852455138711	0.010649507036953384	0.013821243105505938
ETH/USDT	2023-08-10 01:15:00+00:00	[0.25,0.50)	0.0013254453172986975	0.0034968049224668417	0.005382601105615367	0.011083093567818584
ETH/USDT	2023-08-11 01:15:00+00:00	[0.10,0.25)	0.0019476665767466416	0.005772862152684135	0.005772862152684135	0.010364175883463738
ETH/USDT	2023-08-12 01:15:00+00:00	[0.25,0.50)	0.001172370944650084	0.0019179340338744723	0.003122720765012546	0.004100596990734566
ETH/USDT	2023-08-13 01:15:00+00:00	[0.05,0.10)	0.0007673726134440684	0.00263176382216404	0.002793884796835315	0.014855685312380103
ETH/USDT	2023-08-14 01:15:00+00:00	[0.75,1.00]	0.003912745769343661	0.007651591726716406	0.009374286739052462	0.011683893616790026
ETH/USDT	2023-08-15 01:15:00+00:00	[0.00,0.05)	0.0012669810656719307	0.002761368989284879	0.004288243606889384	0.01782436610338353
ETH/USDT	2023-08-16 01:15:00+00:00	[0.00,0.05)	0.0016125153052300406	0.004110547489942267	0.006860022739198855	0.028139758614658048
ETH/USDT	2023-08-17 01:15:00+00:00	[0.75,1.00]	0.0034774493520056387	0.0036885405267280866	0.010571223828860592	0.14083114372531483
ETH/USDT	2023-08-18 01:15:00+00:00	[0.75,1.00]	0.005486399535492734	0.01919647353671331	0.020867277714908684	0.03333313583874962
ETH/USDT	2023-08-19 01:15:00+00:00	[0.50,0.75)	0.004081167213823126	0.005935697609516381	0.0071300391912087506	0.02545327963797651
ETH/USDT	2023-08-20 01:15:00+00:00	[0.50,0.75)	0.0019733566857205696	0.003244942148859521	0.00960286946455455	0.019625602053730498
ETH/USDT	2023-08-21 01:15:00+00:00	[0.50,0.75)	0.0025056852930523802	0.0057417006596721665	0.016851030477920803	0.023269622425289505
ETH/USDT	2023-08-22 01:15:00+00:00	[0.50,0.75)	0.002378706968530209	0.0038744090775302566	0.00499168053244589	0.05287817536356372
ETH/USDT	2023-08-23 01:15:00+00:00	[0.75,1.00]	0.004346866454943361	0.0063087807928586094	0.01697669000527254	0.04396527411621878
ETH/USDT	2023-08-24 01:15:00+00:00	[0.75,1.00]	0.0027215269198402566	0.003664512124521853	0.008940454662106927	0.026093236170047704
ETH/USDT	2023-08-25 01:15:00+00:00	[0.50,0.75)	0.0048038624019310855	0.011237175618587744	0.011237175618587744	0.025171997585998813
ETH/USDT	2023-08-26 01:15:00+00:00	[0.25,0.50)	0.0020859029238917783	0.002339838932017637	0.005399163220392172	0.007007424605189919
ETH/USDT	2023-08-27 01:15:00+00:00	[0.10,0.25)	0.0023727599871349574	0.005437322118856486	0.005437322118856486	0.008447268291794907
ETH/USDT	2023-08-28 01:15:00+00:00	[0.50,0.75)	0.00245170741747429	0.00245170741747429	0.025782276274131107	0.025782276274131107
ETH/USDT	2023-08-29 01:15:00+00:00	[0.75,1.00]	0.00548804390435118	0.007158580345565912	0.013104966378192574	0.06383017217983893
ETH/USDT	2023-08-30 01:15:00+00:00	[0.75,1.00]	0.0030800761576486404	0.004727829565237712	0.006427985024658056	0.016238813617546595
ETH/USDT	2023-08-31 01:15:00+00:00	[0.25,0.50)	0.001951288320481437	0.0039731051344743225	0.018637154410381815	0.05818600714688734
ETH/USDT	2023-09-01 01:15:00+00:00	[0.50,0.75)	0.0016352437421644846	0.002537656029507098	0.007304088715001208	0.03081525985234361
ETH/USDT	2023-09-02 01:15:00+00:00	[0.25,0.50)	0.002662772719463959	0.004932878494122244	0.005178295334625895	0.010301371880138393
ETH/USDT	2023-09-03 01:15:00+00:00	[0.25,0.50)	0.001982815598149378	0.002937504589850894	0.00790066338645312	0.013683875547722149
ETH/USDT	2023-09-04 01:15:00+00:00	[0.50,0.75)	0.0012306976402444195	0.007665838037741383	0.010206830678046954	0.017450190421376178
ETH/USDT	2023-09-05 01:15:00+00:00	[0.50,0.75)	0.0029409050358384183	0.01049620081828526	0.018377580213492412	0.023582612975666738
ETH/USDT	2023-09-06 01:15:00+00:00	[0.25,0.50)	0.0026374567818131414	0.007080133402686373	0.007581923324052181	0.03720588685249209
ETH/USDT	2023-09-07 01:15:00+00:00	[0.10,0.25)	0.004440143799415738	0.0065346668054850005	0.011109546002951992	0.022415070766705604
ETH/USDT	2023-09-08 01:15:00+00:00	[0.75,1.00]	0.0034782397925175483	0.006156605625780092	0.022923660514100764	0.022923660514100764
ETH/USDT	2023-09-09 01:15:00+00:00	[0.05,0.10)	0.0008990330807478655	0.0027643738265171838	0.002788837311707579	0.006556214031031948
ETH/USDT	2023-09-10 01:15:00+00:00	[0.25,0.50)	0.0018409764539111546	0.008308940395318988	0.008308940395318988	0.019495940646919115
ETH/USDT	2023-09-11 01:15:00+00:00	[0.75,1.00]	0.002882542601370371	0.005150059949431234	0.02635911262416991	0.05401661189421568
ETH/USDT	2023-09-12 01:15:00+00:00	[0.75,1.00]	0.0015578429668540409	0.027506871889946775	0.047578584165363154	0.047578584165363154
ETH/USDT	2023-09-13 01:15:00+00:00	[0.50,0.75)	0.0022263358014808546	0.011212977786671902	0.015740694416649895	0.03509605763458068
ETH/USDT	2023-09-14 01:15:00+00:00	[0.75,1.00]	0.005786616216082893	0.008615217753018111	0.013933481644902601	0.019658472555169972
ETH/USDT	2023-09-15 01:15:00+00:00	[0.25,0.50)	0.006443679291687173	0.006591244466305968	0.011147319232661159	0.026229709788489826
ETH/USDT	2023-09-16 01:15:00+00:00	[0.75,1.00]	0.00883757524747041	0.009429186564933939	0.013332601443043766	0.020511225367317507
ETH/USDT	2023-09-17 01:15:00+00:00	[0.50,0.75)	0.0016744231858363664	0.004463076506365271	0.006500701780305795	0.01915737115559817
ETH/USDT	2023-09-18 01:15:00+00:00	[0.25,0.50)	0.011545457920332678	0.013636757372139909	0.03403002066550346	0.03403002066550346
ETH/USDT	2023-09-19 01:15:00+00:00	[0.50,0.75)	0.002633319452269526	0.004746099012811405	0.017704480317468005	0.017704480317468005
ETH/USDT	2023-09-20 01:15:00+00:00	[0.25,0.50)	0.004576366984520559	0.009717942640436128	0.01875520387015996	0.027245488966275835
ETH/USDT	2023-09-21 01:15:00+00:00	[0.50,0.75)	0.004582923037858576	0.006744328632740571	0.026785327214511764	0.03517703088518536
ETH/USDT	2023-09-22 01:15:00+00:00	[0.25,0.50)	0.0026679556554382354	0.005034589260379905	0.009428869163454645	0.009949905209105034
ETH/USDT	2023-09-23 01:15:00+00:00	[0.25,0.50)	0.002556999786916639	0.004499818252466024	0.004499818252466024	0.006041538712224636
ETH/USDT	2023-09-24 01:15:00+00:00	[0.00,0.05)	0.0014253869580232847	0.0021788954820884917	0.0032149697026781694	0.023930174876769898
ETH/USDT	2023-09-25 01:15:00+00:00	[0.75,1.00]	0.005399295249883145	0.005399295249883145	0.01221945767078832	0.02093410965305587
ETH/USDT	2023-09-26 01:15:00+00:00	[0.10,0.25)	0.004049220383385012	0.005006423335600422	0.008961182901332538	0.012424746215269917
ETH/USDT	2023-09-27 01:15:00+00:00	[0.50,0.75)	0.001577534897460226	0.005229119660107182	0.02793682318410638	0.03180209793286358
ETH/USDT	2023-09-28 01:15:00+00:00	[0.50,0.75)	0.008082091132115428	0.008082091132115428	0.021886402410928936	0.04084631573703947
ETH/USDT	2023-09-29 01:15:00+00:00	[0.25,0.50)	0.00484616456363317	0.006257609992791424	0.02400668770709788	0.02400668770709788
ETH/USDT	2023-09-30 01:15:00+00:00	[0.10,0.25)	0.002162997759110295	0.003816702417045076	0.007819147023930757	0.01685460580713962
ETH/USDT	2023-10-01 01:15:00+00:00	[0.50,0.75)	0.0014854054441004404	0.004796248903842347	0.0119667603247609	0.049513514803347834
ETH/USDT	2023-10-02 01:15:00+00:00	[0.75,1.00]	0.003153291792730625	0.006631784948984079	0.018426141543893482	0.0622586396130104
ETH/USDT	2023-10-03 01:15:00+00:00	[0.50,0.75)	0.0023122012155572923	0.0029968530040598708	0.013080452590866626	0.027416100127321267
ETH/USDT	2023-10-04 01:15:00+00:00	[0.75,1.00]	0.007158318343952934	0.007158318343952934	0.010469193012408064	0.017121429224718716
ETH/USDT	2023-10-05 01:15:00+00:00	[0.25,0.50)	0.0027826044691788	0.003706088921831984	0.009854551198707139	0.026003378008918887
ETH/USDT	2023-10-06 01:15:00+00:00	[0.25,0.50)	0.004133278140580917	0.004213595951982266	0.01718801163990432	0.031089171305535096
ETH/USDT	2023-10-07 01:15:00+00:00	[0.50,0.75)	0.0016978858582538938	0.0028419809885467835	0.0046980927690753686	0.008404230717737092
ETH/USDT	2023-10-08 01:15:00+00:00	[0.10,0.25)	0.0037974451327271504	0.005735915514489674	0.015428267423302016	0.015428267423302016
ETH/USDT	2023-10-09 01:15:00+00:00	[0.50,0.75)	0.005328476584852655	0.006872873377921939	0.032413873728641525	0.05537677744073147
ETH/USDT	2023-10-10 01:15:00+00:00	[0.10,0.25)	0.00248973696214069	0.010142668896660071	0.014507627591100357	0.028096649941716168
ETH/USDT	2023-10-11 01:15:00+00:00	[0.50,0.75)	0.005253016032510186	0.019485764072168617	0.021730697073955644	0.021730697073955644
ETH/USDT	2023-10-12 01:15:00+00:00	[0.25,0.50)	0.0027056658694997256	0.007879770980130643	0.02180561521840878	0.030493239041091462
ETH/USDT	2023-10-13 01:15:00+00:00	[0.50,0.75)	0.0017243838245017144	0.004460060418260388	0.010806570809941834	0.024374748797469117
ETH/USDT	2023-10-14 01:15:00+00:00	[0.75,1.00]	0.004549326312529009	0.004549326312529009	0.007698363533116555	0.011079706778173605
ETH/USDT	2023-10-15 01:15:00+00:00	[0.10,0.25)	0.004764357455575498	0.004764357455575498	0.008376255472572747	0.012992531547772235
ETH/USDT	2023-10-16 01:15:00+00:00	[0.50,0.75)	0.003531037306176745	0.015902461491223516	0.041540862801289484	0.05039404329358783
ETH/USDT	2023-10-17 01:15:00+00:00	[0.75,1.00]	0.005122610336763082	0.009053915944046332	0.01857181373010058	0.02925593614606655
ETH/USDT	2023-10-18 01:15:00+00:00	[0.25,0.50)	0.002509899093115381	0.011795887086473385	0.013897049431600455	0.018865755524332586
ETH/USDT	2023-10-19 01:15:00+00:00	[0.25,0.50)	0.015238253446976076	0.015238253446976076	0.015238253446976076	0.020982148561790093
ETH/USDT	2023-10-20 01:15:00+00:00	[0.10,0.25)	0.010497562723097249	0.02047056716265145	0.043122529138573	0.043122529138573
ETH/USDT	2023-10-21 01:15:00+00:00	[0.25,0.50)	0.006665627435697618	0.007345284489477911	0.011055339049103675	0.03253000779423231
ETH/USDT	2023-10-22 01:15:00+00:00	[0.25,0.50)	0.004007856134536287	0.009580801571226847	0.015184435033449954	0.039882157981955456
ETH/USDT	2023-10-23 01:15:00+00:00	[0.75,1.00]	0.010740679134092108	0.018065489627640666	0.025812085640282326	0.08177886557517293
ETH/USDT	2023-10-24 01:15:00+00:00	[0.75,1.00]	0.03294365895216715	0.047054309926541166	0.04952550749822288	0.05538754922648135
ETH/USDT	2023-10-25 01:15:00+00:00	[0.75,1.00]	0.010539914172608416	0.013489537707499322	0.026064248566771267	0.03198567325711628
ETH/USDT	2023-10-26 01:15:00+00:00	[0.25,0.50)	0.005977206325133276	0.017229074202109788	0.0439536543479715	0.057614247161942106
ETH/USDT	2023-10-27 01:15:00+00:00	[0.50,0.75)	0.011361921634596664	0.013323571656113331	0.013418580346614053	0.029162079237247788
ETH/USDT	2023-10-28 01:15:00+00:00	[0.00,0.05)	0.00238115294976554	0.008873164293937709	0.015528037514390863	0.022783814899053678
ETH/USDT	2023-10-29 01:15:00+00:00	[0.25,0.50)	0.005734191388533936	0.007029191218883283	0.019566372982571304	0.025436284877342605
ETH/USDT	2023-10-30 01:15:00+00:00	[0.50,0.75)	0.007383073496659238	0.009810690423162523	0.02766146993318489	0.028992204899777246
ETH/USDT	2023-10-31 01:15:00+00:00	[0.50,0.75)	0.0034455296603139235	0.010375302797349757	0.018250799163781566	0.026552147510701597
ETH/USDT	2023-11-01 01:15:00+00:00	[0.50,0.75)	0.0054862815447432	0.008160637443183655	0.019325798179677035	0.04569516744989708
ETH/USDT	2023-11-02 01:15:00+00:00	[0.50,0.75)	0.008503820557061932	0.021176495804353174	0.029187341256657857	0.052453622831177514
ETH/USDT	2023-11-03 01:15:00+00:00	[0.50,0.75)	0.007192234398663328	0.00918169472960667	0.013328266542977448	0.030160442151970196
ETH/USDT	2023-11-04 01:15:00+00:00	[0.05,0.10)	0.008001707614757672	0.008001707614757672	0.012276217633311534	0.02449223090016474
ETH/USDT	2023-11-05 01:15:00+00:00	[0.75,1.00]	0.004728732861721042	0.025659455574230307	0.02890201525083902	0.03574922043461113
ETH/USDT	2023-11-06 01:15:00+00:00	[0.75,1.00]	0.009744259257309507	0.016582612998662864	0.022452331568030878	0.02408427125996273
ETH/USDT	2023-11-07 01:15:00+00:00	[0.25,0.50)	0.006308797943955909	0.009481705543598428	0.015605417210908452	0.029968112278623633
ETH/USDT	2023-11-08 01:15:00+00:00	[0.50,0.75)	0.0031589641560750676	0.00781010233562274	0.010842072957785238	0.017027716338776453
ETH/USDT	2023-11-09 01:15:00+00:00	[0.50,0.75)	0.014388413429888051	0.01663726135615532	0.01663726135615532	0.12340750493745882
ETH/USDT	2023-11-10 01:15:00+00:00	[0.75,1.00]	0.006213096390803357	0.01574870422053874	0.030733230810123215	0.0499231075924132
ETH/USDT	2023-11-11 01:15:00+00:00	[0.75,1.00]	0.014587608312991834	0.014587608312991834	0.01745164207844248	0.03768465480856195
ETH/USDT	2023-11-12 01:15:00+00:00	[0.75,1.00]	0.006157580999464331	0.009985797758109743	0.013538815365941134	0.02108222066057629
ETH/USDT	2023-11-13 01:15:00+00:00	[0.75,1.00]	0.008510474058492782	0.021170045447089416	0.02214942539826514	0.043184383955537115
ETH/USDT	2023-11-14 01:15:00+00:00	[0.75,1.00]	0.0049625609940752505	0.00951483151226221	0.021545134394552967	0.06269629224404474
ETH/USDT	2023-11-15 01:15:00+00:00	[0.25,0.50)	0.005252993043196829	0.008584775926225538	0.028413687105646356	0.05761608154020375
ETH/USDT	2023-11-16 01:15:00+00:00	[0.50,0.75)	0.006612507084829063	0.009562702553445159	0.03400717929340641	0.07329467559960673
ETH/USDT	2023-11-17 01:15:00+00:00	[0.50,0.75)	0.007030010208929202	0.010117958618458947	0.021084976701403992	0.044221847108649286
ETH/USDT	2023-11-18 01:15:00+00:00	[0.50,0.75)	0.004805259202838217	0.014211298493500096	0.021061348846482215	0.02822834182773658
ETH/USDT	2023-11-19 01:15:00+00:00	[0.25,0.50)	0.004583153702449055	0.010115784935640722	0.01223029705815931	0.03739401777832517
ETH/USDT	2023-11-20 01:15:00+00:00	[0.75,1.00]	0.003784686728664462	0.007359944152185291	0.024233962452317504	0.03809618788800523
ETH/USDT	2023-11-21 01:15:00+00:00	[0.10,0.25)	0.0074307410497834745	0.013439519692698026	0.01623900818122115	0.05242992638382114
ETH/USDT	2023-11-22 01:15:00+00:00	[0.75,1.00]	0.004535760568985449	0.016326697211196034	0.03602077572220132	0.06819457341401447
ETH/USDT	2023-11-23 01:15:00+00:00	[0.75,1.00]	0.007756620916296242	0.007756620916296242	0.022926734970036756	0.023482505316064252
ETH/USDT	2023-11-24 01:15:00+00:00	[0.10,0.25)	0.004585364442451393	0.006142749000718537	0.031461096726599455	0.03520749858967497
ETH/USDT	2023-11-25 01:15:00+00:00	[0.50,0.75)	0.003974738541987291	0.005209935404490996	0.012130882805290576	0.012130882805290576
ETH/USDT	2023-11-26 01:15:00+00:00	[0.00,0.05)	0.0044399712991008335	0.00774346404441894	0.01329583596184113	0.028204893599603053
ETH/USDT	2023-11-27 01:15:00+00:00	[0.25,0.50)	0.004449458221572394	0.012975569133638766	0.025946296637003683	0.03864105121476512
ETH/USDT	2023-11-28 01:15:00+00:00	[0.75,1.00]	0.004424341780402554	0.012818740247684039	0.018126962807876814	0.03942898338896675
ETH/USDT	2023-11-29 01:15:00+00:00	[0.25,0.50)	0.0052581657222074436	0.0052581657222074436	0.014932996084344587	0.027429043947758774
ETH/USDT	2023-11-30 01:15:00+00:00	[0.00,0.05)	0.003956351868660949	0.009876080350447918	0.015524487943486452	0.026505584277201164
ETH/USDT	2023-12-01 01:15:00+00:00	[0.50,0.75)	0.008834876543209736	0.013363233024691376	0.018359374999999862	0.019227430555555505
ETH/USDT	2023-12-02 01:15:00+00:00	[0.05,0.10)	0.0028077145299227444	0.004273647116123739	0.009741050409935698	0.047057868524469484
ETH/USDT	2023-12-03 01:15:00+00:00	[0.25,0.50)	0.0051413881748071395	0.011067368799988932	0.013111924420670712	0.03539896526101536
ETH/USDT	2023-12-04 01:15:00+00:00	[0.75,1.00]	0.011083704969630254	0.022176428413605197	0.03168640961008625	0.03269647873669221
ETH/USDT	2023-12-05 01:15:00+00:00	[0.50,0.75)	0.00856333692748897	0.008760195247661156	0.02397197453369182	0.05543351333938826
ETH/USDT	2023-12-06 01:15:00+00:00	[0.75,1.00]	0.008264859091998882	0.01344783243608481	0.028159804712190387	0.03414049388635826
ETH/USDT	2023-12-07 01:15:00+00:00	[0.50,0.75)	0.003682190412931451	0.014251770883948705	0.02113916094203451	0.07168235089580657
ETH/USDT	2023-12-08 01:15:00+00:00	[0.50,0.75)	0.00582806777137742	0.013948452474602658	0.019806125815210466	0.02354065690528749
ETH/USDT	2023-12-09 01:15:00+00:00	[0.25,0.50)	0.0028313678142350015	0.009897033440749482	0.023331150997780867	0.031880521379802816
ETH/USDT	2023-12-10 01:15:00+00:00	[0.25,0.50)	0.004608529815276495	0.0050120416424206385	0.016505757476649462	0.02441034179575497
ETH/USDT	2023-12-11 01:15:00+00:00	[0.75,1.00]	0.07526572577357636	0.07526572577357636	0.07526572577357636	0.07714522337271133
ETH/USDT	2023-12-12 01:15:00+00:00	[0.75,1.00]	0.005122245563849298	0.012336298216600325	0.016555669780539024	0.03491708756089925
ETH/USDT	2023-12-13 01:15:00+00:00	[0.50,0.75)	0.017917857749186784	0.020524091603613865	0.021909800448749423	0.0641005051872312
ETH/USDT	2023-12-14 01:15:00+00:00	[0.25,0.50)	0.0036384127646170005	0.00659795095242125	0.03294094678599488	0.04610578906967574
ETH/USDT	2023-12-15 01:15:00+00:00	[0.50,0.75)	0.008269234108311657	0.01334797631656625	0.02552827600576457	0.04540482350285621
ETH/USDT	2023-12-16 01:15:00+00:00	[0.75,1.00]	0.0030491746276575054	0.008469929521270668	0.009611141077821	0.019293607877926115
ETH/USDT	2023-12-17 01:15:00+00:00	[0.10,0.25)	0.005538974483073715	0.009276437847866338	0.013757808788864607	0.0277665743504253
ETH/USDT	2023-12-18 01:15:00+00:00	[0.75,1.00]	0.010097690130557788	0.013398155756413727	0.034022642198484526	0.057089381904501024
ETH/USDT	2023-12-19 01:15:00+00:00	[0.75,1.00]	0.012106515864636269	0.012106515864636269	0.013090785447126926	0.05344136437659936
ETH/USDT	2023-12-20 01:15:00+00:00	[0.25,0.50)	0.006352773891704657	0.02181501272848196	0.029722725500538828	0.050455243905235876
ETH/USDT	2023-12-21 01:15:00+00:00	[0.25,0.50)	0.0061640956280159	0.009184456791928811	0.04241299897645862	0.04241299897645862
ETH/USDT	2023-12-22 01:15:00+00:00	[0.25,0.50)	0.012706198047865897	0.013301523410947792	0.04373420055356376	0.04913211336061174
ETH/USDT	2023-12-23 01:15:00+00:00	[0.25,0.50)	0.010207004296315575	0.018886429718352634	0.018886429718352634	0.023868419910601915
ETH/USDT	2023-12-24 01:15:00+00:00	[0.50,0.75)	0.009500192250366241	0.010450643498697473	0.022733065766906105	0.03507597129637232
ETH/USDT	2023-12-25 01:15:00+00:00	[0.50,0.75)	0.005274651732093491	0.009990137546010134	0.020028706785720683	0.021217484722002106
ETH/USDT	2023-12-26 01:15:00+00:00	[0.25,0.50)	0.003001747351464194	0.01039608100316455	0.024942671907253758	0.04249101016280736
ETH/USDT	2023-12-27 01:15:00+00:00	[0.05,0.10)	0.007146487247410726	0.009876454370870773	0.038345469019145643	0.10520492743324628
ETH/USDT	2023-12-28 01:15:00+00:00	[0.75,1.00]	0.012011035164292028	0.021971506217573777	0.029700238820719614	0.04631474923824427
ETH/USDT	2023-12-29 01:15:00+00:00	[0.25,0.50)	0.0122629799255233	0.01992894748105977	0.028694944998501885	0.05567350083465295
ETH/USDT	2023-12-30 01:15:00+00:00	[0.50,0.75)	0.003426098194576396	0.009779558770594615	0.01812362576599314	0.023783193036780746
ETH/USDT	2023-12-31 01:15:00+00:00	[0.10,0.25)	0.004439898143513099	0.009336844625329105	0.019026269397349135	0.027187846867042478
ETH/USDT	2024-01-01 01:15:00+00:00	[0.25,0.50)	0.00479315909199646	0.01798956987703943	0.018267938463144433	0.05755270517722082
ETH/USDT	2024-01-02 01:15:00+00:00	[0.75,1.00]	0.007843285050857827	0.009220989686059212	0.02551056728768067	0.0378135953065917
ETH/USDT	2024-01-03 01:15:00+00:00	[0.10,0.25)	0.00788412406832629	0.00905808576677005	0.12054221828086392	0.12054221828086392
ETH/USDT	2024-01-04 01:15:00+00:00	[0.25,0.50)	0.009229472692178687	0.016478935778818832	0.018377388924632747	0.0408054153489257
ETH/USDT	2024-01-05 01:15:00+00:00	[0.25,0.50)	0.02037488367970932	0.02037488367970932	0.025258120264102454	0.03147959409757609
ETH/USDT	2024-01-06 01:15:00+00:00	[0.75,1.00]	0.0041660388062083244	0.011585133446200426	0.01950060717799622	0.01950060717799622
ETH/USDT	2024-01-07 01:15:00+00:00	[0.10,0.25)	0.004918950623866779	0.007162916355621864	0.01024670292559807	0.03071789129430171
ETH/USDT	2024-01-08 01:15:00+00:00	[0.75,1.00]	0.009871954674221054	0.019671388101983045	0.04923286118980165	0.08694390934844179
ETH/USDT	2024-01-09 01:15:00+00:00	[0.75,1.00]	0.008186113572011704	0.00974950926746238	0.04005332916427816	0.075455556134591
ETH/USDT	2024-01-10 01:15:00+00:00	[0.75,1.00]	0.005353557885344743	0.018897385931758822	0.037458070109722685	0.126726122584691
ETH/USDT	2024-01-11 01:15:00+00:00	[0.75,1.00]	0.012103877481005637	0.024666468790113284	0.038443302585372645	0.04755975807663977
ETH/USDT	2024-01-12 01:15:00+00:00	[0.50,0.75)	0.006617237322766358	0.012979072503250559	0.03941706395888805	0.10034982354033813
ETH/USDT	2024-01-13 01:15:00+00:00	[0.75,1.00]	0.0150924306819675	0.02162491585442116	0.023429315722178067	0.03470980231265903
ETH/USDT	2024-01-14 01:15:00+00:00	[0.10,0.25)	0.0075157550766356915	0.012604061308643756	0.016416400840270684	0.040535283591379374
ETH/USDT	2024-01-15 01:15:00+00:00	[0.75,1.00]	0.007449923297832677	0.01083042612760195	0.022445897936050806	0.024777002967953363
ETH/USDT	2024-01-16 01:15:00+00:00	[0.25,0.50)	0.007231979655090129	0.013653341810379135	0.01763490423587384	0.04545021060160521
ETH/USDT	2024-01-17 01:15:00+00:00	[0.25,0.50)	0.007560765797564318	0.011966069134716638	0.023260927428220838	0.033259654442142704
ETH/USDT	2024-01-18 01:15:00+00:00	[0.25,0.50)	0.008692932835613941	0.012136854314204337	0.01830028620175047	0.04807239360459825
ETH/USDT	2024-01-19 01:15:00+00:00	[0.25,0.50)	0.004468079051254939	0.010233080047323451	0.021746819695324892	0.03618371570169982
ETH/USDT	2024-01-20 01:15:00+00:00	[0.10,0.25)	0.0038632699907137306	0.006351682190767621	0.01109132352172643	0.014753590911466503
ETH/USDT	2024-01-21 01:15:00+00:00	[0.00,0.05)	0.0037501721191306424	0.0055240116312033245	0.006293485392148113	0.018864256728845518
ETH/USDT	2024-01-22 01:15:00+00:00	[0.50,0.75)	0.0055523865413105765	0.019082481461266666	0.035866857628273296	0.059672766221135126
ETH/USDT	2024-01-23 01:15:00+00:00	[0.50,0.75)	0.004968138644131717	0.011726868312121032	0.06493790900190653	0.07907799591212786
ETH/USDT	2024-01-24 01:15:00+00:00	[0.75,1.00]	0.00583848647776038	0.009398976695380794	0.023748559436420152	0.030708107065824233
ETH/USDT	2024-01-25 01:15:00+00:00	[0.50,0.75)	0.008603000273895036	0.011256639711197893	0.01778073125502324	0.03214450885219978
ETH/USDT	2024-01-26 01:15:00+00:00	[0.05,0.10)	0.009979382559540345	0.009979382559540345	0.031287078684634324	0.03929494669692358
ETH/USDT	2024-01-27 01:15:00+00:00	[0.25,0.50)	0.004197603502100974	0.004658637359549384	0.011508283241638839	0.016456713311584253
ETH/USDT	2024-01-28 01:15:00+00:00	[0.10,0.25)	0.005786591553238399	0.014639245599915933	0.017316036250393508	0.02989520277126557
ETH/USDT	2024-01-29 01:15:00+00:00	[0.25,0.50)	0.00485911646020203	0.00660364059278588	0.013898923329045526	0.039005092600750656
ETH/USDT	2024-01-30 01:15:00+00:00	[0.10,0.25)	0.005075199336552666	0.00848746101814962	0.015484757124715967	0.04102488791368275
ETH/USDT	2024-01-31 01:15:00+00:00	[0.75,1.00]	0.004573490898024471	0.007406740648347071	0.02733807399025302	0.0472779799486501
ETH/USDT	2024-02-01 01:15:00+00:00	[0.50,0.75)	0.006321000359298968	0.011293520641947505	0.015582929306819189	0.03437293458540902
ETH/USDT	2024-02-02 01:15:00+00:00	[0.25,0.50)	0.006693978444438785	0.007415666243161386	0.012043975419399958	0.020760408293791742
ETH/USDT	2024-02-03 01:15:00+00:00	[0.50,0.75)	0.004298117424568039	0.004298117424568039	0.01245164617897372	0.016423106679274494
ETH/USDT	2024-02-04 01:15:00+00:00	[0.05,0.10)	0.002798308848130936	0.005383702892599832	0.010115625773988654	0.019553400336318486
ETH/USDT	2024-02-05 01:15:00+00:00	[0.50,0.75)	0.0032302520123241693	0.00994970286948205	0.02465261624079425	0.027070916320672662
ETH/USDT	2024-02-06 01:15:00+00:00	[0.25,0.50)	0.007868860987791382	0.010968715316315285	0.01713374028856825	0.0381173695893452
ETH/USDT	2024-02-07 01:15:00+00:00	[0.10,0.25)	0.00520147319143942	0.01294495666837258	0.014228546020453566	0.037937196405949836
ETH/USDT	2024-02-08 01:15:00+00:00	[0.10,0.25)	0.005276622961304721	0.007822685788787455	0.01368560019023708	0.02137708789451669
ETH/USDT	2024-02-09 01:15:00+00:00	[0.05,0.10)	0.007253843300498851	0.017631785022462265	0.041948646086634046	0.041948646086634046
ETH/USDT	2024-02-10 01:15:00+00:00	[0.10,0.25)	0.005197313585945935	0.00901214977239204	0.017803904597037828	0.01798422773610296
ETH/USDT	2024-02-11 01:15:00+00:00	[0.25,0.50)	0.0036933519664603715	0.013847075264523792	0.014665601916550216	0.018438810141744977
ETH/USDT	2024-02-12 01:15:00+00:00	[0.25,0.50)	0.004575275212750297	0.009942271962315558	0.018301100851001187	0.08513990395900553
ETH/USDT	2024-02-13 01:15:00+00:00	[0.75,1.00]	0.007812001905183347	0.017052891340791475	0.018811810636773736	0.03604846966520524
ETH/USDT	2024-02-14 01:15:00+00:00	[0.25,0.50)	0.0038669760247486812	0.00975316120527734	0.05394717291669045	0.07899679593415089
ETH/USDT	2024-02-15 01:15:00+00:00	[0.75,1.00]	0.008450068267090936	0.011467437851862203	0.01952689651712403	0.03884594572318325
ETH/USDT	2024-02-16 01:15:00+00:00	[0.75,1.00]	0.00627477924345095	0.007340440075858244	0.02181800335823389	0.040856174347720986
ETH/USDT	2024-02-17 01:15:00+00:00	[0.25,0.50)	0.006026924082972385	0.006793726552506275	0.015232136906489592	0.02943589853841703
ETH/USDT	2024-02-18 01:15:00+00:00	[0.25,0.50)	0.01061868329759159	0.014524611644750326	0.021008237892875113	0.046810277854352905
ETH/USDT	2024-02-19 01:15:00+00:00	[0.75,1.00]	0.01049746901728056	0.01602024786175609	0.02585791586664345	0.04454180485250485
ETH/USDT	2024-02-20 01:15:00+00:00	[0.75,1.00]	0.005382116554210521	0.011258194092363744	0.03326690015470584	0.0543803019336515
ETH/USDT	2024-02-21 01:15:00+00:00	[0.50,0.75)	0.005475317668583058	0.00888069816977488	0.0444669244072301	0.04847325440863232
ETH/USDT	2024-02-22 01:15:00+00:00	[0.75,1.00]	0.012570596975848202	0.012618199993879501	0.0429617237732872	0.04403619189456604
ETH/USDT	2024-02-23 01:15:00+00:00	[0.50,0.75)	0.005840459185556137	0.02019168514523993	0.02673662246345933	0.029168749350035
ETH/USDT	2024-02-24 01:15:00+00:00	[0.50,0.75)	0.006096034834484681	0.016652666586666108	0.0206161178063875	0.03465619803541732
ETH/USDT	2024-02-25 01:15:00+00:00	[0.05,0.10)	0.017363045806544162	0.018303933377152488	0.01853415054868432	0.047214539048502494
ETH/USDT	2024-02-26 01:15:00+00:00	[0.25,0.50)	0.005882617091023443	0.01043410763200612	0.026221589268874735	0.05113129719084181
ETH/USDT	2024-02-27 01:15:00+00:00	[0.10,0.25)	0.029273566729840203	0.029273566729840203	0.034974903432430905	0.034974903432430905
ETH/USDT	2024-02-28 01:15:00+00:00	[0.10,0.25)	0.005330385352064084	0.012277438705187469	0.04301260693104073	0.09602699989530154
ETH/USDT	2024-02-29 01:15:00+00:00	[0.75,1.00]	0.009753169560507246	0.02037009925921593	0.038898486223757765	0.06523877843820453
ETH/USDT	2024-03-01 01:15:00+00:00	[0.75,1.00]	0.01088101607443005	0.01088101607443005	0.028929239364598305	0.03195651144622517
ETH/USDT	2024-03-02 01:15:00+00:00	[0.25,0.50)	0.005559444638898596	0.016468323416170685	0.018302998483257497	0.018302998483257497
ETH/USDT	2024-03-03 01:15:00+00:00	[0.25,0.50)	0.005636935795563999	0.010339734121122622	0.02555157898424233	0.0493224584162867
ETH/USDT	2024-03-04 01:15:00+00:00	[0.50,0.75)	0.008196274993623631	0.010832838977586393	0.025156259403505986	0.05289749784346259
ETH/USDT	2024-03-05 01:15:00+00:00	[0.75,1.00]	0.011320235918445928	0.036493119045327635	0.04735691601248334	0.1710381236509617
ETH/USDT	2024-03-06 01:15:00+00:00	[0.75,1.00]	0.011638435984357482	0.07222451739964567	0.11335661209174921	0.11335661209174921
ETH/USDT	2024-03-07 01:15:00+00:00	[0.50,0.75)	0.0133766186049686	0.018467974322771048	0.025343928951968086	0.05395787296805041
ETH/USDT	2024-03-08 01:15:00+00:00	[0.75,1.00]	0.008833787521353616	0.013190941999511884	0.022370454730334336	0.04416893760676808
ETH/USDT	2024-03-09 01:15:00+00:00	[0.50,0.75)	0.0045228357104257905	0.008728099717514828	0.013832296530016984	0.018437086228400585
ETH/USDT	2024-03-10 01:15:00+00:00	[0.10,0.25)	0.0048845832569322095	0.00994234256259804	0.013678361143369405	0.06155899191165991
ETH/USDT	2024-03-11 01:15:00+00:00	[0.75,1.00]	0.01591233146715314	0.026462015893984198	0.07537847811956137	0.08274884150049276
ETH/USDT	2024-03-12 01:15:00+00:00	[0.25,0.50)	0.0032394882790095078	0.010331407528117774	0.02461617233289927	0.05809908994010885
ETH/USDT	2024-03-13 01:15:00+00:00	[0.50,0.75)	0.007425018562546475	0.01146752866882176	0.023500058750146876	0.03769259423148558
ETH/USDT	2024-03-14 01:15:00+00:00	[0.25,0.50)	0.009364470955271762	0.016392864252971803	0.02386226465970633	0.07123902837313739
ETH/USDT	2024-03-15 01:15:00+00:00	[0.50,0.75)	0.020655530492598457	0.07234573864074276	0.08596194655253028	0.08596194655253028
ETH/USDT	2024-03-16 01:15:00+00:00	[0.75,1.00]	0.00849967667166075	0.019218742931350674	0.027250059210333757	0.07813102914212873
ETH/USDT	2024-03-17 01:15:00+00:00	[0.75,1.00]	0.012114546785899037	0.014152957108567244	0.054963571543678764	0.07539573714967468
ETH/USDT	2024-03-18 01:15:00+00:00	[0.75,1.00]	0.007492609094227396	0.01730349664379036	0.02636205825231901	0.06757558785913115
ETH/USDT	2024-03-19 01:15:00+00:00	[0.75,1.00]	0.015768663737642317	0.023594376038665467	0.0702877927681039	0.08551715648200525
ETH/USDT	2024-03-20 01:15:00+00:00	[0.75,1.00]	0.01909809332664328	0.06568301555444063	0.09421726041144005	0.154995609633718
ETH/USDT	2024-03-21 01:15:00+00:00	[0.50,0.75)	0.014263698533119517	0.03187589590757916	0.039901528071298764	0.049666566570536655
ETH/USDT	2024-03-22 01:15:00+00:00	[0.25,0.50)	0.012688693942070459	0.02103824902312204	0.04626128018888693	0.08361560603591937
ETH/USDT	2024-03-23 01:15:00+00:00	[0.50,0.75)	0.009304859903179138	0.027633158592774716	0.03404596744496578	0.04951814118358539
ETH/USDT	2024-03-24 01:15:00+00:00	[0.50,0.75)	0.006007730601338439	0.01846358017895233	0.033835514941960854	0.05131714806868856
ETH/USDT	2024-03-25 01:15:00+00:00	[0.25,0.50)	0.005284000477189428	0.0229836562606385	0.024854588147660932	0.07126708352852512
ETH/USDT	2024-03-26 01:15:00+00:00	[0.25,0.50)	0.0052883258339283395	0.012511000049811557	0.022238088122160087	0.03770180594528485
ETH/USDT	2024-03-27 01:15:00+00:00	[0.25,0.50)	0.006834305446415801	0.01133885980542982	0.03534193662634335	0.05694885615308849
ETH/USDT	2024-03-28 01:15:00+00:00	[0.05,0.10)	0.006176507559222448	0.022103440788947392	0.03733901655829681	0.04193282976608126
ETH/USDT	2024-03-29 01:15:00+00:00	[0.05,0.10)	0.008527896647818207	0.009592835560574258	0.019990664315043025	0.03870116584257353
ETH/USDT	2024-03-30 01:15:00+00:00	[0.25,0.50)	0.005227955926058416	0.013123874142643656	0.022511464566392206	0.022960386868738514
ETH/USDT	2024-03-31 01:15:00+00:00	[0.05,0.10)	0.0076248916918794174	0.02117015383304214	0.03283192000113639	0.03922955639834665
ETH/USDT	2024-04-01 01:15:00+00:00	[0.10,0.25)	0.0035047893250650173	0.009384862410719255	0.03322075189635126	0.05710924090581916
ETH/USDT	2024-04-02 01:15:00+00:00	[0.10,0.25)	0.016478279412311957	0.051177980874090194	0.06876110931422079	0.08449805220268543
ETH/USDT	2024-04-03 01:15:00+00:00	[0.25,0.50)	0.011569465648855061	0.015407633587786271	0.025477862595419863	0.028476335877862663
ETH/USDT	2024-04-04 01:15:00+00:00	[0.25,0.50)	0.01659136070802634	0.023111864671735198	0.03895166890630487	0.058023165976737755
ETH/USDT	2024-04-05 01:15:00+00:00	[0.10,0.25)	0.010400770292856734	0.023387350725480156	0.03307959692851779	0.042390330160114335
ETH/USDT	2024-04-06 01:15:00+00:00	[0.05,0.10)	0.005135313094747708	0.012423368681204744	0.013869554628847385	0.027582764830922594
ETH/USDT	2024-04-07 01:15:00+00:00	[0.25,0.50)	0.010556769203518987	0.011516207120505467	0.011516207120505467	0.0271417606423806
ETH/USDT	2024-04-08 01:15:00+00:00	[0.50,0.75)	0.004890438450089264	0.009099302988730665	0.0774052422937001	0.0944737171701284
ETH/USDT	2024-04-09 01:15:00+00:00	[0.10,0.25)	0.014137027940238597	0.01463911090605622	0.03983281994219261	0.07514417923004901
ETH/USDT	2024-04-10 01:15:00+00:00	[0.10,0.25)	0.016625153883592477	0.020573162701480182	0.04075982707778633	0.04326777176558151
ETH/USDT	2024-04-11 01:15:00+00:00	[0.25,0.50)	0.009433427762039712	0.01631444759206803	0.029385269121813037	0.0407308781869689
ETH/USDT	2024-04-12 01:15:00+00:00	[0.10,0.25)	0.007757171751702138	0.014246645585847425	0.024043529043101752	0.12887787368600975
ETH/USDT	2024-04-13 01:15:00+00:00	[0.10,0.25)	0.019784711388455636	0.038502340093603774	0.05001560062402502	0.14037441497659908
ETH/USDT	2024-04-14 01:15:00+00:00	[0.75,1.00]	0.014062337784118428	0.05201290024414012	0.06354341441197066	0.08768281206568013
ETH/USDT	2024-04-15 01:15:00+00:00	[0.75,1.00]	0.009449877554940212	0.014504537669862492	0.05267218336347775	0.08152119980152692
ETH/USDT	2024-04-16 01:15:00+00:00	[0.50,0.75)	0.022272259392691788	0.043293232115285685	0.04568000514668046	0.04568000514668046
ETH/USDT	2024-04-17 01:15:00+00:00	[0.25,0.50)	0.008997096876394302	0.01641654974427949	0.03502175726265831	0.06765765125015363
ETH/USDT	2024-04-18 01:15:00+00:00	[0.25,0.50)	0.009033138142134713	0.015770561618312515	0.037114053766302814	0.04670947564546176
ETH/USDT	2024-04-19 01:15:00+00:00	[0.50,0.75)	0.04643680145569491	0.052948247122810994	0.08756416812214025	0.08756416812214025
ETH/USDT	2024-04-20 01:15:00+00:00	[0.75,1.00]	0.007256526599592346	0.009531794568290996	0.013493785756559616	0.04665285723679895
ETH/USDT	2024-04-21 01:15:00+00:00	[0.10,0.25)	0.015270154509978142	0.016615374853263077	0.016615374853263077	0.025600431485770504
ETH/USDT	2024-04-22 01:15:00+00:00	[0.05,0.10)	0.00962334207413934	0.02722121637775499	0.03356279270338225	0.03356279270338225
ETH/USDT	2024-04-23 01:15:00+00:00	[0.25,0.50)	0.0037520767091238144	0.014886971022518656	0.020026631655580482	0.034723821020340905
ETH/USDT	2024-04-24 01:15:00+00:00	[0.25,0.50)	0.007453995594945032	0.01841720751639536	0.023983763696292116	0.05827893945057283
ETH/USDT	2024-04-25 01:15:00+00:00	[0.25,0.50)	0.0140694450140221	0.01420509212962809	0.03123038243022849	0.03767835229764134
ETH/USDT	2024-04-26 01:15:00+00:00	[0.50,0.75)	0.010739038494046825	0.011188757658781143	0.01712760223137248	0.03220116799402927
ETH/USDT	2024-04-27 01:15:00+00:00	[0.50,0.75)	0.013905508695807303	0.015799355962213938	0.021075536617082967	0.06553554692947045
ETH/USDT	2024-04-28 01:15:00+00:00	[0.25,0.50)	0.0058016586675492775	0.02187957803889835	0.025063900994832675	0.03231214333437545
ETH/USDT	2024-04-29 01:15:00+00:00	[0.50,0.75)	0.010049221926686811	0.03636308049772222	0.04706655660521563	0.05252988474120264
ETH/USDT	2024-04-30 01:15:00+00:00	[0.75,1.00]	0.023988912453026718	0.023988912453026718	0.08103582989172889	0.09499138048641338
ETH/USDT	2024-05-01 01:15:00+00:00	[0.50,0.75)	0.018170396910334435	0.018170396910334435	0.06570856903554306	0.06605090503001257
ETH/USDT	2024-05-02 01:15:00+00:00	[0.50,0.75)	0.01702136333985646	0.01702136333985646	0.04068139813002819	0.04194525983909531
ETH/USDT	2024-05-03 01:15:00+00:00	[0.10,0.25)	0.01106533802812225	0.013652126785898324	0.03335893522720847	0.05736486688677637
ETH/USDT	2024-05-04 01:15:00+00:00	[0.10,0.25)	0.011677404509894145	0.011677404509894145	0.024016336861481854	0.02736552129672244
ETH/USDT	2024-05-05 01:15:00+00:00	[0.25,0.50)	0.0075113511694212725	0.008048569736471752	0.032019521098773804	0.032019521098773804
ETH/USDT	2024-05-06 01:15:00+00:00	[0.25,0.50)	0.005317445470024758	0.011313443909987043	0.04317689622261613	0.055504998779238875
ETH/USDT	2024-05-07 01:15:00+00:00	[0.10,0.25)	0.006884648015056605	0.02452859014240626	0.03527163154455998	0.04397008201117536
ETH/USDT	2024-05-08 01:15:00+00:00	[0.50,0.75)	0.00452262801715155	0.012519877412977394	0.01975343742871406	0.03361225076782192
ETH/USDT	2024-05-09 01:15:00+00:00	[0.50,0.75)	0.0030127524265683285	0.009011536637340768	0.021439975417009042	0.036149689038524495
ETH/USDT	2024-05-10 01:15:00+00:00	[0.25,0.50)	0.006159709882618749	0.007385046272137016	0.012335933732751131	0.058082926539266805
ETH/USDT	2024-05-11 01:15:00+00:00	[0.25,0.50)	0.004757104044563701	0.00715957828546051	0.014107274063188744	0.02023477948840628
ETH/USDT	2024-05-12 01:15:00+00:00	[0.00,0.05)	0.0028085071361457457	0.007938576337212922	0.014594635374158973	0.01852791704101989
ETH/USDT	2024-05-13 01:15:00+00:00	[0.05,0.10)	0.010512285977922907	0.0209664741464748	0.04498820956221588	0.04498820956221588
ETH/USDT	2024-05-14 01:15:00+00:00	[0.05,0.10)	0.007584822243403859	0.010001554820958882	0.0264691368039641	0.03332724925131988
ETH/USDT	2024-05-15 01:15:00+00:00	[0.10,0.25)	0.004173614023897898	0.010999067523112607	0.031298638722402815	0.05541824534888167
ETH/USDT	2024-05-16 01:15:00+00:00	[0.10,0.25)	0.0033309028238102155	0.007291528569534668	0.02016770515709927	0.03481704891952795
ETH/USDT	2024-05-17 01:15:00+00:00	[0.10,0.25)	0.003582449061520891	0.006011574066198785	0.05078027985969599	0.06146638859876233
ETH/USDT	2024-05-18 01:15:00+00:00	[0.00,0.05)	0.00802652863151082	0.012122290520866968	0.018696214817211246	0.018696214817211246
ETH/USDT	2024-05-19 01:15:00+00:00	[0.00,0.05)	0.007159950470593425	0.00740695593037644	0.021377199792130427	0.02670866828770675
ETH/USDT	2024-05-20 01:15:00+00:00	[0.05,0.10)	0.014079407072977343	0.03011936179443933	0.03011936179443933	0.21964984162298112
ETH/USDT	2024-05-21 01:15:00+00:00	[0.75,1.00]	0.012686610068798903	0.019577459775999534	0.05454092485770677	0.05947977780637171
ETH/USDT	2024-05-22 01:15:00+00:00	[0.75,1.00]	0.005662137133103775	0.024751703529125747	0.042417148639686736	0.042417148639686736
ETH/USDT	2024-05-23 01:15:00+00:00	[0.25,0.50)	0.007979226817453604	0.012871268651742662	0.0603280733886254	0.12031223756928171
ETH/USDT	2024-05-24 01:15:00+00:00	[0.75,1.00]	0.007434114471182617	0.014681785237860113	0.05325725029673433	0.05325725029673433
ETH/USDT	2024-05-25 01:15:00+00:00	[0.10,0.25)	0.005773055317732813	0.017292327016342184	0.017292327016342184	0.017292327016342184
ETH/USDT	2024-05-26 01:15:00+00:00	[0.00,0.05)	0.006515723939764748	0.011110519874421264	0.02427233544404832	0.04071462778694188
ETH/USDT	2024-05-27 01:15:00+00:00	[0.25,0.50)	0.01996241940052965	0.024073934501641255	0.027909962497368546	0.03379655017373879
ETH/USDT	2024-05-28 01:15:00+00:00	[0.00,0.05)	0.0193842674750743	0.02276093166054091	0.02819295665455258	0.04048648690415787
ETH/USDT	2024-05-29 01:15:00+00:00	[0.10,0.25)	0.0069842905506503385	0.013895719649952794	0.02798660390173077	0.03798163370987091
ETH/USDT	2024-05-30 01:15:00+00:00	[0.25,0.50)	0.007316166710910525	0.010658348818688636	0.026299442527210025	0.03259092115741969
ETH/USDT	2024-05-31 01:15:00+00:00	[0.00,0.05)	0.007870387633237321	0.009316621299852453	0.033433832812192095	0.033609618119736444
ETH/USDT	2024-06-01 01:15:00+00:00	[0.50,0.75)	0.0039187990845516	0.007633162173499785	0.013362680076252072	0.021072837624719325
ETH/USDT	2024-06-02 01:15:00+00:00	[0.25,0.50)	0.006025337181623147	0.010442005803721626	0.01740595024860062	0.022195454533603474
ETH/USDT	2024-06-03 01:15:00+00:00	[0.10,0.25)	0.007987182561537657	0.010493223675368781	0.013439337203511093	0.03161933472645673
ETH/USDT	2024-06-04 01:15:00+00:00	[0.10,0.25)	0.004468339307048965	0.0064064781627505936	0.011573078454798923	0.02465684322315144
ETH/USDT	2024-06-05 01:15:00+00:00	[0.05,0.10)	0.010416422042526784	0.01415558356230153	0.016331759910865527	0.02873909628667076
ETH/USDT	2024-06-06 01:15:00+00:00	[0.10,0.25)	0.003132979590358424	0.0076060776182111465	0.015160413211808542	0.030683020595912873
ETH/USDT	2024-06-07 01:15:00+00:00	[0.10,0.25)	0.0030129667995246654	0.007272134526601357	0.01840381116638097	0.06346422824932428
ETH/USDT	2024-06-08 01:15:00+00:00	[0.05,0.10)	0.0017087108996770217	0.00409005720113165	0.010428560967076075	0.013403887724132714
ETH/USDT	2024-06-09 01:15:00+00:00	[0.00,0.05)	0.002893727452135374	0.004967655945035392	0.01252500794010578	0.014973546553451124
ETH/USDT	2024-06-10 01:15:00+00:00	[0.25,0.50)	0.00184188999582871	0.004818709268498795	0.014913891642695118	0.019212537853548154
ETH/USDT	2024-06-11 01:15:00+00:00	[0.00,0.05)	0.028180420129572645	0.03732576402067924	0.04552221713238657	0.06499083829592302
ETH/USDT	2024-06-12 01:15:00+00:00	[0.25,0.50)	0.012933526219366581	0.020224273154233006	0.05664061938274553	0.05664061938274553
ETH/USDT	2024-06-13 01:15:00+00:00	[0.25,0.50)	0.007442057062345855	0.020646706586826342	0.021663966185276537	0.03423177175061642
ETH/USDT	2024-06-14 01:15:00+00:00	[0.10,0.25)	0.00919604492257854	0.014152860111182554	0.020516027516088053	0.04909264345224884
ETH/USDT	2024-06-15 01:15:00+00:00	[0.75,1.00]	0.005068052604376067	0.015764084304829753	0.026913800034457022	0.03482742778383965
ETH/USDT	2024-06-16 01:15:00+00:00	[0.10,0.25)	0.004092884332506127	0.009190743007287406	0.014510369763185262	0.031648270208967225
ETH/USDT	2024-06-17 01:15:00+00:00	[0.50,0.75)	0.009786454682231202	0.011496036375021884	0.03446040115597657	0.05157561366224549
ETH/USDT	2024-06-18 01:15:00+00:00	[0.75,1.00]	0.028257461386598515	0.031221693183137837	0.031221693183137837	0.05594007664615022
ETH/USDT	2024-06-19 01:15:00+00:00	[0.75,1.00]	0.01147655148595013	0.023125789119074192	0.023125789119074192	0.024544080262256546
ETH/USDT	2024-06-20 01:15:00+00:00	[0.25,0.50)	0.01705753351086446	0.01705753351086446	0.026873027949963123	0.03915008839259741
ETH/USDT	2024-06-21 01:15:00+00:00	[0.25,0.50)	0.005199011335549357	0.012275916929458234	0.025395607829767856	0.028617290263927956
ETH/USDT	2024-06-22 01:15:00+00:00	[0.25,0.50)	0.00401740685816495	0.004297425259374177	0.010623555262202898	0.010623555262202898
ETH/USDT	2024-06-23 01:15:00+00:00	[0.05,0.10)	0.0012979344300642068	0.0048351623273818	0.009484905450468826	0.03282490436647954
ETH/USDT	2024-06-24 01:15:00+00:00	[0.10,0.25)	0.0035103704871880187	0.02184782164280678	0.055205102595104236	0.055205102595104236
ETH/USDT	2024-06-25 01:15:00+00:00	[0.75,1.00]	0.005349002188092077	0.017408951721289104	0.017408951721289104	0.02817280839077945
ETH/USDT	2024-06-26 01:15:00+00:00	[0.25,0.50)	0.007995088982814319	0.014668432909689581	0.017734881439468515	0.029883187109167264
ETH/USDT	2024-06-27 01:15:00+00:00	[0.25,0.50)	0.00507850209358647	0.007456366339155055	0.026695449780573068	0.03285479925850903
ETH/USDT	2024-06-28 01:15:00+00:00	[0.05,0.10)	0.008767009212299174	0.012343787047264241	0.019506017198605154	0.03541501610562049
ETH/USDT	2024-06-29 01:15:00+00:00	[0.25,0.50)	0.0030758977020713904	0.004945618836408243	0.007891756712121991	0.010752371065918002
ETH/USDT	2024-06-30 01:15:00+00:00	[0.00,0.05)	0.006359088974031433	0.008839458871387379	0.013995317156236739	0.044359893098718184
ETH/USDT	2024-07-01 01:15:00+00:00	[0.75,1.00]	0.008391176394882969	0.011411313502243678	0.019261953994388695	0.028931540698921458
ETH/USDT	2024-07-02 01:15:00+00:00	[0.50,0.75)	0.00359855245325512	0.005780900392648527	0.009437494014504484	0.01802758696743597
ETH/USDT	2024-07-03 01:15:00+00:00	[0.05,0.10)	0.012057995446057977	0.026369548293442412	0.04268588921863016	0.04985044573609377
ETH/USDT	2024-07-04 01:15:00+00:00	[0.50,0.75)	0.04135674177787505	0.04135674177787505	0.060803009309900624	0.0762992537494835
ETH/USDT	2024-07-05 01:15:00+00:00	[0.75,1.00]	0.017135898684851433	0.09468420198084102	0.09468420198084102	0.09468420198084102
ETH/USDT	2024-07-06 01:15:00+00:00	[0.50,0.75)	0.006784744075956802	0.010577207563409463	0.020613114930471483	0.04260469619946752
ETH/USDT	2024-07-07 01:15:00+00:00	[0.25,0.50)	0.010308939670692161	0.0186697591295549	0.03299977660678847	0.08222184259977126
ETH/USDT	2024-07-08 01:15:00+00:00	[0.75,1.00]	0.021063425563371138	0.03200601210146119	0.0943007947071031	0.0943007947071031
ETH/USDT	2024-07-09 01:15:00+00:00	[0.50,0.75)	0.011465181828048475	0.023749305215243505	0.033431891360330875	0.033431891360330875
ETH/USDT	2024-07-10 01:15:00+00:00	[0.50,0.75)	0.0065940686123643275	0.026530157877849212	0.026530157877849212	0.033608795583873044
ETH/USDT	2024-07-11 01:15:00+00:00	[0.10,0.25)	0.012340613864776535	0.024306486575544194	0.0524896057787669	0.0524896057787669
ETH/USDT	2024-07-12 01:15:00+00:00	[0.50,0.75)	0.015935579018806902	0.015935579018806902	0.020966836767987957	0.036644653554508536
ETH/USDT	2024-07-13 01:15:00+00:00	[0.25,0.50)	0.004554878632260598	0.007412841695639768	0.01838218876590862	0.028206436796274534
ETH/USDT	2024-07-14 01:15:00+00:00	[0.50,0.75)	0.006247563230244837	0.013529574524279579	0.019324370212926524	0.04286513815698455
ETH/USDT	2024-07-15 01:15:00+00:00	[0.75,1.00]	0.01140130648856811	0.02386596304782331	0.031988860722468614	0.07025422902549601
ETH/USDT	2024-07-16 01:15:00+00:00	[0.75,1.00]	0.007746239311804118	0.014823655579195011	0.04003424835244665	0.0491383137587278
ETH/USDT	2024-07-17 01:15:00+00:00	[0.75,1.00]	0.008485004578754604	0.014271405677655646	0.02199233058608056	0.0396462912087912
ETH/USDT	2024-07-18 01:15:00+00:00	[0.50,0.75)	0.013719708029197017	0.013719708029197017	0.027877372262773727	0.03584817518248181
ETH/USDT	2024-07-19 01:15:00+00:00	[0.50,0.75)	0.005343905717186786	0.009786889383205847	0.021569306436750577	0.047913206284738316
ETH/USDT	2024-07-20 01:15:00+00:00	[0.25,0.50)	0.00389286737324553	0.008072185620166095	0.008072185620166095	0.0170867946147236
ETH/USDT	2024-07-21 01:15:00+00:00	[0.05,0.10)	0.0030366158382141373	0.008278833620773111	0.013230765728076382	0.043093193085509074
ETH/USDT	2024-07-22 01:15:00+00:00	[0.50,0.75)	0.005281904314639694	0.009771664436403541	0.022745854681147842	0.0332870306192021
ETH/USDT	2024-07-23 01:15:00+00:00	[0.50,0.75)	0.006189151999815764	0.018078081190159457	0.033392634045517615	0.04375586530102308
ETH/USDT	2024-07-24 01:15:00+00:00	[0.25,0.50)	0.014032692052846593	0.014032692052846593	0.014032692052846593	0.08321953917687944
ETH/USDT	2024-07-25 01:15:00+00:00	[0.75,1.00]	0.020793991949510454	0.027949982606967086	0.027949982606967086	0.041140734482929854
ETH/USDT	2024-07-26 01:15:00+00:00	[0.50,0.75)	0.018900554344989398	0.02662616772473292	0.03169167979423518	0.03494920338455446
ETH/USDT	2024-07-27 01:15:00+00:00	[0.25,0.50)	0.0055818461189300695	0.006330181532676763	0.02331494186599275	0.04188838147931188
ETH/USDT	2024-07-28 01:15:00+00:00	[0.75,1.00]	0.004421200857184177	0.017909245475033128	0.02385849697618144	0.0333250320521689
ETH/USDT	2024-07-29 01:15:00+00:00	[0.50,0.75)	0.011186396369284748	0.02684431150466149	0.036298032349355976	0.042183049569718904
ETH/USDT	2024-07-30 01:15:00+00:00	[0.25,0.50)	0.013622274267400628	0.013622274267400628	0.024695069704795566	0.04005207190251859
ETH/USDT	2024-07-31 01:15:00+00:00	[0.05,0.10)	0.011643762487988674	0.012934124429937644	0.02181413297134061	0.04156307673535378
ETH/USDT	2024-08-01 01:15:00+00:00	[0.10,0.25)	0.014942960002232624	0.02745175864282332	0.02745175864282332	0.04495601454915301
ETH/USDT	2024-08-02 01:15:00+00:00	[0.75,1.00]	0.014259923816845432	0.015391013664447662	0.02182152725485446	0.08560365225446065
ETH/USDT	2024-08-03 01:15:00+00:00	[0.75,1.00]	0.014624571585481154	0.018407840451822557	0.030035629171850552	0.05390819131949976
ETH/USDT	2024-08-04 01:15:00+00:00	[0.25,0.50)	0.014849195941748982	0.02044309476154332	0.02044309476154332	0.28451238870867557
ETH/USDT	2024-08-05 01:15:00+00:00	[0.75,1.00]	0.07864307876357159	0.07864307876357159	0.10231131040240297	0.16672332697877168
ETH/USDT	2024-08-06 01:15:00+00:00	[0.75,1.00]	0.012715465278518738	0.020735259823161194	0.04782627599318575	0.0561425143972901
ETH/USDT	2024-08-07 01:15:00+00:00	[0.75,1.00]	0.03176023535180192	0.036091362261992284	0.042923102067500274	0.09899485167933325
ETH/USDT	2024-08-08 01:15:00+00:00	[0.75,1.00]	0.03630136986301364	0.03630136986301364	0.061694260021850446	0.14507101437095543
ETH/USDT	2024-08-09 01:15:00+00:00	[0.75,1.00]	0.0059996325225079965	0.022116145386095108	0.038172661924457195	0.058260181563879174
ETH/USDT	2024-08-10 01:15:00+00:00	[0.50,0.75)	0.008390403716079875	0.009997731284054772	0.020933711196305473	0.020933711196305473
ETH/USDT	2024-08-11 01:15:00+00:00	[0.25,0.50)	0.004280139314338564	0.018158166788102725	0.03932997890448267	0.0800904856546667
ETH/USDT	2024-08-12 01:15:00+00:00	[0.50,0.75)	0.007565372121250297	0.010527101394055402	0.07182389887697822	0.09177432722787635
ETH/USDT	2024-08-13 01:15:00+00:00	[0.50,0.75)	0.019330015751749512	0.035760529140736554	0.04686053246077748	0.04686053246077748
ETH/USDT	2024-08-14 01:15:00+00:00	[0.25,0.50)	0.009709421474127289	0.021568256862374444	0.03490944667415249	0.05477299594946661
ETH/USDT	2024-08-15 01:15:00+00:00	[0.10,0.25)	0.011180728708897384	0.012263343128416088	0.029720972165115662	0.06031331691179517
ETH/USDT	2024-08-16 01:15:00+00:00	[0.50,0.75)	0.00893212987926391	0.020298519126323532	0.027519243543156265	0.031621927870902136
ETH/USDT	2024-08-17 01:15:00+00:00	[0.10,0.25)	0.004094110779109994	0.007470023888714032	0.009881939056895089	0.01583107376312545
ETH/USDT	2024-08-18 01:15:00+00:00	[0.05,0.10)	0.0029376168152708652	0.016733308821276313	0.036243374084627744	0.036243374084627744
ETH/USDT	2024-08-19 01:15:00+00:00	[0.75,1.00]	0.007627238283470673	0.010885698260501188	0.031378893268265796	0.043275706158642006
ETH/USDT	2024-08-20 01:15:00+00:00	[0.50,0.75)	0.004832629674306455	0.018968636911942158	0.023514776839565783	0.05277442702050663
ETH/USDT	2024-08-21 01:15:00+00:00	[0.10,0.25)	0.01205840937910861	0.012875269369306256	0.016636715133692744	0.049602850452384835
ETH/USDT	2024-08-22 01:15:00+00:00	[0.00,0.05)	0.0061182092823279365	0.017372974865117956	0.023015577082588307	0.026158388567167134
ETH/USDT	2024-08-23 01:15:00+00:00	[0.25,0.50)	0.004046093583943102	0.01707633680502831	0.021657607870524984	0.06345838520632802
ETH/USDT	2024-08-24 01:15:00+00:00	[0.25,0.50)	0.006877754285859881	0.00799493447938304	0.017063380871109386	0.03229269393265616
ETH/USDT	2024-08-25 01:15:00+00:00	[0.50,0.75)	0.00798139360188372	0.00798139360188372	0.013647821910189446	0.021333073306030525
ETH/USDT	2024-08-26 01:15:00+00:00	[0.50,0.75)	0.013801711063863742	0.013801711063863742	0.016751445841708314	0.03247973644682132
ETH/USDT	2024-08-27 01:15:00+00:00	[0.05,0.10)	0.005922722222841515	0.010247721386823588	0.03439563338572385	0.11407742640255933
ETH/USDT	2024-08-28 01:15:00+00:00	[0.75,1.00]	0.014524905129197144	0.027654530338077396	0.054127805994352934	0.0558935142120989
ETH/USDT	2024-08-29 01:15:00+00:00	[0.25,0.50)	0.004859414172828536	0.009520484910031417	0.027577671289391	0.03551140871441718
ETH/USDT	2024-08-30 01:15:00+00:00	[0.10,0.25)	0.006505535655492256	0.010154982486621965	0.019187363393668166	0.04801005977952589
ETH/USDT	2024-08-31 01:15:00+00:00	[0.10,0.25)	0.0045677088688690776	0.0045677088688690776	0.007490251599686808	0.015221741503270473
ETH/USDT	2024-09-01 01:15:00+00:00	[0.10,0.25)	0.010921695238779769	0.015126647738390502	0.018109648229567208	0.04632236371840795
ETH/USDT	2024-09-02 01:15:00+00:00	[0.75,1.00]	0.008165241510610563	0.008378604605360367	0.044326182934235014	0.05470711812109173
ETH/USDT	2024-09-03 01:15:00+00:00	[0.10,0.25)	0.010254000718609135	0.015876525563930568	0.023437715928249683	0.09750579428034438
ETH/USDT	2024-09-04 01:15:00+00:00	[0.75,1.00]	0.01270046372844475	0.013125512715340489	0.026824841562990188	0.058826779786370416
ETH/USDT	2024-09-05 01:15:00+00:00	[0.10,0.25)	0.009313382288291561	0.026145041275216968	0.03634172948857817	0.048016021622677776
ETH/USDT	2024-09-06 01:15:00+00:00	[0.00,0.05)	0.013066202090592218	0.013554343617970355	0.03687151778350077	0.10868723594068228
ETH/USDT	2024-09-07 01:15:00+00:00	[0.75,1.00]	0.006879406208069471	0.024555845251504362	0.035222739287108534	0.040518042173946195
ETH/USDT	2024-09-08 01:15:00+00:00	[0.10,0.25)	0.006263809151486562	0.013498376944262648	0.01882656803876012	0.04069279661947573
ETH/USDT	2024-09-09 01:15:00+00:00	[0.75,1.00]	0.008578420737475152	0.011442233426768792	0.02425562565629045	0.047127075179422065
ETH/USDT	2024-09-10 01:15:00+00:00	[0.50,0.75)	0.004051936518238085	0.008526572420359507	0.01878663928371668	0.033982468649795754
ETH/USDT	2024-09-11 01:15:00+00:00	[0.25,0.50)	0.01203144149093513	0.021261040442885494	0.026420994802011568	0.03857921649833071
ETH/USDT	2024-09-12 01:15:00+00:00	[0.25,0.50)	0.013934447071986022	0.013934447071986022	0.023190174689144777	0.03243742636526219
ETH/USDT	2024-09-13 01:15:00+00:00	[0.25,0.50)	0.004689376546327105	0.0077448979158798	0.016495571615903943	0.05409545958012055
ETH/USDT	2024-09-14 01:15:00+00:00	[0.50,0.75)	0.0038576534116377976	0.006173067986000486	0.010997191068997618	0.023853294016524574
ETH/USDT	2024-09-15 01:15:00+00:00	[0.05,0.10)	0.0038502285815577124	0.006117493806243697	0.011208534810765823	0.06311654155484932
ETH/USDT	2024-09-16 01:15:00+00:00	[0.75,1.00]	0.015442112791529234	0.018869817014670217	0.03633104819718455	0.03633104819718455
ETH/USDT	2024-09-17 01:15:00+00:00	[0.50,0.75)	0.006128351992815068	0.010715810883988425	0.02570649948710267	0.05442874690170428
ETH/USDT	2024-09-18 01:15:00+00:00	[0.50,0.75)	0.004650583042134697	0.013169488392884145	0.028341908114450785	0.056761182675073796
ETH/USDT	2024-09-19 01:15:00+00:00	[0.75,1.00]	0.009288328520582948	0.02047797327244643	0.03315761198039084	0.05076472365858565
ETH/USDT	2024-09-20 01:15:00+00:00	[0.50,0.75)	0.0054801798120146525	0.04605639558643229	0.051834899877400774	0.05815692684920308
ETH/USDT	2024-09-21 01:15:00+00:00	[0.50,0.75)	0.010480509689490948	0.012511767624092361	0.014308649643162712	0.04046890808167234
ETH/USDT	2024-09-22 01:15:00+00:00	[0.75,1.00]	0.00892648484221583	0.012255718888518464	0.017266809950157155	0.03451829546281713
ETH/USDT	2024-09-23 01:15:00+00:00	[0.75,1.00]	0.008337202030394538	0.031449629564263136	0.031449629564263136	0.03742724611435748
ETH/USDT	2024-09-24 01:15:00+00:00	[0.50,0.75)	0.0093705617387133	0.009484790447433796	0.02221748384615674	0.03023253157471894
ETH/USDT	2024-09-25 01:15:00+00:00	[0.25,0.50)	0.012639077007821135	0.019460405733236215	0.023757691915895354	0.045066798465200966
ETH/USDT	2024-09-26 01:15:00+00:00	[0.10,0.25)	0.01392292486280964	0.018125046118474993	0.03089840731060354	0.04112408685419566
ETH/USDT	2024-09-27 01:15:00+00:00	[0.05,0.10)	0.00809641298159058	0.013774909850066413	0.023685708863161924	0.043040425128107754
ETH/USDT	2024-09-28 01:15:00+00:00	[0.05,0.10)	0.0038914691872801196	0.0062137377394607595	0.020162187829235324	0.020162187829235324
ETH/USDT	2024-09-29 01:15:00+00:00	[0.05,0.10)	0.006775230148088663	0.006775230148088663	0.020213331735342732	0.02186875004681608
ETH/USDT	2024-09-30 01:15:00+00:00	[0.25,0.50)	0.018444157081603563	0.018444157081603563	0.021733705392590584	0.028320364194590053
ETH/USDT	2024-10-01 01:15:00+00:00	[0.50,0.75)	0.0075383771929825255	0.014867355019493248	0.019500791910331307	0.09327789961013645
ETH/USDT	2024-10-02 01:15:00+00:00	[0.50,0.75)	0.00812390674676101	0.0115617210886277	0.03190986543643266	0.059384102027542914
ETH/USDT	2024-10-03 01:15:00+00:00	[0.50,0.75)	0.006409291591410766	0.010611077664057842	0.035395344170178734	0.03904107298147037
ETH/USDT	2024-10-04 01:15:00+00:00	[0.25,0.50)	0.007149391079279849	0.008451962920964739	0.016288471185340322	0.03753430316621911
ETH/USDT	2024-10-05 01:15:00+00:00	[0.10,0.25)	0.0025494683779006843	0.012374854626498594	0.01571068500407649	0.01579759869877767
ETH/USDT	2024-10-06 01:15:00+00:00	[0.25,0.50)	0.0028969216591386176	0.005227683165207223	0.011257082167608299	0.03557717341444169
ETH/USDT	2024-10-07 01:15:00+00:00	[0.75,1.00]	0.00964374402288782	0.011066196266263758	0.030144736524876835	0.04741507477919845
ETH/USDT	2024-10-08 01:15:00+00:00	[0.50,0.75)	0.0065817890125259675	0.011896583640140717	0.015463090561303069	0.02693597153376253
ETH/USDT	2024-10-09 01:15:00+00:00	[0.25,0.50)	0.00788954635108485	0.013871774537912577	0.02052908761869905	0.04969194168242545
ETH/USDT	2024-10-10 01:15:00+00:00	[0.75,1.00]	0.007030643706608958	0.007030643706608958	0.01796673448413278	0.03804769595402407
ETH/USDT	2024-10-11 01:15:00+00:00	[0.50,0.75)	0.013903505645678762	0.014549205244422568	0.01935840939870276	0.03740445532723134
ETH/USDT	2024-10-12 01:15:00+00:00	[0.25,0.50)	0.0036680965564057787	0.007123549834179166	0.013560098306623556	0.022965474092279132
ETH/USDT	2024-10-13 01:15:00+00:00	[0.25,0.50)	0.003502882580456967	0.008039602033617914	0.008039602033617914	0.019541544025233656
ETH/USDT	2024-10-14 01:15:00+00:00	[0.25,0.50)	0.00838731951016433	0.04266363396356693	0.0493816128835726	0.08554253569180159
ETH/USDT	2024-10-15 01:15:00+00:00	[0.25,0.50)	0.0046114861008592686	0.013103925850956183	0.020709834032158588	0.05754464999124875
ETH/USDT	2024-10-16 01:15:00+00:00	[0.75,1.00]	0.007513122234038918	0.010425362409993066	0.018685603851475746	0.021426311556333184
ETH/USDT	2024-10-17 01:15:00+00:00	[0.05,0.10)	0.012741140209831484	0.014643144953385489	0.020211664865236498	0.027869334565689744
ETH/USDT	2024-10-18 01:15:00+00:00	[0.10,0.25)	0.013844938218824071	0.01637573337710361	0.01637573337710361	0.025506445320700878
ETH/USDT	2024-10-19 01:15:00+00:00	[0.00,0.05)	0.0029659090909092355	0.010708333333333327	0.012299242424242348	0.012299242424242348
ETH/USDT	2024-10-20 01:15:00+00:00	[0.05,0.10)	0.002315130055835448	0.004251970886861348	0.007467429297743972	0.050668058771013984
ETH/USDT	2024-10-21 01:15:00+00:00	[0.75,1.00]	0.006866085895097866	0.011054761576075446	0.030134488095151533	0.05167365384755118
ETH/USDT	2024-10-22 01:15:00+00:00	[0.75,1.00]	0.008112869445557594	0.008868961658563893	0.017461949659380478	0.01997217580656134
ETH/USDT	2024-10-23 01:15:00+00:00	[0.50,0.75)	0.004168335144823842	0.009248136071544344	0.02617317849856021	0.06690311385694939
ETH/USDT	2024-10-24 01:15:00+00:00	[0.75,1.00]	0.006058748644443426	0.008648058214280187	0.021158470460653462	0.02174391374730859
ETH/USDT	2024-10-25 01:15:00+00:00	[0.25,0.50)	0.0068337850938804505	0.018281463308469942	0.03618305205468613	0.0727064084047246
ETH/USDT	2024-10-26 01:15:00+00:00	[0.75,1.00]	0.0057790474789213234	0.014909452053114931	0.01920082394340294	0.030767092942941183
ETH/USDT	2024-10-27 01:15:00+00:00	[0.25,0.50)	0.0036302482960471603	0.00700177065562776	0.016109732137803867	0.02581599734805902
ETH/USDT	2024-10-28 01:15:00+00:00	[0.50,0.75)	0.004071289601998444	0.011016901656538475	0.029251635321339526	0.049932345335030714
ETH/USDT	2024-10-29 01:15:00+00:00	[0.75,1.00]	0.01821691631591966	0.02025563258232223	0.023017764298093588	0.03967566229264667
ETH/USDT	2024-10-30 01:15:00+00:00	[0.50,0.75)	0.009847635304518897	0.01489584011083855	0.032149295203248614	0.04202372158710361
ETH/USDT	2024-10-31 01:15:00+00:00	[0.25,0.50)	0.011782734931658595	0.011782734931658595	0.018325777408849997	0.062350462182191056
ETH/USDT	2024-11-01 01:15:00+00:00	[0.10,0.25)	0.02280069533190979	0.02280069533190979	0.029952453902510577	0.047280188596874224
ETH/USDT	2024-11-02 01:15:00+00:00	[0.25,0.50)	0.004532911321939941	0.009487303872060435	0.01671610455915448	0.021252992119096207
ETH/USDT	2024-11-03 01:15:00+00:00	[0.10,0.25)	0.012294537505585667	0.02588938136817991	0.02588938136817991	0.030031843415739706
ETH/USDT	2024-11-04 01:15:00+00:00	[0.50,0.75)	0.008451733376633987	0.014183648615734373	0.017881789396768582	0.05431517414954929
ETH/USDT	2024-11-05 01:15:00+00:00	[0.75,1.00]	0.014702675501132434	0.02243562861695882	0.028281472783695402	0.05436970561100398
ETH/USDT	2024-11-06 01:15:00+00:00	[0.75,1.00]	0.029620494964515857	0.06753472851909613	0.07156472783399624	0.14571671522815838
ETH/USDT	2024-11-07 01:15:00+00:00	[0.75,1.00]	0.012118589049989128	0.02730230132573676	0.035507891628027484	0.06348068865939885
ETH/USDT	2024-11-08 01:15:00+00:00	[0.75,1.00]	0.010534737965062145	0.014326696550993154	0.019130755895657818	0.03713315621570052
ETH/USDT	2024-11-09 01:15:00+00:00	[0.75,1.00]	0.011224869882113638	0.013929576944888998	0.0352551518629257	0.06835257836435694
ETH/USDT	2024-11-10 01:15:00+00:00	[0.75,1.00]	0.01329429478597818	0.03415872893571805	0.040656592409956074	0.05763322385845958
ETH/USDT	2024-11-11 01:15:00+00:00	[0.75,1.00]	0.009317158579289702	0.02956790895447729	0.036518259129564835	0.08835980490245127
ETH/USDT	2024-11-12 01:15:00+00:00	[0.75,1.00]	0.012634068732721538	0.021124332302927325	0.07102845009588218	0.07102845009588218
ETH/USDT	2024-11-13 01:15:00+00:00	[0.50,0.75)	0.02173919685660077	0.04140683004928366	0.05158437955446102	0.06548035528233456
ETH/USDT	2024-11-14 01:15:00+00:00	[0.50,0.75)	0.020421430667806988	0.024224216010830905	0.026950860439355857	0.06685328191420542
ETH/USDT	2024-11-15 01:15:00+00:00	[0.75,1.00]	0.010136576337706447	0.024808195892865315	0.03815408646115679	0.03824925017556063
ETH/USDT	2024-11-16 01:15:00+00:00	[0.25,0.50)	0.00574531261070359	0.023296856180397712	0.04099976168546344	0.04099976168546344
ETH/USDT	2024-11-17 01:15:00+00:00	[0.25,0.50)	0.03269111249223125	0.03269111249223125	0.0405156889930042	0.0405156889930042
ETH/USDT	2024-11-18 01:15:00+00:00	[0.50,0.75)	0.006466784244562058	0.009486544398505605	0.03202873269661363	0.05619645146056799
ETH/USDT	2024-11-19 01:15:00+00:00	[0.50,0.75)	0.006803927779537542	0.015264491605955038	0.02282229965156786	0.030972442191954306
ETH/USDT	2024-11-20 01:15:00+00:00	[0.25,0.50)	0.009317620383462058	0.013981261695336781	0.020461404181173513	0.04180207222846688
ETH/USDT	2024-11-21 01:15:00+00:00	[0.10,0.25)	0.019432128129887958	0.035887873421321284	0.10805142258819268	0.11444692925192927
ETH/USDT	2024-11-22 01:15:00+00:00	[0.50,0.75)	0.009825353809093542	0.03457693465823545	0.05070159590484797	0.05070159590484797
ETH/USDT	2024-11-23 01:15:00+00:00	[0.50,0.75)	0.00785084298314036	0.014696706065878752	0.034583308333833385	0.05543589128217448
ETH/USDT	2024-11-24 01:15:00+00:00	[0.10,0.25)	0.009595132225602675	0.014717411654575224	0.049321319915750034	0.049321319915750034
ETH/USDT	2024-11-25 01:15:00+00:00	[0.25,0.50)	0.01239612104837838	0.02472288895053606	0.06573472120035219	0.07166290752511785
ETH/USDT	2024-11-26 01:15:00+00:00	[0.75,1.00]	0.00704100880560723	0.015209158527009305	0.05284813152488544	0.06099020343589633
ETH/USDT	2024-11-27 01:15:00+00:00	[0.10,0.25)	0.009192728758906532	0.03532844697277053	0.05394530040899986	0.11011741089003294
ETH/USDT	2024-11-28 01:15:00+00:00	[0.25,0.50)	0.008024660749409131	0.021867407150295066	0.021867407150295066	0.031506366285956676
ETH/USDT	2024-11-29 01:15:00+00:00	[0.10,0.25)	0.011388109927089211	0.013698822209758809	0.023194054963544472	0.031884464385866465
ETH/USDT	2024-11-30 01:15:00+00:00	[0.00,0.05)	0.009822328944949332	0.022463772153168124	0.03864025093459767	0.04205828769451053
ETH/USDT	2024-12-01 01:15:00+00:00	[0.25,0.50)	0.011770633826282314	0.019813674523689	0.019813674523689	0.023730898116969587
ETH/USDT	2024-12-02 01:15:00+00:00	[0.10,0.25)	0.009496678705967031	0.029451216736858736	0.0509827335548422	0.05506842053124636
ETH/USDT	2024-12-03 01:15:00+00:00	[0.25,0.50)	0.008510415691543509	0.013865562414303796	0.02340295482954389	0.057150015693746226
ETH/USDT	2024-12-04 01:15:00+00:00	[0.75,1.00]	0.019125112823529078	0.019125112823529078	0.03323042562591646	0.07003867848072436
ETH/USDT	2024-12-05 01:15:00+00:00	[0.75,1.00]	0.010541759352348034	0.03125057722399453	0.041351667286770165	0.07362079747947721
ETH/USDT	2024-12-06 01:15:00+00:00	[0.75,1.00]	0.009910541329698703	0.016583087423285087	0.025112566887102047	0.06616424291171288
ETH/USDT	2024-12-07 01:15:00+00:00	[0.25,0.50)	0.006202573905011016	0.008323648348448566	0.010291603808395439	0.01405933486117636
ETH/USDT	2024-12-08 01:15:00+00:00	[0.00,0.05)	0.004262190991153187	0.009114339210407255	0.019931054998512613	0.023018331170990086
ETH/USDT	2024-12-09 01:15:00+00:00	[0.10,0.25)	0.009193728410863222	0.017770174426368336	0.03460560693976581	0.11720554999861427
ETH/USDT	2024-12-10 01:15:00+00:00	[0.75,1.00]	0.012336938150284377	0.03887133651494139	0.04212924639540479	0.06853854527935778
ETH/USDT	2024-12-11 01:15:00+00:00	[0.50,0.75)	0.013061750532332146	0.03338563263476405	0.04904740558108258	0.08021405356942725
ETH/USDT	2024-12-12 01:15:00+00:00	[0.00,0.05)	0.006431465756436624	0.03952851623441207	0.04774519145193536	0.04989424858910856
ETH/USDT	2024-12-13 01:15:00+00:00	[0.10,0.25)	0.009627837583016483	0.02102997399421865	0.02102997399421865	0.028096086699752325
ETH/USDT	2024-12-14 01:15:00+00:00	[0.10,0.25)	0.009647469919904866	0.009647469919904866	0.023947260159174297	0.02934872594481203
ETH/USDT	2024-12-15 01:15:00+00:00	[0.10,0.25)	0.005511752128485556	0.010033091146377406	0.02063360647069899	0.04995396126556221
ETH/USDT	2024-12-16 01:15:00+00:00	[0.75,1.00]	0.013761387723104588	0.02183546753016546	0.03304031297669905	0.055874429833650034
ETH/USDT	2024-12-17 01:15:00+00:00	[0.75,1.00]	0.009467348690584305	0.01652017207885111	0.01652017207885111	0.04865695167435537
ETH/USDT	2024-12-18 01:15:00+00:00	[0.75,1.00]	0.01445025692778221	0.01966604537169569	0.022515935701119368	0.07459916176667455
ETH/USDT	2024-12-19 01:15:00+00:00	[0.75,1.00]	0.027131388527534325	0.036958094174658514	0.04889425496629552	0.10814051666524564
ETH/USDT	2024-12-20 01:15:00+00:00	[0.50,0.75)	0.018496591421989617	0.027881171636410563	0.10659499762601182	0.11604405653022587
ETH/USDT	2024-12-21 01:15:00+00:00	[0.50,0.75)	0.006862234099227366	0.011507128602816896	0.05728223277458284	0.07546729712062607
ETH/USDT	2024-12-22 01:15:00+00:00	[0.50,0.75)	0.009410191650572003	0.021491606002079906	0.032069529044718416	0.05527559055118116
ETH/USDT	2024-12-23 01:15:00+00:00	[0.50,0.75)	0.02078714395097183	0.04093468347268301	0.04093468347268301	0.07287492965888781
ETH/USDT	2024-12-24 01:15:00+00:00	[0.50,0.75)	0.014908162666510166	0.01945601783932866	0.022528020656064712	0.05324218062320288
ETH/USDT	2024-12-25 01:15:00+00:00	[0.25,0.50)	0.006889033349249489	0.010987936281475208	0.025959718570762885	0.030783480126792724
ETH/USDT	2024-12-26 01:15:00+00:00	[0.25,0.50)	0.007287458718317102	0.015677681833756056	0.040494199689613534	0.0508509713252463
ETH/USDT	2024-12-27 01:15:00+00:00	[0.25,0.50)	0.011516417910447874	0.012674626865671652	0.0378835820895522	0.041062686567164164
ETH/USDT	2024-12-28 01:15:00+00:00	[0.10,0.25)	0.006373444182805456	0.009268825988754904	0.014017372290835719	0.03197234369743855
ETH/USDT	2024-12-29 01:15:00+00:00	[0.05,0.10)	0.0038670719854416546	0.005134431711762844	0.011273297705458601	0.030930667446580292
ETH/USDT	2024-12-30 01:15:00+00:00	[0.50,0.75)	0.009650173907212664	0.01428284047475364	0.021037962209802454	0.03865608937635391
ETH/USDT	2024-12-31 01:15:00+00:00	[0.50,0.75)	0.006285755492524283	0.008566294889668695	0.03260059612518629	0.03769950963895961
ADA/USDT	2023-01-01 00:00:00+00:00	[0.75,1.00]	0.004897959183673383	0.008571428571428534	0.011428571428571416	0.029387755102040752
ADA/USDT	2023-01-02 00:00:00+00:00	[0.10,0.25)	0.013221153846153836	0.014823717948717985	0.03806089743589736	0.03966346153846151
ADA/USDT	2023-01-03 00:00:00+00:00	[0.25,0.50)	0.0035460992907801886	0.009850275807722624	0.012608353033884872	0.02088258471237205
ADA/USDT	2023-01-04 00:00:00+00:00	[0.50,0.75)	0.009897070467141736	0.05502771179730787	0.06294536817102125	0.07521773555027697
ADA/USDT	2023-01-05 00:00:00+00:00	[0.75,1.00]	0.015309932785660915	0.015309932785660915	0.029873039581777474	0.029873039581777474
ADA/USDT	2023-01-06 00:00:00+00:00	[0.10,0.25)	0.030066815144766137	0.030066815144766137	0.033036377134372547	0.04714179658500368
ADA/USDT	2023-01-07 00:00:00+00:00	[0.75,1.00]	0.013309352517985741	0.015827338129496455	0.02589928057553971	0.029856115107913774
ADA/USDT	2023-01-08 00:00:00+00:00	[0.10,0.25)	0.01366906474820153	0.01366906474820153	0.049640287769784096	0.09352517985611518
ADA/USDT	2023-01-09 00:00:00+00:00	[0.75,1.00]	0.07653575025176249	0.16750587445451495	0.16750587445451495	0.16750587445451495
ADA/USDT	2023-01-10 00:00:00+00:00	[0.75,1.00]	0.013827781269641782	0.049025769956002524	0.049025769956002524	0.05971087366436192
ADA/USDT	2023-01-11 00:00:00+00:00	[0.25,0.50)	0.008097165991902806	0.03363438181251939	0.034880099657427555	0.054500155714730665
ADA/USDT	2023-01-12 00:00:00+00:00	[0.75,1.00]	0.026062674526838237	0.026062674526838237	0.02978591374495828	0.061123177164132785
ADA/USDT	2023-01-13 00:00:00+00:00	[0.25,0.50)	0.01884498480243156	0.021276595744680868	0.03495440729483286	0.08267477203647416
ADA/USDT	2023-01-14 00:00:00+00:00	[0.75,1.00]	0.04741379310344816	0.04885057471264356	0.10833333333333321	0.10833333333333321
ADA/USDT	2023-01-15 00:00:00+00:00	[0.50,0.75)	0.03156098947967017	0.03156098947967017	0.040375319874893345	0.042934319021893666
ADA/USDT	2023-01-16 00:00:00+00:00	[0.25,0.50)	0.020170454545454533	0.03778409090909085	0.05227272727272719	0.07499999999999994
ADA/USDT	2023-01-17 00:00:00+00:00	[0.50,0.75)	0.02901023890784979	0.02901023890784979	0.031001137656427657	0.04152445961319666
ADA/USDT	2023-01-18 00:00:00+00:00	[0.75,1.00]	0.01160092807424595	0.024071925754060412	0.025522041763341153	0.09222737819025521
ADA/USDT	2023-01-19 00:00:00+00:00	[0.75,1.00]	0.01914893617021285	0.01914893617021285	0.032826747720364834	0.0480243161094226
ADA/USDT	2023-01-20 00:00:00+00:00	[0.50,0.75)	0.006828978622327863	0.016033254156769643	0.022565320665083124	0.10302850356294539
ADA/USDT	2023-01-21 00:00:00+00:00	[0.75,1.00]	0.015384615384615368	0.026373626373626367	0.04697802197802199	0.06538461538461535
ADA/USDT	2023-01-22 00:00:00+00:00	[0.75,1.00]	0.01851354977193443	0.035685537966192594	0.06359001878186209	0.06519989267507376
ADA/USDT	2023-01-23 00:00:00+00:00	[0.75,1.00]	0.02123705866737459	0.03955402176798505	0.03955402176798505	0.03955402176798505
ADA/USDT	2023-01-24 00:00:00+00:00	[0.25,0.50)	0.01120597652081105	0.014941302027748115	0.024279615795090706	0.08164354322305234
ADA/USDT	2023-01-25 00:00:00+00:00	[0.75,1.00]	0.017514124293785422	0.02316384180790972	0.039830508474576275	0.0926553672316384
ADA/USDT	2023-01-26 00:00:00+00:00	[0.75,1.00]	0.04083266613290627	0.04083266613290627	0.048305310915399004	0.048305310915399004
ADA/USDT	2023-01-27 00:00:00+00:00	[0.10,0.25)	0.01942257217847759	0.0351706036745406	0.0351706036745406	0.0711286089238844
ADA/USDT	2023-01-28 00:00:00+00:00	[0.50,0.75)	0.018116866547588657	0.029089053329931155	0.03623373309517745	0.05103342689461601
ADA/USDT	2023-01-29 00:00:00+00:00	[0.25,0.50)	0.023495248152059035	0.035638859556494075	0.038014783526927054	0.05887011615628296
ADA/USDT	2023-01-30 00:00:00+00:00	[0.10,0.25)	0.007810531620055409	0.02015621063240113	0.06021667926429826	0.08087679516250935
ADA/USDT	2023-01-31 00:00:00+00:00	[0.10,0.25)	0.012129380053908366	0.015094339622641492	0.01967654986522919	0.08544474393530999
ADA/USDT	2023-02-01 00:00:00+00:00	[0.50,0.75)	0.010496671786994349	0.015104966717869985	0.03405017921146962	0.07885304659498206
ADA/USDT	2023-02-02 00:00:00+00:00	[0.75,1.00]	0.023570712136409277	0.031845536609829465	0.031845536609829465	0.0539117352056169
ADA/USDT	2023-02-03 00:00:00+00:00	[0.75,1.00]	0.013200498132004908	0.01544209215442088	0.020423412204234083	0.03138231631382316
ADA/USDT	2023-02-04 00:00:00+00:00	[0.05,0.10)	0.0057157057654076155	0.010934393638171011	0.01540755467196815	0.019880715705765425
ADA/USDT	2023-02-05 00:00:00+00:00	[0.25,0.50)	0.012781954887218028	0.012781954887218028	0.019799498746867074	0.0496240601503759
ADA/USDT	2023-02-06 00:00:00+00:00	[0.50,0.75)	0.02228976697061797	0.0314083080040526	0.04407294832826741	0.06028368794326238
ADA/USDT	2023-02-07 00:00:00+00:00	[0.75,1.00]	0.005738132498695826	0.014606155451225858	0.02660406885758995	0.051643192488262865
ADA/USDT	2023-02-08 00:00:00+00:00	[0.50,0.75)	0.009987515605493142	0.014731585518102412	0.01897627965043708	0.04544319600499388
ADA/USDT	2023-02-09 00:00:00+00:00	[0.10,0.25)	0.008894536213468876	0.04650571791613718	0.04650571791613718	0.10520965692503174
ADA/USDT	2023-02-10 00:00:00+00:00	[0.75,1.00]	0.010209713024282509	0.018487858719646907	0.032560706401766094	0.033664459161147874
ADA/USDT	2023-02-11 00:00:00+00:00	[0.75,1.00]	0.0067151650811416155	0.0139899272523783	0.0139899272523783	0.03693340794627865
ADA/USDT	2023-02-12 00:00:00+00:00	[0.75,1.00]	0.007588075880758874	0.01056910569105695	0.01571815718157174	0.038482384823848366
ADA/USDT	2023-02-13 00:00:00+00:00	[0.75,1.00]	0.012665198237885596	0.02533039647577104	0.05286343612334815	0.05699339207048472
ADA/USDT	2023-02-14 00:00:00+00:00	[0.50,0.75)	0.008098296565205288	0.011728567439262726	0.02206087685004194	0.10779111979893892
ADA/USDT	2023-02-15 00:00:00+00:00	[0.25,0.50)	0.0072482526533782675	0.01915609629821387	0.026404348951591994	0.0986280093191819
ADA/USDT	2023-02-16 00:00:00+00:00	[0.75,1.00]	0.027817745803357313	0.030695443645084013	0.046522781774580406	0.08609112709832131
ADA/USDT	2023-02-17 00:00:00+00:00	[0.75,1.00]	0.012339331619537344	0.02570694087403601	0.02570694087403601	0.05449871465295629
ADA/USDT	2023-02-18 00:00:00+00:00	[0.50,0.75)	0.00570436507936514	0.010416666666666621	0.022569444444444437	0.05158730158730155
ADA/USDT	2023-02-19 00:00:00+00:00	[0.10,0.25)	0.005683222139856606	0.01482579688658253	0.017543859649122796	0.03805287867556221
ADA/USDT	2023-02-20 00:00:00+00:00	[0.25,0.50)	0.030408773678963084	0.032153539381854494	0.051096709870388876	0.051096709870388876
ADA/USDT	2023-02-21 00:00:00+00:00	[0.10,0.25)	0.007192460317460352	0.012896825396825492	0.03249007936507937	0.050595238095238027
ADA/USDT	2023-02-22 00:00:00+00:00	[0.50,0.75)	0.010191082802547779	0.031337579617834475	0.0369426751592357	0.040764331210191115
ADA/USDT	2023-02-23 00:00:00+00:00	[0.50,0.75)	0.005398457583547534	0.017994858611825065	0.03496143958868895	0.03984575835475568
ADA/USDT	2023-02-24 00:00:00+00:00	[0.25,0.50)	0.010435690060005227	0.014088181581006942	0.018001565353508903	0.07096269240803549
ADA/USDT	2023-02-25 00:00:00+00:00	[0.50,0.75)	0.006541291905151303	0.01253747615154006	0.017988552739166122	0.044971381847915
ADA/USDT	2023-02-26 00:00:00+00:00	[0.75,1.00]	0.004173622704507517	0.012799109627156352	0.01919866444073445	0.03533667223149691
ADA/USDT	2023-02-27 00:00:00+00:00	[0.25,0.50)	0.0043668122270743605	0.008460698689956461	0.02510917030567697	0.034388646288209604
ADA/USDT	2023-02-28 00:00:00+00:00	[0.50,0.75)	0.005766062602965378	0.01537616694124106	0.02471169686985175	0.05354200988467879
ADA/USDT	2023-03-01 00:00:00+00:00	[0.50,0.75)	0.01192165767811519	0.026114107294919062	0.04172580187340332	0.04286119784274767
ADA/USDT	2023-03-02 00:00:00+00:00	[0.10,0.25)	0.010857461024498926	0.02199331848552328	0.03591314031180391	0.04732739420935416
ADA/USDT	2023-03-03 00:00:00+00:00	[0.00,0.05)	0.00915070060051467	0.08378610237346294	0.08378610237346294	0.08378610237346294
ADA/USDT	2023-03-04 00:00:00+00:00	[0.50,0.75)	0.005827505827505832	0.012237762237762184	0.01660839160839156	0.04224941724941728
ADA/USDT	2023-03-05 00:00:00+00:00	[0.50,0.75)	0.009809750297265236	0.02437574316290143	0.02437574316290143	0.024970273483947737
ADA/USDT	2023-03-06 00:00:00+00:00	[0.25,0.50)	0.011296076099881171	0.02467300832342442	0.028537455410225916	0.028537455410225916
ADA/USDT	2023-03-07 00:00:00+00:00	[0.05,0.10)	0.01635867918812469	0.020902756740381587	0.027567403817025136	0.0421084519842471
ADA/USDT	2023-03-08 00:00:00+00:00	[0.50,0.75)	0.006636500754147751	0.018099547511312233	0.03469079939668178	0.05882352941176459
ADA/USDT	2023-03-09 00:00:00+00:00	[0.75,1.00]	0.009159823120657024	0.01610865445356915	0.022109917877447902	0.06664560960202133
ADA/USDT	2023-03-10 00:00:00+00:00	[0.75,1.00]	0.015604681404421413	0.020806241872561825	0.0403120936280885	0.06697009102730822
ADA/USDT	2023-03-11 00:00:00+00:00	[0.75,1.00]	0.013307984790874467	0.026932826362484005	0.055449936628643726	0.06812420785804806
ADA/USDT	2023-03-12 00:00:00+00:00	[0.25,0.50)	0.011235955056179824	0.014540647719762113	0.022802379378717656	0.10079312623925966
ADA/USDT	2023-03-13 00:00:00+00:00	[0.75,1.00]	0.03725015142337987	0.03725015142337987	0.03906723198061788	0.07359176256814048
ADA/USDT	2023-03-14 00:00:00+00:00	[0.50,0.75)	0.010471204188481652	0.010762070971495001	0.030541012216404914	0.0913321698662014
ADA/USDT	2023-03-15 00:00:00+00:00	[0.75,1.00]	0.015204678362573047	0.01929824561403507	0.04181286549707596	0.08976608187134504
ADA/USDT	2023-03-16 00:00:00+00:00	[0.50,0.75)	0.015765069551777415	0.029675425038639867	0.036785162287480744	0.036785162287480744
ADA/USDT	2023-03-17 00:00:00+00:00	[0.50,0.75)	0.010802469135802479	0.03302469135802465	0.07870370370370378	0.08981481481481486
ADA/USDT	2023-03-18 00:00:00+00:00	[0.75,1.00]	0.0333716915995397	0.03682393555811287	0.03682393555811287	0.06386651323360183
ADA/USDT	2023-03-19 00:00:00+00:00	[0.75,1.00]	0.011754334410813999	0.01557449309432845	0.02556567734352038	0.04554804584190408
ADA/USDT	2023-03-20 00:00:00+00:00	[0.50,0.75)	0.013611352447147517	0.03272516652186514	0.03330437300897773	0.0443092962641181
ADA/USDT	2023-03-21 00:00:00+00:00	[0.25,0.50)	0.016216216216216262	0.022222222222222275	0.044144144144144117	0.17387387387387387
ADA/USDT	2023-03-22 00:00:00+00:00	[0.75,1.00]	0.03387096774193549	0.03387096774193549	0.05806451612903213	0.1018817204301075
ADA/USDT	2023-03-23 00:00:00+00:00	[0.75,1.00]	0.01780745687256528	0.0253199777406789	0.059543683917640595	0.08848080133555926
ADA/USDT	2023-03-24 00:00:00+00:00	[0.25,0.50)	0.012362268207471092	0.02015587207739842	0.034399355012093465	0.045686643375436604
ADA/USDT	2023-03-25 01:15:00+00:00	[0.10,0.25)	0.006932889628397123	0.011924570160843112	0.028008874098724344	0.0393788130892956
ADA/USDT	2023-03-26 01:15:00+00:00	[0.05,0.10)	0.008245663918112066	0.011941996019334607	0.02217799260733572	0.028717657094114293
ADA/USDT	2023-03-27 01:15:00+00:00	[0.25,0.50)	0.010783200908058939	0.013337116912599268	0.030363223609534584	0.05732122587968217
ADA/USDT	2023-03-28 01:15:00+00:00	[0.25,0.50)	0.013337199188170465	0.020585677007828342	0.028124093940272505	0.07683386488837352
ADA/USDT	2023-03-29 01:15:00+00:00	[0.75,1.00]	0.020884187686465917	0.031461893138052616	0.05858421480878765	0.05858421480878765
ADA/USDT	2023-03-30 01:15:00+00:00	[0.50,0.75)	0.014278159703860288	0.040454785827604395	0.040454785827604395	0.04732945531464841
ADA/USDT	2023-03-31 01:15:00+00:00	[0.10,0.25)	0.007118375955707977	0.009754811494859046	0.06459267070920106	0.08937516477722116
ADA/USDT	2023-04-01 01:15:00+00:00	[0.75,1.00]	0.008341759352881763	0.021991911021233674	0.03816986855409505	0.042972699696663334
ADA/USDT	2023-04-02 01:15:00+00:00	[0.50,0.75)	0.02057084083311907	0.02057084083311907	0.02057084083311907	0.03471329390588843
ADA/USDT	2023-04-03 01:15:00+00:00	[0.10,0.25)	0.01958189997353787	0.02910822969039416	0.09050013231013497	0.09050013231013497
ADA/USDT	2023-04-04 01:15:00+00:00	[0.50,0.75)	0.006430041152263381	0.024176954732510195	0.036008230452674934	0.036008230452674934
ADA/USDT	2023-04-05 01:15:00+00:00	[0.50,0.75)	0.009603234773818614	0.012888551933282774	0.017437452615617938	0.034369471822087445
ADA/USDT	2023-04-06 01:15:00+00:00	[0.25,0.50)	0.012919896640826885	0.015503875968992262	0.036692506459948294	0.036692506459948294
ADA/USDT	2023-04-07 01:15:00+00:00	[0.00,0.05)	0.006263048016701496	0.011482254697286053	0.020876826722338225	0.024791231732776642
ADA/USDT	2023-04-08 01:15:00+00:00	[0.10,0.25)	0.01435656486557036	0.01435656486557036	0.019577133907595946	0.021404333072304986
ADA/USDT	2023-04-09 01:15:00+00:00	[0.25,0.50)	0.004373552868536236	0.007975302289683682	0.015178801131978432	0.02315410342166197
ADA/USDT	2023-04-10 01:15:00+00:00	[0.25,0.50)	0.004151530877010872	0.006746237675142686	0.011157239231966855	0.039180072651790354
ADA/USDT	2023-04-11 01:15:00+00:00	[0.75,1.00]	0.010836693548387163	0.02520161290322583	0.04107862903225802	0.04107862903225802
ADA/USDT	2023-04-12 01:15:00+00:00	[0.25,0.50)	0.02403003754693366	0.028785982478097646	0.04405506883604506	0.04931163954943678
ADA/USDT	2023-04-13 01:15:00+00:00	[0.25,0.50)	0.010596352883193756	0.010596352883193756	0.04460325283390834	0.0983242976835881
ADA/USDT	2023-04-14 01:15:00+00:00	[0.75,1.00]	0.013569457221711169	0.023919043238270515	0.031278748850046	0.046228150873965056
ADA/USDT	2023-04-15 01:15:00+00:00	[0.25,0.50)	0.006024096385542148	0.01413345690454123	0.06325301204819275	0.06974050046339207
ADA/USDT	2023-04-16 01:15:00+00:00	[0.25,0.50)	0.010867154579729464	0.015968063872255453	0.02905300510090929	0.037924151696606796
ADA/USDT	2023-04-17 01:15:00+00:00	[0.75,1.00]	0.007889990982867455	0.020288548241659172	0.03787195671776383	0.04801623083859329
ADA/USDT	2023-04-18 01:15:00+00:00	[0.25,0.50)	0.008598652103183781	0.02045084824541025	0.041831280501975404	0.041831280501975404
ADA/USDT	2023-04-19 01:15:00+00:00	[0.10,0.25)	0.00815217391304346	0.014719202898550738	0.07789855072463765	0.07812499999999994
ADA/USDT	2023-04-20 01:15:00+00:00	[0.50,0.75)	0.009318996415770511	0.022939068100358416	0.027718040621266427	0.06857825567502975
ADA/USDT	2023-04-21 01:15:00+00:00	[0.10,0.25)	0.006965174129353295	0.01442786069651748	0.028109452736318485	0.07014925373134329
ADA/USDT	2023-04-22 01:15:00+00:00	[0.25,0.50)	0.009152719665271975	0.012813807531380794	0.03164225941422594	0.04393305439330539
ADA/USDT	2023-04-23 01:15:00+00:00	[0.50,0.75)	0.006374298827129022	0.009943906170321303	0.014533401325854112	0.04462009178990315
ADA/USDT	2023-04-24 01:15:00+00:00	[0.75,1.00]	0.007618080243778575	0.013712544438801322	0.03275774504824776	0.03758252920264089
ADA/USDT	2023-04-25 01:15:00+00:00	[0.05,0.10)	0.006259780907668266	0.01982263954094939	0.01982263954094939	0.05503390714658322
ADA/USDT	2023-04-26 01:15:00+00:00	[0.50,0.75)	0.005839045443005901	0.00913937547600912	0.05788271134805786	0.10535668951510532
ADA/USDT	2023-04-27 01:15:00+00:00	[0.75,1.00]	0.012577065351417985	0.018742293464858187	0.026387176325524012	0.03896424167694213
ADA/USDT	2023-04-28 01:15:00+00:00	[0.10,0.25)	0.008329250367466963	0.009309162175404275	0.028662420382165713	0.03699167074963254
ADA/USDT	2023-04-29 01:15:00+00:00	[0.00,0.05)	0.0024783147459727407	0.006443618339529098	0.009665427509293579	0.021313506815365542
ADA/USDT	2023-04-30 01:15:00+00:00	[0.25,0.50)	0.004250000000000087	0.00800000000000009	0.01125000000000001	0.05150000000000002
ADA/USDT	2023-05-01 01:15:00+00:00	[0.10,0.25)	0.028240040342914743	0.028240040342914743	0.028240040342914743	0.04236006051437212
ADA/USDT	2023-05-02 01:15:00+00:00	[0.25,0.50)	0.007007526602647381	0.011160134959771674	0.01323643913833375	0.03399948092395536
ADA/USDT	2023-05-03 01:15:00+00:00	[0.25,0.50)	0.011574074074074086	0.011574074074074086	0.028034979423868223	0.04655349794238685
ADA/USDT	2023-05-04 01:15:00+00:00	[0.75,1.00]	0.006636038795303704	0.015824400204185768	0.015824400204185768	0.029351710056150983
ADA/USDT	2023-05-05 01:15:00+00:00	[0.10,0.25)	0.01602481261307827	0.01602481261307827	0.031015766347893537	0.04083742569139322
ADA/USDT	2023-05-06 01:15:00+00:00	[0.10,0.25)	0.007394186639469693	0.012493625701172911	0.03365629780724118	0.050994390617032176
ADA/USDT	2023-05-07 01:15:00+00:00	[0.10,0.25)	0.011518324607329737	0.011518324607329737	0.012303664921465922	0.02565445026178004
ADA/USDT	2023-05-08 01:15:00+00:00	[0.25,0.50)	0.04271690103475724	0.04271690103475724	0.04271690103475724	0.06765720350225515
ADA/USDT	2023-05-09 01:15:00+00:00	[0.75,1.00]	0.01303993480032607	0.017386579733768046	0.02281988590057055	0.025808204292311895
ADA/USDT	2023-05-10 01:15:00+00:00	[0.25,0.50)	0.004935563476830184	0.007403345215245352	0.04798464491362768	0.051000822593912816
ADA/USDT	2023-05-11 01:15:00+00:00	[0.50,0.75)	0.007069059271343097	0.01305057096247953	0.03344208809135393	0.053289831430125084
ADA/USDT	2023-05-12 01:15:00+00:00	[0.25,0.50)	0.0075000000000000995	0.02555555555555567	0.037777777777777785	0.04916666666666665
ADA/USDT	2023-05-13 01:15:00+00:00	[0.75,1.00]	0.006233062330623222	0.01056910569105695	0.01598915989159896	0.01978319783197825
ADA/USDT	2023-05-14 01:15:00+00:00	[0.05,0.10)	0.005491488193300389	0.013728720483250972	0.013728720483250972	0.02498627127951674
ADA/USDT	2023-05-15 01:15:00+00:00	[0.25,0.50)	0.012654819601507909	0.014539579967689864	0.019386106623586537	0.035002692514808864
ADA/USDT	2023-05-16 01:15:00+00:00	[0.50,0.75)	0.008808147536471182	0.01513900357830995	0.02504816955684007	0.029176988714560963
ADA/USDT	2023-05-17 01:15:00+00:00	[0.50,0.75)	0.015599784830553985	0.016137708445400765	0.034158149542764894	0.04357181280258201
ADA/USDT	2023-05-18 01:15:00+00:00	[0.05,0.10)	0.004273504273504248	0.014423076923076816	0.017361111111111126	0.038728632478632515
ADA/USDT	2023-05-19 01:15:00+00:00	[0.50,0.75)	0.014004847831941778	0.01562079181255057	0.01562079181255057	0.02504713169943435
ADA/USDT	2023-05-20 01:15:00+00:00	[0.25,0.50)	0.0024603608529249763	0.005740841990158531	0.010388190267905877	0.013121924548933763
ADA/USDT	2023-05-21 01:15:00+00:00	[0.05,0.10)	0.0046397379912664705	0.006004366812227171	0.0177401746724891	0.02920305676855907
ADA/USDT	2023-05-22 01:15:00+00:00	[0.25,0.50)	0.008351893095768382	0.013641425389754899	0.0442650334075723	0.0442650334075723
ADA/USDT	2023-05-23 01:15:00+00:00	[0.25,0.50)	0.00407166123778502	0.020358306188924948	0.020358306188924948	0.020358306188924948
ADA/USDT	2023-05-24 01:15:00+00:00	[0.10,0.25)	0.004608294930875671	0.020059636757929027	0.020059636757929027	0.038492816481431255
ADA/USDT	2023-05-25 01:15:00+00:00	[0.75,1.00]	0.007004763239002528	0.015130288596245337	0.015970860184925703	0.018492574950966643
ADA/USDT	2023-05-26 01:15:00+00:00	[0.10,0.25)	0.007311586051743663	0.01349831271091121	0.014341957255343063	0.03768278965129365
ADA/USDT	2023-05-27 01:15:00+00:00	[0.25,0.50)	0.0022026431718060774	0.010737885462555106	0.012940528634361183	0.037720264317180736
ADA/USDT	2023-05-28 01:15:00+00:00	[0.75,1.00]	0.004555198285101916	0.010182207931404142	0.031618435155412586	0.0522508038585208
ADA/USDT	2023-05-29 01:15:00+00:00	[0.75,1.00]	0.008298755186721941	0.020228215767634786	0.022302904564315343	0.027489626556016594
ADA/USDT	2023-05-30 01:15:00+00:00	[0.05,0.10)	0.004218296862641683	0.011336672818349512	0.012127603480094892	0.02372791985235963
ADA/USDT	2023-05-31 01:15:00+00:00	[0.10,0.25)	0.011043912700499703	0.021298974493820656	0.021298974493820656	0.027609781751249035
ADA/USDT	2023-06-01 01:15:00+00:00	[0.50,0.75)	0.004845222072678395	0.024226110363391676	0.029878869448183038	0.029878869448183038
ADA/USDT	2023-06-02 01:15:00+00:00	[0.25,0.50)	0.012018574160065446	0.023217700081944695	0.0319584812892652	0.03605572248019664
ADA/USDT	2023-06-03 01:15:00+00:00	[0.10,0.25)	0.003986181238373641	0.006643635397289402	0.008769598724421922	0.017273452032952444
ADA/USDT	2023-06-04 01:15:00+00:00	[0.25,0.50)	0.0036958817317844688	0.004223864836325212	0.00976768743400206	0.016895459345300994
ADA/USDT	2023-06-05 01:15:00+00:00	[0.75,1.00]	0.0077004779607010455	0.015666489644184857	0.022039298990971786	0.08603292618162503
ADA/USDT	2023-06-06 01:15:00+00:00	[0.50,0.75)	0.010037281330656733	0.01577287066246058	0.04387725838829934	0.05850301118439912
ADA/USDT	2023-06-07 01:15:00+00:00	[0.75,1.00]	0.008045977011494324	0.011781609195402278	0.0408045977011494	0.08764367816091963
ADA/USDT	2023-06-08 01:15:00+00:00	[0.50,0.75)	0.012380068090374508	0.017022593624264948	0.027855153203342642	0.034045187248529896
ADA/USDT	2023-06-09 01:15:00+00:00	[0.50,0.75)	0.019284603421461845	0.019284603421461845	0.03514774494556775	0.12068429237947123
ADA/USDT	2023-06-10 01:15:00+00:00	[0.75,1.00]	0.02693370165745847	0.24136740331491707	0.24136740331491707	0.24136740331491707
ADA/USDT	2023-06-11 01:15:00+00:00	[0.75,1.00]	0.030958597538231904	0.04140246176799701	0.05781424841477066	0.07832898172323767
ADA/USDT	2023-06-12 01:15:00+00:00	[0.75,1.00]	0.032222629073599525	0.03808128890516302	0.07945807396558036	0.07945807396558036
ADA/USDT	2023-06-13 01:15:00+00:00	[0.50,0.75)	0.01081081081081082	0.017657657657657713	0.052252252252252294	0.07639639639639638
ADA/USDT	2023-06-14 01:15:00+00:00	[0.25,0.50)	0.009097525473071333	0.009097525473071333	0.027292576419214	0.07751091703056763
ADA/USDT	2023-06-15 01:15:00+00:00	[0.75,1.00]	0.011428571428571439	0.015999999999999927	0.03999999999999982	0.05066666666666658
ADA/USDT	2023-06-16 01:15:00+00:00	[0.50,0.75)	0.006488549618320532	0.012213740458015192	0.033969465648855036	0.05343511450381684
ADA/USDT	2023-06-17 01:15:00+00:00	[0.25,0.50)	0.006862371330537644	0.01563095691955773	0.049561570720549036	0.049561570720549036
ADA/USDT	2023-06-18 01:15:00+00:00	[0.50,0.75)	0.010514457378895867	0.011641006383777663	0.015020653398422845	0.045061960195268536
ADA/USDT	2023-06-19 01:15:00+00:00	[0.50,0.75)	0.004602991944764016	0.008822401227464612	0.01726121979286538	0.029535864978902895
ADA/USDT	2023-06-20 01:15:00+00:00	[0.25,0.50)	0.01253799392097253	0.014817629179331363	0.022036474164133634	0.10220364741641351
ADA/USDT	2023-06-21 01:15:00+00:00	[0.75,1.00]	0.02192667145938172	0.028037383177570197	0.028037383177570197	0.071531272465852
ADA/USDT	2023-06-22 01:15:00+00:00	[0.75,1.00]	0.025876744977868557	0.02928157984337758	0.05141300646918625	0.06162751106571333
ADA/USDT	2023-06-23 01:15:00+00:00	[0.50,0.75)	0.012623677925622778	0.01535312180143297	0.025929716820197866	0.05493005800068237
ADA/USDT	2023-06-24 01:15:00+00:00	[0.50,0.75)	0.01122067324039451	0.016320979258755617	0.020741244474668463	0.044882692961577667
ADA/USDT	2023-06-25 01:15:00+00:00	[0.25,0.50)	0.010291595197255393	0.02298456260720406	0.04768439108061739	0.0668953687821613
ADA/USDT	2023-06-26 01:15:00+00:00	[0.50,0.75)	0.012106537530266354	0.012452438602559639	0.019370460048426127	0.05361466620546528
ADA/USDT	2023-06-27 01:15:00+00:00	[0.10,0.25)	0.006768792304951952	0.010687566797292493	0.023156394727467066	0.04346277164232272
ADA/USDT	2023-06-28 01:15:00+00:00	[0.75,1.00]	0.008574490889603478	0.011432654519471369	0.035369774919614225	0.07574133619149695
ADA/USDT	2023-06-29 01:15:00+00:00	[0.25,0.50)	0.0051928783382789775	0.011498516320474746	0.035608308605341234	0.035608308605341234
ADA/USDT	2023-06-30 01:15:00+00:00	[0.10,0.25)	0.013843351548269673	0.05136612021857924	0.09398907103825152	0.11839708561020046
ADA/USDT	2023-07-01 01:15:00+00:00	[0.10,0.25)	0.011842563566701353	0.03065134099616849	0.039707419017763916	0.0438871473354232
ADA/USDT	2023-07-02 01:15:00+00:00	[0.10,0.25)	0.011344104503265813	0.02062564455139225	0.02440701271914746	0.02956342385699552
ADA/USDT	2023-07-03 01:15:00+00:00	[0.25,0.50)	0.012307692307692282	0.019145299145299124	0.01948717948717943	0.02905982905982909
ADA/USDT	2023-07-04 01:15:00+00:00	[0.05,0.10)	0.016129032258064606	0.02083333333333328	0.031586021505376226	0.04233870967741936
ADA/USDT	2023-07-05 01:15:00+00:00	[0.25,0.50)	0.006134969325153266	0.010565780504430782	0.04533060668030005	0.05657805044308113
ADA/USDT	2023-07-06 01:15:00+00:00	[0.10,0.25)	0.00957107408720305	0.012406947890818868	0.04112017015242821	0.062389223679546274
ADA/USDT	2023-07-07 01:15:00+00:00	[0.50,0.75)	0.007478632478632446	0.014245014245014257	0.02207977207977202	0.028846153846153834
ADA/USDT	2023-07-08 01:15:00+00:00	[0.05,0.10)	0.009786787836420724	0.015029709891646174	0.022020272631946773	0.039846207619713456
ADA/USDT	2023-07-09 01:15:00+00:00	[0.25,0.50)	0.004133654839820802	0.013089906992766192	0.02170168790905969	0.04650361694798488
ADA/USDT	2023-07-10 01:15:00+00:00	[0.50,0.75)	0.011035955856176546	0.024563901744393084	0.03310786756852964	0.04627981488074052
ADA/USDT	2023-07-11 01:15:00+00:00	[0.50,0.75)	0.005163511187607578	0.009638554216867365	0.01858864027538713	0.0244406196213425
ADA/USDT	2023-07-12 01:15:00+00:00	[0.50,0.75)	0.007817811012916277	0.008837525492861969	0.01495581237253574	0.036029911624745066
ADA/USDT	2023-07-13 01:15:00+00:00	[0.10,0.25)	0.007678883071553158	0.008027923211169175	0.014659685863874282	0.3267015706806284
ADA/USDT	2023-07-14 01:15:00+00:00	[0.75,1.00]	0.01638888888888878	0.032499999999999966	0.06305555555555556	0.14111111111111116
ADA/USDT	2023-07-15 01:15:00+00:00	[0.50,0.75)	0.008906633906633949	0.017506142506142453	0.041769041769041775	0.041769041769041775
ADA/USDT	2023-07-16 01:15:00+00:00	[0.10,0.25)	0.02760736196319021	0.02760736196319021	0.028527607361963282	0.04478527607361964
ADA/USDT	2023-07-17 01:15:00+00:00	[0.50,0.75)	0.008549715009499796	0.012982900569980976	0.044965167827739044	0.044965167827739044
ADA/USDT	2023-07-18 01:15:00+00:00	[0.50,0.75)	0.008939974457215739	0.017879948914431655	0.0379948914431672	0.05395913154533853
ADA/USDT	2023-07-19 01:15:00+00:00	[0.75,1.00]	0.008541600759253339	0.029421069281872922	0.037013603290098035	0.07339449541284403
ADA/USDT	2023-07-20 01:15:00+00:00	[0.75,1.00]	0.01161724243350665	0.01803729746254956	0.027514521553041738	0.05839192907367762
ADA/USDT	2023-07-21 01:15:00+00:00	[0.25,0.50)	0.010756089844985809	0.014236001265422347	0.025624802277760192	0.025624802277760192
ADA/USDT	2023-07-22 01:15:00+00:00	[0.05,0.10)	0.004150702426564393	0.007982120051085576	0.02586206896551723	0.026500638569604006
ADA/USDT	2023-07-23 01:15:00+00:00	[0.50,0.75)	0.016932907348242897	0.016932907348242897	0.016932907348242897	0.02204472843450485
ADA/USDT	2023-07-24 01:15:00+00:00	[0.25,0.50)	0.012052013954963432	0.01902949571836348	0.04345068189026321	0.0497938471297177
ADA/USDT	2023-07-25 01:15:00+00:00	[0.10,0.25)	0.00459921156373179	0.01149802890932984	0.015111695137976324	0.021024967148488886
ADA/USDT	2023-07-26 01:15:00+00:00	[0.05,0.10)	0.006939854593522772	0.015201586252478498	0.01685393258426964	0.03436880370125567
ADA/USDT	2023-07-27 01:15:00+00:00	[0.25,0.50)	0.0042276422764228406	0.01983739837398372	0.020813008130081356	0.02666666666666662
ADA/USDT	2023-07-28 01:15:00+00:00	[0.25,0.50)	0.003875968992247994	0.007751937984495988	0.020348837209302237	0.023255813953488323
ADA/USDT	2023-07-29 01:15:00+00:00	[0.00,0.05)	0.005152979066022513	0.011272141706924326	0.016425120772947017	0.01835748792270544
ADA/USDT	2023-07-30 01:15:00+00:00	[0.00,0.05)	0.0035065349059610774	0.014663691424928254	0.016576346828179735	0.04399107427478476
ADA/USDT	2023-07-31 01:15:00+00:00	[0.75,1.00]	0.006339144215530909	0.013312202852614839	0.017115689381933488	0.03581616481774953
ADA/USDT	2023-08-01 01:15:00+00:00	[0.10,0.25)	0.039126181936746045	0.039126181936746045	0.039126181936746045	0.05608086077600259
ADA/USDT	2023-08-02 01:15:00+00:00	[0.75,1.00]	0.009321761491481883	0.01767920282867247	0.0215364834458373	0.045323047251687565
ADA/USDT	2023-08-03 01:15:00+00:00	[0.50,0.75)	0.005666666666666598	0.01233333333333327	0.028666666666666656	0.042
ADA/USDT	2023-08-04 01:15:00+00:00	[0.50,0.75)	0.005798090040927624	0.0068212824010912216	0.012278308321964502	0.02387448840381994
ADA/USDT	2023-08-05 01:15:00+00:00	[0.10,0.25)	0.007865937072503503	0.008207934336525353	0.008549931600547204	0.015047879616962925
ADA/USDT	2023-08-06 01:15:00+00:00	[0.10,0.25)	0.008517887563884165	0.008517887563884165	0.01192504258943783	0.01771720613287899
ADA/USDT	2023-08-07 01:15:00+00:00	[0.25,0.50)	0.004411265693925917	0.008822531387852023	0.01798439090600601	0.048523922633186216
ADA/USDT	2023-08-08 01:15:00+00:00	[0.25,0.50)	0.004817618719889734	0.009979353062628898	0.023399862353750765	0.044735030970405903
ADA/USDT	2023-08-09 01:15:00+00:00	[0.50,0.75)	0.009030100334448095	0.010367892976588602	0.018729096989966536	0.021070234113712467
ADA/USDT	2023-08-10 01:15:00+00:00	[0.50,0.75)	0.003652058432934893	0.00929614873837971	0.01527224435590967	0.01826029216467465
ADA/USDT	2023-08-11 01:15:00+00:00	[0.05,0.10)	0.0037024570851564792	0.008414675193537538	0.008751262201279001	0.016829350387075077
ADA/USDT	2023-08-12 01:15:00+00:00	[0.05,0.10)	0.004424778761062027	0.005786249149081126	0.007147719537100037	0.013274336283185702
ADA/USDT	2023-08-13 01:15:00+00:00	[0.10,0.25)	0.003084304318025896	0.009252912954078069	0.009252912954078069	0.023303632625085773
ADA/USDT	2023-08-14 01:15:00+00:00	[0.50,0.75)	0.00931998619261298	0.014497756299620232	0.015188125647221315	0.018985157059026595
ADA/USDT	2023-08-15 01:15:00+00:00	[0.00,0.05)	0.0034423407917383853	0.0068846815834767705	0.008605851979345963	0.05714285714285716
ADA/USDT	2023-08-16 01:15:00+00:00	[0.25,0.50)	0.0042568286626464506	0.00886839304717986	0.03440936502305797	0.061014544164597354
ADA/USDT	2023-08-17 01:15:00+00:00	[0.75,1.00]	0.008683068017366185	0.009768451519537032	0.013386396526772926	0.14652677279305368
ADA/USDT	2023-08-18 01:15:00+00:00	[0.75,1.00]	0.010448916408668654	0.01857585139318874	0.04643962848297217	0.04643962848297217
ADA/USDT	2023-08-19 01:15:00+00:00	[0.50,0.75)	0.004573170731707236	0.007240853658536422	0.02210365853658547	0.03925304878048792
ADA/USDT	2023-08-20 01:15:00+00:00	[0.50,0.75)	0.004484304932735554	0.007847533632287169	0.017563527653213683	0.03176382660687596
ADA/USDT	2023-08-21 01:15:00+00:00	[0.25,0.50)	0.004045605001838874	0.013975726369988858	0.02758367046708331	0.04891504229496131
ADA/USDT	2023-08-22 01:15:00+00:00	[0.50,0.75)	0.0038124285169653105	0.009912314144109766	0.018299656881433365	0.04841784216545936
ADA/USDT	2023-08-23 01:15:00+00:00	[0.75,1.00]	0.00424219051291936	0.00887003470883135	0.013497878904743554	0.046664095642113386
ADA/USDT	2023-08-24 01:15:00+00:00	[0.50,0.75)	0.006319702602230406	0.011524163568773203	0.023420074349442276	0.03420074349442374
ADA/USDT	2023-08-25 01:15:00+00:00	[0.10,0.25)	0.029467321496033146	0.0438231960710238	0.0438231960710238	0.04571212693615414
ADA/USDT	2023-08-26 01:15:00+00:00	[0.25,0.50)	0.005374280230326343	0.006525911708253492	0.012667946257197792	0.016122840690978815
ADA/USDT	2023-08-27 01:15:00+00:00	[0.10,0.25)	0.006146753745678027	0.006146753745678027	0.016135228582404848	0.01997694967345364
ADA/USDT	2023-08-28 01:15:00+00:00	[0.50,0.75)	0.0038226299694189636	0.006116207951070512	0.024847094801223265	0.04128440366972489
ADA/USDT	2023-08-29 01:15:00+00:00	[0.50,0.75)	0.005994754589734154	0.010865492693892894	0.026976395653803067	0.07493443237167484
ADA/USDT	2023-08-30 01:15:00+00:00	[0.75,1.00]	0.0055928411633109675	0.01491424310216258	0.023489932885906145	0.03392990305741982
ADA/USDT	2023-08-31 01:15:00+00:00	[0.25,0.50)	0.003409090909090954	0.006818181818181908	0.016287878787878674	0.06628787878787874
ADA/USDT	2023-09-01 01:15:00+00:00	[0.75,1.00]	0.003508771929824608	0.006237816764132516	0.01208576998050679	0.028849902534112914
ADA/USDT	2023-09-02 01:15:00+00:00	[0.00,0.05)	0.003916960438699572	0.007442224833529013	0.009009009009008886	0.014884449667058462
ADA/USDT	2023-09-03 01:15:00+00:00	[0.25,0.50)	0.0023464998044585256	0.004692999608916834	0.012514665623778006	0.01759874853343764
ADA/USDT	2023-09-04 01:15:00+00:00	[0.50,0.75)	0.005850234009360379	0.015990639625584994	0.0187207488299533	0.026521060842433806
ADA/USDT	2023-09-05 01:15:00+00:00	[0.25,0.50)	0.007442224833529231	0.015667841754798073	0.016059537798668203	0.02154328241284743
ADA/USDT	2023-09-06 01:15:00+00:00	[0.50,0.75)	0.005405405405405238	0.013127413127413182	0.016988416988417045	0.03513513513513512
ADA/USDT	2023-09-07 01:15:00+00:00	[0.05,0.10)	0.005424254165052354	0.008911274699728881	0.020922123208058953	0.02557148392096085
ADA/USDT	2023-09-08 01:15:00+00:00	[0.50,0.75)	0.004263565891472829	0.008914728682170636	0.022868217054263628	0.022868217054263628
ADA/USDT	2023-09-09 01:15:00+00:00	[0.25,0.50)	0.003143418467583369	0.004715127701375162	0.008644400785854755	0.022789783889980462
ADA/USDT	2023-09-10 01:15:00+00:00	[0.75,1.00]	0.005187549880287404	0.036312849162011274	0.036312849162011274	0.036312849162011274
ADA/USDT	2023-09-11 01:15:00+00:00	[0.50,0.75)	0.006868686868686785	0.009292929292929278	0.04121212121212127	0.048484848484848526
ADA/USDT	2023-09-12 01:15:00+00:00	[0.50,0.75)	0.0029033596018249942	0.03732890916632106	0.049357113231024444	0.049357113231024444
ADA/USDT	2023-09-13 01:15:00+00:00	[0.25,0.50)	0.0032428050263477713	0.014592622618565027	0.02513173895419531	0.034860154033238736
ADA/USDT	2023-09-14 01:15:00+00:00	[0.50,0.75)	0.006827309236947708	0.012048192771084237	0.018875502008032057	0.02489959839357423
ADA/USDT	2023-09-15 01:15:00+00:00	[0.25,0.50)	0.014297061159650484	0.014297061159650484	0.02740270055599678	0.04011119936457494
ADA/USDT	2023-09-16 01:15:00+00:00	[0.50,0.75)	0.011985617259288863	0.015181781861765982	0.016380343587694846	0.027966440271674012
ADA/USDT	2023-09-17 01:15:00+00:00	[0.25,0.50)	0.0064386317907445395	0.008048289738430591	0.012072434607645887	0.02897384305835015
ADA/USDT	2023-09-18 01:15:00+00:00	[0.25,0.50)	0.015447154471544707	0.01991869918699182	0.04227642276422761	0.04430894308943087
ADA/USDT	2023-09-19 01:15:00+00:00	[0.25,0.50)	0.007148530579825352	0.01469420174741873	0.025416997617156538	0.025416997617156538
ADA/USDT	2023-09-20 01:15:00+00:00	[0.10,0.25)	0.008251473477406642	0.013359528487229919	0.02043222003929266	0.025540275049115935
ADA/USDT	2023-09-21 01:15:00+00:00	[0.25,0.50)	0.008363201911588972	0.014336917562723983	0.027479091995220986	0.03902827558741539
ADA/USDT	2023-09-22 01:15:00+00:00	[0.25,0.50)	0.0073111291632818685	0.008935824532900111	0.010966693744922859	0.01543460601137286
ADA/USDT	2023-09-23 01:15:00+00:00	[0.50,0.75)	0.004497138184791568	0.00817661488143909	0.013082583810302455	0.013082583810302455
ADA/USDT	2023-09-24 01:15:00+00:00	[0.05,0.10)	0.0024479804161566276	0.004079967360261122	0.007751937984496062	0.024071807425540548
ADA/USDT	2023-09-25 01:15:00+00:00	[0.75,1.00]	0.004495300367797375	0.00735594605639557	0.011033919084593412	0.01675521046179003
ADA/USDT	2023-09-26 01:15:00+00:00	[0.50,0.75)	0.006097560975609649	0.009349593495934946	0.011382113821138198	0.019918699186991934
ADA/USDT	2023-09-27 01:15:00+00:00	[0.25,0.50)	0.00325998370008148	0.006519967400163073	0.01670741646291777	0.02363488182559087
ADA/USDT	2023-09-28 01:15:00+00:00	[0.10,0.25)	0.007751937984496062	0.01101591187270505	0.0175438596491228	0.030599755201958522
ADA/USDT	2023-09-29 01:15:00+00:00	[0.10,0.25)	0.010860820595334013	0.010860820595334013	0.022123893805309755	0.03338696701528572
ADA/USDT	2023-09-30 01:15:00+00:00	[0.50,0.75)	0.0035928143712574217	0.007185628742515065	0.00998003992015969	0.021556886227544973
ADA/USDT	2023-10-01 01:15:00+00:00	[0.25,0.50)	0.004315417810906415	0.005492349941153441	0.03452334248725002	0.051785013730875025
ADA/USDT	2023-10-02 01:15:00+00:00	[0.75,1.00]	0.007572889057175319	0.010223400227186596	0.026505111700113618	0.04619462324876936
ADA/USDT	2023-10-03 01:15:00+00:00	[0.50,0.75)	0.010368663594470182	0.014592933947772755	0.018433179723502405	0.04646697388632872
ADA/USDT	2023-10-04 01:15:00+00:00	[0.75,1.00]	0.008587041373926758	0.012099921935987478	0.016783762685401916	0.022638563622170073
ADA/USDT	2023-10-05 01:15:00+00:00	[0.50,0.75)	0.0042569659442724065	0.005030959752322072	0.022058823529411697	0.028637770897832884
ADA/USDT	2023-10-06 01:15:00+00:00	[0.50,0.75)	0.004948610582413488	0.011419870574800163	0.017129805862200243	0.023981728207080426
ADA/USDT	2023-10-07 01:15:00+00:00	[0.25,0.50)	0.0026505111700112776	0.005301022340022765	0.026505111700113618	0.029912911775842554
ADA/USDT	2023-10-08 01:15:00+00:00	[0.05,0.10)	0.005042668735453931	0.005430566330488799	0.014740108611326495	0.01900698215671069
ADA/USDT	2023-10-09 01:15:00+00:00	[0.50,0.75)	0.005880047040376328	0.014112112896903145	0.03292826342610748	0.03841630733045866
ADA/USDT	2023-10-10 01:15:00+00:00	[0.25,0.50)	0.003984063745019924	0.010358565737051758	0.01992031872509973	0.028685258964143475
ADA/USDT	2023-10-11 01:15:00+00:00	[0.10,0.25)	0.004414125200642125	0.01886035313001609	0.01886035313001609	0.01886035313001609
ADA/USDT	2023-10-12 01:15:00+00:00	[0.25,0.50)	0.003254678600488182	0.008136696501220512	0.01830756712774615	0.021562245728234335
ADA/USDT	2023-10-13 01:15:00+00:00	[0.25,0.50)	0.00488003253355025	0.005286701911346057	0.01220008133387557	0.019926799511996697
ADA/USDT	2023-10-14 01:15:00+00:00	[0.50,0.75)	0.003660024400162603	0.004066693777958523	0.010980073200487923	0.01179341195607965
ADA/USDT	2023-10-15 01:15:00+00:00	[0.00,0.05)	0.004858299595141615	0.004858299595141615	0.01052631578947365	0.012145748987854262
ADA/USDT	2023-10-16 01:15:00+00:00	[0.25,0.50)	0.004431909750201409	0.017324738114423734	0.04029008863819504	0.048751007252215955
ADA/USDT	2023-10-17 01:15:00+00:00	[0.25,0.50)	0.005573248407643362	0.007563694267515975	0.01512738853503195	0.029060509554140135
ADA/USDT	2023-10-18 01:15:00+00:00	[0.10,0.25)	0.005293159609120616	0.014250814332247569	0.015065146579804482	0.024837133550488576
ADA/USDT	2023-10-19 01:15:00+00:00	[0.25,0.50)	0.01723430447271239	0.01723430447271239	0.01723430447271239	0.033237587197373804
ADA/USDT	2023-10-20 01:15:00+00:00	[0.25,0.50)	0.006097560975609649	0.017886178861788567	0.0308943089430893	0.0308943089430893
ADA/USDT	2023-10-21 01:15:00+00:00	[0.10,0.25)	0.003987240829346096	0.00717703349282306	0.03349282296650725	0.05303030303030294
ADA/USDT	2023-10-22 01:15:00+00:00	[0.50,0.75)	0.007316134000770169	0.011936850211783008	0.03080477474008453	0.05275317674239503
ADA/USDT	2023-10-23 01:15:00+00:00	[0.75,1.00]	0.014194994396712627	0.017183414269704867	0.026522226372805362	0.08330220395965629
ADA/USDT	2023-10-24 01:15:00+00:00	[0.75,1.00]	0.02704626334519571	0.03594306049822063	0.06014234875444829	0.07330960854092529
ADA/USDT	2023-10-25 01:15:00+00:00	[0.75,1.00]	0.017913593256058985	0.01966982788900595	0.030909729539866437	0.048472075869336065
ADA/USDT	2023-10-26 01:15:00+00:00	[0.50,0.75)	0.007430997876857717	0.042816702052370835	0.060509554140127396	0.060509554140127396
ADA/USDT	2023-10-27 01:15:00+00:00	[0.75,1.00]	0.013069586718473969	0.020134228187919403	0.03602967149417162	0.04238784881667259
ADA/USDT	2023-10-28 01:15:00+00:00	[0.10,0.25)	0.011756569847856203	0.028699861687413463	0.028699861687413463	0.032503457814661005
ADA/USDT	2023-10-29 01:15:00+00:00	[0.25,0.50)	0.006925207756232693	0.010734072022160635	0.02666204986149579	0.03462603878116327
ADA/USDT	2023-10-30 01:15:00+00:00	[0.25,0.50)	0.008777852802160672	0.012153950033760946	0.03241053342336258	0.0425388251181634
ADA/USDT	2023-10-31 01:15:00+00:00	[0.50,0.75)	0.007260726072607194	0.01980198019801982	0.033663366336633624	0.06633663366336635
ADA/USDT	2023-11-01 01:15:00+00:00	[0.50,0.75)	0.006851661527920527	0.019527235354573427	0.034600890715998624	0.09352517985611508
ADA/USDT	2023-11-02 01:15:00+00:00	[0.75,1.00]	0.006107360977177798	0.02796528447444547	0.03053680488588881	0.10093217614914832
ADA/USDT	2023-11-03 01:15:00+00:00	[0.75,1.00]	0.014442700156985849	0.028885400313971698	0.04521193092621654	0.057770800627943396
ADA/USDT	2023-11-04 01:15:00+00:00	[0.50,0.75)	0.014408338442673151	0.018393623543838153	0.023911710606989496	0.03004291845493572
ADA/USDT	2023-11-05 01:15:00+00:00	[0.50,0.75)	0.007332722273143946	0.03146959975557585	0.06049495875343717	0.07332722273143895
ADA/USDT	2023-11-06 01:15:00+00:00	[0.75,1.00]	0.01175121811407278	0.03468042419031241	0.05187732874749213	0.1100601891659501
ADA/USDT	2023-11-07 01:15:00+00:00	[0.75,1.00]	0.0188157166574432	0.029883785279468666	0.060597675705589306	0.08605423353624782
ADA/USDT	2023-11-08 01:15:00+00:00	[0.50,0.75)	0.007914075749010653	0.01045788581119271	0.021198417184850216	0.03900508762012431
ADA/USDT	2023-11-09 01:15:00+00:00	[0.50,0.75)	0.014392471630224295	0.022695820647661336	0.05092720730694721	0.12371990035981184
ADA/USDT	2023-11-10 01:15:00+00:00	[0.75,1.00]	0.013843648208469037	0.021986970684039077	0.03420195439739414	0.07111834961997829
ADA/USDT	2023-11-11 01:15:00+00:00	[0.75,1.00]	0.02246017236876468	0.0360407417080177	0.04074170801775921	0.06711935231130843
ADA/USDT	2023-11-12 01:15:00+00:00	[0.75,1.00]	0.014043455219925732	0.020402755696873304	0.045310015898251205	0.045310015898251205
ADA/USDT	2023-11-13 01:15:00+00:00	[0.50,0.75)	0.009523809523809618	0.03989703989703993	0.06306306306306311	0.09909909909909918
ADA/USDT	2023-11-14 01:15:00+00:00	[0.75,1.00]	0.007328072153325793	0.02339346110484773	0.04622322435174738	0.08990980834272826
ADA/USDT	2023-11-15 01:15:00+00:00	[0.50,0.75)	0.009481316229782528	0.018962632459565056	0.05521472392638033	0.07919687674288896
ADA/USDT	2023-11-16 01:15:00+00:00	[0.50,0.75)	0.015319598520866421	0.017168515583729546	0.08399366085578445	0.13470681458003167
ADA/USDT	2023-11-17 01:15:00+00:00	[0.50,0.75)	0.010386151797603235	0.018641810918774985	0.040479360852197194	0.06817576564580562
ADA/USDT	2023-11-18 01:15:00+00:00	[0.25,0.50)	0.009068425391591013	0.026106073097004696	0.0450673261885134	0.08326463314097278
ADA/USDT	2023-11-19 01:15:00+00:00	[0.25,0.50)	0.020264793299108217	0.023507160226965647	0.02566873817887045	0.045933531477978816
ADA/USDT	2023-11-20 01:15:00+00:00	[0.10,0.25)	0.00602251898402715	0.012568735271013277	0.05001309243257384	0.056035611416601135
ADA/USDT	2023-11-21 01:15:00+00:00	[0.25,0.50)	0.01463287170107132	0.022210608831983152	0.0331852626077869	0.09093284557094329
ADA/USDT	2023-11-22 01:15:00+00:00	[0.75,1.00]	0.006866245536940407	0.028014281790716803	0.028014281790716803	0.06921175501235925
ADA/USDT	2023-11-23 01:15:00+00:00	[0.50,0.75)	0.007561929595827937	0.011212516297262127	0.02164276401564545	0.04146023468057373
ADA/USDT	2023-11-24 01:15:00+00:00	[0.50,0.75)	0.01998462720983866	0.02280297207276459	0.02843966179861645	0.036126056879323604
ADA/USDT	2023-11-25 01:15:00+00:00	[0.05,0.10)	0.0051559680329982	0.011085331270946186	0.023717452951791663	0.023717452951791663
ADA/USDT	2023-11-26 01:15:00+00:00	[0.00,0.05)	0.0046012269938649495	0.00894683026584868	0.01712678936605313	0.043200408997955075
ADA/USDT	2023-11-27 01:15:00+00:00	[0.25,0.50)	0.009237875288683584	0.022838080574801037	0.03027970233512953	0.0477290223248653
ADA/USDT	2023-11-28 01:15:00+00:00	[0.50,0.75)	0.01134864080232258	0.022697281604645014	0.027975719187120607	0.050145157033517976
ADA/USDT	2023-11-29 01:15:00+00:00	[0.05,0.10)	0.00826019617965936	0.010067114093959769	0.020908621579762508	0.03020134228187916
ADA/USDT	2023-11-30 01:15:00+00:00	[0.00,0.05)	0.0060558188520273	0.013428120063191135	0.027646129541864163	0.028172722485518657
ADA/USDT	2023-12-01 01:15:00+00:00	[0.00,0.05)	0.006355932203389719	0.010593220338982913	0.016154661016949137	0.022245762711864455
ADA/USDT	2023-12-02 01:15:00+00:00	[0.00,0.05)	0.0031209362808843548	0.0065019505851755584	0.018725617685305552	0.04135240572171644
ADA/USDT	2023-12-03 01:15:00+00:00	[0.25,0.50)	0.01077154308617241	0.018537074148296636	0.03456913827655319	0.03807615230460933
ADA/USDT	2023-12-04 01:15:00+00:00	[0.50,0.75)	0.020000000000000018	0.025249999999999995	0.05974999999999994	0.05974999999999994
ADA/USDT	2023-12-05 01:15:00+00:00	[0.50,0.75)	0.017914110429447926	0.017914110429447926	0.029938650306748575	0.07975460122699395
ADA/USDT	2023-12-06 01:15:00+00:00	[0.50,0.75)	0.009438414346389815	0.014157621519584721	0.07621519584709767	0.09249646059462013
ADA/USDT	2023-12-07 01:15:00+00:00	[0.50,0.75)	0.009368726299353071	0.020521971893821073	0.049520410439437876	0.06401962971224615
ADA/USDT	2023-12-08 01:15:00+00:00	[0.25,0.50)	0.007477457664394137	0.0334286342643501	0.16472399384209374	0.2586320650978667
ADA/USDT	2023-12-09 01:15:00+00:00	[0.75,1.00]	0.024866785079928976	0.08632326820603904	0.17051509769094136	0.17051509769094136
ADA/USDT	2023-12-10 01:15:00+00:00	[0.75,1.00]	0.02147137150466049	0.029960053262316936	0.054260985352862785	0.07872836218375501
ADA/USDT	2023-12-11 01:15:00+00:00	[0.75,1.00]	0.13312799452429838	0.13312799452429838	0.13312799452429838	0.13312799452429838
ADA/USDT	2023-12-12 01:15:00+00:00	[0.75,1.00]	0.027271085425320578	0.03250857865270005	0.10095719703810739	0.10095719703810739
ADA/USDT	2023-12-13 01:15:00+00:00	[0.75,1.00]	0.0371090298639334	0.0371090298639334	0.08641102668315948	0.24403604877186785
ADA/USDT	2023-12-14 01:15:00+00:00	[0.75,1.00]	0.03232081400568616	0.04907975460122707	0.08499177016310051	0.10354631153673506
ADA/USDT	2023-12-15 01:15:00+00:00	[0.50,0.75)	0.01559363903041531	0.024239617106685266	0.037208584221090024	0.09989192527404658
ADA/USDT	2023-12-16 01:15:00+00:00	[0.75,1.00]	0.018576878420965313	0.026040802786531658	0.03781721678553664	0.04163211146127054
ADA/USDT	2023-12-17 01:15:00+00:00	[0.25,0.50)	0.017702016062940553	0.02786428454351748	0.04376331748893615	0.06720209801671845
ADA/USDT	2023-12-18 01:15:00+00:00	[0.75,1.00]	0.020235212729159534	0.02974749221722586	0.06035973711518512	0.11241784849533043
ADA/USDT	2023-12-19 01:15:00+00:00	[0.75,1.00]	0.025513585155732404	0.025513585155732404	0.04738237243207415	0.08482438701126559
ADA/USDT	2023-12-20 01:15:00+00:00	[0.25,0.50)	0.013574660633484214	0.031152105812739344	0.05151409676296547	0.07205012182387746
ADA/USDT	2023-12-21 01:15:00+00:00	[0.10,0.25)	0.014178339596856994	0.024256918346429963	0.05210112743423314	0.11376836351212843
ADA/USDT	2023-12-22 01:15:00+00:00	[0.75,1.00]	0.022853613341568924	0.05157504632489189	0.07118591723285984	0.07118591723285984
ADA/USDT	2023-12-23 01:15:00+00:00	[0.50,0.75)	0.018914473684210453	0.026151315789473543	0.026151315789473543	0.044407894736841966
ADA/USDT	2023-12-24 01:15:00+00:00	[0.50,0.75)	0.012861736334405157	0.018810289389067595	0.04501607717041805	0.07009646302250817
ADA/USDT	2023-12-25 01:15:00+00:00	[0.75,1.00]	0.006837891927951955	0.020680453635757115	0.03268845897264835	0.06604402935290188
ADA/USDT	2023-12-26 01:15:00+00:00	[0.50,0.75)	0.008240426563257382	0.019550815963806752	0.04281790273065128	0.10292454354499915
ADA/USDT	2023-12-27 01:15:00+00:00	[0.25,0.50)	0.021202584064932785	0.03859532880569817	0.05880404174258734	0.12555905250952457
ADA/USDT	2023-12-28 01:15:00+00:00	[0.75,1.00]	0.02048303271170908	0.05090186487312748	0.08376643228370523	0.120299602568022
ADA/USDT	2023-12-29 01:15:00+00:00	[0.50,0.75)	0.014950166112956824	0.029401993355481625	0.04202657807308968	0.058139534883720985
ADA/USDT	2023-12-30 01:15:00+00:00	[0.25,0.50)	0.006872852233676946	0.017345769923089418	0.03338242513500241	0.03338242513500241
ADA/USDT	2023-12-31 01:15:00+00:00	[0.05,0.10)	0.0066323992704360865	0.015586138285524914	0.024871497264135324	0.04974299452827065
ADA/USDT	2024-01-01 01:15:00+00:00	[0.25,0.50)	0.005324459234608953	0.021131447587354486	0.02845257903494177	0.07787021630615651
ADA/USDT	2024-01-02 01:15:00+00:00	[0.50,0.75)	0.011550632911392363	0.012183544303797356	0.023259493670885974	0.052056962025316345
ADA/USDT	2024-01-03 01:15:00+00:00	[0.05,0.10)	0.01036695738028628	0.014316274477538327	0.19549119631397074	0.19549119631397074
ADA/USDT	2024-01-04 01:15:00+00:00	[0.25,0.50)	0.015942028985507298	0.024456521739130554	0.03641304347826088	0.0514492753623188
ADA/USDT	2024-01-05 01:15:00+00:00	[0.25,0.50)	0.05072979708081163	0.05072979708081163	0.05072979708081163	0.07475970096119602
ADA/USDT	2024-01-06 01:15:00+00:00	[0.50,0.75)	0.009520253873436614	0.03621429904797457	0.057681538174351184	0.057681538174351184
ADA/USDT	2024-01-07 01:15:00+00:00	[0.25,0.50)	0.009294385432473474	0.02086494688922612	0.02541729893778467	0.0802352048558422
ADA/USDT	2024-01-08 01:15:00+00:00	[0.75,1.00]	0.029495524816924357	0.05838079739625713	0.09987794955248165	0.1716842961757526
ADA/USDT	2024-01-09 01:15:00+00:00	[0.50,0.75)	0.010400907715582565	0.018910741301059016	0.06751134644478055	0.07431921331316177
ADA/USDT	2024-01-10 01:15:00+00:00	[0.75,1.00]	0.009122670807453274	0.018245341614906978	0.06832298136645953	0.1985636645962733
ADA/USDT	2024-01-11 01:15:00+00:00	[0.75,1.00]	0.014040561622464892	0.02513433870688173	0.09828393135725425	0.09828393135725425
ADA/USDT	2024-01-12 01:15:00+00:00	[0.25,0.50)	0.021689697393737918	0.026587370998775568	0.0328843799195381	0.10844848696868978
ADA/USDT	2024-01-13 01:15:00+00:00	[0.75,1.00]	0.01576117188948649	0.022992768403486144	0.030038939365844803	0.030038939365844803
ADA/USDT	2024-01-14 01:15:00+00:00	[0.10,0.25)	0.008972715619849872	0.013001281816517113	0.017945431239699744	0.04925837758652268
ADA/USDT	2024-01-15 01:15:00+00:00	[0.50,0.75)	0.007321193917777389	0.01783367749202169	0.019147737938802305	0.037356861272761256
ADA/USDT	2024-01-16 01:15:00+00:00	[0.10,0.25)	0.005251312828207098	0.010127531882970876	0.024193548387096815	0.04351087771942985
ADA/USDT	2024-01-17 01:15:00+00:00	[0.25,0.50)	0.006132689091246923	0.013566251626091754	0.0252741126184723	0.03382270953354394
ADA/USDT	2024-01-18 01:15:00+00:00	[0.10,0.25)	0.013346043851286953	0.013346043851286953	0.0295519542421355	0.06425166825548143
ADA/USDT	2024-01-19 01:15:00+00:00	[0.25,0.50)	0.011972402597402631	0.026582792207792097	0.030235389610389546	0.07264610389610389
ADA/USDT	2024-01-20 01:15:00+00:00	[0.50,0.75)	0.008680213059775243	0.011442099033339963	0.027027027027027115	0.02761885973564808
ADA/USDT	2024-01-21 01:15:00+00:00	[0.00,0.05)	0.0064090114585357945	0.015536997475237924	0.015536997475237924	0.043892017867547005
ADA/USDT	2024-01-22 01:15:00+00:00	[0.50,0.75)	0.008008008008008015	0.022622622622622577	0.034034034034033954	0.05105105105105098
ADA/USDT	2024-01-23 01:15:00+00:00	[0.25,0.50)	0.012273767422508759	0.017890576242978982	0.07114624505928856	0.08029956313709179
ADA/USDT	2024-01-24 01:15:00+00:00	[0.50,0.75)	0.010008517887563845	0.014054514480408847	0.03449744463373082	0.03449744463373082
ADA/USDT	2024-01-25 01:15:00+00:00	[0.25,0.50)	0.009282700421940843	0.018354430379746805	0.038607594936708824	0.05400843881856531
ADA/USDT	2024-01-26 01:15:00+00:00	[0.05,0.10)	0.011815252416756185	0.013104189044038655	0.04726100966702474	0.05392051557465093
ADA/USDT	2024-01-27 01:15:00+00:00	[0.10,0.25)	0.005745947055202071	0.008824132977631903	0.026267186538066967	0.03775908064847122
ADA/USDT	2024-01-28 01:15:00+00:00	[0.10,0.25)	0.0077126040186726716	0.021717069210472992	0.021717069210472992	0.03490968134767617
ADA/USDT	2024-01-29 01:15:00+00:00	[0.25,0.50)	0.010092854259184506	0.014331853048041977	0.02684699232943072	0.09911182882519172
ADA/USDT	2024-01-30 01:15:00+00:00	[0.10,0.25)	0.012420022581859126	0.019194580353782437	0.03631915694392169	0.058524651863003214
ADA/USDT	2024-01-31 01:15:00+00:00	[0.75,1.00]	0.015475024485798274	0.015475024485798274	0.03251714005876592	0.0632713026444662
ADA/USDT	2024-02-01 01:15:00+00:00	[0.50,0.75)	0.013447432762836175	0.017929910350448195	0.02241238793806033	0.054400977995109914
ADA/USDT	2024-02-02 01:15:00+00:00	[0.50,0.75)	0.005898545025560366	0.009634290208415287	0.03991348800629175	0.03991348800629175
ADA/USDT	2024-02-03 01:15:00+00:00	[0.75,1.00]	0.009582215408202385	0.015906477577615895	0.021272518206209273	0.03353775392870824
ADA/USDT	2024-02-04 01:15:00+00:00	[0.25,0.50)	0.0035266457680251254	0.01234326018808772	0.020963949843260273	0.04682601880877739
ADA/USDT	2024-02-05 01:15:00+00:00	[0.75,1.00]	0.00550122249388749	0.01731866340668298	0.03056234718826397	0.03871230643846773
ADA/USDT	2024-02-06 01:15:00+00:00	[0.05,0.10)	0.006479044340959669	0.016602551123709335	0.020449483701154077	0.031382871026523505
ADA/USDT	2024-02-07 01:15:00+00:00	[0.00,0.05)	0.0036050470658922965	0.03705187262167037	0.05687963148407767	0.07410374524334074
ADA/USDT	2024-02-08 01:15:00+00:00	[0.50,0.75)	0.00870942201108464	0.021575613618369006	0.06294536817102125	0.06373713380839273
ADA/USDT	2024-02-09 01:15:00+00:00	[0.25,0.50)	0.013028700906344235	0.024735649546827797	0.03776435045317203	0.041540785498489254
ADA/USDT	2024-02-10 01:15:00+00:00	[0.25,0.50)	0.006431459022418132	0.016538037486218318	0.03381109886071292	0.06541712605659677
ADA/USDT	2024-02-11 01:15:00+00:00	[0.75,1.00]	0.008403361344537683	0.014839978544609287	0.03289826568925437	0.05381727158948688
ADA/USDT	2024-02-12 01:15:00+00:00	[0.50,0.75)	0.009762387179959423	0.01878799042180878	0.023392890034997317	0.06483698655369315
ADA/USDT	2024-02-13 01:15:00+00:00	[0.10,0.25)	0.012815948736205028	0.027411890352438538	0.027411890352438538	0.053755784976859906
ADA/USDT	2024-02-14 01:15:00+00:00	[0.10,0.25)	0.00609193280413528	0.019014214509876476	0.07550304596640216	0.08048735462433097
ADA/USDT	2024-02-15 01:15:00+00:00	[0.25,0.50)	0.017220386154113795	0.019829535571403663	0.04244216385458337	0.07305618368411905
ADA/USDT	2024-02-16 01:15:00+00:00	[0.75,1.00]	0.008108555353301367	0.0185338408075459	0.03822604666556348	0.05278835015720675
ADA/USDT	2024-02-17 01:15:00+00:00	[0.25,0.50)	0.010316252325384734	0.013360392355826175	0.02367664468121091	0.09369186538136309
ADA/USDT	2024-02-18 01:15:00+00:00	[0.75,1.00]	0.014269498946002967	0.02707961731798289	0.04540295119182751	0.04540295119182751
ADA/USDT	2024-02-19 01:15:00+00:00	[0.25,0.50)	0.00951612903225809	0.010322580645161228	0.03225806451612906	0.03903225806451613
ADA/USDT	2024-02-20 01:15:00+00:00	[0.50,0.75)	0.026265214606021735	0.03491351697629714	0.04212043561819345	0.07303010890454834
ADA/USDT	2024-02-21 01:15:00+00:00	[0.75,1.00]	0.010148960550008157	0.017678834506465922	0.054346046816172874	0.06416762154198725
ADA/USDT	2024-02-22 01:15:00+00:00	[0.75,1.00]	0.015243902439024402	0.017615176151761457	0.04640921409214088	0.04640921409214088
ADA/USDT	2024-02-23 01:15:00+00:00	[0.75,1.00]	0.009273309728544848	0.02276176024279204	0.02900016860563142	0.0458607317484404
ADA/USDT	2024-02-24 01:15:00+00:00	[0.75,1.00]	0.013905788284373381	0.021206327133669368	0.03841474013558145	0.05232052841995483
ADA/USDT	2024-02-25 01:15:00+00:00	[0.25,0.50)	0.010048568079048746	0.019092279350192542	0.024786467928320274	0.033662703064813275
ADA/USDT	2024-02-26 01:15:00+00:00	[0.10,0.25)	0.012905416878926712	0.013414841229410798	0.03158430973000501	0.08779079640006787
ADA/USDT	2024-02-27 01:15:00+00:00	[0.25,0.50)	0.012980769230769225	0.01650641025641022	0.024198717948717953	0.036378205128205214
ADA/USDT	2024-02-28 01:15:00+00:00	[0.25,0.50)	0.004993556701030914	0.012725515463917555	0.047680412371134136	0.10454252577319599
ADA/USDT	2024-02-29 01:15:00+00:00	[0.75,1.00]	0.013519813519813585	0.0393162393162393	0.1148407148407148	0.1148407148407148
ADA/USDT	2024-03-01 01:15:00+00:00	[0.75,1.00]	0.015192135835567451	0.026213881441763405	0.0442359249329758	0.14194221030682147
ADA/USDT	2024-03-02 01:15:00+00:00	[0.75,1.00]	0.026862850971922283	0.03199244060475169	0.06007019438444922	0.06007019438444922
ADA/USDT	2024-03-03 01:15:00+00:00	[0.25,0.50)	0.014685698600054958	0.022508921218775693	0.07836947570683493	0.08385945649190218
ADA/USDT	2024-03-04 01:15:00+00:00	[0.50,0.75)	0.021894850655493975	0.03446411677253679	0.08798486281929982	0.08798486281929982
ADA/USDT	2024-03-05 01:15:00+00:00	[0.25,0.50)	0.029240522706689174	0.05084745762711865	0.05356449734765169	0.2744210117738389
ADA/USDT	2024-03-06 01:15:00+00:00	[0.75,1.00]	0.01908677139920718	0.0789898693290265	0.13580971957128163	0.13580971957128163
ADA/USDT	2024-03-07 01:15:00+00:00	[0.75,1.00]	0.016301443078567596	0.030732228754676672	0.04369321218599688	0.049305184393372586
ADA/USDT	2024-03-08 01:15:00+00:00	[0.10,0.25)	0.011214953271027988	0.02483311081441916	0.03097463284379172	0.0682242990654206
ADA/USDT	2024-03-09 01:15:00+00:00	[0.00,0.05)	0.0067409547393039145	0.014444903012793994	0.026963818957215505	0.03494290824047321
ADA/USDT	2024-03-10 01:15:00+00:00	[0.05,0.10)	0.007586020048767189	0.01015984827959896	0.03169872663234893	0.07599566513140062
ADA/USDT	2024-03-11 01:15:00+00:00	[0.50,0.75)	0.019974318733057515	0.03780853188757308	0.07847053787986881	0.14067627336281927
ADA/USDT	2024-03-12 01:15:00+00:00	[0.75,1.00]	0.01122275871068779	0.02309800339292697	0.05089390578102561	0.08808560615946757
ADA/USDT	2024-03-13 01:15:00+00:00	[0.50,0.75)	0.00599680170575701	0.008128997867803831	0.03224946695095949	0.04984008528784647
ADA/USDT	2024-03-14 01:15:00+00:00	[0.50,0.75)	0.010162333377326171	0.02771545466543489	0.08855747657384196	0.1281509832387488
ADA/USDT	2024-03-15 01:15:00+00:00	[0.50,0.75)	0.022015915119363474	0.08832891246684349	0.12692307692307694	0.12692307692307694
ADA/USDT	2024-03-16 01:15:00+00:00	[0.75,1.00]	0.008291873963515762	0.026810392482034234	0.04339414040906591	0.11815920398009953
ADA/USDT	2024-03-17 01:15:00+00:00	[0.50,0.75)	0.019011406844106567	0.02448669201520913	0.08395437262357419	0.0901901140684411
ADA/USDT	2024-03-18 01:15:00+00:00	[0.50,0.75)	0.010057039927949624	0.030471329930951644	0.0511858300810566	0.10417292104473116
ADA/USDT	2024-03-19 01:15:00+00:00	[0.75,1.00]	0.02440570522979393	0.0342313787638668	0.07939778129952443	0.09762282091917589
ADA/USDT	2024-03-20 01:15:00+00:00	[0.75,1.00]	0.020653461994244098	0.06162180463856439	0.08007448789571696	0.12849162011173199
ADA/USDT	2024-03-21 01:15:00+00:00	[0.00,0.05)	0.01200498908637362	0.040068599937636507	0.040068599937636507	0.04770813844714681
ADA/USDT	2024-03-22 01:15:00+00:00	[0.00,0.05)	0.016019032513877873	0.02712133227597146	0.046946867565424384	0.06978588421887398
ADA/USDT	2024-03-23 01:15:00+00:00	[0.50,0.75)	0.009162514065262882	0.025397846005465418	0.038096769008198125	0.04677704549107863
ADA/USDT	2024-03-24 01:15:00+00:00	[0.10,0.25)	0.004574132492113586	0.01766561514195599	0.025236593059936932	0.03753943217665622
ADA/USDT	2024-03-25 01:15:00+00:00	[0.10,0.25)	0.00731403672580149	0.024120759414877173	0.027699968876439354	0.04746342981637095
ADA/USDT	2024-03-26 01:15:00+00:00	[0.10,0.25)	0.00528461422316163	0.01826966631435905	0.03412350898384411	0.04831647289747853
ADA/USDT	2024-03-27 01:15:00+00:00	[0.10,0.25)	0.009429726088908803	0.017063313875168337	0.046549917676994484	0.06032031133063913
ADA/USDT	2024-03-28 01:15:00+00:00	[0.25,0.50)	0.009334163036714383	0.018046048537647876	0.029713752333540767	0.03546981953951469
ADA/USDT	2024-03-29 01:15:00+00:00	[0.00,0.05)	0.013370216689718828	0.014907023205778287	0.04487475026894115	0.05240510219763335
ADA/USDT	2024-03-30 01:15:00+00:00	[0.75,1.00]	0.008991458114790957	0.017683200959088916	0.030720815225535852	0.03971227334032681
ADA/USDT	2024-03-31 01:15:00+00:00	[0.05,0.10)	0.00557448126354916	0.014245896562403198	0.015794363580055724	0.01703313719417778
ADA/USDT	2024-04-01 01:15:00+00:00	[0.00,0.05)	0.005555555555555458	0.010802469135802479	0.05354938271604931	0.07006172839506172
ADA/USDT	2024-04-02 01:15:00+00:00	[0.10,0.25)	0.01586273875040453	0.05454839753965677	0.07607640012949163	0.09242473292327602
ADA/USDT	2024-04-03 01:15:00+00:00	[0.50,0.75)	0.019815748305232184	0.02433512949765342	0.03476447071093346	0.047801147227533404
ADA/USDT	2024-04-04 01:15:00+00:00	[0.10,0.25)	0.01562771314464318	0.030560861260635633	0.05747525612085435	0.06581003646466409
ADA/USDT	2024-04-05 01:15:00+00:00	[0.25,0.50)	0.013119281891938442	0.029863628517175868	0.03573278094251672	0.03573278094251672
ADA/USDT	2024-04-06 01:15:00+00:00	[0.00,0.05)	0.0036369934187737976	0.01246969172151019	0.017492206442674053	0.024593003117422914
ADA/USDT	2024-04-07 01:15:00+00:00	[0.25,0.50)	0.0067946322405299875	0.007643961270596141	0.014608459317139359	0.026329199932053605
ADA/USDT	2024-04-08 01:15:00+00:00	[0.10,0.25)	0.00816048962937762	0.01683100986059148	0.05559333560013593	0.0634138048282897
ADA/USDT	2024-04-09 01:15:00+00:00	[0.10,0.25)	0.008513425016372124	0.012606417812704716	0.04846103470857885	0.06548788474132274
ADA/USDT	2024-04-10 01:15:00+00:00	[0.50,0.75)	0.014640789921688697	0.027238678924072206	0.05754170922710238	0.05754170922710238
ADA/USDT	2024-04-11 01:15:00+00:00	[0.25,0.50)	0.0069989757596449174	0.010925230454080014	0.025947422328439725	0.0324342779105497
ADA/USDT	2024-04-12 01:15:00+00:00	[0.05,0.10)	0.00902742292624761	0.010049395332992704	0.04598875830352585	0.24254811786748431
ADA/USDT	2024-04-13 01:15:00+00:00	[0.50,0.75)	0.025341914722445697	0.056516492357200354	0.06335478680611419	0.23531777956556718
ADA/USDT	2024-04-14 01:15:00+00:00	[0.75,1.00]	0.015621462531129766	0.06112746207833364	0.09508716323296351	0.09508716323296351
ADA/USDT	2024-04-15 01:15:00+00:00	[0.75,1.00]	0.014689997839706261	0.022899114279542016	0.08252322315834945	0.12184057031756308
ADA/USDT	2024-04-16 01:15:00+00:00	[0.50,0.75)	0.027963002796300304	0.047537104753710493	0.07012260701226074	0.08388900838890091
ADA/USDT	2024-04-17 01:15:00+00:00	[0.50,0.75)	0.013554875382597375	0.026235242675994776	0.053344993441189405	0.08285964145168341
ADA/USDT	2024-04-18 01:15:00+00:00	[0.50,0.75)	0.016053511705685582	0.020958751393534047	0.04570791527313258	0.05953177257525084
ADA/USDT	2024-04-19 01:15:00+00:00	[0.50,0.75)	0.05120143723332582	0.06108241634852909	0.11430496294632833	0.1192454525039299
ADA/USDT	2024-04-20 01:15:00+00:00	[0.50,0.75)	0.026438240270727605	0.02876480541455161	0.05731810490693742	0.07635363790186118
ADA/USDT	2024-04-21 01:15:00+00:00	[0.25,0.50)	0.013825794983211548	0.01876357890578699	0.029626703535453207	0.049772861939561416
ADA/USDT	2024-04-22 01:15:00+00:00	[0.10,0.25)	0.012830793905372817	0.035485164394546784	0.04290296712109056	0.05553327987169195
ADA/USDT	2024-04-23 01:15:00+00:00	[0.10,0.25)	0.005600617999227527	0.023947470065662353	0.03611432985708777	0.04770181537273089
ADA/USDT	2024-04-24 01:15:00+00:00	[0.10,0.25)	0.011075949367088705	0.025712025316455715	0.03599683544303796	0.08326740506329118
ADA/USDT	2024-04-25 01:15:00+00:00	[0.25,0.50)	0.02028864254340093	0.026354319180087845	0.035348253503451214	0.03764902740012553
ADA/USDT	2024-04-26 01:15:00+00:00	[0.50,0.75)	0.024547803617571105	0.03165374677002594	0.03445305770887169	0.07515073212747629
ADA/USDT	2024-04-27 01:15:00+00:00	[0.75,1.00]	0.018141592920353947	0.025884955752212363	0.025884955752212363	0.04579646017699114
ADA/USDT	2024-04-28 01:15:00+00:00	[0.25,0.50)	0.004888416578108447	0.016365568544101986	0.024867162592986162	0.04293304994686503
ADA/USDT	2024-04-29 01:15:00+00:00	[0.50,0.75)	0.006724511930585665	0.02819956616052063	0.0379609544468547	0.0379609544468547
ADA/USDT	2024-04-30 01:15:00+00:00	[0.50,0.75)	0.020652173913043494	0.021304347826087023	0.0765217391304348	0.0765217391304348
ADA/USDT	2024-05-01 01:15:00+00:00	[0.10,0.25)	0.01569965870307171	0.022980659840728095	0.059613196814562	0.08987485779294649
ADA/USDT	2024-05-02 01:15:00+00:00	[0.25,0.50)	0.01730337078651682	0.02089887640449445	0.0537078651685394	0.0537078651685394
ADA/USDT	2024-05-03 01:15:00+00:00	[0.10,0.25)	0.009986973512809484	0.030612244897959186	0.03647416413373868	0.05948762483716898
ADA/USDT	2024-05-04 01:15:00+00:00	[0.10,0.25)	0.014003819223424559	0.014003819223424559	0.023764056863993185	0.04434542754084442
ADA/USDT	2024-05-05 01:15:00+00:00	[0.50,0.75)	0.00965759438103603	0.012071992976295007	0.021729587357331034	0.03072870939420547
ADA/USDT	2024-05-06 01:15:00+00:00	[0.10,0.25)	0.007412252016568594	0.013516459559625112	0.04796163069544369	0.054065838238500086
ADA/USDT	2024-05-07 01:15:00+00:00	[0.25,0.50)	0.0068447780967100715	0.023846323691764256	0.025171119452417796	0.04504305586222118
ADA/USDT	2024-05-08 01:15:00+00:00	[0.50,0.75)	0.005877034358046996	0.014014466546112204	0.0198915009041592	0.07323688969258586
ADA/USDT	2024-05-09 01:15:00+00:00	[0.50,0.75)	0.008631851532153656	0.011437203280103642	0.03798014674147606	0.03798014674147606
ADA/USDT	2024-05-10 01:15:00+00:00	[0.25,0.50)	0.006040992448759372	0.011218985976267491	0.016181229773462796	0.05544768069039913
ADA/USDT	2024-05-11 01:15:00+00:00	[0.10,0.25)	0.006907308377896718	0.008021390374331657	0.019830659536541933	0.02562388591800359
ADA/USDT	2024-05-12 01:15:00+00:00	[0.00,0.05)	0.0031868882312770597	0.007284315957204599	0.013202822672433352	0.023901661734577757
ADA/USDT	2024-05-13 01:15:00+00:00	[0.05,0.10)	0.016021972991531255	0.02677958342870232	0.06431677729457545	0.06431677729457545
ADA/USDT	2024-05-14 01:15:00+00:00	[0.25,0.50)	0.012577178138577646	0.012577178138577646	0.02446832837868737	0.029270523667962445
ADA/USDT	2024-05-15 01:15:00+00:00	[0.10,0.25)	0.004190919674039636	0.006984866123399307	0.04074505238649583	0.06891734575087302
ADA/USDT	2024-05-16 01:15:00+00:00	[0.10,0.25)	0.004821389436774008	0.018847249616480377	0.02739425816348896	0.03111987727372341
ADA/USDT	2024-05-17 01:15:00+00:00	[0.25,0.50)	0.006573181419807193	0.021910604732690644	0.07515337423312896	0.07515337423312896
ADA/USDT	2024-05-18 01:15:00+00:00	[0.05,0.10)	0.007701915070774431	0.012073272273105803	0.01810990840965859	0.021856786011656974
ADA/USDT	2024-05-19 01:15:00+00:00	[0.05,0.10)	0.004793664026677833	0.010421008753647362	0.029804085035431388	0.04230929553980822
ADA/USDT	2024-05-20 01:15:00+00:00	[0.25,0.50)	0.01784946236559146	0.036344086021505434	0.03741935483870961	0.10688172043010745
ADA/USDT	2024-05-21 01:15:00+00:00	[0.75,1.00]	0.009242515571629594	0.015270243118344377	0.021498894916616412	0.04018485031143274
ADA/USDT	2024-05-22 01:15:00+00:00	[0.25,0.50)	0.006488240064882361	0.026561232765612328	0.040551500405514924	0.040551500405514924
ADA/USDT	2024-05-23 01:15:00+00:00	[0.25,0.50)	0.007464233879328317	0.013684428778768505	0.04022392701637979	0.092266224341696
ADA/USDT	2024-05-24 01:15:00+00:00	[0.75,1.00]	0.007934805918936267	0.01651297447994862	0.03216813210379587	0.03216813210379587
ADA/USDT	2024-05-25 01:15:00+00:00	[0.00,0.05)	0.004999999999999932	0.010869565217391313	0.011304347826086917	0.01630434782608697
ADA/USDT	2024-05-26 01:15:00+00:00	[0.10,0.25)	0.009521748539277125	0.009954555291062525	0.012118589049989166	0.01731227007141313
ADA/USDT	2024-05-27 01:15:00+00:00	[0.10,0.25)	0.010221835580687216	0.014571552849064777	0.018051326663766798	0.04001739886907345
ADA/USDT	2024-05-28 01:15:00+00:00	[0.05,0.10)	0.021836865767501577	0.034467994005566265	0.034467994005566265	0.0372511239563262
ADA/USDT	2024-05-29 01:15:00+00:00	[0.00,0.05)	0.007636919048658091	0.015055640410211568	0.02029238490072	0.03098407156884135
ADA/USDT	2024-05-30 01:15:00+00:00	[0.00,0.05)	0.008397790055248553	0.009944751381215478	0.02740331491712712	0.02740331491712712
ADA/USDT	2024-05-31 01:15:00+00:00	[0.10,0.25)	0.009385474860335278	0.012513966480447038	0.02480446927374314	0.027486033519553147
ADA/USDT	2024-06-01 01:15:00+00:00	[0.25,0.50)	0.004486316733961422	0.008972633467922844	0.011215791834903555	0.018618214445939828
ADA/USDT	2024-06-02 01:15:00+00:00	[0.10,0.25)	0.004415011037527597	0.007947019867549652	0.013686534216335504	0.029801324503311286
ADA/USDT	2024-06-03 01:15:00+00:00	[0.25,0.50)	0.009107063527321175	0.01155042203465135	0.020657485561972524	0.03420701910262111
ADA/USDT	2024-06-04 01:15:00+00:00	[0.10,0.25)	0.0034812880765883168	0.007832898172323742	0.019582245430809418	0.028285465622280268
ADA/USDT	2024-06-05 01:15:00+00:00	[0.10,0.25)	0.009913793103448261	0.010991379310344813	0.015948275862068883	0.018103448275861987
ADA/USDT	2024-06-06 01:15:00+00:00	[0.10,0.25)	0.002818122696726693	0.00823758942120101	0.010622154779969684	0.025146325601560805
ADA/USDT	2024-06-07 01:15:00+00:00	[0.50,0.75)	0.0034896401308614836	0.01853871319520176	0.06761177753544172	0.14111232279171204
ADA/USDT	2024-06-08 01:15:00+00:00	[0.75,1.00]	0.004930524428507351	0.007619901389511461	0.03339309726580014	0.034513670999551826
ADA/USDT	2024-06-09 01:15:00+00:00	[0.25,0.50)	0.006852444038373692	0.015532206486980293	0.02672453174965735	0.03289173138419362
ADA/USDT	2024-06-10 01:15:00+00:00	[0.10,0.25)	0.005647165123108205	0.013327309690535263	0.03704540320758972	0.03704540320758972
ADA/USDT	2024-06-11 01:15:00+00:00	[0.10,0.25)	0.02880471762304375	0.02880471762304375	0.03946473123157184	0.06600136085280112
ADA/USDT	2024-06-12 01:15:00+00:00	[0.25,0.50)	0.018678160919540297	0.028017241379310314	0.06920498084291196	0.07207854406130272
ADA/USDT	2024-06-13 01:15:00+00:00	[0.05,0.10)	0.011194882339501852	0.02695910440941279	0.02695910440941279	0.04523646333104863
ADA/USDT	2024-06-14 01:15:00+00:00	[0.25,0.50)	0.011658339281465525	0.013323816321674979	0.01451344277896739	0.05900547228170352
ADA/USDT	2024-06-15 01:15:00+00:00	[0.75,1.00]	0.005364545232869982	0.01341136308217509	0.018532065349914643	0.018532065349914643
ADA/USDT	2024-06-16 01:15:00+00:00	[0.10,0.25)	0.004117219665778589	0.010414143860498973	0.020343908936788613	0.024945507386776537
ADA/USDT	2024-06-17 01:15:00+00:00	[0.25,0.50)	0.006502890173410357	0.01083815028901735	0.03684971098265891	0.08646435452793831
ADA/USDT	2024-06-18 01:15:00+00:00	[0.75,1.00]	0.08243451463790451	0.08243451463790451	0.08243451463790451	0.08243451463790451
ADA/USDT	2024-06-19 01:15:00+00:00	[0.75,1.00]	0.025071077797880554	0.02946497803049889	0.03592659601964324	0.043680537606616616
ADA/USDT	2024-06-20 01:15:00+00:00	[0.50,0.75)	0.01415701415701417	0.01750321750321743	0.031917631917631833	0.05199485199485198
ADA/USDT	2024-06-21 01:15:00+00:00	[0.50,0.75)	0.006746237675142686	0.016606123508043635	0.03399065905552673	0.05059678256357036
ADA/USDT	2024-06-22 01:15:00+00:00	[0.75,1.00]	0.011537429568017243	0.013415615776764166	0.02012342366514625	0.05017440300509792
ADA/USDT	2024-06-23 01:15:00+00:00	[0.25,0.50)	0.005727675084613329	0.019265816193699603	0.02551418901327787	0.04217651653215321
ADA/USDT	2024-06-24 01:15:00+00:00	[0.50,0.75)	0.007370360621216174	0.02974466964990781	0.05448802316399051	0.05448802316399051
ADA/USDT	2024-06-25 01:15:00+00:00	[0.75,1.00]	0.027462371270134726	0.032215473989965646	0.046210720887245885	0.052548191180353775
ADA/USDT	2024-06-26 01:15:00+00:00	[0.10,0.25)	0.009706257982119975	0.016347381864623287	0.02401021711366544	0.03601532567049809
ADA/USDT	2024-06-27 01:15:00+00:00	[0.50,0.75)	0.007031249999999948	0.01614583333333329	0.0427083333333334	0.0427083333333334
ADA/USDT	2024-06-28 01:15:00+00:00	[0.10,0.25)	0.009155645981688687	0.020600203458799583	0.027466937945066206	0.030264496439471062
ADA/USDT	2024-06-29 01:15:00+00:00	[0.50,0.75)	0.02218209956151663	0.04178488522053132	0.04178488522053132	0.0575187000257931
ADA/USDT	2024-06-30 01:15:00+00:00	[0.50,0.75)	0.01096033402922751	0.012526096033402847	0.02766179540709812	0.05454070981210849
ADA/USDT	2024-07-01 01:15:00+00:00	[0.75,1.00]	0.005260521042084285	0.01177354709418847	0.018537074148296497	0.03281563126252505
ADA/USDT	2024-07-02 01:15:00+00:00	[0.25,0.50)	0.005174963035978292	0.011335633316904863	0.03302119270576644	0.046081813701330694
ADA/USDT	2024-07-03 01:15:00+00:00	[0.25,0.50)	0.009954965631666228	0.029390850912538437	0.0483526902109504	0.05309315003555339
ADA/USDT	2024-07-04 01:15:00+00:00	[0.75,1.00]	0.04595997034840624	0.04595997034840624	0.07635285396590062	0.15789473684210528
ADA/USDT	2024-07-05 01:15:00+00:00	[0.75,1.00]	0.0380228136882128	0.09944428195378759	0.09944428195378759	0.12342790289558356
ADA/USDT	2024-07-06 01:15:00+00:00	[0.50,0.75)	0.013394129381590304	0.015673981191222586	0.037902536335138313	0.07666001709888867
ADA/USDT	2024-07-07 01:15:00+00:00	[0.50,0.75)	0.012251565477811064	0.019602504764497795	0.04029403757146756	0.11216988837462569
ADA/USDT	2024-07-08 01:15:00+00:00	[0.75,1.00]	0.024918421833283945	0.05191337881934149	0.13586472856719076	0.13586472856719076
ADA/USDT	2024-07-09 01:15:00+00:00	[0.25,0.50)	0.013369713506139197	0.02755798090040927	0.0381991814461119	0.049931787175989194
ADA/USDT	2024-07-10 01:15:00+00:00	[0.25,0.50)	0.00639147802929431	0.03009320905459396	0.0319573901464714	0.045805592543275764
ADA/USDT	2024-07-11 01:15:00+00:00	[0.50,0.75)	0.017201540436456955	0.02926829268292674	0.04672657252888317	0.052888318356867796
ADA/USDT	2024-07-12 01:15:00+00:00	[0.50,0.75)	0.018977732793522283	0.022014170040485934	0.03491902834008106	0.06022267206477744
ADA/USDT	2024-07-13 01:15:00+00:00	[0.25,0.50)	0.008427642667950886	0.019503973031543453	0.03563688899590666	0.08403563688899601
ADA/USDT	2024-07-14 01:15:00+00:00	[0.25,0.50)	0.021605640209233588	0.02842847395951788	0.03547873550147829	0.03547873550147829
ADA/USDT	2024-07-15 01:15:00+00:00	[0.25,0.50)	0.005733944954128446	0.015137614678899071	0.025917431192660625	0.03646788990825694
ADA/USDT	2024-07-16 01:15:00+00:00	[0.50,0.75)	0.010969330646966554	0.028206850235057087	0.05865233937765839	0.05865233937765839
ADA/USDT	2024-07-17 01:15:00+00:00	[0.50,0.75)	0.008962581223392345	0.02083800134438713	0.02307864665023534	0.04862200313690342
ADA/USDT	2024-07-18 01:15:00+00:00	[0.25,0.50)	0.01333333333333337	0.01988700564971758	0.03435028248587568	0.07977401129943502
ADA/USDT	2024-07-19 01:15:00+00:00	[0.50,0.75)	0.01142857142857136	0.022142857142857086	0.030476190476190556	0.06404761904761913
ADA/USDT	2024-07-20 01:15:00+00:00	[0.25,0.50)	0.005503324925475839	0.015592753955514729	0.032790644347626775	0.03301994955285491
ADA/USDT	2024-07-21 01:15:00+00:00	[0.05,0.10)	0.005491990846681952	0.016247139588100677	0.024256292906178485	0.07734553775743706
ADA/USDT	2024-07-22 01:15:00+00:00	[0.75,1.00]	0.01286391333784695	0.022116903633491256	0.03385240352065	0.04671631685849695
ADA/USDT	2024-07-23 01:15:00+00:00	[0.25,0.50)	0.008177570093457952	0.02499999999999997	0.02803738317756999	0.06261682242990652
ADA/USDT	2024-07-24 01:15:00+00:00	[0.10,0.25)	0.009519160361239967	0.011471808640468591	0.03758847937515261	0.0759092018550159
ADA/USDT	2024-07-25 01:15:00+00:00	[0.75,1.00]	0.013424518743667608	0.017223910840932048	0.022543059777102237	0.04457953394123608
ADA/USDT	2024-07-26 01:15:00+00:00	[0.75,1.00]	0.016298896690070227	0.028335005015045076	0.04889669007021068	0.05466399197592775
ADA/USDT	2024-07-27 01:15:00+00:00	[0.10,0.25)	0.005306319343945923	0.01061263868789198	0.02580800771828265	0.04003859141341052
ADA/USDT	2024-07-28 01:15:00+00:00	[0.50,0.75)	0.006668254346272981	0.02834008097165997	0.02834008097165997	0.03905691831388432
ADA/USDT	2024-07-29 01:15:00+00:00	[0.75,1.00]	0.013018322082931438	0.03760848601735777	0.03760848601735777	0.06943105110896829
ADA/USDT	2024-07-30 01:15:00+00:00	[0.25,0.50)	0.014292755051749697	0.015032035485460804	0.017003449975357226	0.031789058649580995
ADA/USDT	2024-07-31 01:15:00+00:00	[0.25,0.50)	0.01362397820163489	0.02179836512261574	0.02179836512261574	0.051275699777062166
ADA/USDT	2024-08-01 01:15:00+00:00	[0.05,0.10)	0.012596401028277674	0.029562982005141413	0.04421593830334188	0.0712082262210797
ADA/USDT	2024-08-02 01:15:00+00:00	[0.75,1.00]	0.020539152759948668	0.02284980744544278	0.037997432605904956	0.09293966623876754
ADA/USDT	2024-08-03 01:15:00+00:00	[0.50,0.75)	0.014103982300884938	0.020464601769911554	0.03318584070796463	0.0666482300884956
ADA/USDT	2024-08-04 01:15:00+00:00	[0.75,1.00]	0.012686155543298536	0.018753447324875976	0.03364589078874806	0.18670711527854397
ADA/USDT	2024-08-05 01:15:00+00:00	[0.75,1.00]	0.04651162790697675	0.06498884995221417	0.13794201975151324	0.17617075501752155
ADA/USDT	2024-08-06 01:15:00+00:00	[0.75,1.00]	0.01585365853658548	0.01890243902439036	0.04725609756097565	0.05396341463414632
ADA/USDT	2024-08-07 01:15:00+00:00	[0.25,0.50)	0.024271844660194195	0.03064320388349514	0.03489077669902916	0.07554611650485447
ADA/USDT	2024-08-08 01:15:00+00:00	[0.50,0.75)	0.041142155357691196	0.042677310408351314	0.043905434448879274	0.08566165182683445
ADA/USDT	2024-08-09 01:15:00+00:00	[0.75,1.00]	0.014852899171665187	0.02856326763781779	0.04284490145672653	0.05141388174807186
ADA/USDT	2024-08-10 01:15:00+00:00	[0.05,0.10)	0.006920415224913533	0.010668973471741743	0.011245674740484471	0.013552479815455543
ADA/USDT	2024-08-11 01:15:00+00:00	[0.00,0.05)	0.006065857885615385	0.015309069901790949	0.04101675332177929	0.0875216637781629
ADA/USDT	2024-08-12 01:15:00+00:00	[0.25,0.50)	0.006344410876132902	0.007250755287009103	0.0501510574018127	0.05317220543806648
ADA/USDT	2024-08-13 01:15:00+00:00	[0.50,0.75)	0.011477339611536241	0.021777516185991812	0.030606238964096588	0.04267216009417308
ADA/USDT	2024-08-14 01:15:00+00:00	[0.25,0.50)	0.006532066508313479	0.017220902612826522	0.028503562945368165	0.044239904988123586
ADA/USDT	2024-08-15 01:15:00+00:00	[0.25,0.50)	0.01127261940077136	0.017798872738059936	0.02462177395431615	0.06377929397804795
ADA/USDT	2024-08-16 01:15:00+00:00	[0.25,0.50)	0.008682170542635734	0.01984496124031013	0.07844961240310074	0.07844961240310074
ADA/USDT	2024-08-17 01:15:00+00:00	[0.25,0.50)	0.006682867557715613	0.01032806804374228	0.02187120291616034	0.03462940461725385
ADA/USDT	2024-08-18 01:15:00+00:00	[0.10,0.25)	0.0068452380952380015	0.014583333333333379	0.02172619047619056	0.022023809523809574
ADA/USDT	2024-08-19 01:15:00+00:00	[0.50,0.75)	0.005680119581464911	0.009865470852018011	0.025411061285500768	0.047832585949177914
ADA/USDT	2024-08-20 01:15:00+00:00	[0.50,0.75)	0.0055425904317386605	0.01458576429404886	0.01458576429404886	0.0382147024504084
ADA/USDT	2024-08-21 01:15:00+00:00	[0.10,0.25)	0.006102877070618979	0.04736995059575699	0.04998546934030803	0.09938971229293812
ADA/USDT	2024-08-22 01:15:00+00:00	[0.10,0.25)	0.009908944831280226	0.023567220139260926	0.03133369041242632	0.040974825923942096
ADA/USDT	2024-08-23 01:15:00+00:00	[0.25,0.50)	0.007714817770683581	0.009044958765629047	0.03804203245544037	0.054801808991753145
ADA/USDT	2024-08-24 01:15:00+00:00	[0.25,0.50)	0.009235505387378122	0.012570548999486956	0.02206259620318111	0.037198563365828524
ADA/USDT	2024-08-25 01:15:00+00:00	[0.50,0.75)	0.015237603305785167	0.01911157024793393	0.0322830578512397	0.03564049586776854
ADA/USDT	2024-08-26 01:15:00+00:00	[0.25,0.50)	0.019185895773917598	0.019185895773917598	0.03992740471869335	0.05185377236193938
ADA/USDT	2024-08-27 01:15:00+00:00	[0.10,0.25)	0.012432432432432413	0.013783783783783766	0.03432432432432429	0.08378378378378386
ADA/USDT	2024-08-28 01:15:00+00:00	[0.75,1.00]	0.009758897818599352	0.020091848450057424	0.04850746268656708	0.05740528128587819
ADA/USDT	2024-08-29 01:15:00+00:00	[0.25,0.50)	0.00825740318906594	0.01765375854214118	0.04157175398633258	0.0526765375854213
ADA/USDT	2024-08-30 01:15:00+00:00	[0.25,0.50)	0.013771781899943832	0.019673974142776857	0.032602585722315905	0.0649241146711636
ADA/USDT	2024-08-31 01:15:00+00:00	[0.00,0.05)	0.003458213256484089	0.014409221902017304	0.014697406340057619	0.022190201729106587
ADA/USDT	2024-09-01 01:15:00+00:00	[0.10,0.25)	0.010498687664042133	0.016039661708953063	0.018664333624963433	0.05336832895888009
ADA/USDT	2024-09-02 01:15:00+00:00	[0.75,1.00]	0.005403782647853569	0.022215550885619988	0.03422395676973871	0.03722605824076844
ADA/USDT	2024-09-03 01:15:00+00:00	[0.10,0.25)	0.016681560917485832	0.02055406613047369	0.03485254691689005	0.1036639857015192
ADA/USDT	2024-09-04 01:15:00+00:00	[0.75,1.00]	0.011813537675606582	0.013409961685823696	0.04022988505747127	0.05395913154533835
ADA/USDT	2024-09-05 01:15:00+00:00	[0.10,0.25)	0.008964451313755837	0.017928902627511675	0.05378670788253469	0.0636785162287481
ADA/USDT	2024-09-06 01:15:00+00:00	[0.25,0.50)	0.0067505369745320025	0.01810371279533587	0.04418533292420978	0.0874501380791653
ADA/USDT	2024-09-07 01:15:00+00:00	[0.75,1.00]	0.00665188470066516	0.027241051631295525	0.032309154260373736	0.04371238517579975
ADA/USDT	2024-09-08 01:15:00+00:00	[0.25,0.50)	0.005782105903834488	0.01765063907486297	0.038953134510042536	0.061472915398660975
ADA/USDT	2024-09-09 01:15:00+00:00	[0.75,1.00]	0.013808975834292206	0.021288837744533835	0.028481012658227743	0.032508630609896366
ADA/USDT	2024-09-10 01:15:00+00:00	[0.50,0.75)	0.008526903851808331	0.011173184357541974	0.022346368715083786	0.024404586886210024
ADA/USDT	2024-09-11 01:15:00+00:00	[0.05,0.10)	0.01375073142188409	0.023990637799883092	0.02574605032182572	0.0813341135166764
ADA/USDT	2024-09-12 01:15:00+00:00	[0.75,1.00]	0.012917719741645585	0.016006739679865156	0.02386969952260603	0.027239539455209325
ADA/USDT	2024-09-13 01:15:00+00:00	[0.25,0.50)	0.005917159763313583	0.011834319526627167	0.02113271344040577	0.04142011834319524
ADA/USDT	2024-09-14 01:15:00+00:00	[0.10,0.25)	0.004711751662971117	0.010532150776053132	0.022727272727272686	0.027716186252771644
ADA/USDT	2024-09-15 01:15:00+00:00	[0.00,0.05)	0.0036723163841807004	0.01073446327683623	0.025706214689265528	0.06497175141242945
ADA/USDT	2024-09-16 01:15:00+00:00	[0.50,0.75)	0.01132975551580194	0.017292784734645118	0.022659511031604043	0.03339296362552173
ADA/USDT	2024-09-17 01:15:00+00:00	[0.25,0.50)	0.006367495451788935	0.013947847180109137	0.01940570042449958	0.04123711340206186
ADA/USDT	2024-09-18 01:15:00+00:00	[0.10,0.25)	0.004194128220491349	0.018573996405033072	0.03235470341521879	0.07249850209706411
ADA/USDT	2024-09-19 01:15:00+00:00	[0.75,1.00]	0.01379310344827594	0.01379310344827594	0.019540229885057554	0.03275862068965524
ADA/USDT	2024-09-20 01:15:00+00:00	[0.10,0.25)	0.0060085836909872575	0.03376251788268965	0.03376251788268965	0.03376251788268965
ADA/USDT	2024-09-21 01:15:00+00:00	[0.05,0.10)	0.009052333804809154	0.013012729844413151	0.014710042432814818	0.025459688826025485
ADA/USDT	2024-09-22 01:15:00+00:00	[0.10,0.25)	0.008928571428571374	0.017857142857142905	0.023995535714285705	0.04492187500000001
ADA/USDT	2024-09-23 01:15:00+00:00	[0.75,1.00]	0.009049773755656054	0.02545248868778267	0.027432126696832537	0.04213800904977382
ADA/USDT	2024-09-24 01:15:00+00:00	[0.25,0.50)	0.011357340720221586	0.014681440443213371	0.041828254847645435	0.09362880886426592
ADA/USDT	2024-09-25 01:15:00+00:00	[0.25,0.50)	0.0064004096262160835	0.021249359959037453	0.0363543266769073	0.04121863799283155
ADA/USDT	2024-09-26 01:15:00+00:00	[0.25,0.50)	0.016811137378513166	0.023903335960073543	0.053585500394010964	0.0722353559232991
ADA/USDT	2024-09-27 01:15:00+00:00	[0.75,1.00]	0.013349814585908431	0.02027194066749069	0.03881334981458589	0.040791100123609425
ADA/USDT	2024-09-28 01:15:00+00:00	[0.00,0.05)	0.006704742984852198	0.014402781226719572	0.03402036255276879	0.03402036255276879
ADA/USDT	2024-09-29 01:15:00+00:00	[0.25,0.50)	0.010833963214915662	0.011085915847820649	0.020408163265306114	0.03577727387251194
ADA/USDT	2024-09-30 01:15:00+00:00	[0.75,1.00]	0.01602645637242425	0.019587891121851907	0.03128974815568552	0.05901806156194352
ADA/USDT	2024-10-01 01:15:00+00:00	[0.75,1.00]	0.013445821249670427	0.023200632744529326	0.030319008700237304	0.11494858950698662
ADA/USDT	2024-10-02 01:15:00+00:00	[0.50,0.75)	0.005897219882055576	0.018534119629317593	0.04858185902836277	0.07722549845548994
ADA/USDT	2024-10-03 01:15:00+00:00	[0.25,0.50)	0.010659752232786045	0.010659752232786045	0.05128205128205139	0.05128205128205139
ADA/USDT	2024-10-04 01:15:00+00:00	[0.50,0.75)	0.009496402877697756	0.012374100719424377	0.03280575539568352	0.03280575539568352
ADA/USDT	2024-10-05 01:15:00+00:00	[0.25,0.50)	0.006515580736543979	0.016997167138810214	0.020396600566572193	0.029461756373937737
ADA/USDT	2024-10-06 01:15:00+00:00	[0.50,0.75)	0.005113636363636431	0.011647727272727252	0.012215909090909166	0.044886363636363745
ADA/USDT	2024-10-07 01:15:00+00:00	[0.75,1.00]	0.013472642287599711	0.014572449821281197	0.041792686279900994	0.050316194665933414
ADA/USDT	2024-10-08 01:15:00+00:00	[0.50,0.75)	0.008747178329571084	0.015237020316026976	0.03132054176072235	0.04571106094808124
ADA/USDT	2024-10-09 01:15:00+00:00	[0.10,0.25)	0.005484988452655926	0.012124711316397176	0.03031177829099294	0.040993071593533464
ADA/USDT	2024-10-10 01:15:00+00:00	[0.50,0.75)	0.004122497055359282	0.009422850412249648	0.022379269729093036	0.03150765606595991
ADA/USDT	2024-10-11 01:15:00+00:00	[0.25,0.50)	0.010318396226415104	0.01562500000000008	0.027417452830188604	0.0495283018867924
ADA/USDT	2024-10-12 01:15:00+00:00	[0.00,0.05)	0.0036868973340896858	0.008224617129892267	0.016165626772546744	0.016732841747022168
ADA/USDT	2024-10-13 01:15:00+00:00	[0.00,0.05)	0.0031205673758864963	0.01588652482269502	0.02241134751773039	0.043404255319148884
ADA/USDT	2024-10-14 01:15:00+00:00	[0.25,0.50)	0.013844822613210184	0.04326507066628212	0.04326507066628212	0.06864724545716755
ADA/USDT	2024-10-15 01:15:00+00:00	[0.10,0.25)	0.009095920617419982	0.01736493936052914	0.03665931642778384	0.06504961411245869
ADA/USDT	2024-10-16 01:15:00+00:00	[0.75,1.00]	0.009441821716189987	0.01943904470980285	0.028325465148569807	0.028603165787281247
ADA/USDT	2024-10-17 01:15:00+00:00	[0.25,0.50)	0.010206974766090296	0.013042245534448677	0.03629146583498734	0.04479727814006248
ADA/USDT	2024-10-18 01:15:00+00:00	[0.25,0.50)	0.009490940465918968	0.01581823410986484	0.017831463905665916	0.026171987345412703
ADA/USDT	2024-10-19 01:15:00+00:00	[0.50,0.75)	0.009359047078842952	0.014463981849120797	0.02155416903006238	0.022121384004537642
ADA/USDT	2024-10-20 01:15:00+00:00	[0.05,0.10)	0.004273504273504277	0.009686609686609728	0.01794871794871787	0.0609686609686609
ADA/USDT	2024-10-21 01:15:00+00:00	[0.75,1.00]	0.005965292841648535	0.021963123644251615	0.04311279826464215	0.053687635574837266
ADA/USDT	2024-10-22 01:15:00+00:00	[0.50,0.75)	0.014568444200109871	0.015942825728422132	0.030786146234194577	0.0360087960417812
ADA/USDT	2024-10-23 01:15:00+00:00	[0.25,0.50)	0.007140895358417994	0.014831090359791311	0.048338368580060284	0.07388080197747866
ADA/USDT	2024-10-24 01:15:00+00:00	[0.50,0.75)	0.006223479490806323	0.008769448373408746	0.041301272984441306	0.041301272984441306
ADA/USDT	2024-10-25 01:15:00+00:00	[0.50,0.75)	0.010130246020260502	0.015340086830680253	0.025180897250361916	0.09580318379160643
ADA/USDT	2024-10-26 01:15:00+00:00	[0.75,1.00]	0.01032179720704315	0.02034001214329078	0.020643594414086135	0.03430479659987866
ADA/USDT	2024-10-27 01:15:00+00:00	[0.10,0.25)	0.005736714975845282	0.010869565217391281	0.02264492753623174	0.034722222222222085
ADA/USDT	2024-10-28 01:15:00+00:00	[0.10,0.25)	0.003846153846153915	0.019822485207100542	0.031065088757396477	0.05236686390532542
ADA/USDT	2024-10-29 01:15:00+00:00	[0.25,0.50)	0.012724117987275926	0.01677270098322738	0.018218623481781458	0.04569115095430879
ADA/USDT	2024-10-30 01:15:00+00:00	[0.75,1.00]	0.02187324733595057	0.02187324733595057	0.037296690970274764	0.037296690970274764
ADA/USDT	2024-10-31 01:15:00+00:00	[0.10,0.25)	0.012324929971988682	0.015966386554621802	0.024649859943977677	0.06302521008403367
ADA/USDT	2024-11-01 01:15:00+00:00	[0.10,0.25)	0.02091310751104564	0.025036818851251863	0.059499263622974946	0.08512518409425619
ADA/USDT	2024-11-02 01:15:00+00:00	[0.75,1.00]	0.006925207756232694	0.02465373961218842	0.03601108033241	0.054293628808864285
ADA/USDT	2024-11-03 01:15:00+00:00	[0.75,1.00]	0.012416979497545395	0.03234190008663006	0.036962171527577185	0.054865723361247364
ADA/USDT	2024-11-04 01:15:00+00:00	[0.25,0.50)	0.01043219076005962	0.019672131147540968	0.023546944858420155	0.049776453055141556
ADA/USDT	2024-11-05 01:15:00+00:00	[0.50,0.75)	0.011922959339651528	0.017425863650259808	0.02201161724243346	0.05044328951391017
ADA/USDT	2024-11-06 01:15:00+00:00	[0.75,1.00]	0.02200058668231155	0.06981519507186855	0.07832208858902905	0.08917571135230268
ADA/USDT	2024-11-07 01:15:00+00:00	[0.75,1.00]	0.015701136978884752	0.02490525175961029	0.03438007579859228	0.1491608012994044
ADA/USDT	2024-11-08 01:15:00+00:00	[0.75,1.00]	0.029243937232525045	0.050404184498335836	0.08345221112696154	0.11935330480266293
ADA/USDT	2024-11-09 01:15:00+00:00	[0.50,0.75)	0.017095965352176903	0.029177114201048505	0.034191930704353675	0.2092546159106451
ADA/USDT	2024-11-10 01:15:00+00:00	[0.75,1.00]	0.03072136885086511	0.16721757728951966	0.2899086136496209	0.2899086136496209
ADA/USDT	2024-11-11 01:15:00+00:00	[0.75,1.00]	0.023702219996661646	0.05641796027374404	0.11233516942079791	0.11233516942079791
ADA/USDT	2024-11-12 01:15:00+00:00	[0.75,1.00]	0.01985743380855386	0.033944331296673486	0.15970807875084855	0.1712491513917176
ADA/USDT	2024-11-13 01:15:00+00:00	[0.75,1.00]	0.027877055039313703	0.07094353109363824	0.07433881343817007	0.16190135811293785
ADA/USDT	2024-11-14 01:15:00+00:00	[0.50,0.75)	0.025267590805404597	0.03281277417090726	0.07106509914020001	0.10229864888576948
ADA/USDT	2024-11-15 01:15:00+00:00	[0.75,1.00]	0.025853154084798366	0.04705274043433297	0.20699758703895205	0.29627714581178893
ADA/USDT	2024-11-16 01:15:00+00:00	[0.75,1.00]	0.03221739739459311	0.06891721529626	0.10743801652892561	0.15604426390250745
ADA/USDT	2024-11-17 01:15:00+00:00	[0.75,1.00]	0.07229402261712435	0.07229402261712435	0.07229402261712435	0.07956381260096922
ADA/USDT	2024-11-18 01:15:00+00:00	[0.50,0.75)	0.04111313103062506	0.06586491399804228	0.09649000139840591	0.09649000139840591
ADA/USDT	2024-11-19 01:15:00+00:00	[0.50,0.75)	0.013380186511690796	0.03081497499662122	0.04730368968779569	0.0774428976888769
ADA/USDT	2024-11-20 01:15:00+00:00	[0.75,1.00]	0.02122363421983492	0.07061443731167293	0.12891392637233073	0.12891392637233073
ADA/USDT	2024-11-21 01:15:00+00:00	[0.50,0.75)	0.04116465863453822	0.04731425702811254	0.05572289156626506	0.10943775100401613
ADA/USDT	2024-11-22 01:15:00+00:00	[0.75,1.00]	0.055214723926380445	0.06972628598395474	0.10724398301085415	0.36963190184049066
ADA/USDT	2024-11-23 01:15:00+00:00	[0.75,1.00]	0.03702717101758131	0.08062511099271887	0.08062511099271887	0.11267980820458179
ADA/USDT	2024-11-24 01:15:00+00:00	[0.50,0.75)	0.029466791393826085	0.03844714686623025	0.1509822263797943	0.1509822263797943
ADA/USDT	2024-11-25 01:15:00+00:00	[0.50,0.75)	0.020663680781758943	0.10168973941368088	0.10168973941368088	0.1510586319218242
ADA/USDT	2024-11-26 01:15:00+00:00	[0.75,1.00]	0.00904512282865651	0.01983759893103092	0.11882002261280711	0.11882002261280711
ADA/USDT	2024-11-27 01:15:00+00:00	[0.25,0.50)	0.020086234094016202	0.03827952466084761	0.09180776106846139	0.10968556104742881
ADA/USDT	2024-11-28 01:15:00+00:00	[0.25,0.50)	0.016122689736531623	0.04217459693275652	0.0484663782933542	0.07923712151002753
ADA/USDT	2024-11-29 01:15:00+00:00	[0.50,0.75)	0.02107572000762923	0.025367156208277664	0.04892237268739262	0.060938394049208325
ADA/USDT	2024-11-30 01:15:00+00:00	[0.25,0.50)	0.0245387281071462	0.03193781024632389	0.08925728200805463	0.09571977147138694
ADA/USDT	2024-12-01 01:15:00+00:00	[0.50,0.75)	0.017431451992838937	0.030151700744369934	0.037972298124941115	0.14322057853575795
ADA/USDT	2024-12-02 01:15:00+00:00	[0.75,1.00]	0.043825706594885626	0.06317294751009417	0.11305518169582777	0.2045760430686407
ADA/USDT	2024-12-03 01:15:00+00:00	[0.75,1.00]	0.035022757077837	0.04929414487387184	0.074365501812852	0.14371673223790798
ADA/USDT	2024-12-04 01:15:00+00:00	[0.50,0.75)	0.02661978905072832	0.033484011384563896	0.04796584630838785	0.10706512640214307
ADA/USDT	2024-12-05 01:15:00+00:00	[0.75,1.00]	0.022841965471447585	0.1022576361221781	0.1022576361221781	0.10686144311642323
ADA/USDT	2024-12-06 01:15:00+00:00	[0.25,0.50)	0.013448363359553435	0.021398968112999982	0.05683836589698059	0.08787955679607554
ADA/USDT	2024-12-07 01:15:00+00:00	[0.05,0.10)	0.009351160692314064	0.023541957181527493	0.03182675744401621	0.032729062423099045
ADA/USDT	2024-12-08 01:15:00+00:00	[0.05,0.10)	0.018338108882521468	0.025214899713466996	0.042325010233319756	0.048219402374130124
ADA/USDT	2024-12-09 01:15:00+00:00	[0.10,0.25)	0.01744284504657085	0.027519051651143264	0.07544453852667246	0.23082133784928033
ADA/USDT	2024-12-10 01:15:00+00:00	[0.75,1.00]	0.02813147764287816	0.08015003454742864	0.09278452275194955	0.12614746816701217
ADA/USDT	2024-12-11 01:15:00+00:00	[0.50,0.75)	0.022904683648315514	0.047247329498767504	0.11298274445357447	0.1451314708299096
ADA/USDT	2024-12-12 01:15:00+00:00	[0.00,0.05)	0.013711235851660912	0.07711419895095252	0.09873930247538415	0.09873930247538415
ADA/USDT	2024-12-13 01:15:00+00:00	[0.25,0.50)	0.018650575973669953	0.027061620040226796	0.040135308100201175	0.0480892302066191
ADA/USDT	2024-12-14 01:15:00+00:00	[0.10,0.25)	0.012229705778092905	0.02162353775256999	0.06150301311591626	0.07984757178305571
ADA/USDT	2024-12-15 01:15:00+00:00	[0.05,0.10)	0.014104372355430094	0.015702867889045548	0.05453690644099676	0.07531734837799724
ADA/USDT	2024-12-16 01:15:00+00:00	[0.75,1.00]	0.029084996838587306	0.039653147863788325	0.05862162406286691	0.06647999277391373
ADA/USDT	2024-12-17 01:15:00+00:00	[0.50,0.75)	0.007917287630402338	0.01667287630402366	0.052347242921013434	0.06603949329359182
ADA/USDT	2024-12-18 01:15:00+00:00	[0.50,0.75)	0.021895734597156304	0.04104265402843592	0.04236966824644547	0.09639810426540275
ADA/USDT	2024-12-19 01:15:00+00:00	[0.25,0.50)	0.05352345525935106	0.06881587104773713	0.07429220913411859	0.14620789419301505
ADA/USDT	2024-12-20 01:15:00+00:00	[0.25,0.50)	0.03021761190664116	0.04295861991205324	0.17657007554402973	0.2227985116698613
ADA/USDT	2024-12-21 01:15:00+00:00	[0.75,1.00]	0.015239707905598561	0.025187850566197528	0.10530214837548951	0.1176844110487882
ADA/USDT	2024-12-22 01:15:00+00:00	[0.10,0.25)	0.020532741398446252	0.03995560488346285	0.061154273029966746	0.07325194228634857
ADA/USDT	2024-12-23 01:15:00+00:00	[0.25,0.50)	0.03264467526538062	0.06003880835521057	0.06003880835521057	0.09085720808126926
ADA/USDT	2024-12-24 01:15:00+00:00	[0.25,0.50)	0.02383295069421673	0.025582158084617883	0.027550016398819287	0.06439269705914502
ADA/USDT	2024-12-25 01:15:00+00:00	[0.10,0.25)	0.012525425543303761	0.016593512471898157	0.036077507761481706	0.043143132426935016
ADA/USDT	2024-12-26 01:15:00+00:00	[0.05,0.10)	0.01215372823825687	0.029453629694514316	0.06252052994634832	0.07325084857111569
ADA/USDT	2024-12-27 01:15:00+00:00	[0.05,0.10)	0.013449275362318774	0.017623188405797092	0.06713043478260863	0.06713043478260863
ADA/USDT	2024-12-28 01:15:00+00:00	[0.25,0.50)	0.01083074086876377	0.018435303606406283	0.01947228943426665	0.0389445788685333
ADA/USDT	2024-12-29 01:15:00+00:00	[0.10,0.25)	0.00564588979223126	0.013437217705510412	0.02924570912375794	0.06921860885275521
ADA/USDT	2024-12-30 01:15:00+00:00	[0.50,0.75)	0.034796273431361574	0.04501066337411609	0.05286788640700418	0.08440902458188354
ADA/USDT	2024-12-31 01:15:00+00:00	[0.25,0.50)	0.010891205059140515	0.021431080922824797	0.04415036889565518	0.046141234336573356
SOL/USDT	2023-01-01 00:00:00+00:00	[0.50,0.75)	0.013065326633165909	0.020100502512562745	0.04020100502512566	0.04020100502512566
SOL/USDT	2023-01-02 00:00:00+00:00	[0.10,0.25)	0.008048289738430591	0.023138832997987795	0.2203219315895372	0.2203219315895372
SOL/USDT	2023-01-03 00:00:00+00:00	[0.50,0.75)	0.008849557522123862	0.030088495575221225	0.09292035398230095	0.2575221238938053
SOL/USDT	2023-01-04 00:00:00+00:00	[0.75,1.00]	0.03645833333333335	0.056547619047619166	0.07068452380952389	0.1049107142857143
SOL/USDT	2023-01-05 00:00:00+00:00	[0.75,1.00]	0.029940119760478938	0.029940119760478938	0.040419161676646775	0.07035928143712585
SOL/USDT	2023-01-06 00:00:00+00:00	[0.75,1.00]	0.021788129226145824	0.03305785123966938	0.05334335086401208	0.06836964688204358
SOL/USDT	2023-01-07 00:00:00+00:00	[0.50,0.75)	0.011931394481730064	0.017151379567486982	0.026845637583892575	0.03579418344519019
SOL/USDT	2023-01-08 00:00:00+00:00	[0.25,0.50)	0.019083969465648856	0.04503816793893129	0.07099236641221372	0.16335877862595424
SOL/USDT	2023-01-09 00:00:00+00:00	[0.75,1.00]	0.02628032345013481	0.1623989218328841	0.1623989218328841	0.19474393530997308
SOL/USDT	2023-01-10 00:00:00+00:00	[0.50,0.75)	0.017062766605728284	0.06276660572821458	0.06276660572821458	0.07068860450944547
SOL/USDT	2023-01-11 00:00:00+00:00	[0.50,0.75)	0.015479876160990714	0.028482972136222855	0.029721362229102086	0.08606811145510851
SOL/USDT	2023-01-12 00:00:00+00:00	[0.75,1.00]	0.053020961775585664	0.053020961775585664	0.06843403205918616	0.09001233045622693
SOL/USDT	2023-01-13 00:00:00+00:00	[0.50,0.75)	0.0315342631898122	0.047301394784718086	0.06428138265615539	0.14311704063068525
SOL/USDT	2023-01-14 00:00:00+00:00	[0.75,1.00]	0.1499729290741743	0.24363833243096916	0.3465078505684894	0.3470492690850027
SOL/USDT	2023-01-15 00:00:00+00:00	[0.75,1.00]	0.10201563142739616	0.10201563142739616	0.12422871246400657	0.12422871246400657
SOL/USDT	2023-01-16 00:00:00+00:00	[0.50,0.75)	0.0455729166666667	0.07552083333333343	0.11067708333333337	0.11718749999999997
SOL/USDT	2023-01-17 00:00:00+00:00	[0.25,0.50)	0.04349662162162167	0.04349662162162167	0.04856418918918928	0.052787162162162164
SOL/USDT	2023-01-18 00:00:00+00:00	[0.50,0.75)	0.019289785181937805	0.03244191144234978	0.053046909250328685	0.14511179307321345
SOL/USDT	2023-01-19 00:00:00+00:00	[0.75,1.00]	0.017568850902184283	0.03798670465337135	0.04700854700854694	0.06980056980056976
SOL/USDT	2023-01-20 00:00:00+00:00	[0.25,0.50)	0.015094339622641523	0.029245283018867974	0.03349056603773589	0.23301886792452836
SOL/USDT	2023-01-21 00:00:00+00:00	[0.75,1.00]	0.03132530120481933	0.03132530120481933	0.09236947791164662	0.09236947791164662
SOL/USDT	2023-01-22 00:00:00+00:00	[0.75,1.00]	0.01170298627925743	0.025423728813559282	0.032687651331719074	0.0786924939467312
SOL/USDT	2023-01-23 00:00:00+00:00	[0.75,1.00]	0.016977225672877853	0.0335403726708074	0.0335403726708074	0.05093167701863356
SOL/USDT	2023-01-24 00:00:00+00:00	[0.10,0.25)	0.012815212897891637	0.046300124018189226	0.046300124018189226	0.12360479536998753
SOL/USDT	2023-01-25 00:00:00+00:00	[0.75,1.00]	0.02419709634843806	0.032996040475142985	0.0717113946326442	0.14034315882094153
SOL/USDT	2023-01-26 00:00:00+00:00	[0.75,1.00]	0.019433198380566674	0.03279352226720643	0.04736842105263165	0.06072874493927126
SOL/USDT	2023-01-27 00:00:00+00:00	[0.05,0.10)	0.023741301678264506	0.04789193614408521	0.04789193614408521	0.06917724109701193
SOL/USDT	2023-01-28 00:00:00+00:00	[0.25,0.50)	0.020164609053498022	0.024279835390946497	0.044032921810699455	0.06337448559670779
SOL/USDT	2023-01-29 00:00:00+00:00	[0.05,0.10)	0.03271812080536918	0.040268456375838965	0.040268456375838965	0.1287751677852349
SOL/USDT	2023-01-30 00:00:00+00:00	[0.10,0.25)	0.012614678899082504	0.04204892966360848	0.09709480122324156	0.1223241590214067
SOL/USDT	2023-01-31 00:00:00+00:00	[0.25,0.50)	0.013473684210526327	0.026105263157894777	0.03326315789473695	0.04126315789473686
SOL/USDT	2023-02-01 00:00:00+00:00	[0.25,0.50)	0.009627459187944616	0.012557555462536507	0.03599832565927179	0.11469233989116778
SOL/USDT	2023-02-02 00:00:00+00:00	[0.75,1.00]	0.02904894548348589	0.02904894548348589	0.04218066056506177	0.08356545961002777
SOL/USDT	2023-02-03 00:00:00+00:00	[0.75,1.00]	0.018404907975460093	0.018404907975460093	0.024948875255623698	0.04335378323108379
SOL/USDT	2023-02-04 00:00:00+00:00	[0.10,0.25)	0.00974817221770926	0.01624695369618191	0.02152721364744115	0.031681559707554735
SOL/USDT	2023-02-05 00:00:00+00:00	[0.25,0.50)	0.01189987689782516	0.01436192039392687	0.01682396389002873	0.059089043906442394
SOL/USDT	2023-02-06 00:00:00+00:00	[0.25,0.50)	0.006358626536668019	0.019923696481559935	0.03772785078423063	0.05383637134378973
SOL/USDT	2023-02-07 00:00:00+00:00	[0.50,0.75)	0.013632365875110039	0.027704485488126762	0.04001759014951628	0.06376429199648194
SOL/USDT	2023-02-08 00:00:00+00:00	[0.50,0.75)	0.015461763476807248	0.01838696197241946	0.03008775595486832	0.06017551190973664
SOL/USDT	2023-02-09 00:00:00+00:00	[0.10,0.25)	0.012526997840172903	0.06177105831533476	0.06177105831533476	0.14470842332613398
SOL/USDT	2023-02-10 00:00:00+00:00	[0.75,1.00]	0.020348837209302407	0.03052325581395344	0.045058139534883704	0.07364341085271316
SOL/USDT	2023-02-11 00:00:00+00:00	[0.75,1.00]	0.012877662209014441	0.016344725111441222	0.016344725111441222	0.03764239722634975
SOL/USDT	2023-02-12 00:00:00+00:00	[0.50,0.75)	0.006271104679208999	0.007718282682103238	0.024119633381572598	0.09503135552339599
SOL/USDT	2023-02-13 00:00:00+00:00	[0.75,1.00]	0.020149953139643847	0.05388940955951259	0.07357075913776946	0.08809746954076847
SOL/USDT	2023-02-14 00:00:00+00:00	[0.50,0.75)	0.01685934489402687	0.02023121387283228	0.04576107899807318	0.08236994219653182
SOL/USDT	2023-02-15 00:00:00+00:00	[0.25,0.50)	0.009668508287292857	0.014272559852670456	0.041896869244935554	0.11694290976058928
SOL/USDT	2023-02-16 00:00:00+00:00	[0.75,1.00]	0.026744671959883014	0.026744671959883014	0.03134141245298788	0.09235269536147099
SOL/USDT	2023-02-17 00:00:00+00:00	[0.75,1.00]	0.01612903225806465	0.021953405017921236	0.022401433691756272	0.05510752688172045
SOL/USDT	2023-02-18 00:00:00+00:00	[0.50,0.75)	0.00861697544161996	0.018526497199482968	0.030590262817750853	0.043946574752261935
SOL/USDT	2023-02-19 00:00:00+00:00	[0.25,0.50)	0.008962868117797732	0.017072129748186178	0.034144259496372203	0.10413999146393518
SOL/USDT	2023-02-20 00:00:00+00:00	[0.75,1.00]	0.031688728439630935	0.08904933814681103	0.12073806658644211	0.12073806658644211
SOL/USDT	2023-02-21 00:00:00+00:00	[0.25,0.50)	0.021406727828746128	0.026758409785932694	0.06001529051987769	0.07568807339449543
SOL/USDT	2023-02-22 00:00:00+00:00	[0.50,0.75)	0.018732562774013507	0.05500199282582698	0.08090872857712227	0.08090872857712227
SOL/USDT	2023-02-23 00:00:00+00:00	[0.75,1.00]	0.011978521272201535	0.03056588186699719	0.04502271788517141	0.04502271788517141
SOL/USDT	2023-02-24 00:00:00+00:00	[0.25,0.50)	0.01629072681704248	0.01837928153717618	0.025480367585630718	0.06975772765246441
SOL/USDT	2023-02-25 00:00:00+00:00	[0.50,0.75)	0.006052745352356272	0.019455252918287907	0.031128404669260652	0.08300907911802846
SOL/USDT	2023-02-26 00:00:00+00:00	[0.75,1.00]	0.007200720072007207	0.023402340234023385	0.034653465346534636	0.05895589558955906
SOL/USDT	2023-02-27 00:00:00+00:00	[0.25,0.50)	0.008643042350907489	0.01037165082108911	0.025496974935177174	0.04710458081244597
SOL/USDT	2023-02-28 00:00:00+00:00	[0.10,0.25)	0.00750220653133282	0.014563106796116429	0.03089143865842892	0.0441306266548985
SOL/USDT	2023-03-01 00:00:00+00:00	[0.50,0.75)	0.015996343692870268	0.034734917733089656	0.057586837294332796	0.057586837294332796
SOL/USDT	2023-03-02 00:00:00+00:00	[0.25,0.50)	0.014699331848552263	0.03385300668151439	0.03563474387527827	0.0436525612472159
SOL/USDT	2023-03-03 00:00:00+00:00	[0.05,0.10)	0.0072992700729927066	0.07253649635036495	0.07253649635036495	0.07253649635036495
SOL/USDT	2023-03-04 00:00:00+00:00	[0.05,0.10)	0.012160898035547315	0.01496725912067354	0.02759588400374181	0.06641721234798886
SOL/USDT	2023-03-05 00:00:00+00:00	[0.75,1.00]	0.03185924869234435	0.03756538278649544	0.03756538278649544	0.041844983357108845
SOL/USDT	2023-03-06 00:00:00+00:00	[0.50,0.75)	0.015797032072762004	0.020584011488750584	0.02584968884633792	0.0344662517951174
SOL/USDT	2023-03-07 00:00:00+00:00	[0.25,0.50)	0.017023346303501843	0.024805447470817026	0.03307392996108948	0.06031128404669253
SOL/USDT	2023-03-08 00:00:00+00:00	[0.50,0.75)	0.012801575578532646	0.028557360905957573	0.061546036435253575	0.1122599704579024
SOL/USDT	2023-03-09 00:00:00+00:00	[0.75,1.00]	0.010292524377031296	0.016793066088840666	0.029252437703142075	0.1132177681473456
SOL/USDT	2023-03-10 00:00:00+00:00	[0.75,1.00]	0.02564102564102551	0.031468531468531416	0.07750582750582741	0.1375291375291375
SOL/USDT	2023-03-11 00:00:00+00:00	[0.75,1.00]	0.014317180616740173	0.05286343612334806	0.10737885462555062	0.10737885462555062
SOL/USDT	2023-03-12 00:00:00+00:00	[0.25,0.50)	0.013437849944008871	0.019596864501679613	0.031914893617021295	0.15789473684210528
SOL/USDT	2023-03-13 00:00:00+00:00	[0.75,1.00]	0.03206412825651288	0.056112224448897664	0.08416833667334668	0.13026052104208405
SOL/USDT	2023-03-14 00:00:00+00:00	[0.25,0.50)	0.01577909270216964	0.0172583826429981	0.04585798816568046	0.11686390532544383
SOL/USDT	2023-03-15 00:00:00+00:00	[0.50,0.75)	0.020211742059672844	0.030798845043310902	0.06207892204042344	0.13282001924927822
SOL/USDT	2023-03-16 00:00:00+00:00	[0.50,0.75)	0.024973985431841855	0.03173777315296563	0.04890738813735699	0.053069719042663874
SOL/USDT	2023-03-17 00:00:00+00:00	[0.50,0.75)	0.01273560876209883	0.04279164544065206	0.0667345899133978	0.12277126846663254
SOL/USDT	2023-03-18 00:00:00+00:00	[0.75,1.00]	0.05726256983240225	0.07774674115456247	0.07774674115456247	0.08798882681564248
SOL/USDT	2023-03-19 00:00:00+00:00	[0.75,1.00]	0.01351981351981348	0.02703962703962696	0.03310023310023314	0.05641025641025645
SOL/USDT	2023-03-20 00:00:00+00:00	[0.25,0.50)	0.02047315741583254	0.07370336669699715	0.10236578707916287	0.11646951774340303
SOL/USDT	2023-03-21 00:00:00+00:00	[0.50,0.75)	0.027051397655545602	0.031109107303877424	0.055004508566275874	0.08205590622182131
SOL/USDT	2023-03-22 00:00:00+00:00	[0.10,0.25)	0.017426273458445066	0.02010723860589809	0.030831099195710514	0.096514745308311
SOL/USDT	2023-03-23 00:00:00+00:00	[0.50,0.75)	0.015442208703790447	0.02433317735142738	0.0336920917173609	0.08750584932147876
SOL/USDT	2023-03-24 00:00:00+00:00	[0.10,0.25)	0.011266336187471833	0.011266336187471833	0.03650292924740868	0.09058134294727345
SOL/USDT	2023-03-25 01:15:00+00:00	[0.25,0.50)	0.01156626506024106	0.01156626506024106	0.023614457831325396	0.04289156626506027
SOL/USDT	2023-03-26 01:15:00+00:00	[0.50,0.75)	0.005794302269435103	0.0062771607918881	0.01593433124094649	0.02462578464509906
SOL/USDT	2023-03-27 01:15:00+00:00	[0.25,0.50)	0.009152215799614704	0.009152215799614704	0.019749518304431606	0.06888246628131037
SOL/USDT	2023-03-28 01:15:00+00:00	[0.10,0.25)	0.01668351870576331	0.01668351870576331	0.02982810920121334	0.06420626895854396
SOL/USDT	2023-03-29 01:15:00+00:00	[0.25,0.50)	0.007215007215007147	0.018759018759018788	0.045695045695045663	0.045695045695045663
SOL/USDT	2023-03-30 01:15:00+00:00	[0.25,0.50)	0.01911132345914948	0.05207835642618268	0.06020066889632115	0.0721452460582896
SOL/USDT	2023-03-31 01:15:00+00:00	[0.10,0.25)	0.007256894049346982	0.011611030478955103	0.03144654088050324	0.07014997581035314
SOL/USDT	2023-04-01 01:15:00+00:00	[0.50,0.75)	0.016121384542437167	0.019914651493598775	0.02370791844476055	0.028449502133712726
SOL/USDT	2023-04-02 01:15:00+00:00	[0.10,0.25)	0.006663493574488365	0.008567348881484993	0.02808186577820085	0.05092812946216089
SOL/USDT	2023-04-03 01:15:00+00:00	[0.05,0.10)	0.019646365422396787	0.02161100196463643	0.03143418467583482	0.05157170923379161
SOL/USDT	2023-04-04 01:15:00+00:00	[0.25,0.50)	0.004882812500000069	0.010253906250000042	0.04541015625000016	0.049316406250000076
SOL/USDT	2023-04-05 01:15:00+00:00	[0.50,0.75)	0.006582040432533945	0.012693935119887145	0.021156558533145242	0.03526093088857546
SOL/USDT	2023-04-06 01:15:00+00:00	[0.10,0.25)	0.01548137397193985	0.01596516690856305	0.019835510401548143	0.02080309627479437
SOL/USDT	2023-04-07 01:15:00+00:00	[0.05,0.10)	0.005802707930367553	0.014990328820116165	0.023694390715667406	0.023694390715667406
SOL/USDT	2023-04-08 01:15:00+00:00	[0.10,0.25)	0.0034448818897637934	0.011318897637795297	0.021161417322834632	0.04379921259842505
SOL/USDT	2023-04-09 01:15:00+00:00	[0.25,0.50)	0.003962357602773741	0.008420009905894092	0.022288261515601746	0.02823179791976227
SOL/USDT	2023-04-10 01:15:00+00:00	[0.10,0.25)	0.004957858205255399	0.008428358948934145	0.015369360436291633	0.045612295488349115
SOL/USDT	2023-04-11 01:15:00+00:00	[0.50,0.75)	0.020134228187919375	0.08293384467881097	0.08772770853307758	0.13566634707574296
SOL/USDT	2023-04-12 01:15:00+00:00	[0.50,0.75)	0.039931300987548296	0.044224989265779356	0.09403177329325897	0.09403177329325897
SOL/USDT	2023-04-13 01:15:00+00:00	[0.50,0.75)	0.015592077538980235	0.01854193004635488	0.06953223767383068	0.06953223767383068
SOL/USDT	2023-04-14 01:15:00+00:00	[0.75,1.00]	0.017522899243329403	0.032656312226204715	0.042612504978096245	0.07009159697331732
SOL/USDT	2023-04-15 01:15:00+00:00	[0.50,0.75)	0.01033912324234905	0.01778329197684035	0.021505376344086002	0.029363110008271333
SOL/USDT	2023-04-16 01:15:00+00:00	[0.25,0.50)	0.01745635910224446	0.018287614297589416	0.02036575228595187	0.08104738154613479
SOL/USDT	2023-04-17 01:15:00+00:00	[0.50,0.75)	0.01641266119577967	0.03204376709652209	0.054708870652598614	0.07815552950371239
SOL/USDT	2023-04-18 01:15:00+00:00	[0.50,0.75)	0.006608839322593975	0.02354399008674103	0.05163155720776538	0.05163155720776538
SOL/USDT	2023-04-19 01:15:00+00:00	[0.05,0.10)	0.00929292929292931	0.011717171717171683	0.12525252525252517	0.12525252525252517
SOL/USDT	2023-04-20 01:15:00+00:00	[0.75,1.00]	0.010452961672473799	0.03135888501742155	0.03789198606271781	0.06925087108013936
SOL/USDT	2023-04-21 01:15:00+00:00	[0.50,0.75)	0.009887640449438151	0.014382022471910125	0.026966292134831364	0.06292134831460668
SOL/USDT	2023-04-22 01:15:00+00:00	[0.25,0.50)	0.009451795841209963	0.014650283553875343	0.01890359168241976	0.039697542533081276
SOL/USDT	2023-04-23 01:15:00+00:00	[0.50,0.75)	0.005540166204986196	0.01892890120036935	0.03277931671283476	0.061865189289011996
SOL/USDT	2023-04-24 01:15:00+00:00	[0.75,1.00]	0.010082493125572817	0.014665444546287822	0.03528872593950502	0.045829514207149404
SOL/USDT	2023-04-25 01:15:00+00:00	[0.10,0.25)	0.009402914903620089	0.021156558533145242	0.02538787023977429	0.06346967559943573
SOL/USDT	2023-04-26 01:15:00+00:00	[0.50,0.75)	0.007783882783882862	0.012820512820512872	0.05494505494505491	0.11950549450549448
SOL/USDT	2023-04-27 01:15:00+00:00	[0.75,1.00]	0.012897282358360091	0.01842468908337165	0.031782588668816274	0.06310456011054817
SOL/USDT	2023-04-28 01:15:00+00:00	[0.25,0.50)	0.01159161836825687	0.013820775746767665	0.030316540347748538	0.05974141774409273
SOL/USDT	2023-04-29 01:15:00+00:00	[0.10,0.25)	0.0064322469982848254	0.007718696397941821	0.032590051457976055	0.04245283018867933
SOL/USDT	2023-04-30 01:15:00+00:00	[0.10,0.25)	0.007359307359307433	0.009956709956709974	0.03333333333333331	0.05627705627705615
SOL/USDT	2023-05-01 01:15:00+00:00	[0.50,0.75)	0.03903508771929827	0.03903508771929827	0.03903508771929827	0.05526315789473691
SOL/USDT	2023-05-02 01:15:00+00:00	[0.25,0.50)	0.007769652650822747	0.007769652650822747	0.016910420475319973	0.028793418647166318
SOL/USDT	2023-05-03 01:15:00+00:00	[0.50,0.75)	0.013617793917385415	0.013617793917385415	0.03722197004085339	0.057194734453018516
SOL/USDT	2023-05-04 01:15:00+00:00	[0.75,1.00]	0.00943820224719105	0.013932584269663024	0.01887640449438194	0.03775280898876404
SOL/USDT	2023-05-05 01:15:00+00:00	[0.00,0.05)	0.017947537965945722	0.0211688909341924	0.025770823745973413	0.0768522779567419
SOL/USDT	2023-05-06 01:15:00+00:00	[0.25,0.50)	0.014480035103115328	0.01755155770074588	0.04212373848179014	0.06186924089512945
SOL/USDT	2023-05-07 01:15:00+00:00	[0.10,0.25)	0.012272727272727253	0.014090909090909194	0.02363636363636362	0.05818181818181823
SOL/USDT	2023-05-08 01:15:00+00:00	[0.75,1.00]	0.04313543599257884	0.04313543599257884	0.04313543599257884	0.07792207792207792
SOL/USDT	2023-05-09 01:15:00+00:00	[0.10,0.25)	0.011111111111111132	0.012560386473430028	0.028502415458937193	0.02898550724637688
SOL/USDT	2023-05-10 01:15:00+00:00	[0.25,0.50)	0.007221954742416879	0.009629272989889229	0.039961482908040365	0.07558979297063073
SOL/USDT	2023-05-11 01:15:00+00:00	[0.75,1.00]	0.005785920925747396	0.011089681774349104	0.023625843780135103	0.05159112825458054
SOL/USDT	2023-05-12 01:15:00+00:00	[0.05,0.10)	0.00744786494538243	0.018867924528302014	0.03475670307845081	0.06206554121151936
SOL/USDT	2023-05-13 01:15:00+00:00	[0.50,0.75)	0.006205250596658664	0.019093078758949812	0.02100238663484476	0.03198090692124096
SOL/USDT	2023-05-14 01:15:00+00:00	[0.25,0.50)	0.007263922518159738	0.02421307506053269	0.02711864406779655	0.032929782082324444
SOL/USDT	2023-05-15 01:15:00+00:00	[0.25,0.50)	0.017216642754662812	0.01912960306073642	0.030129124820659922	0.03921568627450982
SOL/USDT	2023-05-16 01:15:00+00:00	[0.50,0.75)	0.009174311926605394	0.013037180106228854	0.021245774987928425	0.032834379526798636
SOL/USDT	2023-05-17 01:15:00+00:00	[0.25,0.50)	0.011036468330134207	0.01247600767754309	0.029750479846449015	0.03886756238003833
SOL/USDT	2023-05-18 01:15:00+00:00	[0.00,0.05)	0.007619047619047626	0.01000000000000004	0.027619047619047536	0.04857142857142855
SOL/USDT	2023-05-19 01:15:00+00:00	[0.10,0.25)	0.003931203931203847	0.00786240786240787	0.012776412776412852	0.021621621621621682
SOL/USDT	2023-05-20 01:15:00+00:00	[0.10,0.25)	0.002960039467192833	0.004440059200789337	0.010360138135175178	0.015293537247163407
SOL/USDT	2023-05-21 01:15:00+00:00	[0.05,0.10)	0.0034448818897636186	0.005413385826771626	0.016240157480314876	0.05167322834645655
SOL/USDT	2023-05-22 01:15:00+00:00	[0.75,1.00]	0.008209338122113913	0.010261672652642346	0.026167265264238154	0.031811185223191436
SOL/USDT	2023-05-23 01:15:00+00:00	[0.25,0.50)	0.012226184411614795	0.027508914926133426	0.027508914926133426	0.027508914926133426
SOL/USDT	2023-05-24 01:15:00+00:00	[0.25,0.50)	0.00855130784708258	0.025150905432595575	0.031690140845070554	0.06438631790744473
SOL/USDT	2023-05-25 01:15:00+00:00	[0.50,0.75)	0.015889830508474614	0.031249999999999993	0.03707627118644064	0.03707627118644064
SOL/USDT	2023-05-26 01:15:00+00:00	[0.05,0.10)	0.005708354955889955	0.007265179034769101	0.015568240788790905	0.024909185262065408
SOL/USDT	2023-05-27 01:15:00+00:00	[0.10,0.25)	0.0020629190304280115	0.01031459515214024	0.014440433212996448	0.07374935533780297
SOL/USDT	2023-05-28 01:15:00+00:00	[0.75,1.00]	0.010607521697203418	0.018322082931533222	0.018322082931533222	0.04001928640308592
SOL/USDT	2023-05-29 01:15:00+00:00	[0.50,0.75)	0.008110687022900845	0.0209923664122138	0.0209923664122138	0.034351145038167885
SOL/USDT	2023-05-30 01:15:00+00:00	[0.25,0.50)	0.01306240928882436	0.024673439767779463	0.0358006773101112	0.0358006773101112
SOL/USDT	2023-05-31 01:15:00+00:00	[0.25,0.50)	0.01783200375410601	0.033317691224777145	0.03988737681839519	0.0445800093852651
SOL/USDT	2023-06-01 01:15:00+00:00	[0.50,0.75)	0.008165225744476376	0.020653218059558102	0.0235350624399615	0.02881844380403448
SOL/USDT	2023-06-02 01:15:00+00:00	[0.25,0.50)	0.00728508984944158	0.02719766877124829	0.034968431277319204	0.03836813987372524
SOL/USDT	2023-06-03 01:15:00+00:00	[0.10,0.25)	0.005205868433506835	0.005205868433506835	0.009938476100331155	0.01893043066729778
SOL/USDT	2023-06-04 01:15:00+00:00	[0.25,0.50)	0.004249291784702543	0.009915014164305989	0.034466477809254034	0.05382436260623232
SOL/USDT	2023-06-05 01:15:00+00:00	[0.75,1.00]	0.007319304666056731	0.022872827081427266	0.026075022872827095	0.13266239707227806
SOL/USDT	2023-06-06 01:15:00+00:00	[0.50,0.75)	0.010568696527428326	0.017111222949169596	0.04479114242576752	0.07398087569199793
SOL/USDT	2023-06-07 01:15:00+00:00	[0.25,0.50)	0.005437469105289147	0.012852199703410677	0.034602076124567435	0.08749382105783488
SOL/USDT	2023-06-08 01:15:00+00:00	[0.75,1.00]	0.006900212314225	0.03450106157112519	0.0408704883227176	0.04670912951167723
SOL/USDT	2023-06-09 01:15:00+00:00	[0.25,0.50)	0.01753453772582369	0.01753453772582369	0.047821466524973544	0.13549415515409144
SOL/USDT	2023-06-10 01:15:00+00:00	[0.75,1.00]	0.027485380116958995	0.25438596491228055	0.25438596491228055	0.25438596491228055
SOL/USDT	2023-06-11 01:15:00+00:00	[0.75,1.00]	0.01548387096774195	0.0329032258064516	0.0329032258064516	0.06903225806451614
SOL/USDT	2023-06-12 01:15:00+00:00	[0.75,1.00]	0.0343486714193131	0.036941023979261196	0.05119896305897596	0.06156837329876859
SOL/USDT	2023-06-13 01:15:00+00:00	[0.50,0.75)	0.012467191601049952	0.02624671916010501	0.05774278215223102	0.08136482939632547
SOL/USDT	2023-06-14 01:15:00+00:00	[0.50,0.75)	0.013289036544850568	0.017940199335548263	0.019933554817275795	0.08704318936877067
SOL/USDT	2023-06-15 01:15:00+00:00	[0.75,1.00]	0.019986216402481112	0.045485871812543086	0.048931771192281245	0.06202618883528604
SOL/USDT	2023-06-16 01:15:00+00:00	[0.50,0.75)	0.007442489851150165	0.0115020297699594	0.03112313937753727	0.07374830852503382
SOL/USDT	2023-06-17 01:15:00+00:00	[0.25,0.50)	0.009791122715404723	0.025456919060052256	0.06266318537859013	0.06266318537859013
SOL/USDT	2023-06-18 01:15:00+00:00	[0.50,0.75)	0.0070739549839227926	0.008360128617363394	0.020578778135048135	0.03601286173633444
SOL/USDT	2023-06-19 01:15:00+00:00	[0.25,0.50)	0.004510309278350534	0.010953608247422676	0.017396907216494818	0.05734536082474231
SOL/USDT	2023-06-20 01:15:00+00:00	[0.75,1.00]	0.014188772362738857	0.015422578655151032	0.02714373843306587	0.09130166563849478
SOL/USDT	2023-06-21 01:15:00+00:00	[0.75,1.00]	0.010023584905660268	0.01945754716981122	0.029481132075471695	0.06898584905660388
SOL/USDT	2023-06-22 01:15:00+00:00	[0.75,1.00]	0.012578616352201194	0.021726700971983936	0.0646083476272155	0.06746712407089765
SOL/USDT	2023-06-23 01:15:00+00:00	[0.50,0.75)	0.010791366906474803	0.016786570743405345	0.03297362110311755	0.0821342925659473
SOL/USDT	2023-06-24 01:15:00+00:00	[0.75,1.00]	0.017452006980802834	0.02326934264107051	0.029668411867364835	0.06748109365910414
SOL/USDT	2023-06-25 01:15:00+00:00	[0.25,0.50)	0.004781829049611587	0.028690974297668884	0.041841004184100375	0.050209205020920494
SOL/USDT	2023-06-26 01:15:00+00:00	[0.50,0.75)	0.011918951132300314	0.011918951132300314	0.02681764004767576	0.07330154946364723
SOL/USDT	2023-06-27 01:15:00+00:00	[0.25,0.50)	0.006146281499692555	0.020282728948985758	0.033804548248309814	0.04978488014751068
SOL/USDT	2023-06-28 01:15:00+00:00	[0.75,1.00]	0.011042944785276055	0.015337423312883436	0.038650306748466416	0.056441717791411036
SOL/USDT	2023-06-29 01:15:00+00:00	[0.10,0.25)	0.007444168734491156	0.014888337468982642	0.1464019851116626	0.15880893300248142
SOL/USDT	2023-06-30 01:15:00+00:00	[0.75,1.00]	0.035068493150684964	0.04657534246575331	0.07287671232876702	0.1654794520547945
SOL/USDT	2023-07-01 01:15:00+00:00	[0.75,1.00]	0.01511879049676032	0.03887688984881203	0.03995680345572365	0.05399568034557235
SOL/USDT	2023-07-02 01:15:00+00:00	[0.50,0.75)	0.016051364365970953	0.05189941144997318	0.05189941144997318	0.06474050294274998
SOL/USDT	2023-07-03 01:15:00+00:00	[0.25,0.50)	0.00978876867594012	0.01287995878413189	0.022153529108706837	0.03863987635239567
SOL/USDT	2023-07-04 01:15:00+00:00	[0.50,0.75)	0.012833675564681724	0.01950718685831617	0.02207392197125255	0.0451745379876798
SOL/USDT	2023-07-05 01:15:00+00:00	[0.50,0.75)	0.007257646448937303	0.007257646448937303	0.06272680145152934	0.068947641264904
SOL/USDT	2023-07-06 01:15:00+00:00	[0.75,1.00]	0.019072164948453662	0.022164948453608235	0.053608247422680375	0.11237113402061855
SOL/USDT	2023-07-07 01:15:00+00:00	[0.75,1.00]	0.027027027027026983	0.039539539539539495	0.08658658658658643	0.13663663663663647
SOL/USDT	2023-07-08 01:15:00+00:00	[0.50,0.75)	0.009646302250803897	0.03077629765732651	0.0542030316949931	0.0542030316949931
SOL/USDT	2023-07-09 01:15:00+00:00	[0.50,0.75)	0.02298332582244261	0.029743127534925647	0.035601622352411114	0.06354213609734115
SOL/USDT	2023-07-10 01:15:00+00:00	[0.50,0.75)	0.010973282442748112	0.023377862595419942	0.04293893129771002	0.06393129770992366
SOL/USDT	2023-07-11 01:15:00+00:00	[0.25,0.50)	0.017748715553479635	0.030826716487622446	0.04156936011209701	0.04437178888369917
SOL/USDT	2023-07-12 01:15:00+00:00	[0.25,0.50)	0.008574007220216664	0.013989169675090354	0.04241877256317695	0.0559566787003611
SOL/USDT	2023-07-13 01:15:00+00:00	[0.25,0.50)	0.01155268022181146	0.018484288354898272	0.05406654343807755	0.494916820702403
SOL/USDT	2023-07-14 01:15:00+00:00	[0.75,1.00]	0.04280417930569597	0.06437478934951117	0.09100101112234578	0.16346477923828776
SOL/USDT	2023-07-15 01:15:00+00:00	[0.75,1.00]	0.01869830996044587	0.03847536857245596	0.07515282272563825	0.0758719884933477
SOL/USDT	2023-07-16 01:15:00+00:00	[0.25,0.50)	0.04619271021291944	0.049440635149765336	0.06748466257668702	0.08083724287260911
SOL/USDT	2023-07-17 01:15:00+00:00	[0.50,0.75)	0.019699140401146155	0.025787965616045804	0.07628939828080225	0.10530085959885378
SOL/USDT	2023-07-18 01:15:00+00:00	[0.50,0.75)	0.011532738095238047	0.025669642857142773	0.0814732142857142	0.0814732142857142
SOL/USDT	2023-07-19 01:15:00+00:00	[0.75,1.00]	0.01145038167938934	0.01832061068702292	0.035114503816793825	0.05038167938931285
SOL/USDT	2023-07-20 01:15:00+00:00	[0.25,0.50)	0.009366804046459348	0.018733608092918696	0.04008992131884602	0.08804795803671779
SOL/USDT	2023-07-21 01:15:00+00:00	[0.25,0.50)	0.012981904012588445	0.014555468135326552	0.02202989771833211	0.036978756884343086
SOL/USDT	2023-07-22 01:15:00+00:00	[0.05,0.10)	0.0062087698874660514	0.01474582848273182	0.0221187427240978	0.07644547923942564
SOL/USDT	2023-07-23 01:15:00+00:00	[0.75,1.00]	0.009383924928600587	0.01795185638514897	0.01795185638514897	0.03223174214606294
SOL/USDT	2023-07-24 01:15:00+00:00	[0.25,0.50)	0.01627339300244095	0.022782750203417364	0.06672091131000817	0.07323026851098458
SOL/USDT	2023-07-25 01:15:00+00:00	[0.10,0.25)	0.009024495058014647	0.015040825096690927	0.03394929093253112	0.03738719381177486
SOL/USDT	2023-07-26 01:15:00+00:00	[0.10,0.25)	0.012350936967632143	0.02001703577512787	0.06047700170357759	0.10477001703577517
SOL/USDT	2023-07-27 01:15:00+00:00	[0.25,0.50)	0.015974440894568634	0.02515974440894565	0.03354632587859425	0.039536741214057446
SOL/USDT	2023-07-28 01:15:00+00:00	[0.25,0.50)	0.006756756756756825	0.016295707472178067	0.026629570747217873	0.04054054054054052
SOL/USDT	2023-07-29 01:15:00+00:00	[0.10,0.25)	0.007630522088353466	0.014056224899598452	0.014056224899598452	0.019678714859437833
SOL/USDT	2023-07-30 01:15:00+00:00	[0.05,0.10)	0.0043754972155928	0.009148766905330168	0.013524264120922967	0.06762132060461427
SOL/USDT	2023-07-31 01:15:00+00:00	[0.25,0.50)	0.00860655737704907	0.017213114754098285	0.01803278688524581	0.05204918032786884
SOL/USDT	2023-08-01 01:15:00+00:00	[0.10,0.25)	0.04114189756507139	0.04114189756507139	0.04114189756507139	0.05919395465994963
SOL/USDT	2023-08-02 01:15:00+00:00	[0.75,1.00]	0.015695993391160637	0.029326724494010775	0.0359355638166046	0.06071871127633204
SOL/USDT	2023-08-03 01:15:00+00:00	[0.05,0.10)	0.007324429125376913	0.012925463162430017	0.04049978457561386	0.04049978457561386
SOL/USDT	2023-08-04 01:15:00+00:00	[0.50,0.75)	0.009743135518157612	0.023914968999114224	0.03675819309123111	0.04827280779450841
SOL/USDT	2023-08-05 01:15:00+00:00	[0.25,0.50)	0.009292035398230125	0.011946902654867394	0.019911504424778886	0.03141592920353986
SOL/USDT	2023-08-06 01:15:00+00:00	[0.05,0.10)	0.011027790030877812	0.014997794441993817	0.03661226290251442	0.03705337450374944
SOL/USDT	2023-08-07 01:15:00+00:00	[0.25,0.50)	0.013651877133105813	0.016638225255972718	0.03199658703071672	0.059726962457337975
SOL/USDT	2023-08-08 01:15:00+00:00	[0.10,0.25)	0.004330879168471261	0.01169337375487222	0.02555218709398007	0.07665656128194022
SOL/USDT	2023-08-09 01:15:00+00:00	[0.50,0.75)	0.011865793780687361	0.015548281505728272	0.03396072013093283	0.03641571194762672
SOL/USDT	2023-08-10 01:15:00+00:00	[0.05,0.10)	0.005730659025787989	0.016782644289807618	0.02578796561604595	0.03110929185427759
SOL/USDT	2023-08-11 01:15:00+00:00	[0.10,0.25)	0.006449012494961715	0.012091898428053234	0.021765417170495734	0.023780733575171298
SOL/USDT	2023-08-12 01:15:00+00:00	[0.25,0.50)	0.004460665044606627	0.010543390105433965	0.010543390105433965	0.034063260340632597
SOL/USDT	2023-08-13 01:15:00+00:00	[0.25,0.50)	0.005256773150020322	0.012131014961585147	0.01455721795390212	0.03154063890012121
SOL/USDT	2023-08-14 01:15:00+00:00	[0.50,0.75)	0.013563501849568511	0.018906699547883307	0.022194821208384823	0.05589806822852458
SOL/USDT	2023-08-15 01:15:00+00:00	[0.50,0.75)	0.006387225548902201	0.00958083832335323	0.01676646706586819	0.05548902195608785
SOL/USDT	2023-08-16 01:15:00+00:00	[0.25,0.50)	0.005432511491851191	0.021730045967404913	0.041788549937317176	0.0685332218972002
SOL/USDT	2023-08-17 01:15:00+00:00	[0.75,1.00]	0.0068699012451694545	0.011163589523400515	0.018892228424216458	0.1472735079433233
SOL/USDT	2023-08-18 01:15:00+00:00	[0.75,1.00]	0.010101010101010048	0.027548209366391085	0.04132231404958671	0.059687786960514265
SOL/USDT	2023-08-19 01:15:00+00:00	[0.50,0.75)	0.006970260223048261	0.01301115241635693	0.0255576208178439	0.039033457249070626
SOL/USDT	2023-08-20 01:15:00+00:00	[0.10,0.25)	0.004589261128958303	0.007801743919228919	0.021569527306103665	0.029830197338228483
SOL/USDT	2023-08-21 01:15:00+00:00	[0.75,1.00]	0.006511627906976606	0.010697674418604506	0.03441860465116272	0.06511627906976737
SOL/USDT	2023-08-22 01:15:00+00:00	[0.25,0.50)	0.004259346900141972	0.010411736867013839	0.01656412683388554	0.0880265026029342
SOL/USDT	2023-08-23 01:15:00+00:00	[0.75,1.00]	0.013170731707317052	0.01365853658536591	0.029756097560975754	0.07268292682926838
SOL/USDT	2023-08-24 01:15:00+00:00	[0.50,0.75)	0.0027726432532346914	0.019408502772643166	0.02449168207024035	0.06238447319778179
SOL/USDT	2023-08-25 01:15:00+00:00	[0.25,0.50)	0.009615384615384581	0.026923076923076862	0.026923076923076862	0.04278846153846157
SOL/USDT	2023-08-26 01:15:00+00:00	[0.10,0.25)	0.00441826215022108	0.0073637702503682925	0.012272950417280314	0.012272950417280314
SOL/USDT	2023-08-27 01:15:00+00:00	[0.00,0.05)	0.0029513034923757367	0.005902606984751648	0.02459419576979833	0.03344810624692589
SOL/USDT	2023-08-28 01:15:00+00:00	[0.50,0.75)	0.008264462809917439	0.011181332036947031	0.03743315508021388	0.03743315508021388
SOL/USDT	2023-08-29 01:15:00+00:00	[0.50,0.75)	0.01014983083615277	0.016916384726921113	0.03141614306428219	0.0932817786370227
SOL/USDT	2023-08-30 01:15:00+00:00	[0.50,0.75)	0.008800370541917448	0.01296896711440487	0.01991662806855024	0.05326540064844829
SOL/USDT	2023-08-31 01:15:00+00:00	[0.50,0.75)	0.004360465116279063	0.006298449612403052	0.022286821705426396	0.0794573643410853
SOL/USDT	2023-09-01 01:15:00+00:00	[0.50,0.75)	0.0035353535353535494	0.009090909090909077	0.010101010101010065	0.045959595959595964
SOL/USDT	2023-09-02 01:15:00+00:00	[0.50,0.75)	0.005655526992287889	0.012853470437017995	0.013881748071979413	0.028791773778920428
SOL/USDT	2023-09-03 01:15:00+00:00	[0.25,0.50)	0.006629270780214307	0.008669046404895367	0.017848036715961135	0.03314635390107081
SOL/USDT	2023-09-04 01:15:00+00:00	[0.75,1.00]	0.004570848146267134	0.021330624682580075	0.033519553072625705	0.045708481462671514
SOL/USDT	2023-09-05 01:15:00+00:00	[0.50,0.75)	0.011357769747031433	0.020650490449148094	0.03665462054723786	0.08105317501290657
SOL/USDT	2023-09-06 01:15:00+00:00	[0.25,0.50)	0.010344827586206938	0.021674876847290702	0.03103448275862064	0.05812807881773398
SOL/USDT	2023-09-07 01:15:00+00:00	[0.00,0.05)	0.00969882593159782	0.013272077590607351	0.02399183256763649	0.049004594180704485
SOL/USDT	2023-09-08 01:15:00+00:00	[0.75,1.00]	0.010961634280019873	0.011958146487294569	0.03836571998006973	0.03836571998006973
SOL/USDT	2023-09-09 01:15:00+00:00	[0.05,0.10)	0.002558853633572014	0.006141248720573234	0.008188331627430918	0.021494370522006048
SOL/USDT	2023-09-10 01:15:00+00:00	[0.50,0.75)	0.005184033177812412	0.06842923794712288	0.06842923794712288	0.07983411093830997
SOL/USDT	2023-09-11 01:15:00+00:00	[0.75,1.00]	0.016547159404302302	0.02537231108659685	0.06067291781577504	0.06232763375620533
SOL/USDT	2023-09-12 01:15:00+00:00	[0.50,0.75)	0.00847457627118636	0.05423728813559327	0.06949152542372884	0.06949152542372884
SOL/USDT	2023-09-13 01:15:00+00:00	[0.50,0.75)	0.005537098560354454	0.021040974529346765	0.04817275747508292	0.09080841638981157
SOL/USDT	2023-09-14 01:15:00+00:00	[0.75,1.00]	0.018828451882845158	0.02719665271966525	0.031903765690376534	0.0339958158995817
SOL/USDT	2023-09-15 01:15:00+00:00	[0.25,0.50)	0.019077901430842766	0.0243773184949656	0.0243773184949656	0.05034446210916795
SOL/USDT	2023-09-16 01:15:00+00:00	[0.75,1.00]	0.02147721320062861	0.02147721320062861	0.028810895756940843	0.03771608171817718
SOL/USDT	2023-09-17 01:15:00+00:00	[0.50,0.75)	0.007940709370036981	0.010058231868713484	0.012705134992059207	0.028057173107464327
SOL/USDT	2023-09-18 01:15:00+00:00	[0.10,0.25)	0.022459893048128433	0.03529411764705883	0.07058823529411766	0.08021390374331551
SOL/USDT	2023-09-19 01:15:00+00:00	[0.50,0.75)	0.005555555555555526	0.013636363636363615	0.0353535353535355	0.0353535353535355
SOL/USDT	2023-09-20 01:15:00+00:00	[0.25,0.50)	0.012967581047381447	0.019950124688279232	0.02194513715710712	0.03690773067331663
SOL/USDT	2023-09-21 01:15:00+00:00	[0.50,0.75)	0.00851703406813618	0.013527054108216412	0.04158316633266542	0.04809619238476958
SOL/USDT	2023-09-22 01:15:00+00:00	[0.25,0.50)	0.005109862033725162	0.010730710270822732	0.014818599897802716	0.0337250894225856
SOL/USDT	2023-09-23 01:15:00+00:00	[0.50,0.75)	0.008226221079691525	0.012339331619537378	0.012853470437017995	0.019023136246786684
SOL/USDT	2023-09-24 01:15:00+00:00	[0.10,0.25)	0.004079551249362484	0.008159102498725148	0.00968893421723617	0.03110657827638957
SOL/USDT	2023-09-25 01:15:00+00:00	[0.50,0.75)	0.008217770929635344	0.014381099126861897	0.014894709809964005	0.023112480739599348
SOL/USDT	2023-09-26 01:15:00+00:00	[0.10,0.25)	0.007751937984496233	0.0124031007751939	0.014987080103359312	0.03565891472868223
SOL/USDT	2023-09-27 01:15:00+00:00	[0.50,0.75)	0.0036764705882353092	0.009978991596638722	0.03203781512605039	0.03939075630252101
SOL/USDT	2023-09-28 01:15:00+00:00	[0.75,1.00]	0.008785529715762361	0.013953488372093	0.01757105943152454	0.04857881136950892
SOL/USDT	2023-09-29 01:15:00+00:00	[0.75,1.00]	0.017008504252126057	0.017008504252126057	0.018009004502251277	0.02351175587793909
SOL/USDT	2023-09-30 01:15:00+00:00	[0.10,0.25)	0.002960039467192833	0.007893438579181063	0.04637395165268877	0.0858411445485939
SOL/USDT	2023-10-01 01:15:00+00:00	[0.10,0.25)	0.006560449859418958	0.014058106841612029	0.1462043111527648	0.15791940018744147
SOL/USDT	2023-10-02 01:15:00+00:00	[0.75,1.00]	0.012615643397813318	0.024810765349032794	0.044154751892346536	0.07989907485281758
SOL/USDT	2023-10-03 01:15:00+00:00	[0.50,0.75)	0.01575809199318558	0.01575809199318558	0.05664395229982957	0.07580919931856904
SOL/USDT	2023-10-04 01:15:00+00:00	[0.75,1.00]	0.022308022308022292	0.02574002574002565	0.04633204633204626	0.05491205491205496
SOL/USDT	2023-10-05 01:15:00+00:00	[0.75,1.00]	0.014893617021276655	0.01702127659574477	0.03234042553191496	0.04510638297872335
SOL/USDT	2023-10-06 01:15:00+00:00	[0.50,0.75)	0.016543317370483198	0.017414018284719137	0.0378754897692643	0.04614714845450598
SOL/USDT	2023-10-07 01:15:00+00:00	[0.25,0.50)	0.007240204429301606	0.035349233390119326	0.03620102214650773	0.04812606473594559
SOL/USDT	2023-10-08 01:15:00+00:00	[0.05,0.10)	0.016379310344827543	0.0193965517241379	0.02500000000000008	0.02500000000000008
SOL/USDT	2023-10-09 01:15:00+00:00	[0.50,0.75)	0.008654262224145361	0.011250540891389077	0.0571181306793596	0.07702293379489404
SOL/USDT	2023-10-10 01:15:00+00:00	[0.25,0.50)	0.006360745115856454	0.016810540663334893	0.025897319400272616	0.03589277601090409
SOL/USDT	2023-10-11 01:15:00+00:00	[0.25,0.50)	0.009887640449438151	0.02831460674157299	0.03146067415730334	0.036404494382022416
SOL/USDT	2023-10-12 01:15:00+00:00	[0.25,0.50)	0.01241950321987135	0.01655933762649508	0.03219871205151807	0.042318307267709375
SOL/USDT	2023-10-13 01:15:00+00:00	[0.50,0.75)	0.006548175865294695	0.015434985968194662	0.023386342376052388	0.052385406922357394
SOL/USDT	2023-10-14 01:15:00+00:00	[0.50,0.75)	0.010999083409715785	0.014207149404216256	0.022456461961503135	0.022456461961503135
SOL/USDT	2023-10-15 01:15:00+00:00	[0.10,0.25)	0.012767897856817197	0.013679890560875546	0.01960784313725505	0.023255813953488445
SOL/USDT	2023-10-16 01:15:00+00:00	[0.25,0.50)	0.006793478260869662	0.02898550724637684	0.11367753623188413	0.12364130434782612
SOL/USDT	2023-10-17 01:15:00+00:00	[0.50,0.75)	0.014968814968814945	0.019126819126819163	0.03326403326403315	0.04573804573804565
SOL/USDT	2023-10-18 01:15:00+00:00	[0.50,0.75)	0.00836470096194058	0.025512337933918838	0.029694688414889203	0.04475115014638228
SOL/USDT	2023-10-19 01:15:00+00:00	[0.25,0.50)	0.015338730293992308	0.026416702172986837	0.05709416276097145	0.11333617383894334
SOL/USDT	2023-10-20 01:15:00+00:00	[0.50,0.75)	0.02015316404675534	0.06972994760177349	0.10882708585247881	0.10882708585247881
SOL/USDT	2023-10-21 01:15:00+00:00	[0.75,1.00]	0.007102803738317805	0.010093457943925351	0.1241121495327103	0.13682242990654206
SOL/USDT	2023-10-22 01:15:00+00:00	[0.75,1.00]	0.01125511596180076	0.028649386084583898	0.06548431105047754	0.06548431105047754
SOL/USDT	2023-10-23 01:15:00+00:00	[0.75,1.00]	0.01746724890829693	0.06348673160900237	0.07490762512596576	0.13436345314074583
SOL/USDT	2023-10-24 01:15:00+00:00	[0.75,1.00]	0.02191171800571603	0.04350587488091461	0.06097173705938399	0.09876151159098125
SOL/USDT	2023-10-25 01:15:00+00:00	[0.75,1.00]	0.03995006242197257	0.04026217228464417	0.10112359550561793	0.10112359550561793
SOL/USDT	2023-10-26 01:15:00+00:00	[0.50,0.75)	0.015076923076923139	0.026153846153846198	0.05169230769230768	0.07846153846153849
SOL/USDT	2023-10-27 01:15:00+00:00	[0.50,0.75)	0.02043976463301321	0.03189842056364203	0.04738309074016727	0.0665840817590586
SOL/USDT	2023-10-28 01:15:00+00:00	[0.25,0.50)	0.0116645649432535	0.022698612862547367	0.027742749054224435	0.03909205548549806
SOL/USDT	2023-10-29 01:15:00+00:00	[0.25,0.50)	0.007954183900731784	0.01686286986955142	0.03563474387527843	0.05758829144129808
SOL/USDT	2023-10-30 01:15:00+00:00	[0.10,0.25)	0.010051781906792517	0.02071276271702732	0.09351203167834299	0.12153518123667384
SOL/USDT	2023-10-31 01:15:00+00:00	[0.75,1.00]	0.022365110427732655	0.02516074923119929	0.03941850712887885	0.09001956947162423
SOL/USDT	2023-11-01 01:15:00+00:00	[0.75,1.00]	0.015155474261823837	0.020904102430102017	0.055657172720146204	0.2375228638620328
SOL/USDT	2023-11-02 01:15:00+00:00	[0.75,1.00]	0.026397146254458964	0.04114149821640913	0.0822829964328181	0.15576694411414976
SOL/USDT	2023-11-03 01:15:00+00:00	[0.75,1.00]	0.036485097636176814	0.036485097636176814	0.049075025693730824	0.05704008221993848
SOL/USDT	2023-11-04 01:15:00+00:00	[0.25,0.50)	0.023511755877938915	0.04702351175587801	0.0750375187593797	0.0750375187593797
SOL/USDT	2023-11-05 01:15:00+00:00	[0.50,0.75)	0.022895301693298373	0.024326258049129575	0.041736227045075125	0.06558549964226092
SOL/USDT	2023-11-06 01:15:00+00:00	[0.75,1.00]	0.016778523489932955	0.05177372962607854	0.05201342281879199	0.06303930968360505
SOL/USDT	2023-11-07 01:15:00+00:00	[0.75,1.00]	0.022897083634610647	0.03808146541335257	0.0486864304651724	0.1132803085080743
SOL/USDT	2023-11-08 01:15:00+00:00	[0.75,1.00]	0.012796649604467294	0.021870637505816772	0.02675663099115881	0.03652861796184273
SOL/USDT	2023-11-09 01:15:00+00:00	[0.25,0.50)	0.016263940520446163	0.035780669144981396	0.11965613382899626	0.17472118959107813
SOL/USDT	2023-11-10 01:15:00+00:00	[0.75,1.00]	0.017158992180712405	0.04800173761946136	0.1335794960903562	0.2589052997393571
SOL/USDT	2023-11-11 01:15:00+00:00	[0.75,1.00]	0.03745118920837769	0.04792332268370612	0.0942492012779553	0.18459353922612717
SOL/USDT	2023-11-12 01:15:00+00:00	[0.75,1.00]	0.03537148951297538	0.06221116246000711	0.12726626377532876	0.12726626377532876
SOL/USDT	2023-11-13 01:15:00+00:00	[0.75,1.00]	0.01839550332141029	0.048032703117015844	0.0599557145290411	0.14886731391585764
SOL/USDT	2023-11-14 01:15:00+00:00	[0.50,0.75)	0.022520007444630577	0.029034059184813	0.07091010608598552	0.11129722687511641
SOL/USDT	2023-11-15 01:15:00+00:00	[0.50,0.75)	0.023082263103089178	0.026900381811870953	0.1348490107601528	0.19038528288788625
SOL/USDT	2023-11-16 01:15:00+00:00	[0.25,0.50)	0.028549618320610756	0.030534351145038167	0.09465648854961836	0.18152671755725192
SOL/USDT	2023-11-17 01:15:00+00:00	[0.75,1.00]	0.027077026572485695	0.045408678102926384	0.06895391860074002	0.10881264715775309
SOL/USDT	2023-11-18 01:15:00+00:00	[0.25,0.50)	0.01443227264823506	0.026430186054599132	0.05442531733611538	0.08120326899669614
SOL/USDT	2023-11-19 01:15:00+00:00	[0.50,0.75)	0.01702949438202245	0.03616573033707869	0.09094101123595505	0.09638342696629217
SOL/USDT	2023-11-20 01:15:00+00:00	[0.25,0.50)	0.01232134056185313	0.028421225562674502	0.03236405454246765	0.08362083127977664
SOL/USDT	2023-11-21 01:15:00+00:00	[0.10,0.25)	0.0313218899309856	0.04070076092726946	0.04070076092726946	0.10918421518315345
SOL/USDT	2023-11-22 01:15:00+00:00	[0.75,1.00]	0.010674157303370792	0.030711610486891396	0.05112359550561792	0.11123595505617974
SOL/USDT	2023-11-23 01:15:00+00:00	[0.25,0.50)	0.0106237148732009	0.017135023989033583	0.04163810829335161	0.05980123372172724
SOL/USDT	2023-11-24 01:15:00+00:00	[0.10,0.25)	0.012347826086956537	0.012347826086956537	0.03686956521739126	0.053739130434782546
SOL/USDT	2023-11-25 01:15:00+00:00	[0.25,0.50)	0.031630170316301706	0.04066736183524511	0.04327424400417105	0.04327424400417105
SOL/USDT	2023-11-26 01:15:00+00:00	[0.05,0.10)	0.006354113000171689	0.012536493216554987	0.021294865189764763	0.044650523784990584
SOL/USDT	2023-11-27 01:15:00+00:00	[0.05,0.10)	0.0130117973629424	0.026197085357390668	0.05638445523941707	0.0726925746009715
SOL/USDT	2023-11-28 01:15:00+00:00	[0.25,0.50)	0.011254311127246406	0.022508622254492683	0.04374659647848981	0.0867671083681249
SOL/USDT	2023-11-29 01:15:00+00:00	[0.00,0.05)	0.01424159231297183	0.01424159231297183	0.06451612903225803	0.06451612903225803
SOL/USDT	2023-11-30 01:15:00+00:00	[0.00,0.05)	0.009092439804680908	0.026940562384239794	0.04175787169557171	0.05219733961946458
SOL/USDT	2023-12-01 01:15:00+00:00	[0.25,0.50)	0.02051367578385597	0.02384923282188125	0.03752501667778519	0.038692461641094064
SOL/USDT	2023-12-02 01:15:00+00:00	[0.10,0.25)	0.013678312458800235	0.020435069215557055	0.03839815425181276	0.08586025049439686
SOL/USDT	2023-12-03 01:15:00+00:00	[0.50,0.75)	0.010363495746326399	0.025212683681361214	0.04315545243619499	0.04655839133797378
SOL/USDT	2023-12-04 01:15:00+00:00	[0.25,0.50)	0.018564742589703555	0.023244929797192032	0.0858034321372855	0.0858034321372855
SOL/USDT	2023-12-05 01:15:00+00:00	[0.10,0.25)	0.024058919803600753	0.024058919803600753	0.03306055646481183	0.0816693944353518
SOL/USDT	2023-12-06 01:15:00+00:00	[0.75,1.00]	0.023442416614222812	0.03571428571428565	0.0736312146003777	0.0814977973568283
SOL/USDT	2023-12-07 01:15:00+00:00	[0.50,0.75)	0.012802275960170733	0.023391812865497137	0.05231547336810498	0.12486170380907231
SOL/USDT	2023-12-08 01:15:00+00:00	[0.75,1.00]	0.017233888486603878	0.0650253439536567	0.08718320057929031	0.1049963794351919
SOL/USDT	2023-12-09 01:15:00+00:00	[0.50,0.75)	0.010639749011048985	0.023871231755558588	0.06411130814350025	0.08566362024280454
SOL/USDT	2023-12-10 01:15:00+00:00	[0.50,0.75)	0.016793066088840666	0.024783315276272998	0.045097508125677116	0.05864030335861319
SOL/USDT	2023-12-11 01:15:00+00:00	[0.25,0.50)	0.1267123287671233	0.1267123287671233	0.1267123287671233	0.1267123287671233
SOL/USDT	2023-12-12 01:15:00+00:00	[0.75,1.00]	0.02338280593671243	0.03402408288994689	0.03934472136656402	0.0933912069448334
SOL/USDT	2023-12-13 01:15:00+00:00	[0.50,0.75)	0.027407518346562805	0.03759173281413816	0.05751085816983681	0.13374269881683382
SOL/USDT	2023-12-14 01:15:00+00:00	[0.50,0.75)	0.009572796113730558	0.018145449349907073	0.059579939991427376	0.11515930847263879
SOL/USDT	2023-12-15 01:15:00+00:00	[0.75,1.00]	0.014943295530353439	0.023082054703135287	0.07364909939959968	0.11100733822548356
SOL/USDT	2023-12-16 01:15:00+00:00	[0.75,1.00]	0.007869742198100384	0.013975576662143841	0.043554952510176305	0.059430122116689216
SOL/USDT	2023-12-17 01:15:00+00:00	[0.10,0.25)	0.014713896457765644	0.02302452316076291	0.032970027247956425	0.06389645776566753
SOL/USDT	2023-12-18 01:15:00+00:00	[0.75,1.00]	0.029461279461279383	0.0384399551066217	0.06032547699214362	0.11868686868686859
SOL/USDT	2023-12-19 01:15:00+00:00	[0.50,0.75)	0.016017084890549958	0.01761879337960501	0.026828617191671185	0.061265349706353486
SOL/USDT	2023-12-20 01:15:00+00:00	[0.25,0.50)	0.023854703171591093	0.02995391705069116	0.07278395229059352	0.14787205204662504
SOL/USDT	2023-12-21 01:15:00+00:00	[0.75,1.00]	0.03428988326848241	0.038059338521400726	0.07964494163424121	0.18069066147859922
SOL/USDT	2023-12-22 01:15:00+00:00	[0.75,1.00]	0.03583333333333331	0.036666666666666625	0.09541666666666664	0.09541666666666664
SOL/USDT	2023-12-23 01:15:00+00:00	[0.50,0.75)	0.020481418918919046	0.030088682432432522	0.04750844594594595	0.21326013513513517
SOL/USDT	2023-12-24 01:15:00+00:00	[0.75,1.00]	0.037835420393559964	0.0702146690518783	0.09409660107334522	0.09409660107334522
SOL/USDT	2023-12-25 01:15:00+00:00	[0.75,1.00]	0.022482981010390587	0.04021855965603722	0.06314940881404511	0.15612683625940516
SOL/USDT	2023-12-26 01:15:00+00:00	[0.25,0.50)	0.02191416950278078	0.03527849257076451	0.08524943969452972	0.15647049057856724
SOL/USDT	2023-12-27 01:15:00+00:00	[0.75,1.00]	0.031700288184438	0.03872478386167144	0.06718299711815556	0.09654178674351584
SOL/USDT	2023-12-28 01:15:00+00:00	[0.50,0.75)	0.023906650222938964	0.02770135660753251	0.056256522151598584	0.08832179110141355
SOL/USDT	2023-12-29 01:15:00+00:00	[0.50,0.75)	0.02839240258468774	0.0373017427060897	0.07734482083414926	0.07734482083414926
SOL/USDT	2023-12-30 01:15:00+00:00	[0.25,0.50)	0.014311102796744937	0.04003367318305118	0.06136002244878872	0.06136002244878872
SOL/USDT	2023-12-31 01:15:00+00:00	[0.10,0.25)	0.010790661173239105	0.028153815970178443	0.055620953502059915	0.055620953502059915
SOL/USDT	2024-01-01 01:15:00+00:00	[0.75,1.00]	0.023149052549326084	0.03145145536237545	0.04551670248095328	0.11437780816565744
SOL/USDT	2024-01-02 01:15:00+00:00	[0.50,0.75)	0.015098722415795565	0.023586169927633346	0.05708925221120343	0.09765031716251234
SOL/USDT	2024-01-03 01:15:00+00:00	[0.05,0.10)	0.020716685330347134	0.022489734975737183	0.2323628219484883	0.2323628219484883
SOL/USDT	2024-01-04 01:15:00+00:00	[0.25,0.50)	0.022256097560975584	0.04014227642276425	0.05487804878048786	0.11737804878048791
SOL/USDT	2024-01-05 01:15:00+00:00	[0.50,0.75)	0.0503010293260828	0.0503010293260828	0.0503010293260828	0.08205476791610024
SOL/USDT	2024-01-06 01:15:00+00:00	[0.10,0.25)	0.010209290454313425	0.03961204696273604	0.0812659520163348	0.0812659520163348
SOL/USDT	2024-01-07 01:15:00+00:00	[0.50,0.75)	0.014579400041955114	0.04982169079085379	0.05632473253618633	0.09565764631843916
SOL/USDT	2024-01-08 01:15:00+00:00	[0.75,1.00]	0.025166297117516584	0.059756097560975614	0.10898004434589799	0.1641906873614191
SOL/USDT	2024-01-09 01:15:00+00:00	[0.10,0.25)	0.02514686179532101	0.07770792538390195	0.08286097083376281	0.09677419354838711
SOL/USDT	2024-01-10 01:15:00+00:00	[0.75,1.00]	0.020065186392340586	0.024343043389692405	0.08902016704013031	0.140965573436545
SOL/USDT	2024-01-11 01:15:00+00:00	[0.75,1.00]	0.020369821022446378	0.02541283496489674	0.09215860773262131	0.09739938692771676
SOL/USDT	2024-01-12 01:15:00+00:00	[0.10,0.25)	0.017603111247569327	0.020366390338757496	0.03981168764711904	0.13806161088936644
SOL/USDT	2024-01-13 01:15:00+00:00	[0.75,1.00]	0.014061298473030882	0.023948148961880616	0.03317587608480716	0.07426123256069418
SOL/USDT	2024-01-14 01:15:00+00:00	[0.10,0.25)	0.019953791220331772	0.03381642512077294	0.044108380592312424	0.09714345725687881
SOL/USDT	2024-01-15 01:15:00+00:00	[0.50,0.75)	0.009210801758425891	0.017793594306049702	0.026690391459074703	0.04176261251831688
SOL/USDT	2024-01-16 01:15:00+00:00	[0.10,0.25)	0.010784211077374109	0.012564129410532957	0.03339964401633349	0.06501936969950799
SOL/USDT	2024-01-17 01:15:00+00:00	[0.25,0.50)	0.02146136953483735	0.02305849470952288	0.06288680375324412	0.07077260930325417
SOL/USDT	2024-01-18 01:15:00+00:00	[0.10,0.25)	0.013833598726114655	0.01741640127388535	0.03632563694267522	0.10041799363057329
SOL/USDT	2024-01-19 01:15:00+00:00	[0.05,0.10)	0.010953608247422636	0.03167955326460484	0.0429553264604811	0.09052835051546383
SOL/USDT	2024-01-20 01:15:00+00:00	[0.05,0.10)	0.012450359557797537	0.019104862080068702	0.03402382741225718	0.04368358913813452
SOL/USDT	2024-01-21 01:15:00+00:00	[0.00,0.05)	0.008113370835136306	0.01622674167027261	0.022717438338381746	0.04013414106447434
SOL/USDT	2024-01-22 01:15:00+00:00	[0.25,0.50)	0.012062859672421463	0.031319167773351024	0.05289951305887562	0.0987162461266047
SOL/USDT	2024-01-23 01:15:00+00:00	[0.25,0.50)	0.01636816510496987	0.02846637409559964	0.08302692444549875	0.08302692444549875
SOL/USDT	2024-01-24 01:15:00+00:00	[0.75,1.00]	0.011473858528507202	0.020700260231842914	0.062337355098178324	0.07499408563993379
SOL/USDT	2024-01-25 01:15:00+00:00	[0.75,1.00]	0.012287228046443506	0.022996280013527295	0.033930785706233854	0.04824709728328262
SOL/USDT	2024-01-26 01:15:00+00:00	[0.05,0.10)	0.02256422124508219	0.02603563989817172	0.0711640823883361	0.08643832446193009
SOL/USDT	2024-01-27 01:15:00+00:00	[0.00,0.05)	0.016435707379954895	0.018906434633150768	0.033301106456117675	0.046191857342356826
SOL/USDT	2024-01-28 01:15:00+00:00	[0.10,0.25)	0.011810608457239318	0.03754086259622485	0.0592639460086471	0.06316566487398498
SOL/USDT	2024-01-29 01:15:00+00:00	[0.10,0.25)	0.013221774610060955	0.026236958991839605	0.03057535378576587	0.074579072409875
SOL/USDT	2024-01-30 01:15:00+00:00	[0.10,0.25)	0.007698304424088932	0.020366400311830086	0.04570259208731253	0.07630091600077955
SOL/USDT	2024-01-31 01:15:00+00:00	[0.75,1.00]	0.016444399879675126	0.024766870550486302	0.04622480697884287	0.08763661887095166
SOL/USDT	2024-02-01 01:15:00+00:00	[0.50,0.75)	0.020151133501259463	0.025083963056255255	0.03820319059613771	0.06863979848866505
SOL/USDT	2024-02-02 01:15:00+00:00	[0.50,0.75)	0.009089072914562629	0.02009695011108862	0.04554635427186418	0.04554635427186418
SOL/USDT	2024-02-03 01:15:00+00:00	[0.25,0.50)	0.014119518743163842	0.014119518743163842	0.025554340260514997	0.04017102515660726
SOL/USDT	2024-02-04 01:15:00+00:00	[0.00,0.05)	0.007146503318019426	0.013986727922409438	0.02746299132210309	0.04573762123532418
SOL/USDT	2024-02-05 01:15:00+00:00	[0.25,0.50)	0.00884862530285477	0.023069630253871397	0.03686927209522806	0.04687664594964713
SOL/USDT	2024-02-06 01:15:00+00:00	[0.10,0.25)	0.007405862104933699	0.019818504224470696	0.040784395535621264	0.05215395848544904
SOL/USDT	2024-02-07 01:15:00+00:00	[0.00,0.05)	0.006702412868632766	0.025159826768405832	0.029181274489585463	0.07867601567333465
SOL/USDT	2024-02-08 01:15:00+00:00	[0.75,1.00]	0.011125332283154571	0.01161760362311713	0.01998621640248106	0.04400905779265531
SOL/USDT	2024-02-09 01:15:00+00:00	[0.05,0.10)	0.013442940038684724	0.02379110251450671	0.035686653771760134	0.056286266924564725
SOL/USDT	2024-02-10 01:15:00+00:00	[0.75,1.00]	0.017926446128257233	0.02698207355387176	0.03363518758085382	0.034282018111254794
SOL/USDT	2024-02-11 01:15:00+00:00	[0.10,0.25)	0.006195672276678396	0.020159053079341658	0.02700203439985206	0.03171814314777147
SOL/USDT	2024-02-12 01:15:00+00:00	[0.25,0.50)	0.008404137421499784	0.03463243442925748	0.04534540081270776	0.10703731067602502
SOL/USDT	2024-02-13 01:15:00+00:00	[0.75,1.00]	0.008085068986729955	0.01502768257316103	0.02522189999121192	0.06063801740047461
SOL/USDT	2024-02-14 01:15:00+00:00	[0.50,0.75)	0.008630765081362885	0.015553357907039503	0.06140429740178008	0.07237256135934547
SOL/USDT	2024-02-15 01:15:00+00:00	[0.25,0.50)	0.011741515255399421	0.018255056564963963	0.02648268769283501	0.05245114844017818
SOL/USDT	2024-02-16 01:15:00+00:00	[0.25,0.50)	0.008648839466949113	0.012620245344629837	0.03697820139440471	0.05568793575147826
SOL/USDT	2024-02-17 01:15:00+00:00	[0.25,0.50)	0.009632860777898966	0.01499454743729545	0.037350054525627036	0.052798982188295186
SOL/USDT	2024-02-18 01:15:00+00:00	[0.10,0.25)	0.01477742083524552	0.01716383662230372	0.0501147315282239	0.05993575034419459
SOL/USDT	2024-02-19 01:15:00+00:00	[0.10,0.25)	0.006711409395973154	0.011006711409396009	0.036241610738255006	0.04778523489932889
SOL/USDT	2024-02-20 01:15:00+00:00	[0.50,0.75)	0.009734352256186385	0.016648471615720507	0.028293304221251814	0.07378093158660844
SOL/USDT	2024-02-21 01:15:00+00:00	[0.25,0.50)	0.014300306435137954	0.016807503017921836	0.0572940848732473	0.07150153217568951
SOL/USDT	2024-02-22 01:15:00+00:00	[0.75,1.00]	0.01459078171804044	0.01951879408638526	0.048603729828968996	0.053821625277804555
SOL/USDT	2024-02-23 01:15:00+00:00	[0.75,1.00]	0.008003123170017501	0.017763029474916977	0.020495803240288837	0.043529182119851594
SOL/USDT	2024-02-24 01:15:00+00:00	[0.50,0.75)	0.013818842041557295	0.028444623764373546	0.04357474278797653	0.06425257212023391
SOL/USDT	2024-02-25 01:15:00+00:00	[0.10,0.25)	0.011784023954409476	0.021732831063459867	0.02347145754853672	0.02704530087897225
SOL/USDT	2024-02-26 01:15:00+00:00	[0.05,0.10)	0.012851251558454046	0.019372782200057507	0.03826604008823242	0.11518173971420342
SOL/USDT	2024-02-27 01:15:00+00:00	[0.75,1.00]	0.022484995073008968	0.030009853981904457	0.030009853981904457	0.06279673922780607
SOL/USDT	2024-02-28 01:15:00+00:00	[0.10,0.25)	0.005375347544022358	0.018072289156626533	0.07164040778498613	0.15347544022242818
SOL/USDT	2024-02-29 01:15:00+00:00	[0.75,1.00]	0.027318828725666638	0.037788319973826194	0.09872403075413048	0.11271061671846884
SOL/USDT	2024-03-01 01:15:00+00:00	[0.75,1.00]	0.04322897019992448	0.047755563938136646	0.05318747642399103	0.07996982270841198
SOL/USDT	2024-03-02 01:15:00+00:00	[0.50,0.75)	0.01511118070779825	0.0233322893830254	0.026855621672408448	0.03272784215471349
SOL/USDT	2024-03-03 01:15:00+00:00	[0.25,0.50)	0.01660899653979236	0.019223375624759707	0.05520953479430982	0.06789696270665127
SOL/USDT	2024-03-04 01:15:00+00:00	[0.50,0.75)	0.016515024084410097	0.020949613884853654	0.04992736447740654	0.05810841807477632
SOL/USDT	2024-03-05 01:15:00+00:00	[0.75,1.00]	0.02223908918406056	0.03833017077798848	0.04060721062618591	0.28629981024667933
SOL/USDT	2024-03-06 01:15:00+00:00	[0.75,1.00]	0.019983753046303884	0.06279447603574333	0.12144597887896011	0.12396425670186834
SOL/USDT	2024-03-07 01:15:00+00:00	[0.75,1.00]	0.05105082724698162	0.06424206290058133	0.08421523326874335	0.12036070949470863
SOL/USDT	2024-03-08 01:15:00+00:00	[0.25,0.50)	0.017111188084516792	0.01856598545202637	0.0552822999653619	0.07370973328714919
SOL/USDT	2024-03-09 01:15:00+00:00	[0.25,0.50)	0.013996569468267528	0.02456260720411653	0.036706689536878175	0.03849056603773594
SOL/USDT	2024-03-10 01:15:00+00:00	[0.25,0.50)	0.011176991753561063	0.014448306413139813	0.02896476521502079	0.08185101887821163
SOL/USDT	2024-03-11 01:15:00+00:00	[0.75,1.00]	0.01734767025089617	0.034982078853046564	0.09390681003584225	0.09390681003584225
SOL/USDT	2024-03-12 01:15:00+00:00	[0.10,0.25)	0.024309541495036956	0.04929434803160248	0.04929434803160248	0.091160780606388
SOL/USDT	2024-03-13 01:15:00+00:00	[0.50,0.75)	0.009146748564561387	0.024636132995059404	0.03992522366136994	0.13733475764454528
SOL/USDT	2024-03-14 01:15:00+00:00	[0.75,1.00]	0.007765470744040405	0.023537202022634218	0.05556224416084752	0.15386467613773178
SOL/USDT	2024-03-15 01:15:00+00:00	[0.75,1.00]	0.03411004290913042	0.09108685025256645	0.12096029547553099	0.13296398891966751
SOL/USDT	2024-03-16 01:15:00+00:00	[0.75,1.00]	0.02663013698630129	0.04378082191780811	0.08761643835616428	0.11599999999999994
SOL/USDT	2024-03-17 01:15:00+00:00	[0.75,1.00]	0.01636856368563691	0.0298644986449864	0.08644986449864492	0.14444444444444432
SOL/USDT	2024-03-18 01:15:00+00:00	[0.75,1.00]	0.01526833722227854	0.04281221466977782	0.06660241452774676	0.11905245003550777
SOL/USDT	2024-03-19 01:15:00+00:00	[0.75,1.00]	0.02298667516058827	0.0542549238201412	0.10792589053458625	0.12916069437808575
SOL/USDT	2024-03-20 01:15:00+00:00	[0.75,1.00]	0.028692571295812267	0.08468374281233672	0.08468374281233672	0.1930069117732475
SOL/USDT	2024-03-21 01:15:00+00:00	[0.50,0.75)	0.01476301476301488	0.05086765086765083	0.05086765086765083	0.09702149702149697
SOL/USDT	2024-03-22 01:15:00+00:00	[0.10,0.25)	0.02576453455808219	0.033717934356446794	0.055393749299876706	0.07460513050296849
SOL/USDT	2024-03-23 01:15:00+00:00	[0.50,0.75)	0.02124766275709672	0.043968496798685426	0.043968496798685426	0.04884129412431302
SOL/USDT	2024-03-24 01:15:00+00:00	[0.25,0.50)	0.010568782317177028	0.02806977669185748	0.032615489516449846	0.08824365020739815
SOL/USDT	2024-03-25 01:15:00+00:00	[0.50,0.75)	0.011530225662987944	0.021303464558282522	0.05507055399989019	0.07060890572667866
SOL/USDT	2024-03-26 01:15:00+00:00	[0.10,0.25)	0.009909340080118045	0.03505165507063043	0.038056082648113006	0.055713683322791446
SOL/USDT	2024-03-27 01:15:00+00:00	[0.10,0.25)	0.013938919342208235	0.017906551814147628	0.04453145392847821	0.06285565126598795
SOL/USDT	2024-03-28 01:15:00+00:00	[0.10,0.25)	0.010906131307650673	0.023277265328269237	0.04161692892023883	0.05431361909929473
SOL/USDT	2024-03-29 01:15:00+00:00	[0.10,0.25)	0.015471241382939524	0.023364731884439285	0.038678103457348956	0.058569699521128366
SOL/USDT	2024-03-30 01:15:00+00:00	[0.50,0.75)	0.011089232044771555	0.04243963104984971	0.04435692817908593	0.04435692817908593
SOL/USDT	2024-03-31 01:15:00+00:00	[0.10,0.25)	0.009696351109977065	0.018474100535851006	0.01862720081653486	0.0537892319469252
SOL/USDT	2024-04-01 01:15:00+00:00	[0.25,0.50)	0.012392848395787416	0.0230222875336763	0.05491060494734268	0.08616213568454568
SOL/USDT	2024-04-02 01:15:00+00:00	[0.25,0.50)	0.022987901104681772	0.052603892688058915	0.07411888479747503	0.07932667017359292
SOL/USDT	2024-04-03 01:15:00+00:00	[0.50,0.75)	0.028987907901275464	0.044337695323284194	0.06040527855999115	0.06040527855999115
SOL/USDT	2024-04-04 01:15:00+00:00	[0.25,0.50)	0.016892618893910128	0.032601678502259535	0.05213040671400903	0.054389928986442786
SOL/USDT	2024-04-05 01:15:00+00:00	[0.10,0.25)	0.015318124623885395	0.05273811477651959	0.08184255156190168	0.08184255156190168
SOL/USDT	2024-04-06 01:15:00+00:00	[0.05,0.10)	0.012521343198634132	0.022595332953898685	0.027945361411496852	0.039442231075697255
SOL/USDT	2024-04-07 01:15:00+00:00	[0.10,0.25)	0.015406783418310803	0.015406783418310803	0.02244513411660392	0.03247616936377751
SOL/USDT	2024-04-08 01:15:00+00:00	[0.05,0.10)	0.01647032549829707	0.022053486684160507	0.052649209982692236	0.052649209982692236
SOL/USDT	2024-04-09 01:15:00+00:00	[0.05,0.10)	0.009421340171702519	0.021797301817370926	0.040361244285873614	0.06299475972795174
SOL/USDT	2024-04-10 01:15:00+00:00	[0.25,0.50)	0.016308159925181153	0.02250409165302779	0.0664601356090718	0.07727379003974748
SOL/USDT	2024-04-11 01:15:00+00:00	[0.25,0.50)	0.008232134516581016	0.016931340495095783	0.03456328818309211	0.03648995796356842
SOL/USDT	2024-04-12 01:15:00+00:00	[0.05,0.10)	0.0109960067133515	0.014815672203252517	0.048093060941026694	0.20244227096475487
SOL/USDT	2024-04-13 01:15:00+00:00	[0.50,0.75)	0.03114765055811775	0.06369895060490609	0.06369895060490609	0.2606777621816723
SOL/USDT	2024-04-14 01:15:00+00:00	[0.75,1.00]	0.02582517228871964	0.08509249183895552	0.10990206746463552	0.16242292346753728
SOL/USDT	2024-04-15 01:15:00+00:00	[0.75,1.00]	0.016670027559319685	0.022652416481817407	0.06708341735564959	0.1512401693889897
SOL/USDT	2024-04-16 01:15:00+00:00	[0.50,0.75)	0.03393470790377993	0.07467067583046968	0.07731958762886586	0.10144616265750277
SOL/USDT	2024-04-17 01:15:00+00:00	[0.50,0.75)	0.01891495601173009	0.05542521994134899	0.08863636363636365	0.11656891495601177
SOL/USDT	2024-04-18 01:15:00+00:00	[0.75,1.00]	0.01907479723640727	0.03627215379994002	0.0704415740462601	0.12488735355962749
SOL/USDT	2024-04-19 01:15:00+00:00	[0.75,1.00]	0.05112625963248374	0.09173088322465912	0.13655898043864853	0.14070835803200954
SOL/USDT	2024-04-20 01:15:00+00:00	[0.50,0.75)	0.012481384298986025	0.028934118147649193	0.035458478122119004	0.08786610878661079
SOL/USDT	2024-04-21 01:15:00+00:00	[0.25,0.50)	0.012598320223970234	0.029062791627783052	0.029396080522596964	0.04546060525263294
SOL/USDT	2024-04-22 01:15:00+00:00	[0.10,0.25)	0.021317829457364327	0.03668805132317569	0.06689387864207426	0.08487035551991458
SOL/USDT	2024-04-23 01:15:00+00:00	[0.50,0.75)	0.006388765892845969	0.026250869757732973	0.034284268454677816	0.044025555063571434
SOL/USDT	2024-04-24 01:15:00+00:00	[0.25,0.50)	0.01626170589724116	0.025436598329536892	0.02834725385978245	0.08997722095671981
SOL/USDT	2024-04-25 01:15:00+00:00	[0.25,0.50)	0.027581567440295957	0.027716111671712104	0.04547595021863431	0.054894046417759815
SOL/USDT	2024-04-26 01:15:00+00:00	[0.75,1.00]	0.020415322014872995	0.020415322014872995	0.027501052336186247	0.09337729760067352
SOL/USDT	2024-04-27 01:15:00+00:00	[0.75,1.00]	0.017064846416382125	0.019661670871048947	0.03309096305089761	0.06276895681851892
SOL/USDT	2024-04-28 01:15:00+00:00	[0.25,0.50)	0.010392528614563513	0.01987219998595593	0.02759637665894254	0.05470121480233124
SOL/USDT	2024-04-29 01:15:00+00:00	[0.75,1.00]	0.011453425154041205	0.03327292497281606	0.037839797027908656	0.04632113084450899
SOL/USDT	2024-04-30 01:15:00+00:00	[0.75,1.00]	0.02788988181032001	0.02788988181032001	0.08727298933410205	0.12712597290285385
SOL/USDT	2024-05-01 01:15:00+00:00	[0.50,0.75)	0.030082330588980348	0.030082330588980348	0.07203926535782136	0.13853704876504117
SOL/USDT	2024-05-02 01:15:00+00:00	[0.50,0.75)	0.013197268472339437	0.0193355328780788	0.08447786388398673	0.09752167574618281
SOL/USDT	2024-05-03 01:15:00+00:00	[0.50,0.75)	0.020227288971481756	0.020227288971481756	0.05382031305839469	0.06518476163247805
SOL/USDT	2024-05-04 01:15:00+00:00	[0.10,0.25)	0.017816449140252832	0.02955596989158208	0.04778675505835224	0.04778675505835224
SOL/USDT	2024-05-05 01:15:00+00:00	[0.25,0.50)	0.016662057522123873	0.019289269911504373	0.029936393805309824	0.0344303097345134
SOL/USDT	2024-05-06 01:15:00+00:00	[0.25,0.50)	0.0065093572009762655	0.02373203146189314	0.0779088689991862	0.0779088689991862
SOL/USDT	2024-05-07 01:15:00+00:00	[0.25,0.50)	0.02510215995329834	0.03483167931504187	0.042226114029966864	0.07777129143153667
SOL/USDT	2024-05-08 01:15:00+00:00	[0.50,0.75)	0.009000537345513189	0.02451638903815157	0.05104782375067164	0.08060182697474476
SOL/USDT	2024-05-09 01:15:00+00:00	[0.25,0.50)	0.007015350420226373	0.011669097728693525	0.03667430714732217	0.08876849343613234
SOL/USDT	2024-05-10 01:15:00+00:00	[0.25,0.50)	0.01855859400616442	0.01855859400616442	0.023476949308151435	0.07384090760049833
SOL/USDT	2024-05-11 01:15:00+00:00	[0.05,0.10)	0.02307535225648347	0.02457286774215496	0.026002314342114172	0.026683003199237543
SOL/USDT	2024-05-12 01:15:00+00:00	[0.00,0.05)	0.0042564877111080915	0.013867911574900523	0.028491006453384635	0.03638610462721414
SOL/USDT	2024-05-13 01:15:00+00:00	[0.25,0.50)	0.019714008052200496	0.04289879216992924	0.06747188671386921	0.09093433291684017
SOL/USDT	2024-05-14 01:15:00+00:00	[0.10,0.25)	0.013221235337988939	0.022984609126042544	0.036477049291477354	0.05342735100684789
SOL/USDT	2024-05-15 01:15:00+00:00	[0.05,0.10)	0.006433116565275268	0.012166981329976989	0.06335221313194883	0.13677365219215443
SOL/USDT	2024-05-16 01:15:00+00:00	[0.75,1.00]	0.011941041109521659	0.02562348404751542	0.031158654145158227	0.05180670439703952
SOL/USDT	2024-05-17 01:15:00+00:00	[0.50,0.75)	0.011340270421833092	0.019253536045859575	0.06380459841734692	0.08872826967412305
SOL/USDT	2024-05-18 01:15:00+00:00	[0.25,0.50)	0.02888849744583416	0.02888849744583416	0.03593447243262289	0.03593447243262289
SOL/USDT	2024-05-19 01:15:00+00:00	[0.05,0.10)	0.005989058450907115	0.01503023322775706	0.045781744889144764	0.05493809386697375
SOL/USDT	2024-05-20 01:15:00+00:00	[0.25,0.50)	0.029432666113940534	0.06567570768684118	0.07070946346085513	0.12685064550515213
SOL/USDT	2024-05-21 01:15:00+00:00	[0.50,0.75)	0.013707571801566634	0.02507615317667529	0.040959530026109664	0.06277197563098343
SOL/USDT	2024-05-22 01:15:00+00:00	[0.00,0.05)	0.006997313031795791	0.021495745633676688	0.0455105239587998	0.056202418271383746
SOL/USDT	2024-05-23 01:15:00+00:00	[0.50,0.75)	0.005855196486882063	0.013174192095484762	0.04577187253687645	0.08833464699921179
SOL/USDT	2024-05-24 01:15:00+00:00	[0.75,1.00]	0.012109329950409543	0.040306769692077096	0.06625533387152584	0.06625533387152584
SOL/USDT	2024-05-25 01:15:00+00:00	[0.05,0.10)	0.02069710240566331	0.022856800047993293	0.025196472493850965	0.025196472493850965
SOL/USDT	2024-05-26 01:15:00+00:00	[0.05,0.10)	0.014657689328487206	0.017994399094321694	0.033367097658344884	0.040695942322588406
SOL/USDT	2024-05-27 01:15:00+00:00	[0.50,0.75)	0.01236056677720839	0.015917998191136658	0.026107928851371625	0.05094965330117569
SOL/USDT	2024-05-28 01:15:00+00:00	[0.05,0.10)	0.03190615835777125	0.042052785923753756	0.048797653958944406	0.048797653958944406
SOL/USDT	2024-05-29 01:15:00+00:00	[0.05,0.10)	0.009464849098160625	0.030061313173403246	0.04125245550330381	0.04125245550330381
SOL/USDT	2024-05-30 01:15:00+00:00	[0.05,0.10)	0.017892171431968085	0.01807049872198771	0.04410628306485162	0.056173096356178974
SOL/USDT	2024-05-31 01:15:00+00:00	[0.05,0.10)	0.008930712059458218	0.01606329417405902	0.03560297290817548	0.043574682330376466
SOL/USDT	2024-06-01 01:15:00+00:00	[0.05,0.10)	0.004979004199160243	0.007918416316736612	0.009118176364726945	0.013557288542291488
SOL/USDT	2024-06-02 01:15:00+00:00	[0.10,0.25)	0.005568195425697562	0.010058675607711691	0.018560651418991703	0.034606633936055564
SOL/USDT	2024-06-03 01:15:00+00:00	[0.10,0.25)	0.011201753317910651	0.015767685376841614	0.025630098624132524	0.02782174601241947
SOL/USDT	2024-06-04 01:15:00+00:00	[0.05,0.10)	0.0076672301376479735	0.008693552282057461	0.015394832166143513	0.049263462931659174
SOL/USDT	2024-06-05 01:15:00+00:00	[0.50,0.75)	0.014021669853409907	0.014774900052146772	0.016455182803175174	0.0324468393302045
SOL/USDT	2024-06-06 01:15:00+00:00	[0.00,0.05)	0.004770114942528807	0.012241379310344802	0.01643678160919548	0.039597701149425374
SOL/USDT	2024-06-07 01:15:00+00:00	[0.00,0.05)	0.005299729124955869	0.019020138970674772	0.02272994935814383	0.11735955717818872
SOL/USDT	2024-06-08 01:15:00+00:00	[0.00,0.05)	0.005730482469653133	0.013864070491096187	0.032287879721486286	0.039497196376856225
SOL/USDT	2024-06-09 01:15:00+00:00	[0.25,0.50)	0.008144453563987755	0.014394848159606044	0.03213586716333104	0.0411642149125575
SOL/USDT	2024-06-10 01:15:00+00:00	[0.10,0.25)	0.003900928792569631	0.014984520123839109	0.026501547987616107	0.03541795665634674
SOL/USDT	2024-06-11 01:15:00+00:00	[0.10,0.25)	0.029188374866612302	0.04306069926558291	0.04431611323834036	0.08951101625761107
SOL/USDT	2024-06-12 01:15:00+00:00	[0.50,0.75)	0.026288905537015687	0.044405094326772525	0.1116937955458694	0.1116937955458694
SOL/USDT	2024-06-13 01:15:00+00:00	[0.10,0.25)	0.014458924982169606	0.030603643908448417	0.03449393762562403	0.05498281786941593
SOL/USDT	2024-06-14 01:15:00+00:00	[0.10,0.25)	0.015523932729624846	0.015523932729624846	0.01879212909375632	0.06352556682780698
SOL/USDT	2024-06-15 01:15:00+00:00	[0.25,0.50)	0.004319052594914695	0.016231278300243904	0.0179728317659353	0.019366074538488338
SOL/USDT	2024-06-16 01:15:00+00:00	[0.10,0.25)	0.003729281767955746	0.012016574585635225	0.0203729281767955	0.06015193370165731
SOL/USDT	2024-06-17 01:15:00+00:00	[0.50,0.75)	0.011578876915869207	0.01820493942841844	0.05180376146174961	0.08633960243624929
SOL/USDT	2024-06-18 01:15:00+00:00	[0.75,1.00]	0.07341643716480657	0.07341643716480657	0.07899695608059133	0.08515726916944474
SOL/USDT	2024-06-19 01:15:00+00:00	[0.75,1.00]	0.022147120155317352	0.03171064931329544	0.035234054792550554	0.05342633206298991
SOL/USDT	2024-06-20 01:15:00+00:00	[0.10,0.25)	0.025084347953645416	0.03454598797124841	0.06425113686372298	0.06887193780255234
SOL/USDT	2024-06-21 01:15:00+00:00	[0.25,0.50)	0.008211406389967112	0.023439832785906136	0.03874290833084501	0.04941773663780236
SOL/USDT	2024-06-22 01:15:00+00:00	[0.25,0.50)	0.008741128128501962	0.018079940231602448	0.02420620097123653	0.026746357863279887
SOL/USDT	2024-06-23 01:15:00+00:00	[0.10,0.25)	0.005132401071109983	0.0060993751859565095	0.011975602499256275	0.059059803629872044
SOL/USDT	2024-06-24 01:15:00+00:00	[0.50,0.75)	0.015132605304212152	0.03354134165366613	0.05335413416536665	0.0856474258970358
SOL/USDT	2024-06-25 01:15:00+00:00	[0.75,1.00]	0.012154360376785345	0.04299604983287774	0.0604679428745063	0.0660893345487695
SOL/USDT	2024-06-26 01:15:00+00:00	[0.50,0.75)	0.021863877387956643	0.029636086293309976	0.03181521028546521	0.040386431321275534
SOL/USDT	2024-06-27 01:15:00+00:00	[0.25,0.50)	0.008585895648345105	0.017098407573200147	0.10244367799222137	0.11748734130769808
SOL/USDT	2024-06-28 01:15:00+00:00	[0.50,0.75)	0.024372279879477838	0.044325410110478775	0.048610646133244	0.07920990960830274
SOL/USDT	2024-06-29 01:15:00+00:00	[0.25,0.50)	0.006560846560846609	0.015167548500881874	0.0222927689594356	0.02532627865961202
SOL/USDT	2024-06-30 01:15:00+00:00	[0.10,0.25)	0.01552485400940042	0.024284289987181292	0.03639082751744756	0.08574277168494511
SOL/USDT	2024-07-01 01:15:00+00:00	[0.75,1.00]	0.007434441741011045	0.012503379291700421	0.02176263855095971	0.023587456069207955
SOL/USDT	2024-07-02 01:15:00+00:00	[0.25,0.50)	0.010111978282999723	0.019409569053274418	0.03210044112656952	0.055106888361045166
SOL/USDT	2024-07-03 01:15:00+00:00	[0.25,0.50)	0.015705441511893105	0.039947865754317344	0.08341479309221234	0.10368198110133593
SOL/USDT	2024-07-04 01:15:00+00:00	[0.50,0.75)	0.047279279279279295	0.047279279279279295	0.06623423423423422	0.09924324324324332
SOL/USDT	2024-07-05 01:15:00+00:00	[0.75,1.00]	0.03057864199466827	0.06201975850713499	0.09408812921436412	0.13195860122314576
SOL/USDT	2024-07-06 01:15:00+00:00	[0.25,0.50)	0.017960516550393255	0.019296422740091985	0.06152590173667798	0.08920884666765609
SOL/USDT	2024-07-07 01:15:00+00:00	[0.50,0.75)	0.01938288320387657	0.03149718520629934	0.04240005700847993	0.10874367562174876
SOL/USDT	2024-07-08 01:15:00+00:00	[0.75,1.00]	0.028182028182028154	0.04319704319704308	0.10472010472010468	0.10472010472010468
SOL/USDT	2024-07-09 01:15:00+00:00	[0.50,0.75)	0.018680129823296095	0.038369996393797484	0.05683375405697817	0.05683375405697817
SOL/USDT	2024-07-10 01:15:00+00:00	[0.50,0.75)	0.009340463458110532	0.04834224598930482	0.04834224598930482	0.04834224598930482
SOL/USDT	2024-07-11 01:15:00+00:00	[0.10,0.25)	0.015756376739913727	0.029322405143785608	0.049600791351656764	0.08514095951388385
SOL/USDT	2024-07-12 01:15:00+00:00	[0.25,0.50)	0.01882039122703017	0.024599881446354423	0.03163900414937767	0.04912566686425625
SOL/USDT	2024-07-13 01:15:00+00:00	[0.25,0.50)	0.008681302912900044	0.011120677285119899	0.02152389151958674	0.05151384703687765
SOL/USDT	2024-07-14 01:15:00+00:00	[0.75,1.00]	0.012787723785166202	0.019492638418469575	0.02654316720812887	0.057648441280154866
SOL/USDT	2024-07-15 01:15:00+00:00	[0.75,1.00]	0.01250415696707679	0.016361822414366532	0.031792484203525116	0.06983704689058863
SOL/USDT	2024-07-16 01:15:00+00:00	[0.50,0.75)	0.010662604722010706	0.017326732673267262	0.03960396039603966	0.07127443513582139
SOL/USDT	2024-07-17 01:15:00+00:00	[0.50,0.75)	0.013552462132826444	0.02152449868154775	0.02501993009137188	0.05476175875390941
SOL/USDT	2024-07-18 01:15:00+00:00	[0.25,0.50)	0.018769288908483905	0.018769288908483905	0.029224664609183007	0.041128676702147766
SOL/USDT	2024-07-19 01:15:00+00:00	[0.50,0.75)	0.016497461928934157	0.03312182741116751	0.0534263959390864	0.0965736040609137
SOL/USDT	2024-07-20 01:15:00+00:00	[0.10,0.25)	0.008168302285949433	0.013868484456719832	0.026620438385144277	0.04601281071869298
SOL/USDT	2024-07-21 01:15:00+00:00	[0.00,0.05)	0.004889553612517224	0.017429820524620346	0.026058444546709626	0.08571099861942003
SOL/USDT	2024-07-22 01:15:00+00:00	[0.25,0.50)	0.010630719491478972	0.01616526932982623	0.036001972710833434	0.03654994794235294
SOL/USDT	2024-07-23 01:15:00+00:00	[0.50,0.75)	0.008437394532568343	0.03453706828664634	0.03476206547418161	0.05731803352458093
SOL/USDT	2024-07-24 01:15:00+00:00	[0.25,0.50)	0.013642407075553578	0.020347996994045957	0.04364414127984283	0.06665125151742876
SOL/USDT	2024-07-25 01:15:00+00:00	[0.75,1.00]	0.025871506770383225	0.046499567847882575	0.05623739556323837	0.061077499279746594
SOL/USDT	2024-07-26 01:15:00+00:00	[0.50,0.75)	0.016616489115331198	0.02987494210282536	0.04336498378879116	0.07202408522464103
SOL/USDT	2024-07-27 01:15:00+00:00	[0.10,0.25)	0.0048946818456801116	0.020733652312599736	0.03343782654127488	0.056206346587471805
SOL/USDT	2024-07-28 01:15:00+00:00	[0.50,0.75)	0.009532015725133342	0.030211643061015744	0.030211643061015744	0.04351338251925259
SOL/USDT	2024-07-29 01:15:00+00:00	[0.75,1.00]	0.011340752517223034	0.03540010598834117	0.03540010598834117	0.06709062003179649
SOL/USDT	2024-07-30 01:15:00+00:00	[0.25,0.50)	0.0210917436205671	0.030872629910933706	0.03092727173378502	0.05223758264575708
SOL/USDT	2024-07-31 01:15:00+00:00	[0.25,0.50)	0.010642425586164777	0.020120835873842887	0.03885593924948723	0.07760101989911868
SOL/USDT	2024-08-01 01:15:00+00:00	[0.50,0.75)	0.014023858015711356	0.03433226651149261	0.03433226651149261	0.08140820482979348
SOL/USDT	2024-08-02 01:15:00+00:00	[0.50,0.75)	0.021114404985177623	0.025591384838768164	0.04047431786556959	0.11513098191058141
SOL/USDT	2024-08-03 01:15:00+00:00	[0.50,0.75)	0.015563435776201763	0.022786971368531646	0.03467297084318362	0.08950617283950614
SOL/USDT	2024-08-04 01:15:00+00:00	[0.50,0.75)	0.0270968643061666	0.02982051819261129	0.046651302465256	0.16865702912214545
SOL/USDT	2024-08-05 01:15:00+00:00	[0.75,1.00]	0.062077349745460184	0.15880252260466543	0.17939366309550955	0.23265709292606945
SOL/USDT	2024-08-06 01:15:00+00:00	[0.75,1.00]	0.02094203416482029	0.03216353370023586	0.05474948180973481	0.09634765206203981
SOL/USDT	2024-08-07 01:15:00+00:00	[0.75,1.00]	0.05060207419781451	0.07934850699519737	0.08018375443725212	0.09466137676620029
SOL/USDT	2024-08-08 01:15:00+00:00	[0.75,1.00]	0.05141074335322832	0.06131307650569718	0.0770482908301681	0.11096039066739002
SOL/USDT	2024-08-09 01:15:00+00:00	[0.75,1.00]	0.010730678575859012	0.03516933382954961	0.04453541744200476	0.06593474754993174
SOL/USDT	2024-08-10 01:15:00+00:00	[0.75,1.00]	0.01593986911164393	0.02378021123566394	0.02378021123566394	0.02378021123566394
SOL/USDT	2024-08-11 01:15:00+00:00	[0.00,0.05)	0.008097952837522673	0.018139414356050862	0.053316921482249216	0.10883648613630481
SOL/USDT	2024-08-12 01:15:00+00:00	[0.50,0.75)	0.00803633822501751	0.015723270440251572	0.05995807127882589	0.06254367575122284
SOL/USDT	2024-08-13 01:15:00+00:00	[0.50,0.75)	0.01771667008687327	0.02825090635474399	0.03119228401395446	0.047198850810589
SOL/USDT	2024-08-14 01:15:00+00:00	[0.25,0.50)	0.010613943808532787	0.01824488380159553	0.05966007630939989	0.06812348248352405
SOL/USDT	2024-08-15 01:15:00+00:00	[0.05,0.10)	0.013962811916776183	0.014515794566945621	0.03096702840948378	0.0681551116333724
SOL/USDT	2024-08-16 01:15:00+00:00	[0.50,0.75)	0.01219858156028368	0.024822695035460994	0.043049645390070876	0.0622695035460993
SOL/USDT	2024-08-17 01:15:00+00:00	[0.25,0.50)	0.007726980038634989	0.015239321742863444	0.01931745009658717	0.03598769406882737
SOL/USDT	2024-08-18 01:15:00+00:00	[0.10,0.25)	0.006977235886954748	0.019381210797096343	0.04757206286560012	0.04757206286560012
SOL/USDT	2024-08-19 01:15:00+00:00	[0.75,1.00]	0.009286618826509028	0.012663571127057712	0.030040804840298172	0.053257351906570945
SOL/USDT	2024-08-20 01:15:00+00:00	[0.50,0.75)	0.010010284538909894	0.027562564278368257	0.027562564278368257	0.05368529310935902
SOL/USDT	2024-08-21 01:15:00+00:00	[0.10,0.25)	0.008575847040629825	0.009278785322648624	0.02319696330662176	0.04020806973147757
SOL/USDT	2024-08-22 01:15:00+00:00	[0.05,0.10)	0.00601482724856613	0.017554902783606035	0.029724436984193595	0.033571128829206966
SOL/USDT	2024-08-23 01:15:00+00:00	[0.10,0.25)	0.013728073216390418	0.015045413575538983	0.017541426887610078	0.08008042709561107
SOL/USDT	2024-08-24 01:15:00+00:00	[0.25,0.50)	0.01769911504424771	0.022418879056047114	0.04437889216650285	0.06771550311373328
SOL/USDT	2024-08-25 01:15:00+00:00	[0.25,0.50)	0.011127876273104374	0.011127876273104374	0.024393310700364615	0.04243681629573746
SOL/USDT	2024-08-26 01:15:00+00:00	[0.50,0.75)	0.011000062857502043	0.023508705764032994	0.029040165943805422	0.04066880382173611
SOL/USDT	2024-08-27 01:15:00+00:00	[0.10,0.25)	0.006863547635539345	0.01101945721302185	0.04420376550595057	0.0923115672816573
SOL/USDT	2024-08-28 01:15:00+00:00	[0.75,1.00]	0.012077957727148089	0.026626406807576337	0.045155091957178234	0.06018391435629982
SOL/USDT	2024-08-29 01:15:00+00:00	[0.25,0.50)	0.0056442059786774605	0.008570831300954566	0.0272454881192948	0.06487352797714448
SOL/USDT	2024-08-30 01:15:00+00:00	[0.10,0.25)	0.012583112890541152	0.021734467720025682	0.025595195538714408	0.06212911989704724
SOL/USDT	2024-08-31 01:15:00+00:00	[0.50,0.75)	0.007382744643891215	0.009481760277938638	0.021858714533873846	0.03126809496236243
SOL/USDT	2024-09-01 01:15:00+00:00	[0.10,0.25)	0.014407723728184163	0.019457853694764236	0.03445971036019299	0.06305235796509476
SOL/USDT	2024-09-02 01:15:00+00:00	[0.75,1.00]	0.011321626617375222	0.027418361059765774	0.04721195317313624	0.0666974738139249
SOL/USDT	2024-09-03 01:15:00+00:00	[0.10,0.25)	0.026840661377622928	0.02691480685104171	0.039741973752502296	0.11514792021947061
SOL/USDT	2024-09-04 01:15:00+00:00	[0.75,1.00]	0.020603737422137024	0.02363839642229682	0.05095032742373419	0.07922057179364309
SOL/USDT	2024-09-05 01:15:00+00:00	[0.10,0.25)	0.008393285371702672	0.022556954436450772	0.025854316546762506	0.05792865707434067
SOL/USDT	2024-09-06 01:15:00+00:00	[0.10,0.25)	0.01284133983136069	0.01802429024522327	0.05322193857816968	0.11054382300611117
SOL/USDT	2024-09-07 01:15:00+00:00	[0.75,1.00]	0.01024901913684043	0.024901913684041953	0.03499079189686928	0.04299783809752586
SOL/USDT	2024-09-08 01:15:00+00:00	[0.10,0.25)	0.005866249511145874	0.008682049276496	0.02612436448963632	0.03981228001564325
SOL/USDT	2024-09-09 01:15:00+00:00	[0.50,0.75)	0.015499691548426826	0.02020357803824792	0.0269123997532387	0.0781153608883406
SOL/USDT	2024-09-10 01:15:00+00:00	[0.25,0.50)	0.005917602996254622	0.010711610486891437	0.023071161048689233	0.04119850187265917
SOL/USDT	2024-09-11 01:15:00+00:00	[0.00,0.05)	0.011130899376669636	0.02604630454140688	0.0327990501632531	0.04882754526565756
SOL/USDT	2024-09-12 01:15:00+00:00	[0.50,0.75)	0.014867677668748141	0.017097829319060447	0.017097829319060447	0.024977698483496978
SOL/USDT	2024-09-13 01:15:00+00:00	[0.25,0.50)	0.0069026942774438275	0.008758257255251294	0.026868551918652155	0.060120240480962095
SOL/USDT	2024-09-14 01:15:00+00:00	[0.10,0.25)	0.004019234909926091	0.008540874183592891	0.023613005095815834	0.03014426182444568
SOL/USDT	2024-09-15 01:15:00+00:00	[0.00,0.05)	0.0041427429318990705	0.008212806163238575	0.020641034958935787	0.057126244639871974
SOL/USDT	2024-09-16 01:15:00+00:00	[0.50,0.75)	0.009860877541660453	0.015211741323956652	0.024078887020333326	0.026677878000305834
SOL/USDT	2024-09-17 01:15:00+00:00	[0.25,0.50)	0.004281672910773013	0.014144812294517887	0.024696077681779876	0.041516935545531056
SOL/USDT	2024-09-18 01:15:00+00:00	[0.25,0.50)	0.006623020706455576	0.011799634591961108	0.030983556638245986	0.07178745432399518
SOL/USDT	2024-09-19 01:15:00+00:00	[0.75,1.00]	0.012637646884930747	0.032517921809178965	0.05202867489468622	0.06895277510900882
SOL/USDT	2024-09-20 01:15:00+00:00	[0.50,0.75)	0.008810262193402876	0.0586411051592895	0.07893994925288969	0.07893994925288969
SOL/USDT	2024-09-21 01:15:00+00:00	[0.25,0.50)	0.01486431201418251	0.017182599209054832	0.022637392608754896	0.03845629346788481
SOL/USDT	2024-09-22 01:15:00+00:00	[0.25,0.50)	0.00917183706501204	0.012543835985972385	0.03277582951173446	0.05300782303749653
SOL/USDT	2024-09-23 01:15:00+00:00	[0.75,1.00]	0.010901410369966575	0.02173468692512092	0.04415071199836471	0.045308986850173774
SOL/USDT	2024-09-24 01:15:00+00:00	[0.25,0.50)	0.013783501566306925	0.02610511660285416	0.0389836407935955	0.07546119039331711
SOL/USDT	2024-09-25 01:15:00+00:00	[0.75,1.00]	0.013807996858844405	0.0214645638374452	0.032458608729795224	0.048164387147438086
SOL/USDT	2024-09-26 01:15:00+00:00	[0.75,1.00]	0.012735401707085921	0.018628912071535022	0.04531906245766155	0.07498983877523385
SOL/USDT	2024-09-27 01:15:00+00:00	[0.10,0.25)	0.011448417802932861	0.02167481348083358	0.034345253408798584	0.04849498327759211
SOL/USDT	2024-09-28 01:15:00+00:00	[0.00,0.05)	0.006321112515802782	0.010493046776232596	0.028002528445006367	0.028002528445006367
SOL/USDT	2024-09-29 01:15:00+00:00	[0.00,0.05)	0.010172939979654084	0.010999491353000952	0.021871820956256345	0.04253560528992877
SOL/USDT	2024-09-30 01:15:00+00:00	[0.50,0.75)	0.01924165251839277	0.028736716342828532	0.0379173740803622	0.0521285292083256
SOL/USDT	2024-10-01 01:15:00+00:00	[0.75,1.00]	0.011121888134497245	0.01868735855156797	0.02806336889751053	0.09731652117685102
SOL/USDT	2024-10-02 01:15:00+00:00	[0.25,0.50)	0.01516607191874834	0.023057919297282552	0.038635739774910756	0.07102662640680754
SOL/USDT	2024-10-03 01:15:00+00:00	[0.25,0.50)	0.009501020479977439	0.013371806601449826	0.06024350763600536	0.0693222605390949
SOL/USDT	2024-10-04 01:15:00+00:00	[0.25,0.50)	0.010416666666666649	0.0138165509259259	0.04267939814814798	0.05627893518518519
SOL/USDT	2024-10-05 01:15:00+00:00	[0.10,0.25)	0.005799329234208944	0.015162101732811538	0.023546674119619932	0.02704024594745671
SOL/USDT	2024-10-06 01:15:00+00:00	[0.25,0.50)	0.0034203546000277866	0.011098701661315116	0.020242914979757127	0.05367862627390757
SOL/USDT	2024-10-07 01:15:00+00:00	[0.75,1.00]	0.011233701103309974	0.013239719157472348	0.03577398863256432	0.059511868940153825
SOL/USDT	2024-10-08 01:15:00+00:00	[0.75,1.00]	0.010741510741510623	0.01857241857241862	0.023769923769923814	0.030699930699930746
SOL/USDT	2024-10-09 01:15:00+00:00	[0.25,0.50)	0.007314380347778101	0.016008832459287838	0.03457079768147938	0.05299475572729787
SOL/USDT	2024-10-10 01:15:00+00:00	[0.25,0.50)	0.006034482758620715	0.00962643678160922	0.025071839080459634	0.038793103448275704
SOL/USDT	2024-10-11 01:15:00+00:00	[0.50,0.75)	0.013451301970939465	0.020716443677168718	0.031937850668968475	0.05711408430441661
SOL/USDT	2024-10-12 01:15:00+00:00	[0.05,0.10)	0.00548208044953048	0.009525114781059317	0.017611183444116996	0.01788528746659347
SOL/USDT	2024-10-13 01:15:00+00:00	[0.00,0.05)	0.004105090311987019	0.010741652983032247	0.022304324028461896	0.03017241379310362
SOL/USDT	2024-10-14 01:15:00+00:00	[0.25,0.50)	0.011537683017340313	0.04291208420484457	0.046420619391404246	0.07624316847716085
SOL/USDT	2024-10-15 01:15:00+00:00	[0.50,0.75)	0.008654152083996088	0.021126312440343575	0.039898186446070516	0.060006363347120444
SOL/USDT	2024-10-16 01:15:00+00:00	[0.25,0.50)	0.013937282229965136	0.018841140792360225	0.03484320557491293	0.03484320557491293
SOL/USDT	2024-10-17 01:15:00+00:00	[0.10,0.25)	0.01059842316143199	0.017707121623368103	0.030373529791908934	0.05215199689802244
SOL/USDT	2024-10-18 01:15:00+00:00	[0.10,0.25)	0.011764705882352948	0.014805023132848705	0.02174487772637158	0.03727693324520829
SOL/USDT	2024-10-19 01:15:00+00:00	[0.00,0.05)	0.004390212408806294	0.012202208018593938	0.01678610626896522	0.04629091613403071
SOL/USDT	2024-10-20 01:15:00+00:00	[0.75,1.00]	0.004519490301927053	0.01569267465946896	0.019207833783189843	0.07764735421505227
SOL/USDT	2024-10-21 01:15:00+00:00	[0.75,1.00]	0.007693673433153713	0.022015742439486292	0.04592531218559502	0.06373912528851265
SOL/USDT	2024-10-22 01:15:00+00:00	[0.75,1.00]	0.008868648130393206	0.020553691275167825	0.03517497603068076	0.044702780441035525
SOL/USDT	2024-10-23 01:15:00+00:00	[0.50,0.75)	0.008554166417419434	0.01818508105521321	0.02500448645091827	0.06083627445115761
SOL/USDT	2024-10-24 01:15:00+00:00	[0.50,0.75)	0.014404720583130744	0.017817887307647714	0.028346638898530632	0.04801573527710292
SOL/USDT	2024-10-25 01:15:00+00:00	[0.25,0.50)	0.008169749234085998	0.024339044593214527	0.033303075002836746	0.1048451151707704
SOL/USDT	2024-10-26 01:15:00+00:00	[0.75,1.00]	0.01605574068464105	0.030172674946985698	0.04768252044834901	0.06555589215389271
SOL/USDT	2024-10-27 01:15:00+00:00	[0.25,0.50)	0.012968804766912015	0.012968804766912015	0.03335670054912962	0.04223624255170007
SOL/USDT	2024-10-28 01:15:00+00:00	[0.25,0.50)	0.0038115826601434516	0.01979747411537143	0.031004664922061765	0.04181363067470715
SOL/USDT	2024-10-29 01:15:00+00:00	[0.50,0.75)	0.0284555136079338	0.03178001915816766	0.03178001915816766	0.03927424353411844
SOL/USDT	2024-10-30 01:15:00+00:00	[0.25,0.50)	0.016516853932584258	0.019438202247191057	0.03938202247191022	0.04691011235955069
SOL/USDT	2024-10-31 01:15:00+00:00	[0.10,0.25)	0.010817581416533852	0.014005921202459623	0.019642450466863977	0.05129810976998401
SOL/USDT	2024-11-01 01:15:00+00:00	[0.25,0.50)	0.016992606725494838	0.016992606725494838	0.031242547102313264	0.0630217028380634
SOL/USDT	2024-11-02 01:15:00+00:00	[0.50,0.75)	0.008481156304127192	0.017619303589559918	0.02275577853431286	0.03882219434987756
SOL/USDT	2024-11-03 01:15:00+00:00	[0.25,0.50)	0.011818181818181922	0.025515151515151564	0.025515151515151564	0.04381818181818193
SOL/USDT	2024-11-04 01:15:00+00:00	[0.50,0.75)	0.00957995578481947	0.019528371407516447	0.0305207565708671	0.06098010316875447
SOL/USDT	2024-11-05 01:15:00+00:00	[0.75,1.00]	0.014366537410209082	0.02218549361134054	0.04697730595639175	0.11315237429279755
SOL/USDT	2024-11-06 01:15:00+00:00	[0.75,1.00]	0.02808012968967111	0.0914196387216305	0.09338814265863823	0.10653080129689675
SOL/USDT	2024-11-07 01:15:00+00:00	[0.50,0.75)	0.014979501734468593	0.022442972774098506	0.03148323346998834	0.07904972143382735
SOL/USDT	2024-11-08 01:15:00+00:00	[0.75,1.00]	0.019251925192519226	0.02295229522952297	0.04680468046804687	0.04680468046804687
SOL/USDT	2024-11-09 01:15:00+00:00	[0.10,0.25)	0.01401587461067011	0.021551291068019653	0.031347332462574	0.043152818245754926
SOL/USDT	2024-11-10 01:15:00+00:00	[0.50,0.75)	0.017006973360758616	0.04806100436462154	0.05071991170420916	0.08217528721216086
SOL/USDT	2024-11-11 01:15:00+00:00	[0.75,1.00]	0.01285897985426484	0.037529170833928635	0.07248654569700433	0.09448968900319095
SOL/USDT	2024-11-12 01:15:00+00:00	[0.50,0.75)	0.014173084810645695	0.028482887481201292	0.08872989108143826	0.09342387093834024
SOL/USDT	2024-11-13 01:15:00+00:00	[0.50,0.75)	0.027532144734955265	0.04942402370823576	0.04942402370823576	0.09449835093924769
SOL/USDT	2024-11-14 01:15:00+00:00	[0.75,1.00]	0.01767000328962823	0.03618591099205785	0.04816955684007707	0.0752854927393205
SOL/USDT	2024-11-15 01:15:00+00:00	[0.75,1.00]	0.012778788168852242	0.02976931176414281	0.051019431415717416	0.07667272901311387
SOL/USDT	2024-11-16 01:15:00+00:00	[0.50,0.75)	0.0077430587372857955	0.018097681664070452	0.0265279941354349	0.03958581508292869
SOL/USDT	2024-11-17 01:15:00+00:00	[0.25,0.50)	0.030361225422953886	0.1258802011888432	0.13822588020118892	0.13822588020118892
SOL/USDT	2024-11-18 01:15:00+00:00	[0.50,0.75)	0.009525799039064137	0.0339252141215793	0.04716941717150613	0.05924378525172345
SOL/USDT	2024-11-19 01:15:00+00:00	[0.00,0.05)	0.010413629358103887	0.021577040029991165	0.03869704669471401	0.058732869579705894
SOL/USDT	2024-11-20 01:15:00+00:00	[0.50,0.75)	0.01836969001148103	0.026661563974996735	0.03584640898073737	0.05174979801845468
SOL/USDT	2024-11-21 01:15:00+00:00	[0.25,0.50)	0.030219088390833617	0.05133047930831872	0.079870729455217	0.12675228741710745
SOL/USDT	2024-11-22 01:15:00+00:00	[0.25,0.50)	0.018911977585804395	0.038718966456533534	0.04459491010973608	0.05027628609230285
SOL/USDT	2024-11-23 01:15:00+00:00	[0.10,0.25)	0.009084857265927953	0.04174335278223752	0.04174335278223752	0.04428867917139837
SOL/USDT	2024-11-24 01:15:00+00:00	[0.25,0.50)	0.005310695042059171	0.015040508586269702	0.07206264294297776	0.07206264294297776
SOL/USDT	2024-11-25 01:15:00+00:00	[0.50,0.75)	0.017356205852673997	0.027366296670030276	0.040847628657921194	0.1028859737638748
SOL/USDT	2024-11-26 01:15:00+00:00	[0.50,0.75)	0.008047187697493139	0.015630924794607155	0.07524752475247519	0.07524752475247519
SOL/USDT	2024-11-27 01:15:00+00:00	[0.05,0.10)	0.010589818150253885	0.02734256325680314	0.04153465561390574	0.07712338874180813
SOL/USDT	2024-11-28 01:15:00+00:00	[0.50,0.75)	0.011920475169114068	0.028419402738822038	0.04528955617884845	0.05028048176868503
SOL/USDT	2024-11-29 01:15:00+00:00	[0.10,0.25)	0.014686079784548094	0.02688941255680868	0.042290860124558204	0.042290860124558204
SOL/USDT	2024-11-30 01:15:00+00:00	[0.25,0.50)	0.005652300403142071	0.013632018619342509	0.02256764058019204	0.03694775778230337
SOL/USDT	2024-12-01 01:15:00+00:00	[0.25,0.50)	0.01855427755855938	0.023423725967593033	0.023423725967593033	0.023423725967593033
SOL/USDT	2024-12-02 01:15:00+00:00	[0.25,0.50)	0.016446674819719048	0.05018344368068139	0.06996162442542055	0.07675114915868927
SOL/USDT	2024-12-03 01:15:00+00:00	[0.25,0.50)	0.011916407292129866	0.027434415295686916	0.035927078701645104	0.10938194753223653
SOL/USDT	2024-12-04 01:15:00+00:00	[0.75,1.00]	0.020521680502296594	0.02490413383338248	0.04108549997893051	0.07606084867894321
SOL/USDT	2024-12-05 01:15:00+00:00	[0.75,1.00]	0.016335069212622903	0.06458361151911689	0.09209062180086348	0.09907864868473758
SOL/USDT	2024-12-06 01:15:00+00:00	[0.75,1.00]	0.02040484513454195	0.03520039021217786	0.06536053979351276	0.06536053979351276
SOL/USDT	2024-12-07 01:15:00+00:00	[0.25,0.50)	0.007617345418953964	0.010553640580450187	0.022298821226435204	0.04038469722115839
SOL/USDT	2024-12-08 01:15:00+00:00	[0.25,0.50)	0.012484863668629208	0.01828886383565074	0.034615224017704255	0.035533842749175294
SOL/USDT	2024-12-09 01:15:00+00:00	[0.10,0.25)	0.01394872669880127	0.018385018982212183	0.04043851042955249	0.13428315488631995
SOL/USDT	2024-12-10 01:15:00+00:00	[0.50,0.75)	0.019936896977456608	0.0568384471169234	0.0568384471169234	0.07398600759065334
SOL/USDT	2024-12-11 01:15:00+00:00	[0.10,0.25)	0.01943712349397588	0.03948606927710851	0.07106551204819275	0.08993787650602417
SOL/USDT	2024-12-12 01:15:00+00:00	[0.10,0.25)	0.0063904803878361265	0.02776553547818427	0.03464081092992514	0.04592331423534591
SOL/USDT	2024-12-13 01:15:00+00:00	[0.25,0.50)	0.009558104383391025	0.015915355205832597	0.02378412020983371	0.034853738774784405
SOL/USDT	2024-12-14 01:15:00+00:00	[0.10,0.25)	0.008950617283950623	0.008950617283950623	0.02976190476190476	0.05458553791887123
SOL/USDT	2024-12-15 01:15:00+00:00	[0.50,0.75)	0.008996319687400563	0.01140442546231096	0.028079422054614053	0.05397791812440363
SOL/USDT	2024-12-16 01:15:00+00:00	[0.75,1.00]	0.018585715550048627	0.026772280732808264	0.05858925568634397	0.06699707938755636
SOL/USDT	2024-12-17 01:15:00+00:00	[0.75,1.00]	0.007275780047572419	0.012685975467562142	0.06786064082831963	0.07439018702485886
SOL/USDT	2024-12-18 01:15:00+00:00	[0.50,0.75)	0.02458869010159129	0.035736761665018504	0.04414276723905418	0.08347568102130717
SOL/USDT	2024-12-19 01:15:00+00:00	[0.25,0.50)	0.034482758620689724	0.04825646248605663	0.06183617052233377	0.1219263785828604
SOL/USDT	2024-12-20 01:15:00+00:00	[0.50,0.75)	0.02171574903969275	0.03231754161331627	0.12573623559539057	0.12573623559539057
SOL/USDT	2024-12-21 01:15:00+00:00	[0.75,1.00]	0.010557992451290386	0.022085075997143794	0.09282872590023457	0.12077935325920626
SOL/USDT	2024-12-22 01:15:00+00:00	[0.25,0.50)	0.018530665792062896	0.03285230130097295	0.05460806821908828	0.06226085055209366
SOL/USDT	2024-12-23 01:15:00+00:00	[0.50,0.75)	0.030593480078016055	0.061967121760936064	0.061967121760936064	0.09400947339091656
SOL/USDT	2024-12-24 01:15:00+00:00	[0.25,0.50)	0.018418830483428378	0.029501794384631644	0.041429174583069425	0.07251424952501588
SOL/USDT	2024-12-25 01:15:00+00:00	[0.25,0.50)	0.014375471223925679	0.01693892937924104	0.03443076149786376	0.03443076149786376
SOL/USDT	2024-12-26 01:15:00+00:00	[0.10,0.25)	0.01552590187224112	0.02384697346389983	0.055101730174032235	0.06316911055862812
SOL/USDT	2024-12-27 01:15:00+00:00	[0.10,0.25)	0.010014306151645136	0.014624066126212	0.0466804429608434	0.06172839506172828
SOL/USDT	2024-12-28 01:15:00+00:00	[0.05,0.10)	0.008550246225445014	0.011959521619135279	0.022620271659721886	0.06645381243573788
SOL/USDT	2024-12-29 01:15:00+00:00	[0.25,0.50)	0.004251347988386674	0.013065118208212413	0.025663625051845797	0.047386976358357605
SOL/USDT	2024-12-30 01:15:00+00:00	[0.50,0.75)	0.019235727915012213	0.02485689237275021	0.027022845650043734	0.05456139446134811
SOL/USDT	2024-12-31 01:15:00+00:00	[0.75,1.00]	0.00900805426027972	0.014465875370919978	0.043768545994065385	0.05950614667231888
XRP/USDT	2023-01-01 00:00:00+00:00	[0.75,1.00]	0.0032486709982279677	0.006202008269344496	0.010632014176019042	0.013585351447135406
XRP/USDT	2023-01-02 00:00:00+00:00	[0.05,0.10)	0.11655355562112729	0.11655355562112729	0.1413396282089112	0.16376512245500147
XRP/USDT	2023-01-03 00:00:00+00:00	[0.75,1.00]	0.01007774258566082	0.018427872156636962	0.029657356752087465	0.035991937805931344
XRP/USDT	2023-01-04 00:00:00+00:00	[0.25,0.50)	0.012543757292882061	0.030338389731621836	0.030338389731621836	0.06271878646441063
XRP/USDT	2023-01-05 00:00:00+00:00	[0.25,0.50)	0.010632183908046083	0.01350574712643689	0.033620689655172384	0.04425287356321846
XRP/USDT	2023-01-06 00:00:00+00:00	[0.50,0.75)	0.008880994671403205	0.01480165778567201	0.028419182948490225	0.04470100651272944
XRP/USDT	2023-01-07 00:00:00+00:00	[0.75,1.00]	0.005834305717619608	0.009334889148191309	0.012252042007001113	0.012835472578763172
XRP/USDT	2023-01-08 00:00:00+00:00	[0.10,0.25)	0.026415094339622636	0.026415094339622636	0.026415094339622636	0.03338171262699568
XRP/USDT	2023-01-09 00:00:00+00:00	[0.75,1.00]	0.012994513427663886	0.029165463470978915	0.03118683222639323	0.040138608143228324
XRP/USDT	2023-01-10 00:00:00+00:00	[0.75,1.00]	0.007999999999999912	0.026285714285714246	0.026285714285714246	0.031142857142857205
XRP/USDT	2023-01-11 00:00:00+00:00	[0.25,0.50)	0.004279600570613414	0.011412268188302436	0.057917261055634765	0.08787446504992866
XRP/USDT	2023-01-12 00:00:00+00:00	[0.50,0.75)	0.012070815450643787	0.030847639484978567	0.03701716738197419	0.05713519313304717
XRP/USDT	2023-01-13 00:00:00+00:00	[0.25,0.50)	0.010176754151044524	0.02597750401713976	0.02597750401713976	0.053829673272629906
XRP/USDT	2023-01-14 00:00:00+00:00	[0.75,1.00]	0.034865702479338734	0.05139462809917349	0.0834194214876033	0.0834194214876033
XRP/USDT	2023-01-15 00:00:00+00:00	[0.50,0.75)	0.03043367993913267	0.03043367993913267	0.04108546791782905	0.04235353791529291
XRP/USDT	2023-01-16 00:00:00+00:00	[0.25,0.50)	0.016452442159383077	0.05732647814910022	0.07377892030848329	0.07377892030848329
XRP/USDT	2023-01-17 00:00:00+00:00	[0.75,1.00]	0.02501289324394014	0.02501289324394014	0.03274883960804536	0.05079938112429086
XRP/USDT	2023-01-18 00:00:00+00:00	[0.75,1.00]	0.008540372670807518	0.019151138716356153	0.02122153209109727	0.07996894409937884
XRP/USDT	2023-01-19 00:00:00+00:00	[0.75,1.00]	0.00869565217391311	0.013702239789196411	0.03530961791831363	0.05349143610013186
XRP/USDT	2023-01-20 00:00:00+00:00	[0.25,0.50)	0.007936507936507915	0.008704557091653901	0.019457245263696864	0.0727086533538146
XRP/USDT	2023-01-21 00:00:00+00:00	[0.75,1.00]	0.0097608589555881	0.015373352855051177	0.04856027330405083	0.04856027330405083
XRP/USDT	2023-01-22 00:00:00+00:00	[0.75,1.00]	0.008633448445979288	0.017266896891958577	0.021953626048347358	0.03946719289590531
XRP/USDT	2023-01-23 00:00:00+00:00	[0.75,1.00]	0.026184538653366604	0.03017456359102244	0.08104738154613474	0.08154613466334165
XRP/USDT	2023-01-24 00:00:00+00:00	[0.50,0.75)	0.00780510879848621	0.014191106906338707	0.030274361400189295	0.06788079470198675
XRP/USDT	2023-01-25 00:00:00+00:00	[0.75,1.00]	0.014542765590337728	0.024155780133103218	0.034508257333004576	0.06901651466600929
XRP/USDT	2023-01-26 00:00:00+00:00	[0.75,1.00]	0.006721075372059455	0.01656265002400388	0.02136341814690355	0.027844455112818047
XRP/USDT	2023-01-27 00:00:00+00:00	[0.25,0.50)	0.011222249329104643	0.027567699438887615	0.027567699438887615	0.03586240546474748
XRP/USDT	2023-01-28 00:00:00+00:00	[0.10,0.25)	0.01509617725833938	0.019478938397857335	0.02020939858777704	0.027514000486973403
XRP/USDT	2023-01-29 00:00:00+00:00	[0.10,0.25)	0.013513513513513526	0.01818181818181809	0.018918918918918882	0.026289926289926262
XRP/USDT	2023-01-30 00:00:00+00:00	[0.10,0.25)	0.022902603664416606	0.034956605593056925	0.06485053037608494	0.08727097396335586
XRP/USDT	2023-01-31 00:00:00+00:00	[0.25,0.50)	0.012235534030078947	0.014784603619678746	0.03670660209023698	0.05939332143767522
XRP/USDT	2023-02-01 00:00:00+00:00	[0.50,0.75)	0.006419753086419731	0.010370370370370323	0.020740740740740785	0.04814814814814819
XRP/USDT	2023-02-02 00:00:00+00:00	[0.75,1.00]	0.013084565059365194	0.01744608674582017	0.01793070026653748	0.027138357160164873
XRP/USDT	2023-02-03 00:00:00+00:00	[0.50,0.75)	0.007551766138855035	0.013398294762484787	0.019001218026796662	0.020219244823386186
XRP/USDT	2023-02-04 00:00:00+00:00	[0.05,0.10)	0.004627374573794478	0.009985387238187999	0.012177301509985397	0.03141743789576235
XRP/USDT	2023-02-05 00:00:00+00:00	[0.50,0.75)	0.008023340627279284	0.010454655968879092	0.011184050571359088	0.042548018477996635
XRP/USDT	2023-02-06 00:00:00+00:00	[0.10,0.25)	0.008004002001000453	0.01775887943971985	0.02351175587793902	0.03201600800400195
XRP/USDT	2023-02-07 00:00:00+00:00	[0.75,1.00]	0.005602240896358492	0.013241660300483786	0.021135727018079895	0.03743315508021388
XRP/USDT	2023-02-08 00:00:00+00:00	[0.50,0.75)	0.008682709005209633	0.01438848920863316	0.01761349541056822	0.030761597618457013
XRP/USDT	2023-02-09 00:00:00+00:00	[0.10,0.25)	0.0070475711049583925	0.035489554492826585	0.035489554492826585	0.09212182230052862
XRP/USDT	2023-02-10 00:00:00+00:00	[0.75,1.00]	0.009394572025052316	0.015657620041753667	0.019832985386221285	0.027922755741127316
XRP/USDT	2023-02-11 00:00:00+00:00	[0.25,0.50)	0.004716981132075388	0.010482180293501057	0.010482180293501057	0.01126834381551355
XRP/USDT	2023-02-12 00:00:00+00:00	[0.10,0.25)	0.0028735632183907785	0.006792058516196425	0.009404388714733522	0.035005224660397134
XRP/USDT	2023-02-13 00:00:00+00:00	[0.75,1.00]	0.011448349307774297	0.03221512247071352	0.04552715654952078	0.04552715654952078
XRP/USDT	2023-02-14 00:00:00+00:00	[0.25,0.50)	0.010583446404341966	0.013568521031207611	0.017639077340569895	0.052917232021709684
XRP/USDT	2023-02-15 00:00:00+00:00	[0.50,0.75)	0.004735595895816807	0.011312812417784862	0.03051828466193107	0.06840305182846626
XRP/USDT	2023-02-16 00:00:00+00:00	[0.75,1.00]	0.020869565217391348	0.020869565217391348	0.020869565217391348	0.05937888198757758
XRP/USDT	2023-02-17 00:00:00+00:00	[0.75,1.00]	0.009086188992731057	0.015316718587746523	0.015316718587746523	0.03920041536863968
XRP/USDT	2023-02-18 00:00:00+00:00	[0.75,1.00]	0.005317801975183568	0.0065839453026082335	0.014434033932641133	0.016459863256520654
XRP/USDT	2023-02-19 00:00:00+00:00	[0.10,0.25)	0.005081300813008134	0.017530487804878092	0.017530487804878092	0.034552845528455285
XRP/USDT	2023-02-20 00:00:00+00:00	[0.25,0.50)	0.028078310149407575	0.03219989696032976	0.045337454920144266	0.08140133951571345
XRP/USDT	2023-02-21 00:00:00+00:00	[0.50,0.75)	0.011083123425692593	0.01284634760705288	0.033501259445843916	0.038539042821158775
XRP/USDT	2023-02-22 00:00:00+00:00	[0.50,0.75)	0.010952623535404916	0.02521650534895573	0.02521650534895573	0.03795211411105457
XRP/USDT	2023-02-23 00:00:00+00:00	[0.25,0.50)	0.007343631299062949	0.01721954925297551	0.02506963788300827	0.03190681185110155
XRP/USDT	2023-02-24 00:00:00+00:00	[0.25,0.50)	0.007197943444730141	0.007455012853470472	0.012082262210796868	0.04755784061696648
XRP/USDT	2023-02-25 00:00:00+00:00	[0.50,0.75)	0.004763164858428071	0.008203228367292913	0.009261709446943643	0.02725588780100564
XRP/USDT	2023-02-26 00:00:00+00:00	[0.50,0.75)	0.004777070063694331	0.005838641188959606	0.007696390658173986	0.016454352441613543
XRP/USDT	2023-02-27 00:00:00+00:00	[0.50,0.75)	0.004244031830238849	0.007161803713527946	0.01989389920424405	0.024668435013262532
XRP/USDT	2023-02-28 00:00:00+00:00	[0.10,0.25)	0.006619009796134504	0.018003706645485763	0.018533227429176614	0.02859412231930097
XRP/USDT	2023-03-01 00:00:00+00:00	[0.50,0.75)	0.009047365620010532	0.010643959552953707	0.03246407663650875	0.03246407663650875
XRP/USDT	2023-03-02 00:00:00+00:00	[0.10,0.25)	0.009926854754440884	0.018808777429467044	0.0206374085684431	0.028474399164054393
XRP/USDT	2023-03-03 00:00:00+00:00	[0.50,0.75)	0.004777070063694183	0.06422505307855626	0.06422505307855626	0.07085987261146497
XRP/USDT	2023-03-04 00:00:00+00:00	[0.75,1.00]	0.011591148577449988	0.013435194942044386	0.016596417281348863	0.031085353003161308
XRP/USDT	2023-03-05 00:00:00+00:00	[0.50,0.75)	0.006700616456714024	0.01715357812918793	0.01715357812918793	0.03243098365049585
XRP/USDT	2023-03-06 00:00:00+00:00	[0.25,0.50)	0.010635396782110606	0.02508862830651755	0.029451868011998842	0.041996182165257766
XRP/USDT	2023-03-07 00:00:00+00:00	[0.25,0.50)	0.006222943722943789	0.011093073593073573	0.022186147186147146	0.04734848484848489
XRP/USDT	2023-03-08 00:00:00+00:00	[0.25,0.50)	0.017553052135184804	0.02462667015981142	0.04637149593921927	0.0772858265653654
XRP/USDT	2023-03-09 00:00:00+00:00	[0.75,1.00]	0.022239462115334875	0.022239462115334875	0.027670028445823603	0.08714765968450998
XRP/USDT	2023-03-10 00:00:00+00:00	[0.75,1.00]	0.011656275413391082	0.026836541068040173	0.04906478720520468	0.04906478720520468
XRP/USDT	2023-03-11 00:00:00+00:00	[0.50,0.75)	0.008665041971296996	0.022474952613051647	0.04007581911724879	0.043054427294882125
XRP/USDT	2023-03-12 00:00:00+00:00	[0.10,0.25)	0.007152682255846071	0.008803301237964337	0.02173314993122426	0.06712517193947724
XRP/USDT	2023-03-13 00:00:00+00:00	[0.75,1.00]	0.02199891363389461	0.027702335687126524	0.05621944595328624	0.06708310700706137
XRP/USDT	2023-03-14 00:00:00+00:00	[0.25,0.50)	0.00864164191196322	0.00864164191196322	0.02268431001890349	0.06022144207399402
XRP/USDT	2023-03-15 00:00:00+00:00	[0.50,0.75)	0.01265481960150776	0.01642434033387182	0.03177167474421103	0.05304254173397952
XRP/USDT	2023-03-16 00:00:00+00:00	[0.25,0.50)	0.01167964404894322	0.01890989988876522	0.02669632925472747	0.030033370411568346
XRP/USDT	2023-03-17 00:00:00+00:00	[0.10,0.25)	0.006600660066006637	0.020352035203520403	0.04235423542354243	0.056380638063806436
XRP/USDT	2023-03-18 00:00:00+00:00	[0.75,1.00]	0.015051491946131458	0.03617639292315815	0.03617639292315815	0.054660681278056504
XRP/USDT	2023-03-19 00:00:00+00:00	[0.75,1.00]	0.006650704974727327	0.008778930566639982	0.057728119180633135	0.0670391061452514
XRP/USDT	2023-03-20 00:00:00+00:00	[0.75,1.00]	0.010810810810810905	0.03732303732303721	0.03732303732303721	0.05302445302445304
XRP/USDT	2023-03-21 00:00:00+00:00	[0.50,0.75)	0.014407684098185741	0.025346851654215602	0.050693703308431204	0.3159018143009605
XRP/USDT	2023-03-22 00:00:00+00:00	[0.75,1.00]	0.04645216279565307	0.04986149584487529	0.07756232686980608	0.14510973790752182
XRP/USDT	2023-03-23 00:00:00+00:00	[0.75,1.00]	0.02024773701762746	0.034302048594568764	0.10314435445450215	0.105050023820867
XRP/USDT	2023-03-24 00:00:00+00:00	[0.25,0.50)	0.01540552786588135	0.032623470774807484	0.041005890348889906	0.0641141821477118
XRP/USDT	2023-03-25 01:15:00+00:00	[0.50,0.75)	0.013437057991513396	0.07166430928807162	0.07166430928807162	0.1006600660066007
XRP/USDT	2023-03-26 01:15:00+00:00	[0.75,1.00]	0.009619686800894913	0.014541387024608514	0.04026845637583896	0.047874720357941776
XRP/USDT	2023-03-27 01:15:00+00:00	[0.50,0.75)	0.008303411131059204	0.034560143626570845	0.10390484739676842	0.10390484739676842
XRP/USDT	2023-03-28 01:15:00+00:00	[0.50,0.75)	0.016835016835016734	0.048400673400673444	0.07302188552188565	0.13257575757575768
XRP/USDT	2023-03-29 01:15:00+00:00	[0.75,1.00]	0.02108317214700176	0.05009671179883931	0.1338491295938103	0.1338491295938103
XRP/USDT	2023-03-30 01:15:00+00:00	[0.75,1.00]	0.022829341317365248	0.05351796407185642	0.06848802395209595	0.06848802395209595
XRP/USDT	2023-03-31 01:15:00+00:00	[0.25,0.50)	0.009545199326221212	0.03930376193149919	0.04342129889575166	0.07168257533221037
XRP/USDT	2023-04-01 01:15:00+00:00	[0.50,0.75)	0.008816357156255724	0.015569311573813494	0.07409491652598008	0.07409491652598008
XRP/USDT	2023-04-02 01:15:00+00:00	[0.25,0.50)	0.007512850929221086	0.03459865559509701	0.04468169236852523	0.05239224990114685
XRP/USDT	2023-04-03 01:15:00+00:00	[0.10,0.25)	0.03517877739331023	0.03517877739331023	0.03517877739331023	0.07766243752402921
XRP/USDT	2023-04-04 01:15:00+00:00	[0.50,0.75)	0.014018691588785081	0.022348638764729804	0.03636733035351489	0.04205607476635524
XRP/USDT	2023-04-05 01:15:00+00:00	[0.25,0.50)	0.00832837596668646	0.010113027959547875	0.05056513979773938	0.06246281975014878
XRP/USDT	2023-04-06 01:15:00+00:00	[0.50,0.75)	0.017466372214414747	0.01867094960851241	0.028106805862276565	0.03694037341899223
XRP/USDT	2023-04-07 01:15:00+00:00	[0.05,0.10)	0.0069637883008356605	0.013728611221647466	0.03680859530441695	0.03680859530441695
XRP/USDT	2023-04-08 01:15:00+00:00	[0.10,0.25)	0.0045160023561750815	0.007853917141174168	0.00981739642646771	0.021205576281170296
XRP/USDT	2023-04-09 01:15:00+00:00	[0.10,0.25)	0.002558048012593404	0.004722550177095549	0.013970877607241234	0.0200708382526563
XRP/USDT	2023-04-10 01:15:00+00:00	[0.25,0.50)	0.005393527766680055	0.010187774670395512	0.013583699560527423	0.03975229724330808
XRP/USDT	2023-04-11 01:15:00+00:00	[0.25,0.50)	0.009549795361527997	0.009939582927304822	0.030598323913467253	0.03371662443968034
XRP/USDT	2023-04-12 01:15:00+00:00	[0.05,0.10)	0.026744186046511693	0.026744186046511693	0.03042635658914738	0.034302325581395336
XRP/USDT	2023-04-13 01:15:00+00:00	[0.05,0.10)	0.00577344216603604	0.010352379056340798	0.02408918972725463	0.035835158271948844
XRP/USDT	2023-04-14 01:15:00+00:00	[0.25,0.50)	0.0054106280193237195	0.016618357487922807	0.05835748792270533	0.06743961352656992
XRP/USDT	2023-04-15 01:15:00+00:00	[0.50,0.75)	0.008307573415765013	0.011591962905718713	0.019513137557959814	0.02067233384853177
XRP/USDT	2023-04-16 01:15:00+00:00	[0.10,0.25)	0.0036594761171032603	0.009052388289676498	0.01232665639445293	0.03062403697996923
XRP/USDT	2023-04-17 01:15:00+00:00	[0.50,0.75)	0.004087193460490445	0.008563643441027557	0.014013234721681556	0.018878941222265338
XRP/USDT	2023-04-18 01:15:00+00:00	[0.00,0.05)	0.00508607198748053	0.01388888888888888	0.033450704225352124	0.058294209702660506
XRP/USDT	2023-04-19 01:15:00+00:00	[0.75,1.00]	0.010022692889561216	0.012859304084719964	0.11762481089258704	0.11762481089258704
XRP/USDT	2023-04-20 01:15:00+00:00	[0.25,0.50)	0.006509357200976364	0.023189585028478482	0.026037428803905683	0.06977217249796583
XRP/USDT	2023-04-21 01:15:00+00:00	[0.25,0.50)	0.007827374656230127	0.020943515972075354	0.042944785276073705	0.08229320922360903
XRP/USDT	2023-04-22 01:15:00+00:00	[0.50,0.75)	0.007829977628635354	0.011409395973154471	0.038255033557046986	0.06554809843400458
XRP/USDT	2023-04-23 01:15:00+00:00	[0.50,0.75)	0.007058823529411818	0.01112299465240638	0.0162566844919786	0.0708021390374332
XRP/USDT	2023-04-24 01:15:00+00:00	[0.75,1.00]	0.016328239480845663	0.02428302281766799	0.04605400879212888	0.0651036215197822
XRP/USDT	2023-04-25 01:15:00+00:00	[0.10,0.25)	0.013710554951033672	0.013710554951033672	0.02676822633297057	0.0472252448313384
XRP/USDT	2023-04-26 01:15:00+00:00	[0.25,0.50)	0.005349882302589348	0.010057778728867926	0.036593194949711	0.10742563663599394
XRP/USDT	2023-04-27 01:15:00+00:00	[0.75,1.00]	0.008202028922944032	0.009712928987696965	0.022015972372113075	0.029354629829484138
XRP/USDT	2023-04-28 01:15:00+00:00	[0.10,0.25)	0.007515567962207436	0.040584066995920064	0.040584066995920064	0.048958557010951226
XRP/USDT	2023-04-29 01:15:00+00:00	[0.25,0.50)	0.005643812709030059	0.007734113712374542	0.013795986622073568	0.024247491638795984
XRP/USDT	2023-04-30 01:15:00+00:00	[0.25,0.50)	0.003159890457130822	0.00568780282283555	0.00905835264377507	0.02780703602275119
XRP/USDT	2023-05-01 01:15:00+00:00	[0.25,0.50)	0.0242450021267545	0.0242450021267545	0.0242450021267545	0.034240748617609416
XRP/USDT	2023-05-02 01:15:00+00:00	[0.25,0.50)	0.008008658008658088	0.014502164502164586	0.014718614718614778	0.019047619047619112
XRP/USDT	2023-05-03 01:15:00+00:00	[0.10,0.25)	0.006489292667099292	0.013194895089768536	0.031581224313216534	0.03417694138005632
XRP/USDT	2023-05-04 01:15:00+00:00	[0.75,1.00]	0.0043402777777777814	0.008246527777777714	0.014322916666666775	0.022352430555555625
XRP/USDT	2023-05-05 01:15:00+00:00	[0.10,0.25)	0.00758396533044421	0.010184182015168011	0.02275189599133263	0.03488624052004334
XRP/USDT	2023-05-06 01:15:00+00:00	[0.05,0.10)	0.00774193548387095	0.00774193548387095	0.01892473118279576	0.03096774193548392
XRP/USDT	2023-05-07 01:15:00+00:00	[0.10,0.25)	0.008048727430933296	0.012181857733304316	0.012181857733304316	0.031107243854687917
XRP/USDT	2023-05-08 01:15:00+00:00	[0.75,1.00]	0.05599104143337071	0.05599104143337071	0.05599104143337071	0.08734602463605831
XRP/USDT	2023-05-09 01:15:00+00:00	[0.50,0.75)	0.012423816221284639	0.012423816221284639	0.01781528363806844	0.0260196905766526
XRP/USDT	2023-05-10 01:15:00+00:00	[0.50,0.75)	0.009063444108761363	0.014873344178480168	0.02533116430397402	0.051359516616314216
XRP/USDT	2023-05-11 01:15:00+00:00	[0.50,0.75)	0.005610098176718124	0.006545114539504499	0.020804114071996303	0.04160822814399261
XRP/USDT	2023-05-12 01:15:00+00:00	[0.25,0.50)	0.004518430439952468	0.06706302021403092	0.06706302021403092	0.06872770511296072
XRP/USDT	2023-05-13 01:15:00+00:00	[0.50,0.75)	0.0037391913998597575	0.0070109838747370945	0.009347978499649459	0.017527459686842734
XRP/USDT	2023-05-14 01:15:00+00:00	[0.10,0.25)	0.004490664145591958	0.01229023871425191	0.01229023871425191	0.024344126683999
XRP/USDT	2023-05-15 01:15:00+00:00	[0.25,0.50)	0.008701787394167406	0.011759172154280349	0.014111006585136417	0.020225776105362175
XRP/USDT	2023-05-16 01:15:00+00:00	[0.50,0.75)	0.007572172266919158	0.01490771415049699	0.022243256034074822	0.0795078088026503
XRP/USDT	2023-05-17 01:15:00+00:00	[0.75,1.00]	0.024401064773735603	0.024401064773735603	0.04480922803904169	0.05346051464063889
XRP/USDT	2023-05-18 01:15:00+00:00	[0.25,0.50)	0.006524184476940413	0.016872890888638935	0.06749156355455561	0.06749156355455561
XRP/USDT	2023-05-19 01:15:00+00:00	[0.50,0.75)	0.012887723896898245	0.024027959807776344	0.024027959807776344	0.03975535168195717
XRP/USDT	2023-05-20 01:15:00+00:00	[0.25,0.50)	0.005805203182111331	0.009460331111588938	0.01634057192001719	0.0217157600516018
XRP/USDT	2023-05-21 01:15:00+00:00	[0.10,0.25)	0.0036201022146508405	0.005323679727427602	0.013415672913117606	0.04471890971039186
XRP/USDT	2023-05-22 01:15:00+00:00	[0.75,1.00]	0.01191526919682263	0.01919682259488094	0.033318623124448374	0.033318623124448374
XRP/USDT	2023-05-23 01:15:00+00:00	[0.00,0.05)	0.007572479446127225	0.014063176114236273	0.017092167892687186	0.019255733448723538
XRP/USDT	2023-05-24 01:15:00+00:00	[0.25,0.50)	0.005206073752711525	0.0177874186550977	0.021475054229934967	0.04316702819956622
XRP/USDT	2023-05-25 01:15:00+00:00	[0.75,1.00]	0.013252470799640648	0.02044025157232704	0.022461814914645124	0.05076370170709796
XRP/USDT	2023-05-26 01:15:00+00:00	[0.75,1.00]	0.01190991771329581	0.014291901255954947	0.019055868341273343	0.02208748375920309
XRP/USDT	2023-05-27 01:15:00+00:00	[0.10,0.25)	0.00642398286937902	0.02997858672376876	0.02997858672376876	0.02997858672376876
XRP/USDT	2023-05-28 01:15:00+00:00	[0.25,0.50)	0.004222972972972977	0.005912162162162214	0.00781249999999996	0.03272804054054057
XRP/USDT	2023-05-29 01:15:00+00:00	[0.75,1.00]	0.005607476635514093	0.014330218068535861	0.014330218068535861	0.045275181723779825
XRP/USDT	2023-05-30 01:15:00+00:00	[0.75,1.00]	0.007122507122507129	0.031949531949531935	0.03398453398453397	0.08140008140008136
XRP/USDT	2023-05-31 01:15:00+00:00	[0.50,0.75)	0.011291866028708165	0.023732057416268094	0.05167464114832541	0.051866028708134
XRP/USDT	2023-06-01 01:15:00+00:00	[0.75,1.00]	0.005306603773584976	0.014150943396226601	0.014347484276729725	0.025353773584905703
XRP/USDT	2023-06-02 01:15:00+00:00	[0.50,0.75)	0.011154598825831778	0.018199608610567682	0.018199608610567682	0.03268101761252456
XRP/USDT	2023-06-03 01:15:00+00:00	[0.25,0.50)	0.005751533742331294	0.013036809815950975	0.03163343558282222	0.03757668711656454
XRP/USDT	2023-06-04 01:15:00+00:00	[0.25,0.50)	0.008472944348160908	0.008472944348160908	0.015212786443289078	0.0539187367610245
XRP/USDT	2023-06-05 01:15:00+00:00	[0.75,1.00]	0.005608524957936067	0.01532996821835875	0.02392970648719393	0.10057954757898664
XRP/USDT	2023-06-06 01:15:00+00:00	[0.75,1.00]	0.008528361761206032	0.02340341134470455	0.037683458944863184	0.07457358191193986
XRP/USDT	2023-06-07 01:15:00+00:00	[0.50,0.75)	0.00703422053231925	0.013117870722433282	0.039163498098859224	0.05969581749049426
XRP/USDT	2023-06-08 01:15:00+00:00	[0.75,1.00]	0.007320362165286121	0.014833365440185013	0.015989212097861635	0.022924292043922215
XRP/USDT	2023-06-09 01:15:00+00:00	[0.25,0.50)	0.009317360714964851	0.009317360714964851	0.040501996577296036	0.040501996577296036
XRP/USDT	2023-06-10 01:15:00+00:00	[0.25,0.50)	0.012851555224436612	0.08418699944123675	0.12162413857329116	0.12162413857329116
XRP/USDT	2023-06-11 01:15:00+00:00	[0.50,0.75)	0.006139829669241417	0.011091305208952145	0.014656367597543993	0.05268369974252318
XRP/USDT	2023-06-12 01:15:00+00:00	[0.50,0.75)	0.023887497591986065	0.023887497591986065	0.027932960893854667	0.03737237526488147
XRP/USDT	2023-06-13 01:15:00+00:00	[0.25,0.50)	0.008007626310772129	0.016777883698760782	0.0829361296472831	0.1151572926596759
XRP/USDT	2023-06-14 01:15:00+00:00	[0.75,1.00]	0.007754943776657626	0.008530438154323302	0.039356339666537385	0.10953858084528875
XRP/USDT	2023-06-15 01:15:00+00:00	[0.75,1.00]	0.005438192846684775	0.019870320016732917	0.04078644635013599	0.04078644635013599
XRP/USDT	2023-06-16 01:15:00+00:00	[0.50,0.75)	0.00480367585630737	0.008354218880534562	0.056599832915622414	0.05743525480367591
XRP/USDT	2023-06-17 01:15:00+00:00	[0.25,0.50)	0.00864431794223064	0.011596036263967963	0.03689647902171624	0.03689647902171624
XRP/USDT	2023-06-18 01:15:00+00:00	[0.25,0.50)	0.007323707888679647	0.01129943502824862	0.030341075538815678	0.04205900816070309
XRP/USDT	2023-06-19 01:15:00+00:00	[0.25,0.50)	0.013777503598601653	0.015422578655151155	0.018918363150318702	0.02796627596134074
XRP/USDT	2023-06-20 01:15:00+00:00	[0.10,0.25)	0.008910490076954262	0.008910490076954262	0.031794248683677584	0.05953827460510324
XRP/USDT	2023-06-21 01:15:00+00:00	[0.50,0.75)	0.007661290322580697	0.019758064516128982	0.026008064516128967	0.03447580645161302
XRP/USDT	2023-06-22 01:15:00+00:00	[0.50,0.75)	0.04531064503363679	0.04531064503363679	0.08923624851602698	0.08923624851602698
XRP/USDT	2023-06-23 01:15:00+00:00	[0.25,0.50)	0.010651125401929203	0.01868971061093254	0.030747588424437373	0.036776527331189676
XRP/USDT	2023-06-24 01:15:00+00:00	[0.50,0.75)	0.008569679657212776	0.01203835951846554	0.012242399510303918	0.03407467863701284
XRP/USDT	2023-06-25 01:15:00+00:00	[0.10,0.25)	0.004119464469618954	0.013800205973223447	0.019155509783728063	0.03027806385169926
XRP/USDT	2023-06-26 01:15:00+00:00	[0.25,0.50)	0.010260619741432392	0.01415965524317661	0.019289965113892804	0.035912169095013255
XRP/USDT	2023-06-27 01:15:00+00:00	[0.10,0.25)	0.010268231349538894	0.012782900251466878	0.012992455993294181	0.01927912824811397
XRP/USDT	2023-06-28 01:15:00+00:00	[0.10,0.25)	0.006229235880398677	0.008098006644518303	0.02782392026578078	0.07184385382059805
XRP/USDT	2023-06-29 01:15:00+00:00	[0.10,0.25)	0.005805203182111331	0.012255428940012863	0.020425714900021517	0.029456030961083617
XRP/USDT	2023-06-30 01:15:00+00:00	[0.25,0.50)	0.008913412563667312	0.026952461799660536	0.026952461799660536	0.06982173174872675
XRP/USDT	2023-07-01 01:15:00+00:00	[0.75,1.00]	0.010085836909871205	0.015236051502145912	0.020600858369098706	0.022961373390557913
XRP/USDT	2023-07-02 01:15:00+00:00	[0.05,0.10)	0.03233988585922645	0.0509406045233566	0.0509406045233566	0.0509406045233566
XRP/USDT	2023-07-03 01:15:00+00:00	[0.10,0.25)	0.004980286366466099	0.010583108528740389	0.017846026146503418	0.026976551151691248
XRP/USDT	2023-07-04 01:15:00+00:00	[0.00,0.05)	0.00694444444444436	0.014910130718954194	0.018178104575163438	0.0243055555555556
XRP/USDT	2023-07-05 01:15:00+00:00	[0.00,0.05)	0.00613371498671029	0.0079738294827234	0.04477611940298514	0.04559394806787975
XRP/USDT	2023-07-06 01:15:00+00:00	[0.10,0.25)	0.0084370385994516	0.010546298249314499	0.029107783168108064	0.05631723265133938
XRP/USDT	2023-07-07 01:15:00+00:00	[0.50,0.75)	0.004059829059829087	0.007905982905982984	0.019230769230769246	0.019230769230769246
XRP/USDT	2023-07-08 01:15:00+00:00	[0.00,0.05)	0.003633254969010428	0.007052789057490971	0.007907672579611107	0.021158367172472794
XRP/USDT	2023-07-09 01:15:00+00:00	[0.00,0.05)	0.0031894535402934325	0.004252604720391243	0.007867318732723753	0.020199872421858407
XRP/USDT	2023-07-10 01:15:00+00:00	[0.25,0.50)	0.007308684436801287	0.011177987962166772	0.021281169389509812	0.034393809114359325
XRP/USDT	2023-07-11 01:15:00+00:00	[0.25,0.50)	0.002312381753205781	0.004834980029430364	0.012402774858103881	0.014715156611309661
XRP/USDT	2023-07-12 01:15:00+00:00	[0.10,0.25)	0.004223864836325242	0.006335797254487862	0.010559662090813104	0.026187961985216522
XRP/USDT	2023-07-13 01:15:00+00:00	[0.05,0.10)	0.005099872503187448	0.007862303442414018	0.00998725031874211	0.9955376115597109
XRP/USDT	2023-07-14 01:15:00+00:00	[0.75,1.00]	0.03799167673513222	0.1095449053564237	0.1095449053564237	0.2028460195999463
XRP/USDT	2023-07-15 01:15:00+00:00	[0.75,1.00]	0.031383737517831696	0.05106990014265327	0.05106990014265327	0.05106990014265327
XRP/USDT	2023-07-16 01:15:00+00:00	[0.75,1.00]	0.0293222683264177	0.030843706777316873	0.08312586445366535	0.12171507607192265
XRP/USDT	2023-07-17 01:15:00+00:00	[0.75,1.00]	0.01317014766529203	0.02061992816283101	0.053079686044964804	0.07183716908341085
XRP/USDT	2023-07-18 01:15:00+00:00	[0.50,0.75)	0.006928406466512694	0.01793234614862125	0.053797038445863296	0.07933704659692963
XRP/USDT	2023-07-19 01:15:00+00:00	[0.75,1.00]	0.020892078954114306	0.051012560881825104	0.06344527044347602	0.11048449115611389
XRP/USDT	2023-07-20 01:15:00+00:00	[0.75,1.00]	0.019971126082771833	0.02971607314725691	0.05738691049085655	0.09371992300288735
XRP/USDT	2023-07-21 01:15:00+00:00	[0.75,1.00]	0.010695860072983456	0.013967534918837296	0.04857178809613687	0.04857178809613687
XRP/USDT	2023-07-22 01:15:00+00:00	[0.50,0.75)	0.006892067620286193	0.013784135240572242	0.020546163849154794	0.08452535760728226
XRP/USDT	2023-07-23 01:15:00+00:00	[0.75,1.00]	0.009845480650895645	0.021605360317243315	0.024613701627239186	0.031040612607684866
XRP/USDT	2023-07-24 01:15:00+00:00	[0.25,0.50)	0.019959266802443903	0.021181262729124163	0.07630685675492196	0.07630685675492196
XRP/USDT	2023-07-25 01:15:00+00:00	[0.50,0.75)	0.00790911705493234	0.015099223468507268	0.03681334483750353	0.06039689387402939
XRP/USDT	2023-07-26 01:15:00+00:00	[0.50,0.75)	0.007934258996882883	0.019552281099461496	0.03159535279115895	0.05468971379994328
XRP/USDT	2023-07-27 01:15:00+00:00	[0.75,1.00]	0.004350266629245006	0.015576761156328934	0.017401066516980025	0.037468425484142656
XRP/USDT	2023-07-28 01:15:00+00:00	[0.10,0.25)	0.004469898030451154	0.009219164687805474	0.022070121525352752	0.022070121525352752
XRP/USDT	2023-07-29 01:15:00+00:00	[0.05,0.10)	0.004224757076468107	0.004224757076468107	0.0160540768905789	0.016476552598225665
XRP/USDT	2023-07-30 01:15:00+00:00	[0.10,0.25)	0.0023933549204561942	0.004645924257356004	0.038152893143742095	0.07503871603547799
XRP/USDT	2023-07-31 01:15:00+00:00	[0.50,0.75)	0.0035330695308082908	0.012012436404748377	0.012012436404748377	0.05016958733747877
XRP/USDT	2023-08-01 01:15:00+00:00	[0.50,0.75)	0.03165197282844346	0.03165197282844346	0.03165197282844346	0.05058534470299181
XRP/USDT	2023-08-02 01:15:00+00:00	[0.25,0.50)	0.009668704677946862	0.013792122849424202	0.02118583819138351	0.04279823688326463
XRP/USDT	2023-08-03 01:15:00+00:00	[0.25,0.50)	0.007605675003656549	0.01126224952464537	0.04695041684949542	0.04695041684949542
XRP/USDT	2023-08-04 01:15:00+00:00	[0.50,0.75)	0.004813477737665435	0.007521058965102294	0.017749699157641446	0.07506016847172074
XRP/USDT	2023-08-05 01:15:00+00:00	[0.50,0.75)	0.02103066302777332	0.022796596564456557	0.035318670733665146	0.0423824048803981
XRP/USDT	2023-08-06 01:15:00+00:00	[0.25,0.50)	0.011280584683825859	0.01509374006990795	0.02065459167461076	0.028439783921194832
XRP/USDT	2023-08-07 01:15:00+00:00	[0.50,0.75)	0.010161956176564103	0.010161956176564103	0.03683709114004446	0.052556367100666905
XRP/USDT	2023-08-08 01:15:00+00:00	[0.25,0.50)	0.005487411233053695	0.014686894770819877	0.027437056165267936	0.05503550677856685
XRP/USDT	2023-08-09 01:15:00+00:00	[0.25,0.50)	0.015695415695415695	0.019580419580419495	0.04568764568764566	0.054079254079254166
XRP/USDT	2023-08-10 01:15:00+00:00	[0.75,1.00]	0.0056206088992974985	0.012490241998438732	0.02966432474629199	0.02966432474629199
XRP/USDT	2023-08-11 01:15:00+00:00	[0.05,0.10)	0.004094488188976451	0.014645669291338544	0.020472440944881907	0.024566929133858183
XRP/USDT	2023-08-12 01:15:00+00:00	[0.00,0.05)	0.002849453854677891	0.005857210701282312	0.005857210701282312	0.015197087224948634
XRP/USDT	2023-08-13 01:15:00+00:00	[0.05,0.10)	0.004143426294820792	0.005577689243027806	0.005896414342629541	0.02390438247011937
XRP/USDT	2023-08-14 01:15:00+00:00	[0.50,0.75)	0.00494891443167304	0.015485312899105893	0.015485312899105893	0.01947637292464877
XRP/USDT	2023-08-15 01:15:00+00:00	[0.25,0.50)	0.0044388078630311105	0.007609384908053307	0.01030437539632205	0.08259353202282821
XRP/USDT	2023-08-16 01:15:00+00:00	[0.25,0.50)	0.0044407894736842694	0.01825657894736842	0.0430921052631579	0.0740131578947369
XRP/USDT	2023-08-17 01:15:00+00:00	[0.75,1.00]	0.005903187721369638	0.008095800303592556	0.019396188227356982	0.29043683589138136
XRP/USDT	2023-08-18 01:15:00+00:00	[0.75,1.00]	0.02088720907101642	0.050527153371792276	0.07976924607121548	0.07976924607121548
XRP/USDT	2023-08-19 01:15:00+00:00	[0.25,0.50)	0.008061344868265811	0.011207235548564544	0.015532835233975435	0.0477782147070389
XRP/USDT	2023-08-20 01:15:00+00:00	[0.25,0.50)	0.004819741661847036	0.013495276653171401	0.08135723925197612	0.08135723925197612
XRP/USDT	2023-08-21 01:15:00+00:00	[0.50,0.75)	0.007462686567164185	0.02462686567164177	0.039925373134328306	0.0666044776119402
XRP/USDT	2023-08-22 01:15:00+00:00	[0.25,0.50)	0.009822804314329725	0.009822804314329725	0.0161787365177195	0.042950693374422165
XRP/USDT	2023-08-23 01:15:00+00:00	[0.75,1.00]	0.009654373431164326	0.01158524811739719	0.01583317242710945	0.04074145587951343
XRP/USDT	2023-08-24 01:15:00+00:00	[0.25,0.50)	0.0026560424966798647	0.010244735344337072	0.02029975336748253	0.03946120280781643
XRP/USDT	2023-08-25 01:15:00+00:00	[0.10,0.25)	0.006178798995945125	0.015253910021239657	0.025680633326897042	0.04653407993821203
XRP/USDT	2023-08-26 01:15:00+00:00	[0.10,0.25)	0.00382116927779901	0.010890332441727242	0.013756209400076394	0.020061138708444698
XRP/USDT	2023-08-27 01:15:00+00:00	[0.25,0.50)	0.0032529659395331705	0.010141599693838446	0.015882127822426283	0.026789131266743232
XRP/USDT	2023-08-28 01:15:00+00:00	[0.50,0.75)	0.00480954213158897	0.0073105040400154395	0.022701038861100486	0.028472489419007378
XRP/USDT	2023-08-29 01:15:00+00:00	[0.10,0.25)	0.005553427805438556	0.007085407889697292	0.01972424358483335	0.06989659134431248
XRP/USDT	2023-08-30 01:15:00+00:00	[0.75,1.00]	0.004887218045112661	0.008270676691729246	0.015225563909774637	0.02669172932330846
XRP/USDT	2023-08-31 01:15:00+00:00	[0.10,0.25)	0.003800114003420106	0.0058901767053011434	0.011210336310089334	0.06422192665779984
XRP/USDT	2023-09-01 01:15:00+00:00	[0.25,0.50)	0.00628930817610059	0.0070754716981133005	0.017099056603773664	0.04815251572327048
XRP/USDT	2023-09-02 01:15:00+00:00	[0.05,0.10)	0.005829145728643244	0.009045226130653275	0.009045226130653275	0.017286432160804013
XRP/USDT	2023-09-03 01:15:00+00:00	[0.10,0.25)	0.003808378432551528	0.010422930446983216	0.016436159551012085	0.026859089997995637
XRP/USDT	2023-09-04 01:15:00+00:00	[0.25,0.50)	0.0037445802128496294	0.012613322822230906	0.024832479306267356	0.032321639731966945
XRP/USDT	2023-09-05 01:15:00+00:00	[0.25,0.50)	0.004557162670893538	0.01228452546066967	0.012878937982960074	0.018030513176144236
XRP/USDT	2023-09-06 01:15:00+00:00	[0.05,0.10)	0.0029720626114522405	0.0035664751337426445	0.010897562908658507	0.028928076084802745
XRP/USDT	2023-09-07 01:15:00+00:00	[0.10,0.25)	0.003996802557953641	0.007394084732214303	0.015987210231814455	0.022182254196642798
XRP/USDT	2023-09-08 01:15:00+00:00	[0.25,0.50)	0.003956478733926809	0.008110781404549936	0.02532146389713162	0.02532146389713162
XRP/USDT	2023-09-09 01:15:00+00:00	[0.10,0.25)	0.0021864440469091433	0.005366726296958926	0.00655933214072765	0.010137149672033491
XRP/USDT	2023-09-10 01:15:00+00:00	[0.25,0.50)	0.0029910269192421654	0.013758723828514383	0.013758723828514383	0.019940179461615064
XRP/USDT	2023-09-11 01:15:00+00:00	[0.75,1.00]	0.006881198138028655	0.0109289617486338	0.07710989678202787	0.07710989678202787
XRP/USDT	2023-09-12 01:15:00+00:00	[0.25,0.50)	0.005527210884353841	0.030612244897959235	0.030612244897959235	0.03550170068027221
XRP/USDT	2023-09-13 01:15:00+00:00	[0.50,0.75)	0.004161464835622143	0.008739076154806453	0.03620474406991266	0.03620474406991266
XRP/USDT	2023-09-14 01:15:00+00:00	[0.10,0.25)	0.0039353769676883955	0.009320629660314838	0.013256006628003348	0.02941176470588233
XRP/USDT	2023-09-15 01:15:00+00:00	[0.25,0.50)	0.01708011386742582	0.034973566490443364	0.034973566490443364	0.04310695404636041
XRP/USDT	2023-09-16 01:15:00+00:00	[0.25,0.50)	0.009630818619582718	0.0106340288924558	0.0106340288924558	0.02267255216693403
XRP/USDT	2023-09-17 01:15:00+00:00	[0.50,0.75)	0.006666666666666717	0.007878787878787909	0.010909090909090828	0.028282828282828194
XRP/USDT	2023-09-18 01:15:00+00:00	[0.25,0.50)	0.01244643950214241	0.019791879208324804	0.03019791879208321	0.0377473984901041
XRP/USDT	2023-09-19 01:15:00+00:00	[0.50,0.75)	0.009952229299363067	0.02687101910828017	0.02687101910828017	0.029060509554140024
XRP/USDT	2023-09-20 01:15:00+00:00	[0.05,0.10)	0.016393442622950966	0.02556596409055426	0.0368852459016394	0.0368852459016394
XRP/USDT	2023-09-21 01:15:00+00:00	[0.75,1.00]	0.007208260276641412	0.010325345801675379	0.034872394311318756	0.036041301383206624
XRP/USDT	2023-09-22 01:15:00+00:00	[0.25,0.50)	0.00450715265530096	0.009406231628453903	0.013913384283754646	0.019400352733686108
XRP/USDT	2023-09-23 01:15:00+00:00	[0.10,0.25)	0.00273117440499428	0.0064377682403435055	0.010924697619976687	0.01619196254389404
XRP/USDT	2023-09-24 01:15:00+00:00	[0.10,0.25)	0.004143646408839761	0.0055248618784528684	0.010063141278610879	0.0319652722967641
XRP/USDT	2023-09-25 01:15:00+00:00	[0.75,1.00]	0.0059856344772545944	0.011372705506783685	0.02553870710295287	0.03192338387869106
XRP/USDT	2023-09-26 01:15:00+00:00	[0.25,0.50)	0.005168986083498878	0.009940357852882713	0.018886679920477042	0.02286282306163013
XRP/USDT	2023-09-27 01:15:00+00:00	[0.10,0.25)	0.0045999999999999375	0.008000000000000007	0.02059999999999995	0.02059999999999995
XRP/USDT	2023-09-28 01:15:00+00:00	[0.10,0.25)	0.0033938909962067864	0.010780594929127491	0.016170892393691346	0.035336394489918245
XRP/USDT	2023-09-29 01:15:00+00:00	[0.50,0.75)	0.006674519042010345	0.009030231645072731	0.0850019630938359	0.0850019630938359
XRP/USDT	2023-09-30 01:15:00+00:00	[0.75,1.00]	0.008315606265712787	0.009475923419067908	0.012570102494681998	0.012570102494681998
XRP/USDT	2023-10-01 01:15:00+00:00	[0.10,0.25)	0.002909796314257897	0.0036857419980601607	0.01532492725509218	0.021726479146459726
XRP/USDT	2023-10-02 01:15:00+00:00	[0.75,1.00]	0.00459506031016649	0.0093815814665899	0.013402259237985844	0.03656902163507564
XRP/USDT	2023-10-03 01:15:00+00:00	[0.50,0.75)	0.005268292682926899	0.009756097560975618	0.016195121951219464	0.08273170731707338
XRP/USDT	2023-10-04 01:15:00+00:00	[0.75,1.00]	0.02797202797202783	0.02797202797202783	0.03402003402003405	0.03402003402003405
XRP/USDT	2023-10-05 01:15:00+00:00	[0.25,0.50)	0.004921446148021836	0.01135718341851222	0.0189286390308537	0.028582244936589063
XRP/USDT	2023-10-06 01:15:00+00:00	[0.10,0.25)	0.0038117019249092636	0.012578616352201352	0.019439679817038282	0.024585477415666135
XRP/USDT	2023-10-07 01:15:00+00:00	[0.25,0.50)	0.0019083969465648872	0.005725190839694662	0.007442748091602869	0.009351145038167755
XRP/USDT	2023-10-08 01:15:00+00:00	[0.00,0.05)	0.002873563218390701	0.004022988505747108	0.008812260536398346	0.018965517241379348
XRP/USDT	2023-10-09 01:15:00+00:00	[0.25,0.50)	0.005800464037122975	0.007153905645785067	0.06303170920340298	0.06303170920340298
XRP/USDT	2023-10-10 01:15:00+00:00	[0.50,0.75)	0.0032057703866960334	0.011821278300941616	0.013624524143458282	0.01983570426768187
XRP/USDT	2023-10-11 01:15:00+00:00	[0.25,0.50)	0.004033071183706396	0.020165355918531868	0.03105464811453916	0.03609598709417215
XRP/USDT	2023-10-12 01:15:00+00:00	[0.25,0.50)	0.003919141914191331	0.012169966996699703	0.02846534653465342	0.030940594059405968
XRP/USDT	2023-10-13 01:15:00+00:00	[0.10,0.25)	0.003097893432465926	0.009293680297397777	0.014043783560512129	0.024989673688558447
XRP/USDT	2023-10-14 01:15:00+00:00	[0.50,0.75)	0.003712871287128647	0.004537953795379496	0.0070132013201320426	0.009900990099009955
XRP/USDT	2023-10-15 01:15:00+00:00	[0.05,0.10)	0.005148270181219115	0.005354200988467857	0.006177924217462938	0.010090609555189489
XRP/USDT	2023-10-16 01:15:00+00:00	[0.25,0.50)	0.002460024600245959	0.01763017630176301	0.04161541615416151	0.053095530955309625
XRP/USDT	2023-10-17 01:15:00+00:00	[0.50,0.75)	0.005860953920776099	0.013136620856911896	0.016774454324979735	0.022231204527081667
XRP/USDT	2023-10-18 01:15:00+00:00	[0.50,0.75)	0.004702514823144601	0.007360457984052325	0.01226742997342058	0.01410754446943369
XRP/USDT	2023-10-19 01:15:00+00:00	[0.10,0.25)	0.015785157851578482	0.015785157851578482	0.022550225502255043	0.11070110701107021
XRP/USDT	2023-10-20 01:15:00+00:00	[0.75,1.00]	0.008717551336691106	0.024796590468810605	0.029639674544750274	0.041844246416117906
XRP/USDT	2023-10-21 01:15:00+00:00	[0.75,1.00]	0.005060334760607114	0.007395873880887554	0.01537563254184511	0.04203970416504467
XRP/USDT	2023-10-22 01:15:00+00:00	[0.25,0.50)	0.006131442805135259	0.012454493197930754	0.023759340869898383	0.02950756849971253
XRP/USDT	2023-10-23 01:15:00+00:00	[0.75,1.00]	0.01216961399505602	0.01216961399505602	0.0283323825822398	0.06693287697280853
XRP/USDT	2023-10-24 01:15:00+00:00	[0.75,1.00]	0.014550745725718458	0.023644961804292493	0.09276100400145516	0.09457984721716997
XRP/USDT	2023-10-25 01:15:00+00:00	[0.75,1.00]	0.012160228898426374	0.018419170243204733	0.036838340486409264	0.04202432045779679
XRP/USDT	2023-10-26 01:15:00+00:00	[0.25,0.50)	0.005590622182146063	0.011181244364292126	0.03733092876465294	0.04851217312894506
XRP/USDT	2023-10-27 01:15:00+00:00	[0.50,0.75)	0.015318075328888204	0.016759776536313005	0.021805730762299514	0.044332312128311534
XRP/USDT	2023-10-28 01:15:00+00:00	[0.50,0.75)	0.006276536828502786	0.010891637437695967	0.017906590363669803	0.01864500646114085
XRP/USDT	2023-10-29 01:15:00+00:00	[0.25,0.50)	0.004062038404726699	0.0059084194977843075	0.029357459379615796	0.03785081240768088
XRP/USDT	2023-10-30 01:15:00+00:00	[0.25,0.50)	0.008824059067170925	0.008824059067170925	0.032775076535206185	0.06284891049882954
XRP/USDT	2023-10-31 01:15:00+00:00	[0.25,0.50)	0.0048409405255876795	0.016770401106500573	0.10131396957123096	0.10131396957123096
XRP/USDT	2023-11-01 01:15:00+00:00	[0.50,0.75)	0.0048698572628043885	0.022502099076406327	0.05306465155331647	0.060789252728799155
XRP/USDT	2023-11-02 01:15:00+00:00	[0.50,0.75)	0.007844419022716173	0.017486517404804596	0.041019774472953116	0.06487988233371458
XRP/USDT	2023-11-03 01:15:00+00:00	[0.75,1.00]	0.008708759001842394	0.016077708926478067	0.0329927985262101	0.03818455870038527
XRP/USDT	2023-11-04 01:15:00+00:00	[0.25,0.50)	0.004427681206953158	0.009347326992456606	0.015086913742210538	0.03509347326992471
XRP/USDT	2023-11-05 01:15:00+00:00	[0.75,1.00]	0.007107090938459168	0.01179130996607993	0.05847197544823132	0.1130673558391214
XRP/USDT	2023-11-06 01:15:00+00:00	[0.75,1.00]	0.01349369316515105	0.02830742153124081	0.07700205338809034	0.12085655617483138
XRP/USDT	2023-11-07 01:15:00+00:00	[0.75,1.00]	0.02017709391784007	0.021048047612135228	0.0494992016257801	0.06691827551168518
XRP/USDT	2023-11-08 01:15:00+00:00	[0.50,0.75)	0.0075570411277430345	0.0167126871094317	0.03851184420869055	0.03851184420869055
XRP/USDT	2023-11-09 01:15:00+00:00	[0.50,0.75)	0.016968987712112263	0.023259215915740074	0.06421884142773543	0.11249268578115852
XRP/USDT	2023-11-10 01:15:00+00:00	[0.75,1.00]	0.007544892108042862	0.016749660479855138	0.039384336803983726	0.053116040440621716
XRP/USDT	2023-11-11 01:15:00+00:00	[0.25,0.50)	0.021241086329843745	0.03186162949476562	0.07570930056137148	0.07570930056137148
XRP/USDT	2023-11-12 01:15:00+00:00	[0.75,1.00]	0.006551881761389563	0.010970592716745367	0.02529331098582974	0.02529331098582974
XRP/USDT	2023-11-13 01:15:00+00:00	[0.25,0.50)	0.005101275318829646	0.0244561140285071	0.03240810202550631	0.16549137284321075
XRP/USDT	2023-11-14 01:15:00+00:00	[0.75,1.00]	0.012364294330518675	0.012515078407720105	0.034227985524728666	0.11052472858866108
XRP/USDT	2023-11-15 01:15:00+00:00	[0.50,0.75)	0.0060451797645561965	0.011135857461024508	0.02481705377028326	0.04024817053770281
XRP/USDT	2023-11-16 01:15:00+00:00	[0.25,0.50)	0.008050781854776253	0.013779222789905586	0.06301285028642215	0.0769468958043042
XRP/USDT	2023-11-17 01:15:00+00:00	[0.50,0.75)	0.009534583063994856	0.010019392372333522	0.03199741435035541	0.06221719457013571
XRP/USDT	2023-11-18 01:15:00+00:00	[0.25,0.50)	0.0032797638570022988	0.021154476877664845	0.036077402427025285	0.04165300098392912
XRP/USDT	2023-11-19 01:15:00+00:00	[0.50,0.75)	0.0071369294605810474	0.014439834024896334	0.04082987551867231	0.04547717842323666
XRP/USDT	2023-11-20 01:15:00+00:00	[0.10,0.25)	0.005445227418321523	0.011531069827033929	0.02049967969250486	0.03539397821909034
XRP/USDT	2023-11-21 01:15:00+00:00	[0.10,0.25)	0.007494297816878541	0.01955034213098731	0.019876181166503727	0.07380254154447703
XRP/USDT	2023-11-22 01:15:00+00:00	[0.75,1.00]	0.004083716181725298	0.013952696954228322	0.019567806704100653	0.05036583290794616
XRP/USDT	2023-11-23 01:15:00+00:00	[0.10,0.25)	0.00553565613806589	0.01400195376098999	0.0280039075219798	0.029632041680234443
XRP/USDT	2023-11-24 01:15:00+00:00	[0.10,0.25)	0.0033675432969852317	0.012828736369467618	0.01379089159717776	0.016516998075689505
XRP/USDT	2023-11-25 01:15:00+00:00	[0.00,0.05)	0.005008077544426481	0.007269789983844828	0.011954765751211571	0.013085621970920834
XRP/USDT	2023-11-26 01:15:00+00:00	[0.00,0.05)	0.004516129032258104	0.004677419354838732	0.030806451612903237	0.050161290322580494
XRP/USDT	2023-11-27 01:15:00+00:00	[0.10,0.25)	0.006347656249999844	0.014648437499999833	0.02620442708333316	0.03369140624999991
XRP/USDT	2023-11-28 01:15:00+00:00	[0.25,0.50)	0.005633802816901523	0.014084507042253626	0.019552609776304943	0.030157415078707527
XRP/USDT	2023-11-29 01:15:00+00:00	[0.00,0.05)	0.00424489795918375	0.005224489795918335	0.01322448979591836	0.021224489795918386
XRP/USDT	2023-11-30 01:15:00+00:00	[0.05,0.10)	0.003136866435529161	0.009575697540036366	0.019316493313521615	0.019316493313521615
XRP/USDT	2023-12-01 01:15:00+00:00	[0.05,0.10)	0.004279131007241683	0.010862409479921084	0.012179065174456816	0.0146477946017115
XRP/USDT	2023-12-02 01:15:00+00:00	[0.00,0.05)	0.002123835974513916	0.005227903937265121	0.007678483907858073	0.018624407776507052
XRP/USDT	2023-12-03 01:15:00+00:00	[0.10,0.25)	0.003220611916264093	0.007568438003220672	0.028019323671497537	0.028019323671497537
XRP/USDT	2023-12-04 01:15:00+00:00	[0.25,0.50)	0.007985944737262425	0.01293723047436511	0.09886599584730885	0.09886599584730885
XRP/USDT	2023-12-05 01:15:00+00:00	[0.25,0.50)	0.01347449470644845	0.01347449470644845	0.026788578761629673	0.03176130895091423
XRP/USDT	2023-12-06 01:15:00+00:00	[0.10,0.25)	0.006430868167202578	0.009324758842443773	0.04999999999999985	0.05353697749196141
XRP/USDT	2023-12-07 01:15:00+00:00	[0.50,0.75)	0.0047445832674363475	0.02989087458484901	0.05377194369761194	0.05377194369761194
XRP/USDT	2023-12-08 01:15:00+00:00	[0.25,0.50)	0.00466998754669988	0.01478829389788304	0.03222291407222922	0.06522415940224167
XRP/USDT	2023-12-09 01:15:00+00:00	[0.50,0.75)	0.007456009543692223	0.04607813898001779	0.04607813898001779	0.07306889352818362
XRP/USDT	2023-12-10 01:15:00+00:00	[0.75,1.00]	0.008673545685658616	0.010617616270375349	0.03693734110961559	0.03693734110961559
XRP/USDT	2023-12-11 01:15:00+00:00	[0.75,1.00]	0.08388284005520621	0.08388284005520621	0.08388284005520621	0.08388284005520621
XRP/USDT	2023-12-12 01:15:00+00:00	[0.50,0.75)	0.006100497672178561	0.011558837694654012	0.017017177717129465	0.031465724835447025
XRP/USDT	2023-12-13 01:15:00+00:00	[0.25,0.50)	0.01944444444444448	0.024346405228758212	0.036601307189542444	0.06911764705882353
XRP/USDT	2023-12-14 01:15:00+00:00	[0.50,0.75)	0.005131494547787011	0.009300833867863881	0.03014753046824876	0.052277100705580615
XRP/USDT	2023-12-15 01:15:00+00:00	[0.25,0.50)	0.01656935458418803	0.01846299510809538	0.03392772605333748	0.05381095155436329
XRP/USDT	2023-12-16 01:15:00+00:00	[0.75,1.00]	0.002748140963465947	0.006627869382476548	0.011315874555447795	0.01357904946653746
XRP/USDT	2023-12-17 01:15:00+00:00	[0.10,0.25)	0.005303760848601865	0.010607521697203554	0.017839922854387655	0.024590163934426198
XRP/USDT	2023-12-18 01:15:00+00:00	[0.50,0.75)	0.01359986891692606	0.0152384073406521	0.05325249877109614	0.06013436015074565
XRP/USDT	2023-12-19 01:15:00+00:00	[0.25,0.50)	0.008819206271435688	0.009309162175404277	0.017148456638902607	0.0318471337579619
XRP/USDT	2023-12-20 01:15:00+00:00	[0.10,0.25)	0.007449097831484952	0.018043370302930014	0.03972852176791926	0.04204601887104781
XRP/USDT	2023-12-21 01:15:00+00:00	[0.25,0.50)	0.005390395295654965	0.009964064031362291	0.016987912446912716	0.024011760862463323
XRP/USDT	2023-12-22 01:15:00+00:00	[0.05,0.10)	0.011858974358974476	0.014102564102564151	0.024519230769230915	0.02612179487179502
XRP/USDT	2023-12-23 01:15:00+00:00	[0.25,0.50)	0.012451487710219809	0.015847347994825227	0.015847347994825227	0.017141009055627335
XRP/USDT	2023-12-24 01:15:00+00:00	[0.10,0.25)	0.00629235237173284	0.007744433688286587	0.019845111326234233	0.04194901581155197
XRP/USDT	2023-12-25 01:15:00+00:00	[0.75,1.00]	0.0032717160150498967	0.013086864060199587	0.06428921969573041	0.06428921969573041
XRP/USDT	2023-12-26 01:15:00+00:00	[0.50,0.75)	0.009568627450980385	0.013960784313725522	0.03670588235294132	0.06086274509803931
XRP/USDT	2023-12-27 01:15:00+00:00	[0.05,0.10)	0.0069478106317661685	0.014865083212150567	0.030376474390046742	0.04750363548230729
XRP/USDT	2023-12-28 01:15:00+00:00	[0.50,0.75)	0.013775829680651093	0.03412648716343132	0.04524107701941145	0.059016906700062544
XRP/USDT	2023-12-29 01:15:00+00:00	[0.50,0.75)	0.010873041253597743	0.016469459545890592	0.016469459545890592	0.038695235049568275
XRP/USDT	2023-12-30 01:15:00+00:00	[0.25,0.50)	0.0033680834001603697	0.00962309542902968	0.01587810745789899	0.02229350441058544
XRP/USDT	2023-12-31 01:15:00+00:00	[0.10,0.25)	0.002089696190323226	0.007072817874939834	0.016717569522584737	0.036971547982639304
XRP/USDT	2024-01-01 01:15:00+00:00	[0.50,0.75)	0.004211890490847314	0.015713591446622457	0.02105945245423621	0.04228090069658191
XRP/USDT	2024-01-02 01:15:00+00:00	[0.25,0.50)	0.0042586750788642345	0.005835962145110293	0.020189274447949403	0.03028391167192428
XRP/USDT	2024-01-03 01:15:00+00:00	[0.10,0.25)	0.002393871688477588	0.022502393871688477	0.2224704755825087	0.2224704755825087
XRP/USDT	2024-01-04 01:15:00+00:00	[0.75,1.00]	0.013456833275078519	0.020272631946871622	0.02481649772806709	0.04106955609926593
XRP/USDT	2024-01-05 01:15:00+00:00	[0.50,0.75)	0.05069599587557995	0.05069599587557995	0.05069599587557995	0.05069599587557995
XRP/USDT	2024-01-06 01:15:00+00:00	[0.25,0.50)	0.00349772647778944	0.013641133263378855	0.029206016089541882	0.029380902413431335
XRP/USDT	2024-01-07 01:15:00+00:00	[0.10,0.25)	0.005441460417763721	0.009478672985782116	0.016499912234509327	0.06441987010707383
XRP/USDT	2024-01-08 01:15:00+00:00	[0.75,1.00]	0.020007082152974465	0.05559490084985833	0.05559490084985833	0.06621813031161472
XRP/USDT	2024-01-09 01:15:00+00:00	[0.50,0.75)	0.00507259051950326	0.007696344236487598	0.038481721182438186	0.04582823158999476
XRP/USDT	2024-01-10 01:15:00+00:00	[0.50,0.75)	0.0049096966508855415	0.009293354374890359	0.041381728914606265	0.1159039102226897
XRP/USDT	2024-01-11 01:15:00+00:00	[0.75,1.00]	0.010166666666666657	0.015833333333333255	0.06399999999999999	0.06399999999999999
XRP/USDT	2024-01-12 01:15:00+00:00	[0.50,0.75)	0.009126246408653154	0.016224438059827706	0.023829643400371813	0.08619232719283429
XRP/USDT	2024-01-13 01:15:00+00:00	[0.75,1.00]	0.009876543209876435	0.0156966490299822	0.019400352733686087	0.019929453262786556
XRP/USDT	2024-01-14 01:15:00+00:00	[0.10,0.25)	0.004874651810585001	0.006615598885793916	0.01375348189415045	0.037082172701949835
XRP/USDT	2024-01-15 01:15:00+00:00	[0.75,1.00]	0.005662319835277916	0.014070006863417956	0.023164035689773623	0.03568977350720666
XRP/USDT	2024-01-16 01:15:00+00:00	[0.50,0.75)	0.006974716652136013	0.012205754141238022	0.012903225806451547	0.024062772449869284
XRP/USDT	2024-01-17 01:15:00+00:00	[0.25,0.50)	0.003477051460361616	0.005563282336578547	0.014255910987482587	0.026425591098748244
XRP/USDT	2024-01-18 01:15:00+00:00	[0.50,0.75)	0.009023354564755826	0.009554140127388661	0.017692852087756363	0.04600141542816686
XRP/USDT	2024-01-19 01:15:00+00:00	[0.50,0.75)	0.011186502842472024	0.013753896937465525	0.013753896937465525	0.05648267008985888
XRP/USDT	2024-01-20 01:15:00+00:00	[0.50,0.75)	0.004243542435424296	0.007195571955719379	0.01974169741697404	0.024354243542435403
XRP/USDT	2024-01-21 01:15:00+00:00	[0.25,0.50)	0.004521613311629694	0.006330258636281532	0.008138903960933369	0.026767950804847236
XRP/USDT	2024-01-22 01:15:00+00:00	[0.50,0.75)	0.006467110125646819	0.017738359201773933	0.03381374722838134	0.05025868440502587
XRP/USDT	2024-01-23 01:15:00+00:00	[0.25,0.50)	0.01085714285714293	0.017714285714285877	0.05847619047619059	0.06780952380952396
XRP/USDT	2024-01-24 01:15:00+00:00	[0.75,1.00]	0.004082426127527198	0.009525660964230201	0.016329704510108792	0.016329704510108792
XRP/USDT	2024-01-25 01:15:00+00:00	[0.25,0.50)	0.0032990490976131086	0.0064040364836017265	0.01804773918105953	0.02386959052978843
XRP/USDT	2024-01-26 01:15:00+00:00	[0.25,0.50)	0.0074480595844767265	0.009800078400627214	0.025676205409643278	0.05272442179537443
XRP/USDT	2024-01-27 01:15:00+00:00	[0.10,0.25)	0.00791109436805442	0.008099453757769978	0.016387266905255302	0.016387266905255302
XRP/USDT	2024-01-28 01:15:00+00:00	[0.00,0.05)	0.0031960894905057992	0.009212257943222439	0.013724384282759865	0.027072758037224982
XRP/USDT	2024-01-29 01:15:00+00:00	[0.25,0.50)	0.004187285877426896	0.009326227636086822	0.015987818804720142	0.03939855348306062
XRP/USDT	2024-01-30 01:15:00+00:00	[0.25,0.50)	0.004654626698938646	0.007447402718301998	0.025693539378141936	0.06907466021225102
XRP/USDT	2024-01-31 01:15:00+00:00	[0.50,0.75)	0.0102990691225985	0.01584472172707468	0.02574767280649636	0.057635175282234025
XRP/USDT	2024-02-01 01:15:00+00:00	[0.75,1.00]	0.00848999393571858	0.013139276329088349	0.017788558722458117	0.04184354154032758
XRP/USDT	2024-02-02 01:15:00+00:00	[0.25,0.50)	0.0031670625494854433	0.00732383214568495	0.010095011876484547	0.030680918448139378
XRP/USDT	2024-02-03 01:15:00+00:00	[0.50,0.75)	0.005895067793279628	0.006484574572607525	0.04126547455295739	0.04126547455295739
XRP/USDT	2024-02-04 01:15:00+00:00	[0.25,0.50)	0.0040618955512572354	0.00928433268858806	0.019922630560928387	0.04313346228239843
XRP/USDT	2024-02-05 01:15:00+00:00	[0.75,1.00]	0.00640128025605106	0.01460292058411688	0.016803360672134462	0.030006001200239964
XRP/USDT	2024-02-06 01:15:00+00:00	[0.25,0.50)	0.004737465455980966	0.007895775759968424	0.020726411369917222	0.025858665613896565
XRP/USDT	2024-02-07 01:15:00+00:00	[0.50,0.75)	0.003961965134706818	0.007527733755942778	0.014064976228209071	0.03209191759112507
XRP/USDT	2024-02-08 01:15:00+00:00	[0.10,0.25)	0.0029274004683839693	0.014441842310694697	0.016198282591725167	0.019320843091334933
XRP/USDT	2024-02-09 01:15:00+00:00	[0.10,0.25)	0.006601941747572951	0.011456310679611682	0.023106796116504895	0.026407766990291372
XRP/USDT	2024-02-10 01:15:00+00:00	[0.10,0.25)	0.003999999999999982	0.006857142857142948	0.018285714285714384	0.018285714285714384
XRP/USDT	2024-02-11 01:15:00+00:00	[0.10,0.25)	0.002678400612205984	0.01167017409603978	0.025827434474842294	0.025827434474842294
XRP/USDT	2024-02-12 01:15:00+00:00	[0.50,0.75)	0.005676442762535483	0.01948912015137176	0.027246925260170234	0.04484389782403038
XRP/USDT	2024-02-13 01:15:00+00:00	[0.25,0.50)	0.005086661642803383	0.010361718161266126	0.01394122079879441	0.03579502637528262
XRP/USDT	2024-02-14 01:15:00+00:00	[0.75,1.00]	0.004031483970052029	0.009406795930120974	0.031291994624688214	0.05048953733922077
XRP/USDT	2024-02-15 01:15:00+00:00	[0.25,0.50)	0.01185404704574914	0.04074828671976295	0.04074828671976295	0.07390257455084262
XRP/USDT	2024-02-16 01:15:00+00:00	[0.75,1.00]	0.01353517364203017	0.03170080142475499	0.034728406055209195	0.04772929652715928
XRP/USDT	2024-02-17 01:15:00+00:00	[0.25,0.50)	0.007304471761981101	0.007304471761981101	0.02494209869944773	0.04026367361482265
XRP/USDT	2024-02-18 01:15:00+00:00	[0.10,0.25)	0.0074315751314119865	0.0217509516041327	0.0217509516041327	0.028276237085372392
XRP/USDT	2024-02-19 01:15:00+00:00	[0.25,0.50)	0.005898123324396927	0.007327971403038414	0.014834673815907013	0.025201072386058985
XRP/USDT	2024-02-20 01:15:00+00:00	[0.75,1.00]	0.00771300448430488	0.0322869955156951	0.0322869955156951	0.0575784753363227
XRP/USDT	2024-02-21 01:15:00+00:00	[0.50,0.75)	0.0041314891323872265	0.010238907849829221	0.04867971977725887	0.04867971977725887
XRP/USDT	2024-02-22 01:15:00+00:00	[0.50,0.75)	0.011209114296214616	0.011209114296214616	0.021866960676222017	0.027747151782432932
XRP/USDT	2024-02-23 01:15:00+00:00	[0.75,1.00]	0.0057195571955721445	0.013284132841328587	0.025830258302583047	0.0328413284132842
XRP/USDT	2024-02-24 01:15:00+00:00	[0.75,1.00]	0.007869589657110702	0.01705077759040659	0.028855162076072645	0.03147835862844302
XRP/USDT	2024-02-25 01:15:00+00:00	[0.05,0.10)	0.00715596330275232	0.010825688073394525	0.011926605504587268	0.015779816513761563
XRP/USDT	2024-02-26 01:15:00+00:00	[0.25,0.50)	0.004057543341940206	0.009406123201770552	0.025082995204721403	0.04666174843231278
XRP/USDT	2024-02-27 01:15:00+00:00	[0.10,0.25)	0.008319768493398534	0.016277807921866536	0.0269488153373122	0.08627238198589252
XRP/USDT	2024-02-28 01:15:00+00:00	[0.75,1.00]	0.01043984254663699	0.017285640937874373	0.02875235324319686	0.1298990244737292
XRP/USDT	2024-02-29 01:15:00+00:00	[0.75,1.00]	0.010912870258098187	0.0381084358219297	0.05820197470985616	0.0892083838558808
XRP/USDT	2024-03-01 01:15:00+00:00	[0.75,1.00]	0.014534392428595472	0.017407470001690004	0.022984620584755883	0.061517660976846356
XRP/USDT	2024-03-02 01:15:00+00:00	[0.75,1.00]	0.029421326397919386	0.039011703511053354	0.05672951885565677	0.05672951885565677
XRP/USDT	2024-03-03 01:15:00+00:00	[0.75,1.00]	0.00854971500949962	0.018366054464851258	0.07884737175427496	0.07884737175427496
XRP/USDT	2024-03-04 01:15:00+00:00	[0.25,0.50)	0.010332220632649915	0.021459227467811266	0.06819265617548888	0.06819265617548888
XRP/USDT	2024-03-05 01:15:00+00:00	[0.75,1.00]	0.021637161446512298	0.07111514601301244	0.07111514601301244	0.1965501588742624
XRP/USDT	2024-03-06 01:15:00+00:00	[0.75,1.00]	0.018858307849133536	0.04892966360856258	0.0825688073394495	0.0825688073394495
XRP/USDT	2024-03-07 01:15:00+00:00	[0.25,0.50)	0.012730536967520857	0.03345846254284309	0.03345846254284309	0.047984331646809174
XRP/USDT	2024-03-08 01:15:00+00:00	[0.50,0.75)	0.007302746467693185	0.014764248293379861	0.02143197332909979	0.05000793776789962
XRP/USDT	2024-03-09 01:15:00+00:00	[0.25,0.50)	0.005275779376498753	0.011191047162270195	0.02637889688249394	0.02637889688249394
XRP/USDT	2024-03-10 01:15:00+00:00	[0.05,0.10)	0.004983121684616786	0.008519530622086435	0.0278090339173766	0.07201414563574998
XRP/USDT	2024-03-11 01:15:00+00:00	[0.75,1.00]	0.016549648946840557	0.03176195252423942	0.06419257773319959	0.2545971247074557
XRP/USDT	2024-03-12 01:15:00+00:00	[0.75,1.00]	0.011107986501687313	0.042463442069741286	0.0530089988751407	0.08000562429696297
XRP/USDT	2024-03-13 01:15:00+00:00	[0.10,0.25)	0.017505470459518616	0.02494529540481401	0.028738147337709775	0.04989059080962802
XRP/USDT	2024-03-14 01:15:00+00:00	[0.25,0.50)	0.008484493856056213	0.023112931538911696	0.05149210064365127	0.10225277940315969
XRP/USDT	2024-03-15 01:15:00+00:00	[0.25,0.50)	0.02029547828682278	0.09312042978659903	0.11595284285927472	0.11595284285927472
XRP/USDT	2024-03-16 01:15:00+00:00	[0.50,0.75)	0.01647058823529422	0.02713725490196076	0.04109803921568628	0.08847058823529413
XRP/USDT	2024-03-17 01:15:00+00:00	[0.50,0.75)	0.012512347711557358	0.01613434310174501	0.05449456700691475	0.06256173855778734
XRP/USDT	2024-03-18 01:15:00+00:00	[0.75,1.00]	0.011830430496220809	0.03269799539927708	0.04452842589549788	0.12159053565560295
XRP/USDT	2024-03-19 01:15:00+00:00	[0.75,1.00]	0.018470928364921403	0.04481207838098303	0.08592997108898168	0.08592997108898168
XRP/USDT	2024-03-20 01:15:00+00:00	[0.75,1.00]	0.018141365736778953	0.04501112442238574	0.05493753208967998	0.0865993496491528
XRP/USDT	2024-03-21 01:15:00+00:00	[0.25,0.50)	0.008874281018898866	0.02728019720624496	0.044864420706655875	0.09433032046014792
XRP/USDT	2024-03-22 01:15:00+00:00	[0.25,0.50)	0.019319081551860632	0.030562153602533625	0.04117181314330944	0.06349960411718118
XRP/USDT	2024-03-23 01:15:00+00:00	[0.10,0.25)	0.008298080052066373	0.022453628376179684	0.03270419785226164	0.048324113244386686
XRP/USDT	2024-03-24 01:15:00+00:00	[0.10,0.25)	0.004832474226804128	0.012403350515463981	0.033021907216494964	0.03624355670103105
XRP/USDT	2024-03-25 01:15:00+00:00	[0.10,0.25)	0.005066497783407189	0.010291323622545836	0.017257758074730872	0.057948068397720195
XRP/USDT	2024-03-26 01:15:00+00:00	[0.25,0.50)	0.004953560371516998	0.008049535603715142	0.025541795665634782	0.04334365325077403
XRP/USDT	2024-03-27 01:15:00+00:00	[0.00,0.05)	0.0063151247237132994	0.0086832964951057	0.035364698452794406	0.04515314177454999
XRP/USDT	2024-03-28 01:15:00+00:00	[0.05,0.10)	0.006552006552006558	0.01687141687141701	0.03488943488943504	0.056511056511056645
XRP/USDT	2024-03-29 01:15:00+00:00	[0.10,0.25)	0.009601536245799337	0.010561689870379164	0.04144663146103382	0.05888942230756912
XRP/USDT	2024-03-30 01:15:00+00:00	[0.10,0.25)	0.00920634920634925	0.01111111111111112	0.015714285714285747	0.03079365079365075
XRP/USDT	2024-03-31 01:15:00+00:00	[0.10,0.25)	0.003688261706221887	0.007697241821680606	0.01266837716484929	0.02020525978191157
XRP/USDT	2024-04-01 01:15:00+00:00	[0.10,0.25)	0.0052489263559725935	0.007952918721170677	0.04771751232702406	0.057738189915699054
XRP/USDT	2024-04-02 01:15:00+00:00	[0.10,0.25)	0.01656009181833087	0.057386456796196146	0.06279717986555174	0.08427611083784227
XRP/USDT	2024-04-03 01:15:00+00:00	[0.50,0.75)	0.012800553537450396	0.01729804532087876	0.029752637951911423	0.04618578100674615
XRP/USDT	2024-04-04 01:15:00+00:00	[0.25,0.50)	0.018361337259657117	0.026329464749696847	0.09579075004330506	0.09579075004330506
XRP/USDT	2024-04-05 01:15:00+00:00	[0.10,0.25)	0.008163265306122306	0.01972789115646249	0.03299319727891152	0.03843537414965997
XRP/USDT	2024-04-06 01:15:00+00:00	[0.05,0.10)	0.0039102346140769805	0.008500510030601845	0.009010540632437898	0.020571234274056445
XRP/USDT	2024-04-07 01:15:00+00:00	[0.25,0.50)	0.004524886877827928	0.0077090665325958395	0.009049773755656042	0.022456845986257697
XRP/USDT	2024-04-08 01:15:00+00:00	[0.05,0.10)	0.003873358033007881	0.010441226002021041	0.040080835298080236	0.06466823846412932
XRP/USDT	2024-04-09 01:15:00+00:00	[0.25,0.50)	0.007992170934594709	0.01158049257869841	0.0683412167672485	0.0683412167672485
XRP/USDT	2024-04-10 01:15:00+00:00	[0.75,1.00]	0.011990801576872491	0.021024967148488886	0.038764783180026206	0.04599211563731936
XRP/USDT	2024-04-11 01:15:00+00:00	[0.25,0.50)	0.0050145583953413	0.007926237463604036	0.022484632804917363	0.029925590423811002
XRP/USDT	2024-04-12 01:15:00+00:00	[0.25,0.50)	0.006422924901185795	0.012516469038208071	0.032444005270092315	0.17967720685111987
XRP/USDT	2024-04-13 01:15:00+00:00	[0.25,0.50)	0.025811209439528048	0.0379793510324485	0.0379793510324485	0.2402286135693216
XRP/USDT	2024-04-14 01:15:00+00:00	[0.75,1.00]	0.021541710665258684	0.05195353748680045	0.07645195353748682	0.09208025343189012
XRP/USDT	2024-04-15 01:15:00+00:00	[0.75,1.00]	0.010616987179487123	0.015624999999999948	0.04907852564102569	0.07572115384615385
XRP/USDT	2024-04-16 01:15:00+00:00	[0.50,0.75)	0.02096774193548391	0.044556451612903246	0.053830645161290325	0.053830645161290325
XRP/USDT	2024-04-17 01:15:00+00:00	[0.10,0.25)	0.006668013740149464	0.015558698727015527	0.050717316629622165	0.07395433420893113
XRP/USDT	2024-04-18 01:15:00+00:00	[0.25,0.50)	0.010698425514735621	0.015744852644327876	0.027856277755349282	0.040573274121921805
XRP/USDT	2024-04-19 01:15:00+00:00	[0.75,1.00]	0.046440261865793774	0.05298690671031092	0.07651391162029457	0.0906301145662848
XRP/USDT	2024-04-20 01:15:00+00:00	[0.50,0.75)	0.009954210631096963	0.02608003185347402	0.047780211029265426	0.05594266374676491
XRP/USDT	2024-04-21 01:15:00+00:00	[0.25,0.50)	0.007981755986316955	0.009882174078297192	0.023375142531356856	0.03496769289243628
XRP/USDT	2024-04-22 01:15:00+00:00	[0.10,0.25)	0.008190476190476133	0.032952380952380914	0.032952380952380914	0.09295238095238086
XRP/USDT	2024-04-23 01:15:00+00:00	[0.25,0.50)	0.003598416696653476	0.019611370996761465	0.0260885210507378	0.026988125224901068
XRP/USDT	2024-04-24 01:15:00+00:00	[0.50,0.75)	0.007514662756598227	0.019978005865102677	0.024193548387096756	0.05626832844574771
XRP/USDT	2024-04-25 01:15:00+00:00	[0.50,0.75)	0.020766471587691165	0.02208797432508955	0.031527279592221895	0.035869360015102714
XRP/USDT	2024-04-26 01:15:00+00:00	[0.50,0.75)	0.016733987305250875	0.0234660511636853	0.03635314483554535	0.05404885554914409
XRP/USDT	2024-04-27 01:15:00+00:00	[0.75,1.00]	0.014040561622464866	0.014820592823712831	0.018915756630265075	0.023985959438377488
XRP/USDT	2024-04-28 01:15:00+00:00	[0.10,0.25)	0.0024942440521871986	0.008633921719109648	0.016884113584036894	0.03223330775134313
XRP/USDT	2024-04-29 01:15:00+00:00	[0.50,0.75)	0.004882812499999896	0.02480468749999987	0.030664062499999985	0.0414062500000001
XRP/USDT	2024-04-30 01:15:00+00:00	[0.25,0.50)	0.01647286821705417	0.018798449612402967	0.05755813953488362	0.058139534883720874
XRP/USDT	2024-05-01 01:15:00+00:00	[0.10,0.25)	0.010585180746954317	0.016576792490513338	0.05272618334331942	0.08627920910724976
XRP/USDT	2024-05-02 01:15:00+00:00	[0.25,0.50)	0.020789220404234903	0.02309913378248318	0.025409047160731453	0.03426371511068321
XRP/USDT	2024-05-03 01:15:00+00:00	[0.25,0.50)	0.006724303554274849	0.006724303554274849	0.023439000960614773	0.04265129682997118
XRP/USDT	2024-05-04 01:15:00+00:00	[0.10,0.25)	0.010332519256058518	0.010332519256058518	0.025925230133383496	0.028367461957542743
XRP/USDT	2024-05-05 01:15:00+00:00	[0.25,0.50)	0.007778410168848402	0.008537279453614016	0.0153671030165054	0.01783342819199386
XRP/USDT	2024-05-06 01:15:00+00:00	[0.10,0.25)	0.003758691975192636	0.013343356511933838	0.04322495771471511	0.08569817703439198
XRP/USDT	2024-05-07 01:15:00+00:00	[0.50,0.75)	0.00443540935132151	0.020883385695804797	0.024025133986324176	0.04694141563481792
XRP/USDT	2024-05-08 01:15:00+00:00	[0.75,1.00]	0.0041992746707386515	0.016224470318763243	0.018324107654132567	0.02805878984539043
XRP/USDT	2024-05-09 01:15:00+00:00	[0.25,0.50)	0.00403846153846152	0.00788461538461537	0.027884615384615515	0.02903846153846154
XRP/USDT	2024-05-10 01:15:00+00:00	[0.10,0.25)	0.004056403322387465	0.005022213637241735	0.01487347884875418	0.04288197797952481
XRP/USDT	2024-05-11 01:15:00+00:00	[0.10,0.25)	0.004365945624131732	0.007541178805318346	0.01131176820797785	0.014685453462988832
XRP/USDT	2024-05-12 01:15:00+00:00	[0.00,0.05)	0.0019762845849802388	0.0057312252964427145	0.011264822134387427	0.025889328063241217
XRP/USDT	2024-05-13 01:15:00+00:00	[0.05,0.10)	0.015390765540675566	0.027183689786128326	0.04877073755746559	0.05096941834899065
XRP/USDT	2024-05-14 01:15:00+00:00	[0.25,0.50)	0.007698381365969235	0.009080142123963774	0.024279510461902836	0.03257007500986975
XRP/USDT	2024-05-15 01:15:00+00:00	[0.25,0.50)	0.004794246903715567	0.006592089492608919	0.01997602876548144	0.04314822213343977
XRP/USDT	2024-05-16 01:15:00+00:00	[0.00,0.05)	0.005217391304347896	0.00869565217391316	0.01681159420289863	0.020289855072463895
XRP/USDT	2024-05-17 01:15:00+00:00	[0.10,0.25)	0.003888780867198137	0.007194244604316618	0.01963834337935057	0.029165856503986027
XRP/USDT	2024-05-18 01:15:00+00:00	[0.00,0.05)	0.004214559386973141	0.005172413793103304	0.008620689655172315	0.013409961685823766
XRP/USDT	2024-05-19 01:15:00+00:00	[0.00,0.05)	0.0036433365292425943	0.004602109300095796	0.02109300095877279	0.03317353787152442
XRP/USDT	2024-05-20 01:15:00+00:00	[0.00,0.05)	0.012374779021803346	0.023178157532901263	0.023178157532901263	0.07208799842859961
XRP/USDT	2024-05-21 01:15:00+00:00	[0.75,1.00]	0.00767359161519744	0.009170877784016498	0.02564102564102552	0.04716451431779899
XRP/USDT	2024-05-22 01:15:00+00:00	[0.50,0.75)	0.006173994387277774	0.016651075771749336	0.02245088868101031	0.029747427502338684
XRP/USDT	2024-05-23 01:15:00+00:00	[0.10,0.25)	0.004169035436801175	0.005306045101383409	0.021603183627060978	0.08736024256206164
XRP/USDT	2024-05-24 01:15:00+00:00	[0.75,1.00]	0.009619011693700477	0.0179177668804226	0.03451527725386643	0.03904187099207835
XRP/USDT	2024-05-25 01:15:00+00:00	[0.25,0.50)	0.0024271844660195647	0.008215085884988723	0.01587005227781918	0.020164301717699628
XRP/USDT	2024-05-26 01:15:00+00:00	[0.10,0.25)	0.00609193280413528	0.007753369023444883	0.01569134207125727	0.03045966402067578
XRP/USDT	2024-05-27 01:15:00+00:00	[0.10,0.25)	0.006406632749199093	0.0143207084982098	0.021481062747315014	0.03259845487092537
XRP/USDT	2024-05-28 01:15:00+00:00	[0.10,0.25)	0.01781027371578544	0.026996625421822212	0.026996625421822212	0.026996625421822212
XRP/USDT	2024-05-29 01:15:00+00:00	[0.25,0.50)	0.005135032331684907	0.011981742107265067	0.022632179535945266	0.02548497527577019
XRP/USDT	2024-05-30 01:15:00+00:00	[0.10,0.25)	0.005139920045688035	0.008376166000380658	0.029697315819531597	0.029697315819531597
XRP/USDT	2024-05-31 01:15:00+00:00	[0.05,0.10)	0.004040792765056745	0.010390609967288742	0.01674042716952074	0.02693861843371178
XRP/USDT	2024-06-01 01:15:00+00:00	[0.05,0.10)	0.0021198689535555787	0.004239737907111157	0.00655232222008086	0.007708614376565818
XRP/USDT	2024-06-02 01:15:00+00:00	[0.05,0.10)	0.001732101616627985	0.003079291762894409	0.013086989992301613	0.024826789838337228
XRP/USDT	2024-06-03 01:15:00+00:00	[0.25,0.50)	0.005610369510543651	0.007931901721803043	0.01567034242600115	0.01567034242600115
XRP/USDT	2024-06-04 01:15:00+00:00	[0.10,0.25)	0.0028807374687921197	0.00422508162089491	0.014403687343959958	0.023237948914922216
XRP/USDT	2024-06-05 01:15:00+00:00	[0.00,0.05)	0.006452837350541031	0.007211994685898701	0.016321882710191575	0.016321882710191575
XRP/USDT	2024-06-06 01:15:00+00:00	[0.10,0.25)	0.004564473183719965	0.005895777862305043	0.011220996576645142	0.022251806770635305
XRP/USDT	2024-06-07 01:15:00+00:00	[0.00,0.05)	0.00537840952746814	0.015558970418747592	0.01575105647330001	0.1482904341144834
XRP/USDT	2024-06-08 01:15:00+00:00	[0.25,0.50)	0.002806173581880161	0.0036079374624172545	0.019442774103026743	0.022248947684906793
XRP/USDT	2024-06-09 01:15:00+00:00	[0.05,0.10)	0.0032401782098015193	0.007087889833940873	0.01255569056298093	0.01680842446334543
XRP/USDT	2024-06-10 01:15:00+00:00	[0.05,0.10)	0.0038076152304609475	0.007414829659318599	0.016032064128256415	0.025450901803607193
XRP/USDT	2024-06-11 01:15:00+00:00	[0.10,0.25)	0.02769915082895267	0.02769915082895267	0.03174282248281438	0.04953497775980584
XRP/USDT	2024-06-12 01:15:00+00:00	[0.25,0.50)	0.013411567476948903	0.018860016764459364	0.04379715004191109	0.050293378038558184
XRP/USDT	2024-06-13 01:15:00+00:00	[0.10,0.25)	0.006745707277187296	0.017170891251022	0.017170891251022	0.033524121013900184
XRP/USDT	2024-06-14 01:15:00+00:00	[0.25,0.50)	0.0075519194461925575	0.01279630795049296	0.01279630795049296	0.04468219005663936
XRP/USDT	2024-06-15 01:15:00+00:00	[0.75,1.00]	0.002738571729513426	0.009269012007583769	0.017484727196123928	0.06593638087212975
XRP/USDT	2024-06-16 01:15:00+00:00	[0.25,0.50)	0.003888661481784604	0.0071633237822349635	0.02374130167826443	0.027425296766270913
XRP/USDT	2024-06-17 01:15:00+00:00	[0.10,0.25)	0.007796471070988859	0.016208453016003207	0.046368485843249804	0.0769388592531801
XRP/USDT	2024-06-18 01:15:00+00:00	[0.75,1.00]	0.0581723027375202	0.0581723027375202	0.08172302737520144	0.08172302737520144
XRP/USDT	2024-06-19 01:15:00+00:00	[0.75,1.00]	0.011329152336637657	0.012340683795266021	0.0218490795063726	0.025895205340886056
XRP/USDT	2024-06-20 01:15:00+00:00	[0.10,0.25)	0.011695906432748482	0.01270417422867508	0.021173623714458467	0.031659608792095166
XRP/USDT	2024-06-21 01:15:00+00:00	[0.25,0.50)	0.004084967320261442	0.0069444444444444735	0.02348856209150329	0.033088235294117634
XRP/USDT	2024-06-22 01:15:00+00:00	[0.50,0.75)	0.0032719836400817797	0.005930470347648176	0.011247443762781197	0.011247443762781197
XRP/USDT	2024-06-23 01:15:00+00:00	[0.00,0.05)	0.0020508613617719463	0.004101722723543893	0.009844134536505386	0.03076292042657919
XRP/USDT	2024-06-24 01:15:00+00:00	[0.25,0.50)	0.006485355648535547	0.020083682008368197	0.03451882845188276	0.04288702928870285
XRP/USDT	2024-06-25 01:15:00+00:00	[0.75,1.00]	0.005487547488391825	0.012452511608273568	0.013296749683410663	0.01498522583368509
XRP/USDT	2024-06-26 01:15:00+00:00	[0.25,0.50)	0.0071503680336488205	0.010935856992639291	0.015772870662460584	0.02754994742376446
XRP/USDT	2024-06-27 01:15:00+00:00	[0.25,0.50)	0.0046908315565031555	0.006396588486140731	0.02153518123667377	0.025373134328358256
XRP/USDT	2024-06-28 01:15:00+00:00	[0.00,0.05)	0.005665127989928736	0.008602601762484363	0.014687368862778024	0.024968527066722663
XRP/USDT	2024-06-29 01:15:00+00:00	[0.10,0.25)	0.003169237270230301	0.004014367208958404	0.007394886963870702	0.01014155926473701
XRP/USDT	2024-06-30 01:15:00+00:00	[0.05,0.10)	0.004650179666032626	0.006341154090044394	0.011202705559078359	0.018812090467131608
XRP/USDT	2024-07-01 01:15:00+00:00	[0.50,0.75)	0.0037601838312095754	0.0050135784416127285	0.016920827240442856	0.019845414664716957
XRP/USDT	2024-07-02 01:15:00+00:00	[0.05,0.10)	0.0033557046979866734	0.00838926174496645	0.027055369127516826	0.027055369127516826
XRP/USDT	2024-07-03 01:15:00+00:00	[0.10,0.25)	0.007826982492275942	0.018537590113285176	0.030484037075180187	0.05437693099897009
XRP/USDT	2024-07-04 01:15:00+00:00	[0.50,0.75)	0.04485941189096367	0.04485941189096367	0.05988409529942044	0.10109465550547322
XRP/USDT	2024-07-05 01:15:00+00:00	[0.75,1.00]	0.022716516800757213	0.10246095598674872	0.10246095598674872	0.1176053005205869
XRP/USDT	2024-07-06 01:15:00+00:00	[0.50,0.75)	0.010292397660818749	0.012631578947368459	0.02970760233918139	0.0610526315789474
XRP/USDT	2024-07-07 01:15:00+00:00	[0.50,0.75)	0.007877560207067305	0.02003151024082819	0.044564483457123535	0.10015755120414131
XRP/USDT	2024-07-08 01:15:00+00:00	[0.75,1.00]	0.02723258096172718	0.04023552502453378	0.09617271835132472	0.09617271835132472
XRP/USDT	2024-07-09 01:15:00+00:00	[0.25,0.50)	0.010211185889997714	0.018333720120677695	0.02970526804362969	0.02970526804362969
XRP/USDT	2024-07-10 01:15:00+00:00	[0.25,0.50)	0.006682027649769489	0.02073732718894011	0.02373271889400916	0.02672811059907834
XRP/USDT	2024-07-11 01:15:00+00:00	[0.10,0.25)	0.013470319634703234	0.016210045662100447	0.04794520547945197	0.04794520547945197
XRP/USDT	2024-07-12 01:15:00+00:00	[0.50,0.75)	0.014112903225806514	0.016801075268817217	0.07146057347670247	0.07325268817204303
XRP/USDT	2024-07-13 01:15:00+00:00	[0.75,1.00]	0.006479933110367876	0.06835284280936456	0.08632943143812698	0.18352842809364558
XRP/USDT	2024-07-14 01:15:00+00:00	[0.75,1.00]	0.012411686079816592	0.02234103494367012	0.05041054038571718	0.05041054038571718
XRP/USDT	2024-07-15 01:15:00+00:00	[0.50,0.75)	0.015047619047619082	0.015047619047619082	0.03257142857142858	0.06209523809523823
XRP/USDT	2024-07-16 01:15:00+00:00	[0.75,1.00]	0.020739404869251497	0.041118124436429294	0.07159603246167712	0.11469792605951305
XRP/USDT	2024-07-17 01:15:00+00:00	[0.50,0.75)	0.016963673749143284	0.05517477724468815	0.09595613433858816	0.10143934201507887
XRP/USDT	2024-07-18 01:15:00+00:00	[0.75,1.00]	0.02150711513583456	0.06225743855109976	0.08521992238033649	0.12791073738680475
XRP/USDT	2024-07-19 01:15:00+00:00	[0.75,1.00]	0.012422360248447053	0.02758494702228718	0.03909389842893675	0.0853123858238947
XRP/USDT	2024-07-20 01:15:00+00:00	[0.50,0.75)	0.009001211701575182	0.03375454388090698	0.05227626795914835	0.05227626795914835
XRP/USDT	2024-07-21 01:15:00+00:00	[0.25,0.50)	0.009292110153742102	0.02804527791856724	0.04629160331137013	0.06065213718533525
XRP/USDT	2024-07-22 01:15:00+00:00	[0.25,0.50)	0.007928475033738067	0.014001349527665274	0.0568488529014844	0.06309041835357623
XRP/USDT	2024-07-23 01:15:00+00:00	[0.75,1.00]	0.010427010923535391	0.03723932472691156	0.04286660046342277	0.0617345249917246
XRP/USDT	2024-07-24 01:15:00+00:00	[0.25,0.50)	0.012670890296765673	0.0196732244081361	0.06468822940980336	0.06468822940980336
XRP/USDT	2024-07-25 01:15:00+00:00	[0.75,1.00]	0.019787163285666626	0.022780179580977607	0.05553708014632521	0.07416029265048216
XRP/USDT	2024-07-26 01:15:00+00:00	[0.50,0.75)	0.008630705394190842	0.015601659751037283	0.02141078838174259	0.03867219917012446
XRP/USDT	2024-07-27 01:15:00+00:00	[0.25,0.50)	0.006358768406961221	0.009203480589022673	0.01857429718875502	0.0431726907630521
XRP/USDT	2024-07-28 01:15:00+00:00	[0.25,0.50)	0.00637583892617454	0.012583892617449584	0.034563758389261665	0.034563758389261665
XRP/USDT	2024-07-29 01:15:00+00:00	[0.10,0.25)	0.005305039787798377	0.011604774535809029	0.017241379310344956	0.03365384615384631
XRP/USDT	2024-07-30 01:15:00+00:00	[0.05,0.10)	0.012765251989389988	0.013594164456233397	0.07062334217506627	0.08570954907161799
XRP/USDT	2024-07-31 01:15:00+00:00	[0.75,1.00]	0.017182662538699687	0.032043343653250685	0.032043343653250685	0.05712074303405562
XRP/USDT	2024-08-01 01:15:00+00:00	[0.25,0.50)	0.030341743851804385	0.05253912488022985	0.05253912488022985	0.09805174065793679
XRP/USDT	2024-08-02 01:15:00+00:00	[0.50,0.75)	0.015128335883052896	0.026517083120856804	0.05660377358490565	0.08057113717491075
XRP/USDT	2024-08-03 01:15:00+00:00	[0.75,1.00]	0.023331524688008726	0.03689636462289761	0.04666304937601745	0.06710074154458315
XRP/USDT	2024-08-04 01:15:00+00:00	[0.25,0.50)	0.013359812240476554	0.015526268279472925	0.03394114461094068	0.19317566347716203
XRP/USDT	2024-08-05 01:15:00+00:00	[0.75,1.00]	0.04344211182706304	0.05154853460818965	0.11078777800873002	0.1752234462689669
XRP/USDT	2024-08-06 01:15:00+00:00	[0.75,1.00]	0.015042000390701386	0.0164094549716743	0.04786091033404966	0.04786091033404966
XRP/USDT	2024-08-07 01:15:00+00:00	[0.25,0.50)	0.02426412092283234	0.03281622911694525	0.03381066030230711	0.3007159904534605
XRP/USDT	2024-08-08 01:15:00+00:00	[0.75,1.00]	0.039311624768010776	0.05399021427366295	0.05399021427366295	0.08520330690062425
XRP/USDT	2024-08-09 01:15:00+00:00	[0.25,0.50)	0.025384867343596573	0.04405502784146746	0.08925646904683934	0.09646249590566666
XRP/USDT	2024-08-10 01:15:00+00:00	[0.10,0.25)	0.00704104413532542	0.025931650352052207	0.039326807487549235	0.039326807487549235
XRP/USDT	2024-08-11 01:15:00+00:00	[0.25,0.50)	0.0081494057724958	0.012563667232597747	0.041765704584040865	0.08200339558573856
XRP/USDT	2024-08-12 01:15:00+00:00	[0.25,0.50)	0.006438919692362811	0.01520300482918988	0.04024324807726697	0.04364156680379176
XRP/USDT	2024-08-13 01:15:00+00:00	[0.10,0.25)	0.011919368974583748	0.01735319894829101	0.029097283085013248	0.03645924627519727
XRP/USDT	2024-08-14 01:15:00+00:00	[0.10,0.25)	0.014165792235047213	0.017663518712836654	0.02046169989506809	0.03270374256733113
XRP/USDT	2024-08-15 01:15:00+00:00	[0.00,0.05)	0.012291483757682188	0.014398595258999291	0.020719929762950014	0.04179104477611948
XRP/USDT	2024-08-16 01:15:00+00:00	[0.10,0.25)	0.009298998569384804	0.01770386266094424	0.029864091559370615	0.03361945636623755
XRP/USDT	2024-08-17 01:15:00+00:00	[0.00,0.05)	0.003013650062045798	0.006736394256337573	0.009218223719198691	0.016309165041659253
XRP/USDT	2024-08-18 01:15:00+00:00	[0.00,0.05)	0.0017667844522968215	0.009540636042402758	0.03586572438162542	0.04187279151943473
XRP/USDT	2024-08-19 01:15:00+00:00	[0.50,0.75)	0.004421648390519892	0.005305978068623988	0.044039617969579115	0.0779978776087726
XRP/USDT	2024-08-20 01:15:00+00:00	[0.25,0.50)	0.013605442176870724	0.01742160278745637	0.023892483822797357	0.04562800730048112
XRP/USDT	2024-08-21 01:15:00+00:00	[0.05,0.10)	0.01412476879098699	0.016142592903985106	0.01765596098873374	0.03632083403396681
XRP/USDT	2024-08-22 01:15:00+00:00	[0.10,0.25)	0.004005340453938515	0.014018691588784986	0.02102803738317748	0.02102803738317748
XRP/USDT	2024-08-23 01:15:00+00:00	[0.00,0.05)	0.008013355592654469	0.01769616026711176	0.017863105175292042	0.04190317195325544
XRP/USDT	2024-08-24 01:15:00+00:00	[0.25,0.50)	0.0065897858319604674	0.007907742998352597	0.04118616144975292	0.043986820428336175
XRP/USDT	2024-08-25 01:15:00+00:00	[0.50,0.75)	0.00853858784893283	0.009359605911330112	0.024630541871921204	0.024630541871921204
XRP/USDT	2024-08-26 01:15:00+00:00	[0.10,0.25)	0.014823451032644933	0.014823451032644933	0.02465023317788147	0.03764157228514316
XRP/USDT	2024-08-27 01:15:00+00:00	[0.25,0.50)	0.010481825866441223	0.010481825866441223	0.020118343195266307	0.08030431107354181
XRP/USDT	2024-08-28 01:15:00+00:00	[0.75,1.00]	0.008495575221238985	0.012920353982300839	0.03539823008849561	0.05079646017699126
XRP/USDT	2024-08-29 01:15:00+00:00	[0.10,0.25)	0.005798629414865719	0.009840098400984095	0.015990159901599008	0.03461606044631864
XRP/USDT	2024-08-30 01:15:00+00:00	[0.10,0.25)	0.004262877442273657	0.008880994671403205	0.01847246891651859	0.039076376554174105
XRP/USDT	2024-08-31 01:15:00+00:00	[0.25,0.50)	0.0030014124293785923	0.006355932203389914	0.016949152542372975	0.01712570621468934
XRP/USDT	2024-09-01 01:15:00+00:00	[0.10,0.25)	0.009567682494684551	0.013465627214741408	0.020198440822111915	0.03720765414599578
XRP/USDT	2024-09-02 01:15:00+00:00	[0.75,1.00]	0.003827227993439021	0.010205941315837524	0.024239110625113868	0.044650993256788715
XRP/USDT	2024-09-03 01:15:00+00:00	[0.00,0.05)	0.010398308071906972	0.013218188227000462	0.013218188227000462	0.07014451885794863
XRP/USDT	2024-09-04 01:15:00+00:00	[0.75,1.00]	0.007855316039459208	0.014249177932042233	0.01808549506759229	0.03233467299963452
XRP/USDT	2024-09-05 01:15:00+00:00	[0.10,0.25)	0.0037600716204118007	0.014503133393017002	0.020232766338406403	0.03563115487914041
XRP/USDT	2024-09-06 01:15:00+00:00	[0.10,0.25)	0.010151347360649798	0.010705057216685175	0.027685492801771898	0.08250276854928011
XRP/USDT	2024-09-07 01:15:00+00:00	[0.75,1.00]	0.006118546845124246	0.013193116634799055	0.02160611854684508	0.025239005736137646
XRP/USDT	2024-09-08 01:15:00+00:00	[0.25,0.50)	0.004365983295368412	0.009111617312072943	0.014047076689445636	0.020501138952163857
XRP/USDT	2024-09-09 01:15:00+00:00	[0.50,0.75)	0.005107832009080448	0.005107832009080448	0.013810064320847472	0.03064699205448353
XRP/USDT	2024-09-10 01:15:00+00:00	[0.50,0.75)	0.0031787584143603657	0.0054225878833208925	0.014958863126402405	0.017015706806282716
XRP/USDT	2024-09-11 01:15:00+00:00	[0.10,0.25)	0.010418604651162677	0.013023255813953501	0.01637209302325587	0.028279069767441847
XRP/USDT	2024-09-12 01:15:00+00:00	[0.00,0.05)	0.006518904823989472	0.00763643136524491	0.09927360774818404	0.09927360774818404
XRP/USDT	2024-09-13 01:15:00+00:00	[0.50,0.75)	0.0059171597633135556	0.03227541689080154	0.03227541689080154	0.033889187735341636
XRP/USDT	2024-09-14 01:15:00+00:00	[0.05,0.10)	0.009442210176604232	0.015212449728973669	0.03654485049833892	0.048260185347088584
XRP/USDT	2024-09-15 01:15:00+00:00	[0.50,0.75)	0.004385225164445835	0.014504975543936484	0.022094788328554563	0.051273401922752544
XRP/USDT	2024-09-16 01:15:00+00:00	[0.75,1.00]	0.012167166284605919	0.027155704461294443	0.027155704461294443	0.05607476635514027
XRP/USDT	2024-09-17 01:15:00+00:00	[0.50,0.75)	0.005334710032696596	0.01789709172259502	0.01789709172259502	0.025813113061435234
XRP/USDT	2024-09-18 01:15:00+00:00	[0.75,1.00]	0.007601935038009606	0.0114029025570146	0.021941948859709823	0.04820317899101577
XRP/USDT	2024-09-19 01:15:00+00:00	[0.75,1.00]	0.0070265638389031574	0.012853470437018101	0.013538988860325651	0.029991431019708775
XRP/USDT	2024-09-20 01:15:00+00:00	[0.75,1.00]	0.006042817679558112	0.023998618784530426	0.023998618784530426	0.028832872928176684
XRP/USDT	2024-09-21 01:15:00+00:00	[0.50,0.75)	0.00412300292046033	0.006012712592338187	0.010651090877856201	0.05634770657962559
XRP/USDT	2024-09-22 01:15:00+00:00	[0.50,0.75)	0.009938711280437312	0.013748550604604892	0.02468113301308601	0.04306774888189502
XRP/USDT	2024-09-23 01:15:00+00:00	[0.50,0.75)	0.006280767272109872	0.014938041079612833	0.020879307418095364	0.02461381768799857
XRP/USDT	2024-09-24 01:15:00+00:00	[0.10,0.25)	0.00480604188122215	0.00961208376244411	0.016477857878475697	0.020597322348094766
XRP/USDT	2024-09-25 01:15:00+00:00	[0.10,0.25)	0.006238408362839381	0.011465182937110147	0.0178721969313776	0.036756027651323624
XRP/USDT	2024-09-26 01:15:00+00:00	[0.75,1.00]	0.009169550173010332	0.012975778546712911	0.025432525951557174	0.034083044982699054
XRP/USDT	2024-09-27 01:15:00+00:00	[0.05,0.10)	0.008493290300662296	0.012909801257006862	0.01749617801936466	0.0251401392899608
XRP/USDT	2024-09-28 01:15:00+00:00	[0.05,0.10)	0.0056008146639510694	0.008655804480651721	0.06432450780719629	0.06839782756279703
XRP/USDT	2024-09-29 01:15:00+00:00	[0.75,1.00]	0.0062162604285948405	0.014722722067724535	0.041060035988876184	0.0937346638311795
XRP/USDT	2024-09-30 01:15:00+00:00	[0.50,0.75)	0.019420468557336534	0.025277435265104762	0.045622688039457564	0.07090012330456233
XRP/USDT	2024-10-01 01:15:00+00:00	[0.75,1.00]	0.0064443370388271365	0.011599806669888808	0.026099565007249866	0.09086515224746254
XRP/USDT	2024-10-02 01:15:00+00:00	[0.75,1.00]	0.00892267019167211	0.012723066754791871	0.046430931923331156	0.1383013879709187
XRP/USDT	2024-10-03 01:15:00+00:00	[0.75,1.00]	0.01848739495798323	0.023342670401493848	0.07040149393090561	0.07040149393090561
XRP/USDT	2024-10-04 01:15:00+00:00	[0.50,0.75)	0.01608271108558314	0.018188780394409465	0.019337545471950983	0.04499329887038116
XRP/USDT	2024-10-05 01:15:00+00:00	[0.05,0.10)	0.004886299567750511	0.012215748919376173	0.01616237549332842	0.017289983085886085
XRP/USDT	2024-10-06 01:15:00+00:00	[0.10,0.25)	0.003942181340341639	0.008447531443589375	0.008635254364558004	0.02064952130655155
XRP/USDT	2024-10-07 01:15:00+00:00	[0.50,0.75)	0.012825278810408952	0.012825278810408952	0.025650557620817905	0.03215613382899645
XRP/USDT	2024-10-08 01:15:00+00:00	[0.75,1.00]	0.006029771999246243	0.011117392123610358	0.01846617674769158	0.028076125871490533
XRP/USDT	2024-10-09 01:15:00+00:00	[0.10,0.25)	0.0035627226701669093	0.006750421901368717	0.013500843802737642	0.0255015938496155
XRP/USDT	2024-10-10 01:15:00+00:00	[0.10,0.25)	0.004756468797564798	0.006849315068493242	0.04166666666666673	0.04166666666666673
XRP/USDT	2024-10-11 01:15:00+00:00	[0.50,0.75)	0.005986903648269375	0.00748362956033677	0.01627689429373254	0.017586529466791536
XRP/USDT	2024-10-12 01:15:00+00:00	[0.10,0.25)	0.0037154003343860334	0.007616570685491348	0.01356121122050896	0.014675831320824853
XRP/USDT	2024-10-13 01:15:00+00:00	[0.10,0.25)	0.0026095060577818394	0.003914259086672863	0.013047530288909611	0.023858341099720473
XRP/USDT	2024-10-14 01:15:00+00:00	[0.10,0.25)	0.006025230653360913	0.02221803803426856	0.025983807192619158	0.04556580681604217
XRP/USDT	2024-10-15 01:15:00+00:00	[0.25,0.50)	0.009992732558139443	0.018168604651162806	0.038699127906976716	0.04378633720930234
XRP/USDT	2024-10-16 01:15:00+00:00	[0.10,0.25)	0.0064492353049568065	0.009765984890363153	0.015293900866040122	0.03003501013451259
XRP/USDT	2024-10-17 01:15:00+00:00	[0.10,0.25)	0.006395030147999376	0.038370180887995646	0.038370180887995646	0.04915037456605159
XRP/USDT	2024-10-18 01:15:00+00:00	[0.50,0.75)	0.008091210003677953	0.008642883413019562	0.020228025009194576	0.020228025009194576
XRP/USDT	2024-10-19 01:15:00+00:00	[0.00,0.05)	0.003292482165721443	0.0073166270349369015	0.012804097311139576	0.01719407353210184
XRP/USDT	2024-10-20 01:15:00+00:00	[0.00,0.05)	0.002758874379253165	0.004230274048188282	0.013242597020415641	0.025749494206363827
XRP/USDT	2024-10-21 01:15:00+00:00	[0.50,0.75)	0.004552075746540527	0.008557902403496062	0.028222869628550543	0.03896576839038597
XRP/USDT	2024-10-22 01:15:00+00:00	[0.25,0.50)	0.0036737692872887617	0.006245407788390813	0.03490080822924303	0.03802351212343854
XRP/USDT	2024-10-23 01:15:00+00:00	[0.10,0.25)	0.0026251640727544662	0.007500468779298713	0.020626289143071252	0.04125257828614271
XRP/USDT	2024-10-24 01:15:00+00:00	[0.50,0.75)	0.0049233099791707	0.010035978034463326	0.017799659155462912	0.0183677333838289
XRP/USDT	2024-10-25 01:15:00+00:00	[0.05,0.10)	0.006773283160865356	0.013546566321730921	0.021448730009407273	0.08579492003762931
XRP/USDT	2024-10-26 01:15:00+00:00	[0.75,1.00]	0.00688163586315387	0.01946519858434923	0.01966181675186789	0.01966181675186789
XRP/USDT	2024-10-27 01:15:00+00:00	[0.00,0.05)	0.0029234067433247823	0.007795751315533042	0.011693626973299563	0.014032352367959432
XRP/USDT	2024-10-28 01:15:00+00:00	[0.25,0.50)	0.002913752913752808	0.006604506604506523	0.019813519813520003	0.02020202020202035
XRP/USDT	2024-10-29 01:15:00+00:00	[0.10,0.25)	0.012319538017324277	0.01443695861405188	0.01809432146294507	0.022136669874879607
XRP/USDT	2024-10-30 01:15:00+00:00	[0.50,0.75)	0.0026686999618758442	0.0038124285169653105	0.013724742661075076	0.013724742661075076
XRP/USDT	2024-10-31 01:15:00+00:00	[0.10,0.25)	0.006893910379165162	0.007085407889697504	0.014553810800459692	0.03772500957487562
XRP/USDT	2024-11-01 01:15:00+00:00	[0.25,0.50)	0.0180392156862747	0.03745098039215687	0.042941176470588295	0.042941176470588295
XRP/USDT	2024-11-02 01:15:00+00:00	[0.50,0.75)	0.0036900369003690283	0.009127986016702345	0.013789085259273635	0.018838609438726048
XRP/USDT	2024-11-03 01:15:00+00:00	[0.10,0.25)	0.01041666666666661	0.02240566037735853	0.02240566037735853	0.034198113207547114
XRP/USDT	2024-11-04 01:15:00+00:00	[0.10,0.25)	0.0053391338738383145	0.008503065058335141	0.021356535495353036	0.03757168281589889
XRP/USDT	2024-11-05 01:15:00+00:00	[0.75,1.00]	0.008160828025477693	0.012539808917197397	0.03423566878980891	0.04060509554140122
XRP/USDT	2024-11-06 01:15:00+00:00	[0.75,1.00]	0.012894534257120725	0.03733641262509618	0.04580446497305607	0.05369515011547352
XRP/USDT	2024-11-07 01:15:00+00:00	[0.50,0.75)	0.006787745367822485	0.06457530728306735	0.06457530728306735	0.06989543203082008
XRP/USDT	2024-11-08 01:15:00+00:00	[0.50,0.75)	0.012039532794249647	0.01653189577717877	0.019407008086253227	0.029829290206648606
XRP/USDT	2024-11-09 01:15:00+00:00	[0.50,0.75)	0.007998545718960115	0.009998182148700144	0.02072350481730588	0.047627704053808395
XRP/USDT	2024-11-10 01:15:00+00:00	[0.75,1.00]	0.01684397163120579	0.033156028368794416	0.097340425531915	0.09982269503546103
XRP/USDT	2024-11-11 01:15:00+00:00	[0.75,1.00]	0.010652688535678191	0.039398038552587056	0.04835982414609394	0.10601961447412914
XRP/USDT	2024-11-12 01:15:00+00:00	[0.75,1.00]	0.015184023766298045	0.019970292127413764	0.1681795675854101	0.23716784948011232
XRP/USDT	2024-11-13 01:15:00+00:00	[0.75,1.00]	0.030547550432276655	0.08155619596541785	0.09193083573487028	0.15561959654178673
XRP/USDT	2024-11-14 01:15:00+00:00	[0.75,1.00]	0.021378015311281286	0.021378015311281286	0.06268958543983821	0.23746930521450252
XRP/USDT	2024-11-15 01:15:00+00:00	[0.75,1.00]	0.027461892088071684	0.059157996612629986	0.12702637309460438	0.18727316719090242
XRP/USDT	2024-11-16 01:15:00+00:00	[0.75,1.00]	0.018489289740698953	0.11488162344983088	0.23776775648252535	0.44160090191657275
XRP/USDT	2024-11-17 01:15:00+00:00	[0.75,1.00]	0.0690712353471596	0.0912533814247069	0.09981965734896305	0.13074842200180345
XRP/USDT	2024-11-18 01:15:00+00:00	[0.75,1.00]	0.05554530356154254	0.07768961062926723	0.09844989850525929	0.10315556375715088
XRP/USDT	2024-11-19 01:15:00+00:00	[0.50,0.75)	0.01630961826677242	0.03261923653354484	0.05227893855241129	0.06356343119104298
XRP/USDT	2024-11-20 01:15:00+00:00	[0.75,1.00]	0.024037575980843627	0.049825013814698664	0.08786148461963522	0.08786148461963522
XRP/USDT	2024-11-21 01:15:00+00:00	[0.50,0.75)	0.04045104707356375	0.04868444603543942	0.07186325398245932	0.22606049758367655
XRP/USDT	2024-11-22 01:15:00+00:00	[0.75,1.00]	0.07613059616695707	0.0940837815317022	0.14468600863570946	0.24316339671237022
XRP/USDT	2024-11-23 01:15:00+00:00	[0.75,1.00]	0.03106444152759552	0.07000437527345466	0.07000437527345466	0.12413275829739365
XRP/USDT	2024-11-24 01:15:00+00:00	[0.50,0.75)	0.02932015167930654	0.04536836403033583	0.1594664138678222	0.1594664138678222
XRP/USDT	2024-11-25 01:15:00+00:00	[0.75,1.00]	0.02689665253617888	0.0766700774740535	0.13017102762753976	0.13017102762753976
XRP/USDT	2024-11-26 01:15:00+00:00	[0.50,0.75)	0.010837096213963221	0.018200764154220218	0.12191733240708579	0.12191733240708579
XRP/USDT	2024-11-27 01:15:00+00:00	[0.50,0.75)	0.023153172708197688	0.03516388105057519	0.08270023876709344	0.12249475435930829
XRP/USDT	2024-11-28 01:15:00+00:00	[0.50,0.75)	0.017992748169939104	0.030375590066361084	0.038311555038653654	0.103167544639803
XRP/USDT	2024-11-29 01:15:00+00:00	[0.75,1.00]	0.02829882520932035	0.02829882520932035	0.1025507886025832	0.21516193937820466
XRP/USDT	2024-11-30 01:15:00+00:00	[0.75,1.00]	0.031356961466269165	0.0691178094291708	0.09672076846637961	0.10086121232196096
XRP/USDT	2024-12-01 01:15:00+00:00	[0.50,0.75)	0.023292663603232466	0.03105688480431003	0.05413827708234302	0.3434215391116041
XRP/USDT	2024-12-02 01:15:00+00:00	[0.75,1.00]	0.0831494040691841	0.0831494040691841	0.1174605722541033	0.26935270275693257
XRP/USDT	2024-12-03 01:15:00+00:00	[0.25,0.50)	0.03293325526932079	0.043471896955503436	0.1460040983606556	0.24121779859484768
XRP/USDT	2024-12-04 01:15:00+00:00	[0.75,1.00]	0.025009800078400483	0.039200313602508856	0.07056056448451593	0.1982359858878871
XRP/USDT	2024-12-05 01:15:00+00:00	[0.75,1.00]	0.03727575948796538	0.08352113945731533	0.1295862255476427	0.1295862255476427
XRP/USDT	2024-12-06 01:15:00+00:00	[0.50,0.75)	0.016324586472676914	0.047111803931757165	0.06832943621719924	0.11163072659565255
XRP/USDT	2024-12-07 01:15:00+00:00	[0.50,0.75)	0.016976556184317	0.03637833468067918	0.04369442198868242	0.0952303961196444
XRP/USDT	2024-12-08 01:15:00+00:00	[0.25,0.50)	0.013570986699659724	0.02551809464893282	0.0472084751005257	0.07875811939375194
XRP/USDT	2024-12-09 01:15:00+00:00	[0.50,0.75)	0.015794708573701948	0.03341953451362645	0.06894768251442221	0.20481400437636768
XRP/USDT	2024-12-10 01:15:00+00:00	[0.50,0.75)	0.03750894134477839	0.09594062947067254	0.09679005722460673	0.23247496423462088
XRP/USDT	2024-12-11 01:15:00+00:00	[0.50,0.75)	0.025958413108330747	0.05329711919497748	0.07475844872879467	0.10686139186962901
XRP/USDT	2024-12-12 01:15:00+00:00	[0.25,0.50)	0.011456008086593993	0.05635345154361282	0.05635345154361282	0.07412711114854911
XRP/USDT	2024-12-13 01:15:00+00:00	[0.10,0.25)	0.013419054193993746	0.018424231964100778	0.04966344494304452	0.0840524680704178
XRP/USDT	2024-12-14 01:15:00+00:00	[0.00,0.05)	0.010534912209065035	0.02155982033483071	0.06823193140057168	0.0723152307064107
XRP/USDT	2024-12-15 01:15:00+00:00	[0.05,0.10)	0.016061249115799002	0.0184329879748678	0.026089127449756572	0.04381475471227051
XRP/USDT	2024-12-16 01:15:00+00:00	[0.50,0.75)	0.01616542895827336	0.02330447626471914	0.04669101054445489	0.10417265006359505
XRP/USDT	2024-12-17 01:15:00+00:00	[0.25,0.50)	0.011634506242905678	0.016945029998378398	0.11002107994162472	0.11002107994162472
XRP/USDT	2024-12-18 01:15:00+00:00	[0.25,0.50)	0.02033911487905413	0.04390604340048214	0.04798942210468995	0.1337403748930544
XRP/USDT	2024-12-19 01:15:00+00:00	[0.25,0.50)	0.05415177994920576	0.08363824200421856	0.11110154534888735	0.11717102147991916
XRP/USDT	2024-12-20 01:15:00+00:00	[0.25,0.50)	0.027670753064798666	0.03830998248686511	0.1728984238178634	0.1728984238178634
XRP/USDT	2024-12-21 01:15:00+00:00	[0.25,0.50)	0.013394817742643816	0.028414580588493717	0.07720685111989467	0.08533157663592451
XRP/USDT	2024-12-22 01:15:00+00:00	[0.05,0.10)	0.013726101876197763	0.0326663398547173	0.05245331788404124	0.07032398948259724
XRP/USDT	2024-12-23 01:15:00+00:00	[0.25,0.50)	0.0306127167630059	0.04846242774566474	0.04846242774566474	0.06848554913294813
XRP/USDT	2024-12-24 01:15:00+00:00	[0.10,0.25)	0.016448099577683895	0.023427428317403954	0.02689486552567247	0.06085796843743046
XRP/USDT	2024-12-25 01:15:00+00:00	[0.05,0.10)	0.009520512376666002	0.013977843171196025	0.0304656396053314	0.030725289942877
XRP/USDT	2024-12-26 01:15:00+00:00	[0.05,0.10)	0.007151004650346672	0.021716241116083224	0.057866105115381206	0.06971132754233572
XRP/USDT	2024-12-27 01:15:00+00:00	[0.05,0.10)	0.016894871199814337	0.02028312833604098	0.0511023439313064	0.05708981202135056
XRP/USDT	2024-12-28 01:15:00+00:00	[0.05,0.10)	0.011175012858278304	0.014681816056482954	0.0195445831579931	0.034273156590452
XRP/USDT	2024-12-29 01:15:00+00:00	[0.05,0.10)	0.0043615995592487114	0.009182314861576408	0.013452091272209771	0.05807814149947204
XRP/USDT	2024-12-30 01:15:00+00:00	[0.25,0.50)	0.021535141221732217	0.04236651965844048	0.049638735103687666	0.07375433987050764
XRP/USDT	2024-12-31 01:15:00+00:00	[0.50,0.75)	0.010267041808578868	0.016387778271385506	0.06258946640999075	0.06737746186879898
DOGE/USDT	2023-01-01 00:00:00+00:00	[0.25,0.50)	0.009159868326892825	0.013882925432946882	0.018892228424216426	0.02590525261199379
DOGE/USDT	2023-01-02 00:00:00+00:00	[0.10,0.25)	0.01497432972047931	0.015259555048488327	0.06674272675413581	0.06674272675413581
DOGE/USDT	2023-01-03 00:00:00+00:00	[0.50,0.75)	0.005997210599721058	0.00990237099023713	0.01645746164574617	0.04016736401673631
DOGE/USDT	2023-01-04 00:00:00+00:00	[0.10,0.25)	0.01038850149423644	0.04027323182012237	0.04027323182012237	0.048811726198946956
DOGE/USDT	2023-01-05 00:00:00+00:00	[0.50,0.75)	0.027770177838577156	0.027770177838577156	0.0372093023255814	0.06757865937072503
DOGE/USDT	2023-01-06 00:00:00+00:00	[0.75,1.00]	0.008655591232723851	0.014379449951137836	0.03797291637582019	0.04620968867792815
DOGE/USDT	2023-01-07 00:00:00+00:00	[0.25,0.50)	0.010233715945235854	0.01134006361499103	0.016318628128889512	0.01908449730327764
DOGE/USDT	2023-01-08 00:00:00+00:00	[0.00,0.05)	0.01494396014943957	0.01494396014943957	0.01494396014943957	0.03846686038466867
DOGE/USDT	2023-01-09 00:00:00+00:00	[0.75,1.00]	0.02615885063702902	0.04418541610192463	0.08064516129032273	0.09081051775548946
DOGE/USDT	2023-01-10 00:00:00+00:00	[0.75,1.00]	0.017320561606088462	0.0481564099199581	0.05091195381183583	0.054848445085946766
DOGE/USDT	2023-01-11 00:00:00+00:00	[0.25,0.50)	0.012777490965410311	0.03175012906556536	0.03175012906556536	0.05007743933918442
DOGE/USDT	2023-01-12 00:00:00+00:00	[0.75,1.00]	0.025086394470753913	0.04530910021758609	0.04530910021758609	0.07845897862536792
DOGE/USDT	2023-01-13 00:00:00+00:00	[0.25,0.50)	0.020077316373612673	0.026561915450804427	0.03042773413143798	0.08305274971941638
DOGE/USDT	2023-01-14 00:00:00+00:00	[0.75,1.00]	0.04878336876919436	0.06992676588707766	0.12012756909992911	0.12012756909992911
DOGE/USDT	2023-01-15 00:00:00+00:00	[0.50,0.75)	0.03693507685248911	0.03899977058958477	0.05230557467309026	0.05230557467309026
DOGE/USDT	2023-01-16 00:00:00+00:00	[0.50,0.75)	0.02588996763754052	0.03617660656495617	0.0601017105871476	0.078363384188627
DOGE/USDT	2023-01-17 00:00:00+00:00	[0.50,0.75)	0.027410320581575456	0.027410320581575456	0.0317006316291264	0.03706352043856515
DOGE/USDT	2023-01-18 00:00:00+00:00	[0.50,0.75)	0.039864701618748624	0.06885721188692934	0.07827977772408794	0.14447934283643407
DOGE/USDT	2023-01-19 00:00:00+00:00	[0.75,1.00]	0.014328432594069254	0.02080737602790918	0.0235484674806878	0.030774981310740097
DOGE/USDT	2023-01-20 00:00:00+00:00	[0.25,0.50)	0.00885608856088559	0.011439114391143914	0.01672816728167282	0.07872078720787194
DOGE/USDT	2023-01-21 00:00:00+00:00	[0.75,1.00]	0.012232059645852857	0.015959925442684018	0.05253960857409133	0.06325722273998141
DOGE/USDT	2023-01-22 00:00:00+00:00	[0.75,1.00]	0.009605247745109537	0.017102026472999753	0.024130256530397007	0.10671195970481426
DOGE/USDT	2023-01-23 00:00:00+00:00	[0.75,1.00]	0.021605640209233556	0.041050716397543645	0.041050716397543645	0.06026836479417784
DOGE/USDT	2023-01-24 00:00:00+00:00	[0.25,0.50)	0.01529398436614936	0.030701257505381264	0.030701257505381264	0.09856123258185114
DOGE/USDT	2023-01-25 00:00:00+00:00	[0.75,1.00]	0.019551740581783533	0.030877443967572665	0.04148783977110154	0.07784930853600375
DOGE/USDT	2023-01-26 00:00:00+00:00	[0.75,1.00]	0.011897886103731123	0.011897886103731123	0.027838743213584493	0.03696430634168875
DOGE/USDT	2023-01-27 00:00:00+00:00	[0.10,0.25)	0.014801110083256283	0.034690101757631854	0.034690101757631854	0.05180388529139683
DOGE/USDT	2023-01-28 00:00:00+00:00	[0.25,0.50)	0.01374413011109846	0.01431680219906083	0.0759363188638187	0.08131943649066554
DOGE/USDT	2023-01-29 00:00:00+00:00	[0.25,0.50)	0.023863895866636314	0.02854532998401464	0.042817994976021956	0.04304635761589415
DOGE/USDT	2023-01-30 00:00:00+00:00	[0.25,0.50)	0.012048192771084423	0.02409638554216869	0.06632032718028082	0.09240632253785777
DOGE/USDT	2023-01-31 00:00:00+00:00	[0.75,1.00]	0.015797788309636632	0.0707515233581584	0.07955314827352743	0.11374407582938378
DOGE/USDT	2023-02-01 00:00:00+00:00	[0.50,0.75)	0.011749895090222366	0.0308434746118338	0.049202685690306336	0.07679395719681067
DOGE/USDT	2023-02-02 00:00:00+00:00	[0.75,1.00]	0.01836799324395642	0.023435025862978992	0.033041275203209056	0.062071149583025405
DOGE/USDT	2023-02-03 00:00:00+00:00	[0.75,1.00]	0.013655232685164968	0.015293860607384734	0.024142451387371682	0.03375573519772787
DOGE/USDT	2023-02-04 00:00:00+00:00	[0.50,0.75)	0.029998920902125872	0.029998920902125872	0.029998920902125872	0.07877414481493472
DOGE/USDT	2023-02-05 00:00:00+00:00	[0.50,0.75)	0.015763649650276764	0.031318509238960256	0.04374151790374777	0.06869193026411946
DOGE/USDT	2023-02-06 00:00:00+00:00	[0.50,0.75)	0.00485751295336779	0.020833333333333346	0.029900690846286646	0.051705526770293636
DOGE/USDT	2023-02-07 00:00:00+00:00	[0.75,1.00]	0.005890852506390896	0.01567189063021001	0.024341447149049657	0.03679004112481932
DOGE/USDT	2023-02-08 00:00:00+00:00	[0.50,0.75)	0.008838111661996134	0.012071567148092217	0.022203061004526906	0.053567579219659434
DOGE/USDT	2023-02-09 00:00:00+00:00	[0.25,0.50)	0.010973176679228452	0.06761250277100415	0.06761250277100415	0.1346708046996231
DOGE/USDT	2023-02-10 00:00:00+00:00	[0.75,1.00]	0.011727339359882757	0.014292694844857127	0.027363791839726433	0.046787197654532126
DOGE/USDT	2023-02-11 00:00:00+00:00	[0.75,1.00]	0.010780669144981362	0.020693928128872257	0.020693928128872257	0.023791821561338182
DOGE/USDT	2023-02-12 00:00:00+00:00	[0.10,0.25)	0.004262574595055451	0.004993301668493577	0.05127268298623787	0.056874923882596434
DOGE/USDT	2023-02-13 00:00:00+00:00	[0.75,1.00]	0.01597755823880968	0.029393828515672592	0.08513233321136725	0.08683985851933165
DOGE/USDT	2023-02-14 00:00:00+00:00	[0.25,0.50)	0.008040935672514715	0.014010721247563331	0.014619883040935753	0.04751461988304095
DOGE/USDT	2023-02-15 00:00:00+00:00	[0.00,0.05)	0.006961949345816962	0.06217740967470897	0.06217740967470897	0.0840235265874444
DOGE/USDT	2023-02-16 00:00:00+00:00	[0.50,0.75)	0.02399285793996205	0.02399285793996205	0.03158129673027563	0.0858163151433992
DOGE/USDT	2023-02-17 00:00:00+00:00	[0.75,1.00]	0.009377564177704785	0.016410737310983456	0.018403469698745775	0.038096354471925956
DOGE/USDT	2023-02-18 00:00:00+00:00	[0.25,0.50)	0.005230244457077909	0.010005685048322818	0.021034678794769807	0.04252416145537245
DOGE/USDT	2023-02-19 00:00:00+00:00	[0.50,0.75)	0.007450891849175974	0.010950553172273635	0.015240460600586926	0.0497855046285843
DOGE/USDT	2023-02-20 00:00:00+00:00	[0.25,0.50)	0.02781275037198109	0.029186219526153103	0.041432986150852676	0.04211972072793868
DOGE/USDT	2023-02-21 00:00:00+00:00	[0.05,0.10)	0.009606690777576893	0.011641048824593164	0.03266274864376134	0.051424050632911375
DOGE/USDT	2023-02-22 00:00:00+00:00	[0.50,0.75)	0.007589911256422208	0.030709948622139112	0.06959364782811762	0.06959364782811762
DOGE/USDT	2023-02-23 00:00:00+00:00	[0.50,0.75)	0.007731053063136862	0.015344968958650482	0.03186130959353403	0.03420405294599967
DOGE/USDT	2023-02-24 00:00:00+00:00	[0.10,0.25)	0.008406346199384351	0.009945536348567293	0.015273502249585598	0.06831636277527821
DOGE/USDT	2023-02-25 00:00:00+00:00	[0.50,0.75)	0.005296871150529685	0.015028332101502818	0.018107908351810777	0.04680955900468093
DOGE/USDT	2023-02-26 00:00:00+00:00	[0.50,0.75)	0.004724017901541588	0.012307309796121392	0.014545002486325266	0.02772252610641484
DOGE/USDT	2023-02-27 00:00:00+00:00	[0.10,0.25)	0.004148365056124854	0.007808687164470494	0.019277696437286457	0.029160566129819293
DOGE/USDT	2023-02-28 00:00:00+00:00	[0.25,0.50)	0.020536153467781492	0.020536153467781492	0.025454992621741127	0.039596655189375315
DOGE/USDT	2023-03-01 00:00:00+00:00	[0.25,0.50)	0.009776017819576772	0.022521965103328823	0.032297982922905595	0.032297982922905595
DOGE/USDT	2023-03-02 00:00:00+00:00	[0.25,0.50)	0.008914397362315234	0.020026865307119338	0.02234705092196847	0.03260471364024918
DOGE/USDT	2023-03-03 00:00:00+00:00	[0.05,0.10)	0.005467876227165353	0.09220827637628926	0.09220827637628926	0.09220827637628926
DOGE/USDT	2023-03-04 00:00:00+00:00	[0.25,0.50)	0.007689300143359926	0.009122898475172763	0.016030235892089257	0.061514401146878686
DOGE/USDT	2023-03-05 00:00:00+00:00	[0.75,1.00]	0.011264583612712986	0.024540700013410195	0.024540700013410195	0.024540700013410195
DOGE/USDT	2023-03-06 00:00:00+00:00	[0.50,0.75)	0.013020134228187902	0.022147651006711393	0.024832214765100544	0.026711409395973044
DOGE/USDT	2023-03-07 00:00:00+00:00	[0.10,0.25)	0.019943782626154535	0.02021148440637127	0.029313344933743775	0.048587873109356104
DOGE/USDT	2023-03-08 00:00:00+00:00	[0.50,0.75)	0.00499460043196538	0.01309395248380128	0.025647948164146856	0.05831533477321802
DOGE/USDT	2023-03-09 00:00:00+00:00	[0.75,1.00]	0.009134345137717787	0.016441821247892136	0.016722878021360462	0.11762225969645872
DOGE/USDT	2023-03-10 00:00:00+00:00	[0.75,1.00]	0.01618814905314608	0.023824068417837598	0.05574221136224802	0.05574221136224802
DOGE/USDT	2023-03-11 00:00:00+00:00	[0.50,0.75)	0.014257545881996	0.03837403306537243	0.07538298195055365	0.07538298195055365
DOGE/USDT	2023-03-12 00:00:00+00:00	[0.50,0.75)	0.01114673996029941	0.013131775843640245	0.01649106733852514	0.08779966407085057
DOGE/USDT	2023-03-13 00:00:00+00:00	[0.75,1.00]	0.019755542922114868	0.025724843661171205	0.048038658328595704	0.07660602615122217
DOGE/USDT	2023-03-14 00:00:00+00:00	[0.50,0.75)	0.009931034482758599	0.010896551724137919	0.029241379310344786	0.09020689655172401
DOGE/USDT	2023-03-15 00:00:00+00:00	[0.50,0.75)	0.018565854971074835	0.027310641732813	0.05152697430378044	0.11489304453114499
DOGE/USDT	2023-03-16 00:00:00+00:00	[0.50,0.75)	0.016061953248243166	0.028968879965581444	0.034131650652516755	0.0772981500071704
DOGE/USDT	2023-03-17 00:00:00+00:00	[0.75,1.00]	0.01453890888950442	0.0378011631127113	0.059955690944336754	0.08044862918859054
DOGE/USDT	2023-03-18 00:00:00+00:00	[0.75,1.00]	0.032868787799106	0.04443860110439119	0.04443860110439119	0.08624769918485402
DOGE/USDT	2023-03-19 00:00:00+00:00	[0.75,1.00]	0.016391221891086466	0.020184231915470134	0.02384177729612568	0.043619615280411826
DOGE/USDT	2023-03-20 00:00:00+00:00	[0.50,0.75)	0.012463146609488076	0.040337711069418365	0.040337711069418365	0.06995443580809438
DOGE/USDT	2023-03-21 00:00:00+00:00	[0.50,0.75)	0.01723896285914499	0.01723896285914499	0.02901191310441489	0.10609670637701482
DOGE/USDT	2023-03-22 00:00:00+00:00	[0.50,0.75)	0.02272727272727267	0.02469784550709397	0.030478192327903348	0.08841303205465056
DOGE/USDT	2023-03-23 00:00:00+00:00	[0.75,1.00]	0.011355955116939213	0.019196971745302025	0.07408408814384208	0.08489928349330803
DOGE/USDT	2023-03-24 00:00:00+00:00	[0.25,0.50)	0.011017498379779696	0.01231367465975381	0.03771872974724575	0.057809462086843885
DOGE/USDT	2023-03-25 01:15:00+00:00	[0.25,0.50)	0.019364316239316146	0.019364316239316146	0.025641025641025522	0.047142094017093905
DOGE/USDT	2023-03-26 01:15:00+00:00	[0.10,0.25)	0.005812381724790481	0.013381995133819827	0.01513922681805888	0.03027845363611776
DOGE/USDT	2023-03-27 01:15:00+00:00	[0.25,0.50)	0.010275824770145981	0.012303948080043188	0.04705246078961597	0.06963223363980532
DOGE/USDT	2023-03-28 01:15:00+00:00	[0.10,0.25)	0.014456836018174435	0.01803662398457945	0.021203359493322315	0.035935563816604725
DOGE/USDT	2023-03-29 01:15:00+00:00	[0.10,0.25)	0.006210341568786312	0.026461455380045948	0.04374240583232087	0.04374240583232087
DOGE/USDT	2023-03-30 01:15:00+00:00	[0.50,0.75)	0.01797124600638983	0.03793929712460071	0.03793929712460071	0.04765708200212992
DOGE/USDT	2023-03-31 01:15:00+00:00	[0.25,0.50)	0.005869014272375564	0.006535947712418359	0.036414565826330486	0.05989062291583292
DOGE/USDT	2023-04-01 01:15:00+00:00	[0.50,0.75)	0.013531095498308604	0.028623471246422165	0.04020296643247475	0.11891751236013544
DOGE/USDT	2023-04-02 01:15:00+00:00	[0.75,1.00]	0.023539252001433857	0.023897717767953183	0.07049826741546185	0.0997729716812044
DOGE/USDT	2023-04-03 01:15:00+00:00	[0.50,0.75)	0.02712779634867576	0.02712779634867576	0.04268449472872208	0.3728464901002828
DOGE/USDT	2023-04-04 01:15:00+00:00	[0.75,1.00]	0.03621255642183003	0.05539597866228958	0.0942757488715633	0.11058678703323757
DOGE/USDT	2023-04-05 01:15:00+00:00	[0.75,1.00]	0.011770779556014476	0.03180175529168817	0.03541559112028899	0.08951987609705728
DOGE/USDT	2023-04-06 01:15:00+00:00	[0.75,1.00]	0.023045539750799367	0.0334105193516375	0.05788951372808473	0.09482853677362439
DOGE/USDT	2023-04-07 01:15:00+00:00	[0.75,1.00]	0.016882058446850704	0.02421702177203398	0.05763185469786949	0.05763185469786949
DOGE/USDT	2023-04-08 01:15:00+00:00	[0.10,0.25)	0.01140915159606744	0.016506857628352956	0.01747784925355015	0.04223813569607958
DOGE/USDT	2023-04-09 01:15:00+00:00	[0.25,0.50)	0.004986621260033978	0.008756993432254907	0.016784237411821848	0.03478472391145708
DOGE/USDT	2023-04-10 01:15:00+00:00	[0.25,0.50)	0.007035419699175123	0.018437651625424642	0.018437651625424642	0.038330907326540466
DOGE/USDT	2023-04-11 01:15:00+00:00	[0.50,0.75)	0.010552525492055986	0.012212473322267051	0.023239269622954584	0.03201327958264162
DOGE/USDT	2023-04-12 01:15:00+00:00	[0.05,0.10)	0.04431209053007744	0.04431209053007744	0.04431209053007744	0.05646217986896956
DOGE/USDT	2023-04-13 01:15:00+00:00	[0.25,0.50)	0.005301204819277226	0.008072289156626554	0.07313253012048183	0.09216867469879522
DOGE/USDT	2023-04-14 01:15:00+00:00	[0.75,1.00]	0.026690391459074727	0.029581850533807783	0.037588967971530336	0.0679492882562278
DOGE/USDT	2023-04-15 01:15:00+00:00	[0.25,0.50)	0.011915673693858837	0.022571035747021077	0.0376947754353804	0.0376947754353804
DOGE/USDT	2023-04-16 01:15:00+00:00	[0.25,0.50)	0.006904357668364453	0.025806451612903274	0.030786644029428413	0.04255800792303339
DOGE/USDT	2023-04-17 01:15:00+00:00	[0.75,1.00]	0.006064690026954165	0.010107816711590431	0.06963162623539995	0.06963162623539995
DOGE/USDT	2023-04-18 01:15:00+00:00	[0.50,0.75)	0.013939595087952178	0.04403141940480139	0.05177563889810824	0.05819227790684811
DOGE/USDT	2023-04-19 01:15:00+00:00	[0.25,0.50)	0.009930592632140954	0.013454351308061904	0.10282968499733049	0.10282968499733049
DOGE/USDT	2023-04-20 01:15:00+00:00	[0.75,1.00]	0.015766998795576446	0.04762947552830403	0.06383444651264647	0.12033285886346218
DOGE/USDT	2023-04-21 01:15:00+00:00	[0.25,0.50)	0.007165034631000757	0.015763076188201598	0.02030093145450195	0.10150465727251008
DOGE/USDT	2023-04-22 01:15:00+00:00	[0.50,0.75)	0.005984973895326604	0.008913790907933353	0.011969947790653208	0.03196230739844643
DOGE/USDT	2023-04-23 01:15:00+00:00	[0.25,0.50)	0.007520681875156722	0.015918776635748397	0.020055151667084534	0.054148909501128155
DOGE/USDT	2023-04-24 01:15:00+00:00	[0.50,0.75)	0.010168214913381938	0.013557619884509134	0.023600301280441962	0.035777052473010364
DOGE/USDT	2023-04-25 01:15:00+00:00	[0.10,0.25)	0.0082508250825084	0.009520182787509528	0.012693577050012705	0.035668951510535576
DOGE/USDT	2023-04-26 01:15:00+00:00	[0.10,0.25)	0.004615192715479548	0.007608831233628531	0.047274541599101924	0.10951727578894843
DOGE/USDT	2023-04-27 01:15:00+00:00	[0.75,1.00]	0.0084139143538866	0.01017204571141536	0.02197664196910714	0.02938590983297763
DOGE/USDT	2023-04-28 01:15:00+00:00	[0.00,0.05)	0.005250656332041551	0.007625953244155512	0.013126640830103878	0.022752844105513214
DOGE/USDT	2023-04-29 01:15:00+00:00	[0.00,0.05)	0.005709321087253346	0.008315750279260146	0.0105498324438377	0.018369120019858447
DOGE/USDT	2023-04-30 01:15:00+00:00	[0.25,0.50)	0.004078605858361104	0.009145964652082618	0.01124706463972325	0.03139290569768863
DOGE/USDT	2023-05-01 01:15:00+00:00	[0.10,0.25)	0.029386019757408916	0.029386019757408916	0.029386019757408916	0.033512567212704784
DOGE/USDT	2023-05-02 01:15:00+00:00	[0.25,0.50)	0.007114724939651949	0.007114724939651949	0.00978274679202143	0.019819590903316045
DOGE/USDT	2023-05-03 01:15:00+00:00	[0.10,0.25)	0.008021390374331446	0.008021390374331446	0.020117137764196564	0.04596384008148717
DOGE/USDT	2023-05-04 01:15:00+00:00	[0.75,1.00]	0.005157881494527534	0.006793307334255866	0.016983268335639578	0.02201534784249593
DOGE/USDT	2023-05-05 01:15:00+00:00	[0.00,0.05)	0.012006641972154763	0.012006641972154763	0.02784519095669947	0.056456763315876964
DOGE/USDT	2023-05-06 01:15:00+00:00	[0.75,1.00]	0.0124200225818593	0.013925479864508842	0.035252791368711664	0.05306736921339854
DOGE/USDT	2023-05-07 01:15:00+00:00	[0.10,0.25)	0.007656371658447876	0.008434985725408744	0.008564754736568828	0.018427199584739224
DOGE/USDT	2023-05-08 01:15:00+00:00	[0.25,0.50)	0.0462866108786611	0.0462866108786611	0.0462866108786611	0.09205020920502097
DOGE/USDT	2023-05-09 01:15:00+00:00	[0.50,0.75)	0.009357368928030825	0.011421494426861118	0.01747626255676355	0.02022842988853721
DOGE/USDT	2023-05-10 01:15:00+00:00	[0.25,0.50)	0.00272963013511677	0.005186297256721597	0.030708339020062807	0.05964241845229969
DOGE/USDT	2023-05-11 01:15:00+00:00	[0.50,0.75)	0.0043962082703668205	0.007968127490039802	0.022118422860283014	0.05316664376974858
DOGE/USDT	2023-05-12 01:15:00+00:00	[0.75,1.00]	0.003782572149061451	0.018492574950966487	0.047912580554777144	0.047912580554777144
DOGE/USDT	2023-05-13 01:15:00+00:00	[0.50,0.75)	0.0036051026067664494	0.00734886300610098	0.009567387687187966	0.01566833056017737
DOGE/USDT	2023-05-14 01:15:00+00:00	[0.25,0.50)	0.004760571268552129	0.012041444973396803	0.014281713805656583	0.025343041164939878
DOGE/USDT	2023-05-15 01:15:00+00:00	[0.50,0.75)	0.025013896609227294	0.025013896609227294	0.025013896609227294	0.038910505836575834
DOGE/USDT	2023-05-16 01:15:00+00:00	[0.50,0.75)	0.008162116521249608	0.0166056853363355	0.02096819589079639	0.03461863214185201
DOGE/USDT	2023-05-17 01:15:00+00:00	[0.50,0.75)	0.006151742993848148	0.010799726589200259	0.031032125768967984	0.04360902255639095
DOGE/USDT	2023-05-18 01:15:00+00:00	[0.25,0.50)	0.005083612040133665	0.009498327759197355	0.016454849498327692	0.044280936454849595
DOGE/USDT	2023-05-19 01:15:00+00:00	[0.75,1.00]	0.006983431466520561	0.013008352731754162	0.013008352731754162	0.014103792961796565
DOGE/USDT	2023-05-20 01:15:00+00:00	[0.25,0.50)	0.0020466639377815696	0.004911993450675388	0.004911993450675388	0.012007095101650865
DOGE/USDT	2023-05-21 01:15:00+00:00	[0.10,0.25)	0.002439024390243897	0.003116531165311761	0.011517615176151809	0.043360433604336154
DOGE/USDT	2023-05-22 01:15:00+00:00	[0.75,1.00]	0.007018528916339142	0.011370016844469472	0.04309376754632234	0.04309376754632234
DOGE/USDT	2023-05-23 01:15:00+00:00	[0.10,0.25)	0.0035509423654740543	0.01010652827096428	0.015706091231903828	0.02116907948647905
DOGE/USDT	2023-05-24 01:15:00+00:00	[0.05,0.10)	0.005372640859622558	0.02149056343849023	0.02452128392340548	0.05634384901501598
DOGE/USDT	2023-05-25 01:15:00+00:00	[0.75,1.00]	0.014450867052023135	0.019075144508670545	0.02919075144508682	0.02919075144508682
DOGE/USDT	2023-05-26 01:15:00+00:00	[0.10,0.25)	0.004666949512091599	0.00480837222457917	0.010182435299109015	0.015132230236175952
DOGE/USDT	2023-05-27 01:15:00+00:00	[0.00,0.05)	0.003939777683973582	0.011537920360208264	0.011537920360208264	0.038553538764598376
DOGE/USDT	2023-05-28 01:15:00+00:00	[0.75,1.00]	0.004786652078774659	0.007111597374179331	0.017505470459518644	0.0292669584245077
DOGE/USDT	2023-05-29 01:15:00+00:00	[0.75,1.00]	0.008251048288921946	0.01501420262410388	0.01501420262410388	0.018666305965102208
DOGE/USDT	2023-05-30 01:15:00+00:00	[0.10,0.25)	0.0025984682713349233	0.018736323851203447	0.020240700218818315	0.020240700218818315
DOGE/USDT	2023-05-31 01:15:00+00:00	[0.10,0.25)	0.01556902728024238	0.021631303389363296	0.021631303389363296	0.02989804353816466
DOGE/USDT	2023-06-01 01:15:00+00:00	[0.25,0.50)	0.0038997214484680007	0.01587743732590532	0.017130919220055833	0.020612813370473663
DOGE/USDT	2023-06-02 01:15:00+00:00	[0.25,0.50)	0.005448449287510497	0.009639564124056945	0.010757194747135972	0.024587873707739558
DOGE/USDT	2023-06-03 01:15:00+00:00	[0.10,0.25)	0.0034535156789611858	0.0056637657134964445	0.007183312612239351	0.011189390799834303
DOGE/USDT	2023-06-04 01:15:00+00:00	[0.25,0.50)	0.002337412347036843	0.0064622576653375246	0.008937164856317858	0.019936752371786153
DOGE/USDT	2023-06-05 01:15:00+00:00	[0.75,1.00]	0.002629757785467069	0.013425605536332163	0.013425605536332163	0.12692041522491346
DOGE/USDT	2023-06-06 01:15:00+00:00	[0.75,1.00]	0.00801088270858529	0.010278113663845225	0.016021765417170368	0.09280532043530824
DOGE/USDT	2023-06-07 01:15:00+00:00	[0.75,1.00]	0.0044533831346069645	0.008475793707800506	0.03462146243355833	0.046976009194081236
DOGE/USDT	2023-06-08 01:15:00+00:00	[0.50,0.75)	0.0032491507901343665	0.017131885984345122	0.02082410279131603	0.022448678186383214
DOGE/USDT	2023-06-09 01:15:00+00:00	[0.10,0.25)	0.012081921320170934	0.012081921320170934	0.05746279652276412	0.06880801532341231
DOGE/USDT	2023-06-10 01:15:00+00:00	[0.75,1.00]	0.01880609773472007	0.24604644536258727	0.24604644536258727	0.24604644536258727
DOGE/USDT	2023-06-11 01:15:00+00:00	[0.75,1.00]	0.0066775244299674364	0.029315960912052165	0.029315960912052165	0.032084690553745916
DOGE/USDT	2023-06-12 01:15:00+00:00	[0.75,1.00]	0.028678507414046026	0.028678507414046026	0.0317744826462441	0.03421867361903218
DOGE/USDT	2023-06-13 01:15:00+00:00	[0.25,0.50)	0.0064672594987873495	0.010832659660468827	0.027809215844785646	0.0449474535165722
DOGE/USDT	2023-06-14 01:15:00+00:00	[0.50,0.75)	0.004197610590894467	0.005489183080400388	0.009363900548918374	0.06587019696480466
DOGE/USDT	2023-06-15 01:15:00+00:00	[0.75,1.00]	0.0064945878434638045	0.01049125728559543	0.03313905079100759	0.03746877601998338
DOGE/USDT	2023-06-16 01:15:00+00:00	[0.25,0.50)	0.0035662181877127246	0.010050251256281447	0.01993840168584863	0.03452747609012806
DOGE/USDT	2023-06-17 01:15:00+00:00	[0.50,0.75)	0.0049903412749516705	0.008209916291049637	0.02108821635544106	0.028493238892466206
DOGE/USDT	2023-06-18 01:15:00+00:00	[0.50,0.75)	0.004846526655896634	0.0050080775444264584	0.01809369951534727	0.04717285945072708
DOGE/USDT	2023-06-19 01:15:00+00:00	[0.25,0.50)	0.0037138704989504445	0.005813014694009353	0.00791215888906826	0.021637332472145988
DOGE/USDT	2023-06-20 01:15:00+00:00	[0.25,0.50)	0.00431930891057441	0.00431930891057441	0.012318029115341654	0.05759078547432399
DOGE/USDT	2023-06-21 01:15:00+00:00	[0.75,1.00]	0.005010176921872567	0.008767809613277047	0.020980115860341226	0.06716768435885374
DOGE/USDT	2023-06-22 01:15:00+00:00	[0.75,1.00]	0.0209285187914518	0.02652910832719228	0.06425939572586593	0.06425939572586593
DOGE/USDT	2023-06-23 01:15:00+00:00	[0.50,0.75)	0.00997280145058921	0.014203686914475617	0.01979449984889682	0.0737382895134481
DOGE/USDT	2023-06-24 01:15:00+00:00	[0.75,1.00]	0.015347936224109716	0.02369244523915971	0.02369244523915971	0.05036507226940855
DOGE/USDT	2023-06-25 01:15:00+00:00	[0.50,0.75)	0.002841758899192486	0.01779838468441535	0.01779838468441535	0.04172898594077177
DOGE/USDT	2023-06-26 01:15:00+00:00	[0.75,1.00]	0.009696969696969721	0.009696969696969721	0.014848484848484769	0.05242424242424249
DOGE/USDT	2023-06-27 01:15:00+00:00	[0.50,0.75)	0.008173966687229932	0.014034546576187449	0.01634793337446008	0.022516964836520714
DOGE/USDT	2023-06-28 01:15:00+00:00	[0.50,0.75)	0.006156687702016278	0.009696783130675568	0.03570878867169467	0.08973372325688782
DOGE/USDT	2023-06-29 01:15:00+00:00	[0.50,0.75)	0.00809523809523804	0.009523809523809466	0.026825396825396888	0.026825396825396888
DOGE/USDT	2023-06-30 01:15:00+00:00	[0.25,0.50)	0.010581174984207263	0.044851547694251565	0.061433986102337405	0.18619709412507898
DOGE/USDT	2023-07-01 01:15:00+00:00	[0.75,1.00]	0.03765511339323904	0.04150620453572951	0.05676793610041359	0.05676793610041359
DOGE/USDT	2023-07-02 01:15:00+00:00	[0.50,0.75)	0.01846926713947992	0.01846926713947992	0.01846926713947992	0.047281323877068474
DOGE/USDT	2023-07-03 01:15:00+00:00	[0.25,0.50)	0.008833922261483945	0.011778563015312061	0.021348645465253138	0.023115429917549887
DOGE/USDT	2023-07-04 01:15:00+00:00	[0.10,0.25)	0.009514051522248414	0.029859484777517563	0.03132318501170944	0.06176814988290379
DOGE/USDT	2023-07-05 01:15:00+00:00	[0.25,0.50)	0.007254788160185729	0.011172373766686111	0.04875217643644809	0.054846198491004146
DOGE/USDT	2023-07-06 01:15:00+00:00	[0.10,0.25)	0.01872659176029964	0.01872659176029964	0.03865168539325841	0.06711610486891383
DOGE/USDT	2023-07-07 01:15:00+00:00	[0.75,1.00]	0.006125574272588018	0.010872894333843834	0.013782542113323094	0.015467075038284794
DOGE/USDT	2023-07-08 01:15:00+00:00	[0.10,0.25)	0.0033572409583396607	0.013581565695101296	0.013581565695101296	0.02334808484663497
DOGE/USDT	2023-07-09 01:15:00+00:00	[0.50,0.75)	0.003788452795878167	0.006970753144415853	0.013638430065161359	0.04697681466888932
DOGE/USDT	2023-07-10 01:15:00+00:00	[0.75,1.00]	0.0066522277227722745	0.010055693069307111	0.01763613861386142	0.04192450495049489
DOGE/USDT	2023-07-11 01:15:00+00:00	[0.50,0.75)	0.003996925441967875	0.005380476556495052	0.0118370484242889	0.017524980784012333
DOGE/USDT	2023-07-12 01:15:00+00:00	[0.25,0.50)	0.003374233128834325	0.004754601226993938	0.0092024539877299	0.031441717791410986
DOGE/USDT	2023-07-13 01:15:00+00:00	[0.25,0.50)	0.004939796233405385	0.006792219820932538	0.014201914171040508	0.11917258413090466
DOGE/USDT	2023-07-14 01:15:00+00:00	[0.75,1.00]	0.016680802940344932	0.017246253887475246	0.029544811987560003	0.09881255301102625
DOGE/USDT	2023-07-15 01:15:00+00:00	[0.25,0.50)	0.00907361334699247	0.021366895946143757	0.10815161715205611	0.10815161715205611
DOGE/USDT	2023-07-16 01:15:00+00:00	[0.50,0.75)	0.037237737946366374	0.037237737946366374	0.037237737946366374	0.04293455606502703
DOGE/USDT	2023-07-17 01:15:00+00:00	[0.25,0.50)	0.008313028522287476	0.012612870861401632	0.08212698867708183	0.08212698867708183
DOGE/USDT	2023-07-18 01:15:00+00:00	[0.75,1.00]	0.00583380762663642	0.011952191235059867	0.03898690950483789	0.04652817302219686
DOGE/USDT	2023-07-19 01:15:00+00:00	[0.50,0.75)	0.009256580850448391	0.011426091987272189	0.023141452126120978	0.059589239224761344
DOGE/USDT	2023-07-20 01:15:00+00:00	[0.10,0.25)	0.010665529010238919	0.015358361774743996	0.05645620022753111	0.06598407281001126
DOGE/USDT	2023-07-21 01:15:00+00:00	[0.50,0.75)	0.017221908526256335	0.026679841897233242	0.08738001129305478	0.08738001129305478
DOGE/USDT	2023-07-22 01:15:00+00:00	[0.50,0.75)	0.005371160997107857	0.011981820685855885	0.03787357113345273	0.04531056328329433
DOGE/USDT	2023-07-23 01:15:00+00:00	[0.75,1.00]	0.005668934240362974	0.024518140589569293	0.03174603174603183	0.03429705215419509
DOGE/USDT	2023-07-24 01:15:00+00:00	[0.25,0.50)	0.014841781013721722	0.018762251470176336	0.10809297115653865	0.10809297115653865
DOGE/USDT	2023-07-25 01:15:00+00:00	[0.50,0.75)	0.018417914403074102	0.04200344507751433	0.04544852259175835	0.11620511461507885
DOGE/USDT	2023-07-26 01:15:00+00:00	[0.50,0.75)	0.0195055286370978	0.021369114175673987	0.03913529631010063	0.06025593241396455
DOGE/USDT	2023-07-27 01:15:00+00:00	[0.75,1.00]	0.010058027079303714	0.020373952288845882	0.03275306254029659	0.04255319148936167
DOGE/USDT	2023-07-28 01:15:00+00:00	[0.25,0.50)	0.006979449398991843	0.010856921287320584	0.022230838826418502	0.02494506914824869
DOGE/USDT	2023-07-29 01:15:00+00:00	[0.10,0.25)	0.015265200517464432	0.015265200517464432	0.016688227684346697	0.06765847347994824
DOGE/USDT	2023-07-30 01:15:00+00:00	[0.25,0.50)	0.005764411027568775	0.010150375939849516	0.011403508771929926	0.05451127819548881
DOGE/USDT	2023-07-31 01:15:00+00:00	[0.50,0.75)	0.00535031847133745	0.011210191082802445	0.020764331210190987	0.03923566878980891
DOGE/USDT	2023-08-01 01:15:00+00:00	[0.50,0.75)	0.03344481605351177	0.03344481605351177	0.03344481605351177	0.03961924363262155
DOGE/USDT	2023-08-02 01:15:00+00:00	[0.50,0.75)	0.008828045035823903	0.015225179119754307	0.024948822927328473	0.059365404298874
DOGE/USDT	2023-08-03 01:15:00+00:00	[0.25,0.50)	0.005900496178087649	0.010325868311653386	0.03325734209467609	0.03325734209467609
DOGE/USDT	2023-08-04 01:15:00+00:00	[0.50,0.75)	0.006490872210953458	0.00797836375929692	0.012035158891142502	0.03272481406355653
DOGE/USDT	2023-08-05 01:15:00+00:00	[0.25,0.50)	0.01112769710951284	0.03446872031483241	0.048446193513366854	0.05645270728728453
DOGE/USDT	2023-08-06 01:15:00+00:00	[0.25,0.50)	0.006434668417596905	0.012344057780695947	0.028496388706500397	0.03164806303348648
DOGE/USDT	2023-08-07 01:15:00+00:00	[0.75,1.00]	0.005449229133439576	0.009835194045720422	0.028841041998936806	0.05356193514088259
DOGE/USDT	2023-08-08 01:15:00+00:00	[0.05,0.10)	0.004634678298800532	0.011041439476554052	0.01976553980370784	0.030943293347873612
DOGE/USDT	2023-08-09 01:15:00+00:00	[0.05,0.10)	0.008903654485049886	0.009435215946843885	0.021926910299003306	0.02697674418604638
DOGE/USDT	2023-08-10 01:15:00+00:00	[0.50,0.75)	0.01099046610169488	0.013771186440677955	0.017611228813559292	0.02396716101694923
DOGE/USDT	2023-08-11 01:15:00+00:00	[0.05,0.10)	0.003689064558629809	0.00935441370223982	0.010540184453228052	0.019367588932806313
DOGE/USDT	2023-08-12 01:15:00+00:00	[0.50,0.75)	0.009196006305832977	0.011035207566999572	0.021413557540725256	0.021413557540725256
DOGE/USDT	2023-08-13 01:15:00+00:00	[0.10,0.25)	0.0018295870360690175	0.007449032932566662	0.009539989545216865	0.030580240460010386
DOGE/USDT	2023-08-14 01:15:00+00:00	[0.50,0.75)	0.009938221864087975	0.0185334407735696	0.01907064195541218	0.04646790222938497
DOGE/USDT	2023-08-15 01:15:00+00:00	[0.25,0.50)	0.004143277198610061	0.008687516706762868	0.015102913659449426	0.08928094092488646
DOGE/USDT	2023-08-16 01:15:00+00:00	[0.05,0.10)	0.0035117291754459927	0.006180643348784884	0.0353982300884955	0.07599381935665118
DOGE/USDT	2023-08-17 01:15:00+00:00	[0.50,0.75)	0.009714453929938091	0.012069473064468667	0.023844568737121142	0.188843096850162
DOGE/USDT	2023-08-18 01:15:00+00:00	[0.75,1.00]	0.011658456486042617	0.02824302134646961	0.06239737274220029	0.06535303776683082
DOGE/USDT	2023-08-19 01:15:00+00:00	[0.25,0.50)	0.0056648308418567935	0.011014948859165891	0.012903225806451634	0.021557828481510565
DOGE/USDT	2023-08-20 01:15:00+00:00	[0.25,0.50)	0.0071976216554530134	0.007510561727429327	0.013925833202941667	0.021123454858394463
DOGE/USDT	2023-08-21 01:15:00+00:00	[0.10,0.25)	0.006109979633401245	0.013159956133479454	0.032743224189252726	0.05890647031176562
DOGE/USDT	2023-08-22 01:15:00+00:00	[0.00,0.05)	0.003347680535628694	0.006217120994739383	0.013550135501355072	0.04846166108719924
DOGE/USDT	2023-08-23 01:15:00+00:00	[0.75,1.00]	0.006230031948881812	0.008945686900958434	0.04744408945686913	0.04744408945686913
DOGE/USDT	2023-08-24 01:15:00+00:00	[0.25,0.50)	0.0025105915581357836	0.006747214812490191	0.013337517652596949	0.03467754589675187
DOGE/USDT	2023-08-25 01:15:00+00:00	[0.25,0.50)	0.004459308807134713	0.02070393374741205	0.02070393374741205	0.023252110208631886
DOGE/USDT	2023-08-26 01:15:00+00:00	[0.10,0.25)	0.0028553299492385725	0.006345177664974801	0.010469543147208245	0.012055837563451946
DOGE/USDT	2023-08-27 01:15:00+00:00	[0.00,0.05)	0.0022289444355994463	0.007005253940455498	0.01639866263333869	0.023403916573793964
DOGE/USDT	2023-08-28 01:15:00+00:00	[0.50,0.75)	0.0033540967896502454	0.005270723526593147	0.019964861843156063	0.03242293563328548
DOGE/USDT	2023-08-29 01:15:00+00:00	[0.10,0.25)	0.005976722239698102	0.009751494180560073	0.020446681346335475	0.09720037747719416
DOGE/USDT	2023-08-30 01:15:00+00:00	[0.75,1.00]	0.006565887921820122	0.010841349824400706	0.015727591998778486	0.024736601007787604
DOGE/USDT	2023-08-31 01:15:00+00:00	[0.25,0.50)	0.004283310387027726	0.0078017439192289515	0.026923665289888293	0.06440263117638069
DOGE/USDT	2023-09-01 01:15:00+00:00	[0.75,1.00]	0.006727158948685854	0.007040050062578316	0.014236545682102536	0.030663329161451758
DOGE/USDT	2023-09-02 01:15:00+00:00	[0.25,0.50)	0.0043900909375980315	0.006741925368454057	0.014424584509250613	0.037158984007525826
DOGE/USDT	2023-09-03 01:15:00+00:00	[0.00,0.05)	0.0026763224181358567	0.005037783375314875	0.012122166246851276	0.015900503778337485
DOGE/USDT	2023-09-04 01:15:00+00:00	[0.25,0.50)	0.0034804619522227176	0.01218161683277973	0.014554659072931563	0.02784369561778207
DOGE/USDT	2023-09-05 01:15:00+00:00	[0.50,0.75)	0.007609384908053176	0.01268230818008892	0.023620798985415428	0.026949904882688763
DOGE/USDT	2023-09-06 01:15:00+00:00	[0.25,0.50)	0.004978220286247679	0.012756689483509664	0.014156813939016926	0.03298070939639085
DOGE/USDT	2023-09-07 01:15:00+00:00	[0.10,0.25)	0.004716981132075388	0.005345911949685426	0.016509433962264078	0.019339622641509353
DOGE/USDT	2023-09-08 01:15:00+00:00	[0.50,0.75)	0.004549733291496683	0.00564794477565107	0.024003765296517047	0.024003765296517047
DOGE/USDT	2023-09-09 01:15:00+00:00	[0.25,0.50)	0.001727386934673351	0.007223618090452076	0.011306532663316557	0.016331658291457274
DOGE/USDT	2023-09-10 01:15:00+00:00	[0.25,0.50)	0.003645007923930176	0.061489698890649674	0.061489698890649674	0.061489698890649674
DOGE/USDT	2023-09-11 01:15:00+00:00	[0.50,0.75)	0.007539747582363467	0.013112604491066958	0.04032125881003121	0.045894115718734696
DOGE/USDT	2023-09-12 01:15:00+00:00	[0.50,0.75)	0.004782321899736125	0.02605540897097622	0.030837730870712347	0.030837730870712347
DOGE/USDT	2023-09-13 01:15:00+00:00	[0.25,0.50)	0.0034369885433714388	0.011129296235679214	0.021440261865793758	0.023731587561374792
DOGE/USDT	2023-09-14 01:15:00+00:00	[0.50,0.75)	0.0074808912018214675	0.0074808912018214675	0.01707594730850537	0.0239063262319075
DOGE/USDT	2023-09-15 01:15:00+00:00	[0.25,0.50)	0.007254554247944527	0.007254554247944527	0.013219409962921187	0.025471546026116475
DOGE/USDT	2023-09-16 01:15:00+00:00	[0.50,0.75)	0.011077219457376724	0.012361534756782788	0.015411783592871979	0.02777331834965477
DOGE/USDT	2023-09-17 01:15:00+00:00	[0.25,0.50)	0.0048582995951417275	0.010040485829959554	0.014251012145748969	0.025587044534412923
DOGE/USDT	2023-09-18 01:15:00+00:00	[0.25,0.50)	0.010124101894186733	0.013063357282821606	0.027922926192031402	0.027922926192031402
DOGE/USDT	2023-09-19 01:15:00+00:00	[0.10,0.25)	0.0033854586490408164	0.010317588263743377	0.017733354828308942	0.021441238110591614
DOGE/USDT	2023-09-20 01:15:00+00:00	[0.25,0.50)	0.005094730138512989	0.013373666613596567	0.018946027702595184	0.025314440375736363
DOGE/USDT	2023-09-21 01:15:00+00:00	[0.25,0.50)	0.006251001763103085	0.01795159480686001	0.03590318961372002	0.04648180798204829
DOGE/USDT	2023-09-22 01:15:00+00:00	[0.25,0.50)	0.0030849163825296746	0.004221464523461542	0.006494560805325613	0.010878389348920343
DOGE/USDT	2023-09-23 01:15:00+00:00	[0.25,0.50)	0.004215988324955349	0.005999675693205697	0.005999675693205697	0.011675044592184292
DOGE/USDT	2023-09-24 01:15:00+00:00	[0.00,0.05)	0.0016254876462939347	0.002600780234070228	0.00373862158647596	0.026983094928478574
DOGE/USDT	2023-09-25 01:15:00+00:00	[0.75,1.00]	0.004589411571873504	0.0065563022455335926	0.011145713817406982	0.013440419603343735
DOGE/USDT	2023-09-26 01:15:00+00:00	[0.00,0.05)	0.004926917392018307	0.0050911479717523035	0.008704220725899207	0.029725734931844296
DOGE/USDT	2023-09-27 01:15:00+00:00	[0.75,1.00]	0.002639828411153282	0.005279656822306564	0.01616894901831384	0.02078864873783211
DOGE/USDT	2023-09-28 01:15:00+00:00	[0.50,0.75)	0.00460753661346063	0.008392298831660303	0.014809939114694718	0.021392134276781233
DOGE/USDT	2023-09-29 01:15:00+00:00	[0.25,0.50)	0.0052185257664709855	0.005870841487279831	0.01908023483365945	0.01908023483365945
DOGE/USDT	2023-09-30 01:15:00+00:00	[0.25,0.50)	0.0027397260273973162	0.004190169218372333	0.00564061240934735	0.01659951651893628
DOGE/USDT	2023-10-01 01:15:00+00:00	[0.25,0.50)	0.0019336126329359015	0.0037060908797937647	0.014179825974863019	0.030454398968739863
DOGE/USDT	2023-10-02 01:15:00+00:00	[0.75,1.00]	0.010790225325293556	0.010790225325293556	0.019517613456045618	0.05188828943192629
DOGE/USDT	2023-10-03 01:15:00+00:00	[0.25,0.50)	0.0035432436785312435	0.004831695925269796	0.012723465936543712	0.03720405862457722
DOGE/USDT	2023-10-04 01:15:00+00:00	[0.75,1.00]	0.006574621959237418	0.006574621959237418	0.009368836291913233	0.01660092044707436
DOGE/USDT	2023-10-05 01:15:00+00:00	[0.25,0.50)	0.003746538524189624	0.0060270402345659274	0.009447792800130382	0.013520117282945176
DOGE/USDT	2023-10-06 01:15:00+00:00	[0.05,0.10)	0.002620802620802628	0.003931203931203884	0.009336609336609354	0.014905814905814923
DOGE/USDT	2023-10-07 01:15:00+00:00	[0.25,0.50)	0.0029268292682926764	0.003902439024390198	0.006016260162601663	0.00991869918699186
DOGE/USDT	2023-10-08 01:15:00+00:00	[0.25,0.50)	0.00276692708333339	0.0047200520833333105	0.015462239583333324	0.015462239583333324
DOGE/USDT	2023-10-09 01:15:00+00:00	[0.25,0.50)	0.0036190162855732518	0.0036190162855732518	0.06941931238690577	0.06941931238690577
DOGE/USDT	2023-10-10 01:15:00+00:00	[0.25,0.50)	0.006310762408323304	0.010915913354937655	0.012109841378133982	0.01637387003240654
DOGE/USDT	2023-10-11 01:15:00+00:00	[0.75,1.00]	0.005053908355795176	0.023584905660377332	0.023584905660377332	0.029986522911051274
DOGE/USDT	2023-10-12 01:15:00+00:00	[0.50,0.75)	0.003096507827283787	0.005848959229313608	0.021675554790985794	0.02201961121623952
DOGE/USDT	2023-10-13 01:15:00+00:00	[0.25,0.50)	0.002760048300845272	0.004657581507676374	0.022942901500776228	0.022942901500776228
DOGE/USDT	2023-10-14 01:15:00+00:00	[0.50,0.75)	0.0030727210652099625	0.003755547968589928	0.02321611471491977	0.028166609764424696
DOGE/USDT	2023-10-15 01:15:00+00:00	[0.50,0.75)	0.003862300587741295	0.006717044500419775	0.012594458438287048	0.012762384550797595
DOGE/USDT	2023-10-16 01:15:00+00:00	[0.50,0.75)	0.0025184687709871954	0.013599731363331181	0.03307588985896574	0.04482874412357296
DOGE/USDT	2023-10-17 01:15:00+00:00	[0.25,0.50)	0.002832861189801642	0.0061656390601565626	0.01433094484252624	0.0339943342776204
DOGE/USDT	2023-10-18 01:15:00+00:00	[0.25,0.50)	0.004081632653061294	0.01190476190476201	0.01207482993197283	0.018537414965986408
DOGE/USDT	2023-10-19 01:15:00+00:00	[0.50,0.75)	0.018990590248075274	0.018990590248075274	0.018990590248075274	0.027544910179640725
DOGE/USDT	2023-10-20 01:15:00+00:00	[0.25,0.50)	0.0073166581589246184	0.015824400204185813	0.030117406840224615	0.030117406840224615
DOGE/USDT	2023-10-21 01:15:00+00:00	[0.50,0.75)	0.0028409090909090333	0.00835561497326204	0.02322860962566849	0.03843582887700529
DOGE/USDT	2023-10-22 01:15:00+00:00	[0.75,1.00]	0.004564721225953628	0.0057059015324421765	0.030648842517117702	0.04206064558200194
DOGE/USDT	2023-10-23 01:15:00+00:00	[0.75,1.00]	0.010766511328941087	0.02330065884621565	0.061063795596979026	0.10637955969789503
DOGE/USDT	2023-10-24 01:15:00+00:00	[0.75,1.00]	0.037563603711463604	0.05252918287937742	0.06315474408859625	0.08889554025740797
DOGE/USDT	2023-10-25 01:15:00+00:00	[0.75,1.00]	0.01538002090488283	0.018814394505002198	0.03583694191428997	0.0773480662983424
DOGE/USDT	2023-10-26 01:15:00+00:00	[0.75,1.00]	0.03457715026653219	0.051433511021466705	0.08370551793689684	0.08442587523411618
DOGE/USDT	2023-10-27 01:15:00+00:00	[0.50,0.75)	0.015736967823521093	0.019671209779401413	0.02599409863706605	0.06603906140227618
DOGE/USDT	2023-10-28 01:15:00+00:00	[0.25,0.50)	0.011377068557919517	0.021424349881796586	0.03427895981087454	0.03841607565011807
DOGE/USDT	2023-10-29 01:15:00+00:00	[0.75,1.00]	0.007950530035335673	0.011484098939929372	0.024293286219081254	0.035777385159010626
DOGE/USDT	2023-10-30 01:15:00+00:00	[0.50,0.75)	0.013383220607281627	0.01669304935962001	0.02604691322492454	0.03871060584256725
DOGE/USDT	2023-10-31 01:15:00+00:00	[0.50,0.75)	0.00643961076130518	0.017172295363480347	0.042215226101888874	0.07255294791070394
DOGE/USDT	2023-11-01 01:15:00+00:00	[0.50,0.75)	0.008672644421578822	0.01881522857562845	0.029398794649419403	0.06482434220196968
DOGE/USDT	2023-11-02 01:15:00+00:00	[0.75,1.00]	0.010877343638185155	0.023042793759839707	0.035780735651924835	0.06698153714040346
DOGE/USDT	2023-11-03 01:15:00+00:00	[0.75,1.00]	0.010910177850844336	0.013749813181886178	0.017785084441787426	0.02869526229263176
DOGE/USDT	2023-11-04 01:15:00+00:00	[0.25,0.50)	0.008335770693184955	0.008335770693184955	0.012576776835331965	0.025446036852880837
DOGE/USDT	2023-11-05 01:15:00+00:00	[0.75,1.00]	0.006200432588320114	0.014563806777216973	0.039365537130497424	0.05984138428262439
DOGE/USDT	2023-11-06 01:15:00+00:00	[0.75,1.00]	0.018373783079665352	0.03715891951186056	0.048539695598518964	0.08610996846290957
DOGE/USDT	2023-11-07 01:15:00+00:00	[0.75,1.00]	0.01848379319582114	0.029600857219394636	0.041655504955799644	0.05879989284757574
DOGE/USDT	2023-11-08 01:15:00+00:00	[0.50,0.75)	0.005554802872239448	0.008535428803685213	0.026419184392358668	0.05622544370681481
DOGE/USDT	2023-11-09 01:15:00+00:00	[0.50,0.75)	0.010370175899186125	0.01443948542924657	0.026384877920714252	0.13284326594906787
DOGE/USDT	2023-11-10 01:15:00+00:00	[0.75,1.00]	0.00949281258475734	0.013018714401952841	0.024816924328722515	0.06088961215080003
DOGE/USDT	2023-11-11 01:15:00+00:00	[0.75,1.00]	0.025381378221988445	0.05654918463966332	0.09626512361914773	0.09784324039978962
DOGE/USDT	2023-11-12 01:15:00+00:00	[0.75,1.00]	0.013478486262312067	0.017107309486780735	0.04665629860031094	0.04665629860031094
DOGE/USDT	2023-11-13 01:15:00+00:00	[0.50,0.75)	0.01070394156907195	0.04306762372497175	0.04306762372497175	0.08815010703941578
DOGE/USDT	2023-11-14 01:15:00+00:00	[0.75,1.00]	0.005648957632817804	0.013718897108271783	0.03994620040349698	0.09078681909885684
DOGE/USDT	2023-11-15 01:15:00+00:00	[0.50,0.75)	0.006729844801538119	0.01249828320285667	0.034198599093531	0.06825985441560228
DOGE/USDT	2023-11-16 01:15:00+00:00	[0.75,1.00]	0.009162303664921547	0.010078534031413521	0.10157068062827229	0.10510471204188494
DOGE/USDT	2023-11-17 01:15:00+00:00	[0.75,1.00]	0.0152681231380337	0.02234359483614692	0.09036742800397213	0.10364945382323729
DOGE/USDT	2023-11-18 01:15:00+00:00	[0.75,1.00]	0.011203174232699294	0.04329560042011909	0.08075621426070714	0.09581047963589678
DOGE/USDT	2023-11-19 01:15:00+00:00	[0.75,1.00]	0.013228872334960047	0.021320318520421204	0.031595170819419344	0.04264063704084241
DOGE/USDT	2023-11-20 01:15:00+00:00	[0.25,0.50)	0.008106759790471412	0.011100024943876302	0.032052881017710186	0.06896981790970308
DOGE/USDT	2023-11-21 01:15:00+00:00	[0.25,0.50)	0.015994881637875893	0.02815099168266147	0.03506078055022401	0.10390275111964174
DOGE/USDT	2023-11-22 01:15:00+00:00	[0.75,1.00]	0.006375474769397697	0.016820401519261955	0.01763429191535534	0.04286489419424846
DOGE/USDT	2023-11-23 01:15:00+00:00	[0.25,0.50)	0.006819672131147627	0.007868852459016437	0.013114754098360668	0.02636065573770489
DOGE/USDT	2023-11-24 01:15:00+00:00	[0.10,0.25)	0.006760270410816518	0.01053042121684874	0.023530941237649584	0.02769110764430586
DOGE/USDT	2023-11-25 01:15:00+00:00	[0.25,0.50)	0.006356470887363342	0.011187388761759369	0.02072209509280438	0.02072209509280438
DOGE/USDT	2023-11-26 01:15:00+00:00	[0.05,0.10)	0.005364669817345813	0.0076638140247797075	0.015966279218290982	0.0636096564056712
DOGE/USDT	2023-11-27 01:15:00+00:00	[0.75,1.00]	0.01193044802639942	0.02728772686889198	0.05127554258154573	0.0621906333291027
DOGE/USDT	2023-11-28 01:15:00+00:00	[0.75,1.00]	0.007782597601429105	0.018627200816534868	0.023092625669813804	0.057922939525389155
DOGE/USDT	2023-11-29 01:15:00+00:00	[0.10,0.25)	0.008780608459064908	0.012861736334405136	0.04427405392035617	0.04427405392035617
DOGE/USDT	2023-11-30 01:15:00+00:00	[0.00,0.05)	0.00692212608158209	0.012978986402966568	0.024598269468479504	0.04375772558714464
DOGE/USDT	2023-12-01 01:15:00+00:00	[0.10,0.25)	0.011548177553229911	0.01696138578130649	0.025502225430049284	0.03019367256104894
DOGE/USDT	2023-12-02 01:15:00+00:00	[0.10,0.25)	0.004154795821462525	0.006647673314339875	0.011277302943969687	0.04878917378917382
DOGE/USDT	2023-12-03 01:15:00+00:00	[0.25,0.50)	0.008523381709283469	0.019350380096751912	0.03513015434231741	0.037894494356139154
DOGE/USDT	2023-12-04 01:15:00+00:00	[0.50,0.75)	0.009035097880227069	0.033128692227499146	0.0697324221012394	0.08803428703810952
DOGE/USDT	2023-12-05 01:15:00+00:00	[0.75,1.00]	0.01590984421610884	0.01590984421610884	0.034581814164180845	0.0955695503259309
DOGE/USDT	2023-12-06 01:15:00+00:00	[0.75,1.00]	0.021764272947113892	0.04710335401114497	0.13069077909788662	0.13069077909788662
DOGE/USDT	2023-12-07 01:15:00+00:00	[0.75,1.00]	0.011951370286420857	0.02143004327220289	0.054811456830826354	0.05759324129404504
DOGE/USDT	2023-12-08 01:15:00+00:00	[0.75,1.00]	0.006765899864681979	0.016550431976683752	0.030810867076090393	0.0837930675549079
DOGE/USDT	2023-12-09 01:15:00+00:00	[0.50,0.75)	0.014072033064357416	0.025093485534343738	0.045266679787443344	0.07478842747490647
DOGE/USDT	2023-12-10 01:15:00+00:00	[0.50,0.75)	0.0092916375262264	0.014986512139074846	0.0515536017584174	0.06094514936557093
DOGE/USDT	2023-12-11 01:15:00+00:00	[0.25,0.50)	0.1470122675108826	0.1470122675108826	0.1470122675108826	0.16066481994459839
DOGE/USDT	2023-12-12 01:15:00+00:00	[0.50,0.75)	0.015031315240083476	0.032045929018789034	0.03549060542797495	0.0709812108559499
DOGE/USDT	2023-12-13 01:15:00+00:00	[0.50,0.75)	0.033758926639255546	0.033758926639255546	0.04057563297987437	0.0842891149101925
DOGE/USDT	2023-12-14 01:15:00+00:00	[0.25,0.50)	0.008519480519480533	0.015896103896103932	0.02867532467532466	0.05735064935064932
DOGE/USDT	2023-12-15 01:15:00+00:00	[0.25,0.50)	0.008964955175224042	0.017522412387938054	0.04034229828850847	0.07029339853300723
DOGE/USDT	2023-12-16 01:15:00+00:00	[0.50,0.75)	0.005669055513958741	0.011124184404749164	0.021392662316825347	0.05112846293721245
DOGE/USDT	2023-12-17 01:15:00+00:00	[0.50,0.75)	0.009432984347465473	0.01679278532186168	0.03223800145122824	0.043744169171763256
DOGE/USDT	2023-12-18 01:15:00+00:00	[0.50,0.75)	0.015777610818933124	0.024793388429752136	0.07373618117419771	0.07373618117419771
DOGE/USDT	2023-12-19 01:15:00+00:00	[0.50,0.75)	0.013184913001188792	0.014265643575056757	0.02334378039554734	0.045822976332000366
DOGE/USDT	2023-12-20 01:15:00+00:00	[0.25,0.50)	0.011486635741108895	0.022310580958692226	0.03214049039098737	0.04329578087033363
DOGE/USDT	2023-12-21 01:15:00+00:00	[0.10,0.25)	0.007905138339920932	0.012736056214317023	0.024923144488361818	0.08091787439613529
DOGE/USDT	2023-12-22 01:15:00+00:00	[0.50,0.75)	0.016743892165122096	0.025800336983993196	0.03833192923336132	0.03833192923336132
DOGE/USDT	2023-12-23 01:15:00+00:00	[0.25,0.50)	0.016239316239316317	0.022435897435897485	0.022435897435897485	0.022435897435897485
DOGE/USDT	2023-12-24 01:15:00+00:00	[0.25,0.50)	0.010111761575305933	0.01128259712613083	0.030548163916977088	0.04960085151676421
DOGE/USDT	2023-12-25 01:15:00+00:00	[0.50,0.75)	0.005649103747963134	0.012927756653992357	0.02248777838131453	0.039652362846279196
DOGE/USDT	2023-12-26 01:15:00+00:00	[0.25,0.50)	0.0069318545376986	0.015356723898901532	0.030286872133944705	0.07614375599872035
DOGE/USDT	2023-12-27 01:15:00+00:00	[0.05,0.10)	0.01252334395254314	0.02120180160386687	0.03438426892233323	0.058991541250137315
DOGE/USDT	2023-12-28 01:15:00+00:00	[0.50,0.75)	0.009905208222387904	0.016295665140057553	0.03493449781659394	0.05037810203429543
DOGE/USDT	2023-12-29 01:15:00+00:00	[0.10,0.25)	0.01221122112211221	0.022552255225522514	0.028822882288228796	0.05027502750275033
DOGE/USDT	2023-12-30 01:15:00+00:00	[0.25,0.50)	0.005259121288484653	0.015448668784923793	0.023994740878711486	0.023994740878711486
DOGE/USDT	2023-12-31 01:15:00+00:00	[0.00,0.05)	0.005208910561897507	0.011304444198160334	0.018286600908788635	0.031142635487088472
DOGE/USDT	2024-01-01 01:15:00+00:00	[0.25,0.50)	0.004003558718861201	0.020129003558718928	0.023020462633451984	0.05504893238434175
DOGE/USDT	2024-01-02 01:15:00+00:00	[0.50,0.75)	0.00581395348837208	0.008505598621877681	0.024763135228251618	0.04338931955211031
DOGE/USDT	2024-01-03 01:15:00+00:00	[0.10,0.25)	0.005573161403125304	0.007867992569118113	0.1871926565402689	0.1871926565402689
DOGE/USDT	2024-01-04 01:15:00+00:00	[0.25,0.50)	0.010190300798035573	0.017802332719459878	0.02332719459791282	0.04518109269490488
DOGE/USDT	2024-01-05 01:15:00+00:00	[0.10,0.25)	0.04088952654232415	0.04088952654232415	0.04268292682926817	0.04268292682926817
DOGE/USDT	2024-01-06 01:15:00+00:00	[0.10,0.25)	0.006349206349206429	0.033699633699633684	0.04884004884004888	0.04884004884004888
DOGE/USDT	2024-01-07 01:15:00+00:00	[0.25,0.50)	0.0061758893280630745	0.009757905138339908	0.024703557312252985	0.0552124505928854
DOGE/USDT	2024-01-08 01:15:00+00:00	[0.75,1.00]	0.01982350684230715	0.05473845760327398	0.06381890267297602	0.09783859828622574
DOGE/USDT	2024-01-09 01:15:00+00:00	[0.50,0.75)	0.010355583281347442	0.02358078602620091	0.060761072988147216	0.09444791016843411
DOGE/USDT	2024-01-10 01:15:00+00:00	[0.75,1.00]	0.011864618458848415	0.025103034844511027	0.06306981391282626	0.11514924441114033
DOGE/USDT	2024-01-11 01:15:00+00:00	[0.75,1.00]	0.019614878603037945	0.019614878603037945	0.059323047482358476	0.07212055974165761
DOGE/USDT	2024-01-12 01:15:00+00:00	[0.25,0.50)	0.01248049921996879	0.01332053282131285	0.02652106084243374	0.09168366734669396
DOGE/USDT	2024-01-13 01:15:00+00:00	[0.75,1.00]	0.011073361016735773	0.016232540581351446	0.021140052850132138	0.025040895935573067
DOGE/USDT	2024-01-14 01:15:00+00:00	[0.10,0.25)	0.00507991574773874	0.009788130343204051	0.04534754057737592	0.053524965927394426
DOGE/USDT	2024-01-15 01:15:00+00:00	[0.25,0.50)	0.006201935003721167	0.013396179608037679	0.015504837509302916	0.023691391714214947
DOGE/USDT	2024-01-16 01:15:00+00:00	[0.25,0.50)	0.005159071367153958	0.00700159685542318	0.028743397617000305	0.03341112885394915
DOGE/USDT	2024-01-17 01:15:00+00:00	[0.00,0.05)	0.004782928623988244	0.008462104488594508	0.018395879323031657	0.027471179789060485
DOGE/USDT	2024-01-18 01:15:00+00:00	[0.05,0.10)	0.007188003470070606	0.008055521130251554	0.02032469946709633	0.04845705787582118
DOGE/USDT	2024-01-19 01:15:00+00:00	[0.25,0.50)	0.011413748378728997	0.01880674448767825	0.027367055771725043	0.0518806744487677
DOGE/USDT	2024-01-20 01:15:00+00:00	[0.10,0.25)	0.006471259992386709	0.009389671361502228	0.01776424311635577	0.15695977667808642
DOGE/USDT	2024-01-21 01:15:00+00:00	[0.75,1.00]	0.017674209163570886	0.04469210852189577	0.06214116852414721	0.08105369807497464
DOGE/USDT	2024-01-22 01:15:00+00:00	[0.75,1.00]	0.009472422062350274	0.01786570743405282	0.037889688249400436	0.05707434052757794
DOGE/USDT	2024-01-23 01:15:00+00:00	[0.50,0.75)	0.014250614250614352	0.014250614250614352	0.07235872235872244	0.07235872235872244
DOGE/USDT	2024-01-24 01:15:00+00:00	[0.75,1.00]	0.0057588942922957775	0.018428461735346773	0.03992833375991807	0.03992833375991807
DOGE/USDT	2024-01-25 01:15:00+00:00	[0.25,0.50)	0.008242454983515063	0.019401470961197105	0.022698452954603092	0.022698452954603092
DOGE/USDT	2024-01-26 01:15:00+00:00	[0.05,0.10)	0.0073133179368745325	0.0074416217603284224	0.025147549396972075	0.033615601744932146
DOGE/USDT	2024-01-27 01:15:00+00:00	[0.00,0.05)	0.00548354935194429	0.006854436689930319	0.015702891326021897	0.02093718843469575
DOGE/USDT	2024-01-28 01:15:00+00:00	[0.10,0.25)	0.004350528278433676	0.016034804226227637	0.026227470478558123	0.04114356743318841
DOGE/USDT	2024-01-29 01:15:00+00:00	[0.10,0.25)	0.004554655870445334	0.006831983805668001	0.061993927125506096	0.061993927125506096
DOGE/USDT	2024-01-30 01:15:00+00:00	[0.25,0.50)	0.005770411295273152	0.010313075506445763	0.021731123388581877	0.0390423572744015
DOGE/USDT	2024-01-31 01:15:00+00:00	[0.75,1.00]	0.005776717317593897	0.008916237598894917	0.024613839005400016	0.03767424337561224
DOGE/USDT	2024-02-01 01:15:00+00:00	[0.25,0.50)	0.009099064462386291	0.020761245674740615	0.020761245674740615	0.027297193387158872
DOGE/USDT	2024-02-02 01:15:00+00:00	[0.05,0.10)	0.005536680508367886	0.008053353466717022	0.0089341890021392	0.01736504341260861
DOGE/USDT	2024-02-03 01:15:00+00:00	[0.05,0.10)	0.005032712632108676	0.005032712632108676	0.009184700553598322	0.01434323100150984
DOGE/USDT	2024-02-04 01:15:00+00:00	[0.25,0.50)	0.003552397868561134	0.005709210860187669	0.010657193605683754	0.03336716569398621
DOGE/USDT	2024-02-05 01:15:00+00:00	[0.75,1.00]	0.004243827160493788	0.010288065843621337	0.035236625514403375	0.035236625514403375
DOGE/USDT	2024-02-06 01:15:00+00:00	[0.10,0.25)	0.0038231171148210602	0.006881610806677697	0.012871160953230673	0.01911558557410477
DOGE/USDT	2024-02-07 01:15:00+00:00	[0.10,0.25)	0.0022831050228310453	0.010147133434804783	0.010147133434804783	0.029299847792998563
DOGE/USDT	2024-02-08 01:15:00+00:00	[0.05,0.10)	0.0029955067398900427	0.004867698452321363	0.012356465302046817	0.018971542685970965
DOGE/USDT	2024-02-09 01:15:00+00:00	[0.25,0.50)	0.005619380619380694	0.010864135864135812	0.027597402597402645	0.027597402597402645
DOGE/USDT	2024-02-10 01:15:00+00:00	[0.10,0.25)	0.00281931846040689	0.00796763912723704	0.0225545476832558	0.0225545476832558
DOGE/USDT	2024-02-11 01:15:00+00:00	[0.10,0.25)	0.0025820730357801777	0.012664453461207465	0.027665068240501686	0.034796508053608746
DOGE/USDT	2024-02-12 01:15:00+00:00	[0.25,0.50)	0.007498463429625069	0.017455439459127284	0.02335586969883219	0.042532267977873274
DOGE/USDT	2024-02-13 01:15:00+00:00	[0.50,0.75)	0.006781302978929583	0.01707435214337622	0.01707435214337622	0.039840155001210964
DOGE/USDT	2024-02-14 01:15:00+00:00	[0.50,0.75)	0.003719776813391131	0.013143211407315628	0.03595784252944823	0.08902665840049605
DOGE/USDT	2024-02-15 01:15:00+00:00	[0.75,1.00]	0.0185164018744999	0.023888444393644927	0.03611841353297515	0.049377071665333234
DOGE/USDT	2024-02-16 01:15:00+00:00	[0.50,0.75)	0.007933730019834327	0.013300665033251526	0.03966865009917163	0.04748570761871432
DOGE/USDT	2024-02-17 01:15:00+00:00	[0.50,0.75)	0.008818342151675493	0.011287477954144651	0.02163433274544379	0.03997648442092871
DOGE/USDT	2024-02-18 01:15:00+00:00	[0.10,0.25)	0.008748801534036368	0.013542665388302878	0.018456375838926172	0.034755512943432404
DOGE/USDT	2024-02-19 01:15:00+00:00	[0.50,0.75)	0.015623164571831293	0.015623164571831293	0.022083871725596227	0.076706214025608
DOGE/USDT	2024-02-20 01:15:00+00:00	[0.75,1.00]	0.010876878223816985	0.01951110114375427	0.04518950437317791	0.07681094415788288
DOGE/USDT	2024-02-21 01:15:00+00:00	[0.50,0.75)	0.006666666666666678	0.01216374269005847	0.040935672514619915	0.045380116959064264
DOGE/USDT	2024-02-22 01:15:00+00:00	[0.75,1.00]	0.01366932128848209	0.01366932128848209	0.029240461191013953	0.029597052181148296
DOGE/USDT	2024-02-23 01:15:00+00:00	[0.75,1.00]	0.00697811945594315	0.017149615612063785	0.021525724423418123	0.031697220579538755
DOGE/USDT	2024-02-24 01:15:00+00:00	[0.75,1.00]	0.010208926875593539	0.016975308641975318	0.02243589743589747	0.02979582146248811
DOGE/USDT	2024-02-25 01:15:00+00:00	[0.10,0.25)	0.007563416336979262	0.014195950663253581	0.018268559460088457	0.01873400046544101
DOGE/USDT	2024-02-26 01:15:00+00:00	[0.10,0.25)	0.009085614443797355	0.010017472335468838	0.023063482818870072	0.06814210832847985
DOGE/USDT	2024-02-27 01:15:00+00:00	[0.75,1.00]	0.014044943820224733	0.026292134831460773	0.08685393258426967	0.13382022471910118
DOGE/USDT	2024-02-28 01:15:00+00:00	[0.75,1.00]	0.019506657033749642	0.02807307255650738	0.0681184848797605	0.3009598513778511
DOGE/USDT	2024-02-29 01:15:00+00:00	[0.75,1.00]	0.02505089846861998	0.1653536337080641	0.20961317163848814	0.20961317163848814
DOGE/USDT	2024-03-01 01:15:00+00:00	[0.75,1.00]	0.023647527381347424	0.02928974444075665	0.05019913707268503	0.26617988715565877
DOGE/USDT	2024-03-02 01:15:00+00:00	[0.75,1.00]	0.027541169789892066	0.03371663827370815	0.08489494605337874	0.10796422487223169
DOGE/USDT	2024-03-03 01:15:00+00:00	[0.75,1.00]	0.01826744683887526	0.03938918224632509	0.14228628514342792	0.23355216212359078
DOGE/USDT	2024-03-04 01:15:00+00:00	[0.75,1.00]	0.04667757774140751	0.06225859247135837	0.13905073649754487	0.32176759410801964
DOGE/USDT	2024-03-05 01:15:00+00:00	[0.75,1.00]	0.06043594800991245	0.19278814545086728	0.19278814545086728	0.406463359126081
DOGE/USDT	2024-03-06 01:15:00+00:00	[0.75,1.00]	0.033537805040672136	0.13001733564475257	0.22476330177356973	0.22476330177356973
DOGE/USDT	2024-03-07 01:15:00+00:00	[0.50,0.75)	0.043359573387506366	0.07630777044184868	0.10113001523616048	0.10735144743524637
DOGE/USDT	2024-03-08 01:15:00+00:00	[0.75,1.00]	0.03603770097948619	0.050329575555966136	0.08131583810755862	0.11396537916589657
DOGE/USDT	2024-03-09 01:15:00+00:00	[0.50,0.75)	0.021459992866484378	0.035013672571632425	0.055165854238497264	0.13066222803471644
DOGE/USDT	2024-03-10 01:15:00+00:00	[0.50,0.75)	0.018403509771523052	0.02945701099652446	0.050595407669078676	0.10836989345336454
DOGE/USDT	2024-03-11 01:15:00+00:00	[0.75,1.00]	0.022732813261823397	0.041869819600194945	0.10872745002437832	0.13322769380789853
DOGE/USDT	2024-03-12 01:15:00+00:00	[0.50,0.75)	0.008879397549735856	0.030740699112060264	0.05850286613465215	0.12914465550185458
DOGE/USDT	2024-03-13 01:15:00+00:00	[0.50,0.75)	0.011625162280184112	0.024194500177032886	0.03511153074471858	0.05682756992800661
DOGE/USDT	2024-03-14 01:15:00+00:00	[0.25,0.50)	0.01590540783866506	0.16607646599843945	0.16607646599843945	0.16739691495108336
DOGE/USDT	2024-03-15 01:15:00+00:00	[0.50,0.75)	0.030642375619811715	0.11259680205025352	0.16273887124630906	0.16273887124630906
DOGE/USDT	2024-03-16 01:15:00+00:00	[0.50,0.75)	0.01684402553967768	0.04475524475524478	0.08136211614472486	0.16564305259957424
DOGE/USDT	2024-03-17 01:15:00+00:00	[0.50,0.75)	0.02625315037804539	0.035704284514141656	0.10683281993839258	0.15933912069448336
DOGE/USDT	2024-03-18 01:15:00+00:00	[0.50,0.75)	0.011837467579969434	0.027066569129480734	0.0657045953315156	0.11644609962093519
DOGE/USDT	2024-03-19 01:15:00+00:00	[0.50,0.75)	0.020796847635726937	0.04976649153531831	0.0950087565674256	0.0950087565674256
DOGE/USDT	2024-03-20 01:15:00+00:00	[0.50,0.75)	0.02838309422256686	0.07142303218301664	0.10569988367584336	0.24164404808065135
DOGE/USDT	2024-03-21 01:15:00+00:00	[0.50,0.75)	0.013766302199973709	0.04617309972335653	0.07449611381899608	0.08885522329073904
DOGE/USDT	2024-03-22 01:15:00+00:00	[0.25,0.50)	0.022455959217913216	0.05046137962186226	0.09143705233270966	0.12725043556817459
DOGE/USDT	2024-03-23 01:15:00+00:00	[0.50,0.75)	0.04201627657561036	0.06094252728534478	0.08491577818434168	0.12466090467478391
DOGE/USDT	2024-03-24 01:15:00+00:00	[0.25,0.50)	0.011221122112211285	0.03720372037203727	0.05520552055205529	0.08526852685268528
DOGE/USDT	2024-03-25 01:15:00+00:00	[0.25,0.50)	0.011409046157410247	0.026582498407366716	0.03318468755429423	0.09995946024208026
DOGE/USDT	2024-03-26 01:15:00+00:00	[0.25,0.50)	0.007646033620059595	0.021082813290605518	0.05807612301118782	0.07348063192219036
DOGE/USDT	2024-03-27 01:15:00+00:00	[0.10,0.25)	0.012769222337918556	0.034142598783361726	0.057488902285307175	0.15175097276264587
DOGE/USDT	2024-03-28 01:15:00+00:00	[0.75,1.00]	0.02044554455445542	0.045544554455445474	0.162128712871287	0.17826732673267318
DOGE/USDT	2024-03-29 01:15:00+00:00	[0.25,0.50)	0.052766994673648	0.052766994673648	0.0611176311275616	0.06964882188318136
DOGE/USDT	2024-03-30 01:15:00+00:00	[0.00,0.05)	0.022049164946519092	0.029133045599549604	0.054747607431037786	0.09762619628448112
DOGE/USDT	2024-03-31 01:15:00+00:00	[0.10,0.25)	0.013582677165354393	0.02623031496062993	0.041043307086614106	0.11958661417322829
DOGE/USDT	2024-04-01 01:15:00+00:00	[0.10,0.25)	0.011222981710696543	0.015564382043229318	0.09310918159985226	0.09481803066691309
DOGE/USDT	2024-04-02 01:15:00+00:00	[0.10,0.25)	0.031086307338326697	0.09634307534145985	0.12082048269447303	0.16487981592989664
DOGE/USDT	2024-04-03 01:15:00+00:00	[0.75,1.00]	0.05280936831437901	0.05416056750365944	0.059171264497241256	0.0984123409525954
DOGE/USDT	2024-04-04 01:15:00+00:00	[0.50,0.75)	0.02844052075766895	0.04039783203888928	0.09208247192266873	0.09208247192266873
DOGE/USDT	2024-04-05 01:15:00+00:00	[0.05,0.10)	0.01875140354816983	0.040141477655513236	0.06231753873792948	0.07360206602290581
DOGE/USDT	2024-04-06 01:15:00+00:00	[0.00,0.05)	0.013608477412158383	0.029392080312325698	0.04974902398215288	0.09782487451199108
DOGE/USDT	2024-04-07 01:15:00+00:00	[0.75,1.00]	0.02180637179090634	0.02953912774512843	0.031601195999587564	0.06423342612640477
DOGE/USDT	2024-04-08 01:15:00+00:00	[0.05,0.10)	0.013941126322651846	0.030389649465924526	0.07221302843387993	0.07221302843387993
DOGE/USDT	2024-04-09 01:15:00+00:00	[0.10,0.25)	0.01579763035544666	0.023446483027545865	0.04764285357196425	0.08708693695945603
DOGE/USDT	2024-04-10 01:15:00+00:00	[0.10,0.25)	0.027359999999999978	0.037119999999999966	0.06229333333333331	0.12128000000000005
DOGE/USDT	2024-04-11 01:15:00+00:00	[0.10,0.25)	0.010664105933488328	0.024663903770342784	0.06075002527039322	0.06994844839785716
DOGE/USDT	2024-04-12 01:15:00+00:00	[0.10,0.25)	0.015396458814472685	0.029561200923787608	0.04172440338722093	0.20892994611239413
DOGE/USDT	2024-04-13 01:15:00+00:00	[0.25,0.50)	0.036387187941592035	0.06988930758360806	0.06988930758360806	0.2686057465850212
DOGE/USDT	2024-04-14 01:15:00+00:00	[0.75,1.00]	0.030004688232536228	0.0873350746768468	0.10936976759761559	0.14305806710869995
DOGE/USDT	2024-04-15 01:15:00+00:00	[0.75,1.00]	0.021403091557669483	0.032667876588021796	0.0846110520057576	0.11721634645472198
DOGE/USDT	2024-04-16 01:15:00+00:00	[0.50,0.75)	0.04258880416589185	0.07730456884260126	0.08015622094104517	0.10036575537784397
DOGE/USDT	2024-04-17 01:15:00+00:00	[0.10,0.25)	0.019272773994603642	0.023962482333290576	0.05216497494539391	0.09283052807400757
DOGE/USDT	2024-04-18 01:15:00+00:00	[0.25,0.50)	0.015908475494178304	0.028161386406715578	0.06613864067154077	0.08786894124018409
DOGE/USDT	2024-04-19 01:15:00+00:00	[0.50,0.75)	0.05626233077080073	0.07258997210694594	0.11334104360840859	0.12613102932172257
DOGE/USDT	2024-04-20 01:15:00+00:00	[0.25,0.50)	0.014638253772912831	0.019236997214845526	0.044368158559492166	0.09586113090226056
DOGE/USDT	2024-04-21 01:15:00+00:00	[0.10,0.25)	0.01663265937055585	0.03097755518456696	0.039943115068323876	0.06683979471959446
DOGE/USDT	2024-04-22 01:15:00+00:00	[0.00,0.05)	0.016013113100491833	0.034484932543184986	0.04387845164544189	0.04387845164544189
DOGE/USDT	2024-04-23 01:15:00+00:00	[0.00,0.05)	0.003724163614921589	0.02656570045310661	0.02718639438892696	0.03835888523369138
DOGE/USDT	2024-04-24 01:15:00+00:00	[0.00,0.05)	0.011299086194121996	0.025870585329711038	0.02976043467522857	0.09360335885403807
DOGE/USDT	2024-04-25 01:15:00+00:00	[0.10,0.25)	0.025363743609909454	0.03047581596539512	0.03571896709922652	0.046205269366889325
DOGE/USDT	2024-04-26 01:15:00+00:00	[0.50,0.75)	0.021134818604025062	0.024567543918691433	0.029682977720939606	0.06360638083058481
DOGE/USDT	2024-04-27 01:15:00+00:00	[0.50,0.75)	0.018867924528301886	0.022336293007769147	0.0265677025527192	0.04564372918978914
DOGE/USDT	2024-04-28 01:15:00+00:00	[0.10,0.25)	0.005041000134426675	0.016870547116548007	0.01808038714881031	0.034211587578975744
DOGE/USDT	2024-04-29 01:15:00+00:00	[0.50,0.75)	0.006516426825957023	0.03319304914471902	0.05769752918816187	0.05769752918816187
DOGE/USDT	2024-04-30 01:15:00+00:00	[0.75,1.00]	0.026464897733554454	0.026464897733554454	0.08685737976782752	0.1084853510226644
DOGE/USDT	2024-05-01 01:15:00+00:00	[0.25,0.50)	0.027498476538695932	0.03686776355880548	0.08752285191956113	0.10047227300426563
DOGE/USDT	2024-05-02 01:15:00+00:00	[0.50,0.75)	0.01748169147176943	0.026616268997558926	0.07213166391054404	0.08181746594220016
DOGE/USDT	2024-05-03 01:15:00+00:00	[0.25,0.50)	0.018147871545929915	0.018521284540702093	0.05504107542942506	0.15735623599701273
DOGE/USDT	2024-05-04 01:15:00+00:00	[0.75,1.00]	0.025620707871104032	0.025620707871104032	0.14817749603803498	0.14817749603803498
DOGE/USDT	2024-05-05 01:15:00+00:00	[0.50,0.75)	0.033277870216306044	0.04089338282349916	0.052860616920517016	0.05753231793165236
DOGE/USDT	2024-05-06 01:15:00+00:00	[0.25,0.50)	0.02270077918890718	0.029572366402846745	0.07742806307135403	0.09301184121725263
DOGE/USDT	2024-05-07 01:15:00+00:00	[0.00,0.05)	0.011530131226907924	0.03490890559306926	0.04248948910689265	0.07166518027774245
DOGE/USDT	2024-05-08 01:15:00+00:00	[0.50,0.75)	0.007021727609962939	0.017554319024907165	0.03895071542130363	0.06584525702172764
DOGE/USDT	2024-05-09 01:15:00+00:00	[0.50,0.75)	0.008777343482136758	0.02256051566892949	0.0389494617019817	0.07522457656175004
DOGE/USDT	2024-05-10 01:15:00+00:00	[0.25,0.50)	0.008684123301292528	0.013457076566125315	0.031355651309247674	0.07709645343056017
DOGE/USDT	2024-05-11 01:15:00+00:00	[0.10,0.25)	0.009019553841916866	0.011980170751858933	0.019553841916827193	0.024098044615808147
DOGE/USDT	2024-05-12 01:15:00+00:00	[0.00,0.05)	0.0065976803944716896	0.007986665740676326	0.03743315508021394	0.03743315508021394
DOGE/USDT	2024-05-13 01:15:00+00:00	[0.10,0.25)	0.027537873424890308	0.03872292227098968	0.09174571711737221	0.15475010618717272
DOGE/USDT	2024-05-14 01:15:00+00:00	[0.25,0.50)	0.018867924528301813	0.029506222400642292	0.06021678040947397	0.072728489227887
DOGE/USDT	2024-05-15 01:15:00+00:00	[0.10,0.25)	0.006267456911233763	0.011921793037672877	0.06642141835274888	0.08004632468151789
DOGE/USDT	2024-05-16 01:15:00+00:00	[0.25,0.50)	0.011496492595479484	0.03526890101325031	0.047544816835541834	0.07183684073785407
DOGE/USDT	2024-05-17 01:15:00+00:00	[0.00,0.05)	0.007615230460921858	0.013293253173012822	0.032531730126920594	0.05143620574482306
DOGE/USDT	2024-05-18 01:15:00+00:00	[0.05,0.10)	0.016891017344033143	0.016891017344033143	0.025174734662179683	0.03669427905772721
DOGE/USDT	2024-05-19 01:15:00+00:00	[0.00,0.05)	0.012180029961571097	0.01836774571744947	0.04598449814368534	0.05627564645346192
DOGE/USDT	2024-05-20 01:15:00+00:00	[0.00,0.05)	0.028098951331003073	0.03818230707179343	0.03818230707179343	0.13262973917719814
DOGE/USDT	2024-05-21 01:15:00+00:00	[0.75,1.00]	0.021175159432852496	0.02284688254597238	0.05745774255464065	0.0785709863166368
DOGE/USDT	2024-05-22 01:15:00+00:00	[0.75,1.00]	0.020932666589138227	0.05006396092568891	0.07483428305616928	0.07483428305616928
DOGE/USDT	2024-05-23 01:15:00+00:00	[0.25,0.50)	0.014979463638560097	0.0156438753322059	0.04530079729403241	0.10690988161391636
DOGE/USDT	2024-05-24 01:15:00+00:00	[0.50,0.75)	0.00825925225395628	0.019355652228737086	0.10018283840867528	0.11525124519261075
DOGE/USDT	2024-05-25 01:15:00+00:00	[0.10,0.25)	0.007968127490039814	0.013668403309837464	0.04315047502298493	0.0746552252528348
DOGE/USDT	2024-05-26 01:15:00+00:00	[0.50,0.75)	0.01646426903316201	0.032052779075198476	0.040284913591779485	0.05540635217188229
DOGE/USDT	2024-05-27 01:15:00+00:00	[0.10,0.25)	0.012632461234508775	0.027240615458300893	0.03496377896186321	0.05591809854517144
DOGE/USDT	2024-05-28 01:15:00+00:00	[0.00,0.05)	0.03189593727726292	0.04027084818246619	0.04027084818246619	0.04900213827512477
DOGE/USDT	2024-05-29 01:15:00+00:00	[0.10,0.25)	0.009302604729324187	0.030368503180890537	0.044112351458408326	0.05275477133597403
DOGE/USDT	2024-05-30 01:15:00+00:00	[0.05,0.10)	0.009269988412514444	0.012563273769591867	0.05659571872903569	0.05659571872903569
DOGE/USDT	2024-05-31 01:15:00+00:00	[0.05,0.10)	0.010115516703090917	0.016921635966281726	0.028660630658757486	0.05182641273805809
DOGE/USDT	2024-06-01 01:15:00+00:00	[0.10,0.25)	0.006359400579272201	0.008689081979599498	0.013348444780254445	0.022352348570708964
DOGE/USDT	2024-06-02 01:15:00+00:00	[0.00,0.05)	0.007132225254279411	0.01184569585710756	0.026916397916149904	0.04142892582485748
DOGE/USDT	2024-06-03 01:15:00+00:00	[0.25,0.50)	0.014628917334005856	0.015953086575446147	0.025978939403493186	0.037013683082161464
DOGE/USDT	2024-06-04 01:15:00+00:00	[0.00,0.05)	0.0055377257567177625	0.014725316216726504	0.0168019633754956	0.035995217418664675
DOGE/USDT	2024-06-05 01:15:00+00:00	[0.25,0.50)	0.009092026047425858	0.012962280378424873	0.020887086865708403	0.021870008600565226
DOGE/USDT	2024-06-06 01:15:00+00:00	[0.10,0.25)	0.003924694916293626	0.011038204452075772	0.026430367326914703	0.04586987183418156
DOGE/USDT	2024-06-07 01:15:00+00:00	[0.00,0.05)	0.005239520958083879	0.015780938123752523	0.02276696606786419	0.1380364271457085
DOGE/USDT	2024-06-08 01:15:00+00:00	[0.25,0.50)	0.005327758295117246	0.007081197734016694	0.03378742918802276	0.03567574858376057
DOGE/USDT	2024-06-09 01:15:00+00:00	[0.10,0.25)	0.00863064899762143	0.015902140672782932	0.01794087665647301	0.028814135236153542
DOGE/USDT	2024-06-10 01:15:00+00:00	[0.10,0.25)	0.004441711083777584	0.010318436517698587	0.024941916085827624	0.0321169878365451
DOGE/USDT	2024-06-11 01:15:00+00:00	[0.10,0.25)	0.03026743141455321	0.031856817082440765	0.039596434247806046	0.07767258655241517
DOGE/USDT	2024-06-12 01:15:00+00:00	[0.50,0.75)	0.027021057281696414	0.041746429097334774	0.08231482844941831	0.12060079517007809
DOGE/USDT	2024-06-13 01:15:00+00:00	[0.05,0.10)	0.014471780028943497	0.026393770243263733	0.02880573358142111	0.0376266280752534
DOGE/USDT	2024-06-14 01:15:00+00:00	[0.10,0.25)	0.014526643990929679	0.01729024943310656	0.02040816326530608	0.08177437641723352
DOGE/USDT	2024-06-15 01:15:00+00:00	[0.50,0.75)	0.013302786194664074	0.020397605498484846	0.03133545192520873	0.03133545192520873
DOGE/USDT	2024-06-16 01:15:00+00:00	[0.00,0.05)	0.003523452983924306	0.011304411656756852	0.014827864640681159	0.02605887102693972
DOGE/USDT	2024-06-17 01:15:00+00:00	[0.50,0.75)	0.012158499963377973	0.016992602358455934	0.03295978905735006	0.10569105691056908
DOGE/USDT	2024-06-18 01:15:00+00:00	[0.75,1.00]	0.0898985016916385	0.0898985016916385	0.0898985016916385	0.09231512808119874
DOGE/USDT	2024-06-19 01:15:00+00:00	[0.50,0.75)	0.02374627706673102	0.030185945423810815	0.030185945423810815	0.043145777992433534
DOGE/USDT	2024-06-20 01:15:00+00:00	[0.25,0.50)	0.019436345966958205	0.019436345966958205	0.05782312925170074	0.06203433754454162
DOGE/USDT	2024-06-21 01:15:00+00:00	[0.10,0.25)	0.010437575270975477	0.019269369731031598	0.031152147731834563	0.03500602167804086
DOGE/USDT	2024-06-22 01:15:00+00:00	[0.25,0.50)	0.006141910457410674	0.009697753353806309	0.014142556974300965	0.01729432681428805
DOGE/USDT	2024-06-23 01:15:00+00:00	[0.00,0.05)	0.0028159948507522977	0.006114731675919196	0.011022608415801724	0.044251347654678724
DOGE/USDT	2024-06-24 01:15:00+00:00	[0.75,1.00]	0.012211006186909812	0.04298274177792244	0.07994138717030279	0.07994138717030279
DOGE/USDT	2024-06-25 01:15:00+00:00	[0.75,1.00]	0.013978404620406837	0.048715158617226126	0.048715158617226126	0.07901565246505414
DOGE/USDT	2024-06-26 01:15:00+00:00	[0.25,0.50)	0.015442798613299634	0.02789158525055143	0.04010400252127311	0.05397100535770549
DOGE/USDT	2024-06-27 01:15:00+00:00	[0.50,0.75)	0.008405418638811842	0.016647625265219523	0.03337685653664118	0.0640607148686143
DOGE/USDT	2024-06-28 01:15:00+00:00	[0.75,1.00]	0.01611508529203698	0.02617718732804025	0.030186306108010458	0.049838849147079735
DOGE/USDT	2024-06-29 01:15:00+00:00	[0.10,0.25)	0.005575757575757545	0.009696969696969638	0.01058585858585852	0.025050505050504983
DOGE/USDT	2024-06-30 01:15:00+00:00	[0.10,0.25)	0.011163096117540837	0.012065993597636044	0.02454239514076998	0.05212180907822371
DOGE/USDT	2024-07-01 01:15:00+00:00	[0.75,1.00]	0.008042261294646323	0.011038397855397085	0.025388315067413077	0.037688244106284054
DOGE/USDT	2024-07-02 01:15:00+00:00	[0.50,0.75)	0.006013815522145393	0.011946363266964641	0.015359609914668856	0.025030475416497354
DOGE/USDT	2024-07-03 01:15:00+00:00	[0.25,0.50)	0.015548609441372213	0.03310090566642629	0.059629718682375696	0.07036947984291103
DOGE/USDT	2024-07-04 01:15:00+00:00	[0.50,0.75)	0.05103600543478262	0.05103600543478262	0.1058933423913043	0.1501358695652174
DOGE/USDT	2024-07-05 01:15:00+00:00	[0.75,1.00]	0.03353779184804106	0.11624455876533435	0.11624455876533435	0.17669172932330826
DOGE/USDT	2024-07-06 01:15:00+00:00	[0.75,1.00]	0.022799476733320983	0.022799476733320983	0.04784152494860773	0.08858157353765653
DOGE/USDT	2024-07-07 01:15:00+00:00	[0.75,1.00]	0.014642082429501178	0.028289949385394014	0.04654736080983371	0.12518076644974693
DOGE/USDT	2024-07-08 01:15:00+00:00	[0.75,1.00]	0.03181727508477956	0.05575503690404945	0.12098543786155996	0.12098543786155996
DOGE/USDT	2024-07-09 01:15:00+00:00	[0.50,0.75)	0.014932337844143764	0.02669155389640692	0.034997666822211886	0.03565095660289318
DOGE/USDT	2024-07-10 01:15:00+00:00	[0.25,0.50)	0.008532583216127465	0.036849507735583716	0.0388185654008438	0.03928738865447726
DOGE/USDT	2024-07-11 01:15:00+00:00	[0.10,0.25)	0.017238166231830082	0.024785687663063823	0.05721207603429004	0.07174804323518448
DOGE/USDT	2024-07-12 01:15:00+00:00	[0.25,0.50)	0.019161449440333846	0.019730601403908164	0.023999241130715276	0.0324416619237337
DOGE/USDT	2024-07-13 01:15:00+00:00	[0.10,0.25)	0.00592812152649118	0.01315301963690247	0.029270100037050724	0.05863282697295297
DOGE/USDT	2024-07-14 01:15:00+00:00	[0.50,0.75)	0.020963621950145277	0.023341847969699635	0.026777063331278085	0.0550515282304236
DOGE/USDT	2024-07-15 01:15:00+00:00	[0.75,1.00]	0.013519294943099154	0.02147685462479677	0.02900658851715585	0.09865662702147696
DOGE/USDT	2024-07-16 01:15:00+00:00	[0.75,1.00]	0.011104897339618138	0.02644403611088914	0.061516337780618345	0.07014460333945831
DOGE/USDT	2024-07-17 01:15:00+00:00	[0.50,0.75)	0.009875177753199566	0.01761731711170787	0.028282509085163422	0.05332595986727755
DOGE/USDT	2024-07-18 01:15:00+00:00	[0.50,0.75)	0.017406088082901547	0.028092616580310887	0.031007124352331605	0.055213730569948126
DOGE/USDT	2024-07-19 01:15:00+00:00	[0.25,0.50)	0.007648344259539369	0.024037653387123898	0.029080517734072994	0.07085224407463445
DOGE/USDT	2024-07-20 01:15:00+00:00	[0.10,0.25)	0.010984637427366014	0.014566584414550651	0.04266496855846537	0.09169784287192552
DOGE/USDT	2024-07-21 01:15:00+00:00	[0.25,0.50)	0.005028142589118228	0.026191369606003698	0.0312945590994372	0.1348592870544089
DOGE/USDT	2024-07-22 01:15:00+00:00	[0.50,0.75)	0.0192694851883807	0.032643083117630055	0.04953983318953126	0.04953983318953126
DOGE/USDT	2024-07-23 01:15:00+00:00	[0.50,0.75)	0.01095552492200545	0.03910614525139669	0.046216353478923416	0.07668867445403775
DOGE/USDT	2024-07-24 01:15:00+00:00	[0.25,0.50)	0.013399693721286384	0.01914241960183769	0.039586523736600154	0.10015313935681466
DOGE/USDT	2024-07-25 01:15:00+00:00	[0.75,1.00]	0.01993840168584863	0.021559409952990726	0.026746636407845657	0.06330037283190142
DOGE/USDT	2024-07-26 01:15:00+00:00	[0.75,1.00]	0.018784877780397512	0.02161439911970427	0.027430637428279437	0.06334983887447916
DOGE/USDT	2024-07-27 01:15:00+00:00	[0.25,0.50)	0.008088070096607693	0.01617614019321518	0.02621133827604286	0.06717591552460105
DOGE/USDT	2024-07-28 01:15:00+00:00	[0.75,1.00]	0.009392180818570624	0.022907758094074547	0.028787416004886955	0.028787416004886955
DOGE/USDT	2024-07-29 01:15:00+00:00	[0.50,0.75)	0.015943245098787157	0.03173392325882979	0.03364100999313446	0.06087420855900516
DOGE/USDT	2024-07-30 01:15:00+00:00	[0.25,0.50)	0.019935344827586274	0.020628078817733896	0.0254002463054187	0.05772783251231532
DOGE/USDT	2024-07-31 01:15:00+00:00	[0.05,0.10)	0.009631457454429808	0.0214120831011702	0.027461593568415148	0.04903287431346016
DOGE/USDT	2024-08-01 01:15:00+00:00	[0.05,0.10)	0.018107667210440454	0.03833605220228393	0.03833605220228393	0.0875203915171289
DOGE/USDT	2024-08-02 01:15:00+00:00	[0.50,0.75)	0.018661464076681716	0.02086690983119861	0.03197896344049534	0.09585206548477386
DOGE/USDT	2024-08-03 01:15:00+00:00	[0.50,0.75)	0.018285507377568518	0.026251470987598443	0.0423644428351589	0.08662985425907495
DOGE/USDT	2024-08-04 01:15:00+00:00	[0.50,0.75)	0.015875963234611486	0.020796583418438326	0.035836969640701904	0.19181134527898985
DOGE/USDT	2024-08-05 01:15:00+00:00	[0.75,1.00]	0.06004250797024444	0.07778958554729004	0.16068012752391067	0.22327311370882041
DOGE/USDT	2024-08-06 01:15:00+00:00	[0.75,1.00]	0.01980198019801976	0.024902490249024824	0.06140614061406147	0.06140614061406147
DOGE/USDT	2024-08-07 01:15:00+00:00	[0.50,0.75)	0.03489219872929895	0.04124570357254444	0.06415998333506925	0.088949067805437
DOGE/USDT	2024-08-08 01:15:00+00:00	[0.50,0.75)	0.05029616543697389	0.05029616543697389	0.08334199314143198	0.12283071807128751
DOGE/USDT	2024-08-09 01:15:00+00:00	[0.75,1.00]	0.008654750705550237	0.024082784571966064	0.03038570084666036	0.04515522107243648
DOGE/USDT	2024-08-10 01:15:00+00:00	[0.10,0.25)	0.009160158133256123	0.01504194388197865	0.018802429852473313	0.045222254363127955
DOGE/USDT	2024-08-11 01:15:00+00:00	[0.50,0.75)	0.021708617947038482	0.039674370730794495	0.054832974642088556	0.10246093384485824
DOGE/USDT	2024-08-12 01:15:00+00:00	[0.25,0.50)	0.0064973419964560715	0.01181334908446551	0.0672376452057492	0.084367001378224
DOGE/USDT	2024-08-13 01:15:00+00:00	[0.75,1.00]	0.015348837209302314	0.03655813953488375	0.043162790697674466	0.043162790697674466
DOGE/USDT	2024-08-14 01:15:00+00:00	[0.10,0.25)	0.00815939278937381	0.012333965844402368	0.021157495256166944	0.052941176470588124
DOGE/USDT	2024-08-15 01:15:00+00:00	[0.00,0.05)	0.009471731276242542	0.011229372131627753	0.021189336978810713	0.06893858021677568
DOGE/USDT	2024-08-16 01:15:00+00:00	[0.25,0.50)	0.010254348044636504	0.02151402432894329	0.037398210515733256	0.04644616467276565
DOGE/USDT	2024-08-17 01:15:00+00:00	[0.10,0.25)	0.004549500543962042	0.009692414202353956	0.018000197804371496	0.03293442785085564
DOGE/USDT	2024-08-18 01:15:00+00:00	[0.00,0.05)	0.008763388510223935	0.016650438169425543	0.026290165530671802	0.04907497565725417
DOGE/USDT	2024-08-19 01:15:00+00:00	[0.50,0.75)	0.006290564153769262	0.006490264603095335	0.022765851223165157	0.06420369445831245
DOGE/USDT	2024-08-20 01:15:00+00:00	[0.75,1.00]	0.03227060653188184	0.03227060653188184	0.03227060653188184	0.0454898911353033
DOGE/USDT	2024-08-21 01:15:00+00:00	[0.10,0.25)	0.010103954143592726	0.014767317594481626	0.022053822986495622	0.05683474205770907
DOGE/USDT	2024-08-22 01:15:00+00:00	[0.10,0.25)	0.00708482901945967	0.019365199319856512	0.027300207821651275	0.027300207821651275
DOGE/USDT	2024-08-23 01:15:00+00:00	[0.10,0.25)	0.005945639864099713	0.015383163457908706	0.035673839184598016	0.0919214798036995
DOGE/USDT	2024-08-24 01:15:00+00:00	[0.50,0.75)	0.010608897209592676	0.011857002763662403	0.026121066238744654	0.03797806900240706
DOGE/USDT	2024-08-25 01:15:00+00:00	[0.50,0.75)	0.014634584305979461	0.017238283354282555	0.035464176692404335	0.035464176692404335
DOGE/USDT	2024-08-26 01:15:00+00:00	[0.25,0.50)	0.017852263411968335	0.018763093177884983	0.029419801439111	0.05000455414882954
DOGE/USDT	2024-08-27 01:15:00+00:00	[0.25,0.50)	0.005174035747883432	0.010630291627469483	0.028316086547507044	0.09595484477892756
DOGE/USDT	2024-08-28 01:15:00+00:00	[0.75,1.00]	0.011905973338760603	0.018622163427292136	0.04507988195787121	0.05169431159051594
DOGE/USDT	2024-08-29 01:15:00+00:00	[0.25,0.50)	0.004301290387116133	0.00950285085525664	0.02120636190857254	0.043212963889166796
DOGE/USDT	2024-08-30 01:15:00+00:00	[0.50,0.75)	0.009031610637230287	0.009734069242348205	0.029503261414952315	0.062017059708981484
DOGE/USDT	2024-08-31 01:15:00+00:00	[0.25,0.50)	0.007875566056310249	0.008761567237645224	0.015455798385508977	0.01929513683796026
DOGE/USDT	2024-09-01 01:15:00+00:00	[0.00,0.05)	0.012382367508667669	0.017236255572065297	0.024665676077265896	0.07043090638930155
DOGE/USDT	2024-09-02 01:15:00+00:00	[0.75,1.00]	0.006794898599205497	0.019652937486932812	0.04108300229981186	0.060945013589797224
DOGE/USDT	2024-09-03 01:15:00+00:00	[0.10,0.25)	0.015482054890921882	0.0180959083140645	0.022217754096712613	0.09017794309842155
DOGE/USDT	2024-09-04 01:15:00+00:00	[0.75,1.00]	0.014363230130865027	0.022768379614852674	0.032343866368762644	0.05936801787424196
DOGE/USDT	2024-09-05 01:15:00+00:00	[0.10,0.25)	0.010591709950096744	0.0237295040228129	0.0237295040228129	0.03228434667481406
DOGE/USDT	2024-09-06 01:15:00+00:00	[0.10,0.25)	0.007200081127674701	0.01227056079505124	0.03579758645167838	0.1065814826082548
DOGE/USDT	2024-09-07 01:15:00+00:00	[0.75,1.00]	0.0064214192424902825	0.01806704397039626	0.03733130169786681	0.04299085764040047
DOGE/USDT	2024-09-08 01:15:00+00:00	[0.10,0.25)	0.011737581219870006	0.01676797317124297	0.02420876126598204	0.033116747013204884
DOGE/USDT	2024-09-09 01:15:00+00:00	[0.50,0.75)	0.015953589557650468	0.015953589557650468	0.02983528436755406	0.09271728996166993
DOGE/USDT	2024-09-10 01:15:00+00:00	[0.50,0.75)	0.007582385535141334	0.016817342276659816	0.0244969378827646	0.029843491785749035
DOGE/USDT	2024-09-11 01:15:00+00:00	[0.00,0.05)	0.012098741340618646	0.03307639769733637	0.03307639769733637	0.045565421016684496
DOGE/USDT	2024-09-12 01:15:00+00:00	[0.10,0.25)	0.011572030989506722	0.012062371285672207	0.018534863195057396	0.028439737177601253
DOGE/USDT	2024-09-13 01:15:00+00:00	[0.25,0.50)	0.0065666960697833	0.02450259727531107	0.047829069881407386	0.06645104381064387
DOGE/USDT	2024-09-14 01:15:00+00:00	[0.10,0.25)	0.005773349473880208	0.00800819443151131	0.024676413073843	0.029704814228512882
DOGE/USDT	2024-09-15 01:15:00+00:00	[0.10,0.25)	0.006401204932693213	0.010731431798926876	0.017603313564906305	0.04763249552857003
DOGE/USDT	2024-09-16 01:15:00+00:00	[0.75,1.00]	0.01676799372425969	0.02196509119435189	0.02980976662090607	0.04559717591684646
DOGE/USDT	2024-09-17 01:15:00+00:00	[0.25,0.50)	0.005453443748737617	0.016663300343364964	0.025045445364572774	0.03837608563926478
DOGE/USDT	2024-09-18 01:15:00+00:00	[0.25,0.50)	0.005468283953072131	0.013819844899582445	0.024358719427321474	0.06213959037582016
DOGE/USDT	2024-09-19 01:15:00+00:00	[0.75,1.00]	0.008281174771304764	0.012518054886856134	0.01945113143957639	0.03562831006259036
DOGE/USDT	2024-09-20 01:15:00+00:00	[0.75,1.00]	0.00722125938763721	0.03495089543616415	0.03495089543616415	0.03591373002118234
DOGE/USDT	2024-09-21 01:15:00+00:00	[0.10,0.25)	0.009151572926596784	0.01105815061963783	0.027264061010486194	0.061487130600572086
DOGE/USDT	2024-09-22 01:15:00+00:00	[0.50,0.75)	0.01007602821287903	0.01850325180910501	0.03691490336172934	0.05312814875881652
DOGE/USDT	2024-09-23 01:15:00+00:00	[0.75,1.00]	0.010137648809523751	0.022414434523809482	0.029575892857142877	0.029854910714285626
DOGE/USDT	2024-09-24 01:15:00+00:00	[0.50,0.75)	0.012022367194780982	0.01882572227399808	0.03066169617893757	0.03914259086672875
DOGE/USDT	2024-09-25 01:15:00+00:00	[0.50,0.75)	0.00895441389290887	0.013295947901591887	0.026772793053545622	0.03681259044862522
DOGE/USDT	2024-09-26 01:15:00+00:00	[0.75,1.00]	0.016079561297518315	0.023608142020633893	0.07705177061065147	0.1275211450878334
DOGE/USDT	2024-09-27 01:15:00+00:00	[0.75,1.00]	0.013329958660254772	0.03956804184594617	0.07601451109423767	0.09913102168227463
DOGE/USDT	2024-09-28 01:15:00+00:00	[0.10,0.25)	0.009552095039332019	0.021191202440198984	0.053780703162626405	0.09632364745545029
DOGE/USDT	2024-09-29 01:15:00+00:00	[0.75,1.00]	0.015353440885355774	0.018003273322422308	0.04294287273010678	0.06562232094146984
DOGE/USDT	2024-09-30 01:15:00+00:00	[0.75,1.00]	0.020556227327690423	0.029262394195888823	0.04151551793631602	0.08891575977428455
DOGE/USDT	2024-10-01 01:15:00+00:00	[0.75,1.00]	0.013807890222984566	0.026929674099485455	0.03464837049742712	0.14365351629502573
DOGE/USDT	2024-10-02 01:15:00+00:00	[0.50,0.75)	0.008975663921532328	0.013879892662163424	0.04774683075784212	0.06736374572036638
DOGE/USDT	2024-10-03 01:15:00+00:00	[0.50,0.75)	0.009305385844534306	0.012219193533226896	0.05376445154619798	0.05376445154619798
DOGE/USDT	2024-10-04 01:15:00+00:00	[0.25,0.50)	0.00977351752654825	0.019359082792970644	0.0414434733577671	0.043792876609341204
DOGE/USDT	2024-10-05 01:15:00+00:00	[0.10,0.25)	0.0065813528336380114	0.01855575868372947	0.023308957952468106	0.025319926873857482
DOGE/USDT	2024-10-06 01:15:00+00:00	[0.50,0.75)	0.005001364008365872	0.014731290351914126	0.01773210875693365	0.05546967354733104
DOGE/USDT	2024-10-07 01:15:00+00:00	[0.75,1.00]	0.01288343558282208	0.01971954425942158	0.04399649430324274	0.06652059596844873
DOGE/USDT	2024-10-08 01:15:00+00:00	[0.75,1.00]	0.011761462831939754	0.017090875677662414	0.03408986492695033	0.04254341633740692
DOGE/USDT	2024-10-09 01:15:00+00:00	[0.25,0.50)	0.008559595029912565	0.009756097560975532	0.027519558214450002	0.05016106764841243
DOGE/USDT	2024-10-10 01:15:00+00:00	[0.25,0.50)	0.008245321474893477	0.009820270520659676	0.030201964054104125	0.051324810079673926
DOGE/USDT	2024-10-11 01:15:00+00:00	[0.50,0.75)	0.01510288842741165	0.024259014536530135	0.03133849348687927	0.055880687181423395
DOGE/USDT	2024-10-12 01:15:00+00:00	[0.00,0.05)	0.005767844268204774	0.017393655371304984	0.025775054073540027	0.025775054073540027
DOGE/USDT	2024-10-13 01:15:00+00:00	[0.10,0.25)	0.004156501310201393	0.013463449896087389	0.014367037137435566	0.03108340110237642
DOGE/USDT	2024-10-14 01:15:00+00:00	[0.50,0.75)	0.012927137949737847	0.03869101428313137	0.03995660820828054	0.0904899656481648
DOGE/USDT	2024-10-15 01:15:00+00:00	[0.75,1.00]	0.013272077590607502	0.024587374510804862	0.05342862004424032	0.07342181385060416
DOGE/USDT	2024-10-16 01:15:00+00:00	[0.75,1.00]	0.014617883398871628	0.03188579244315265	0.1081381432723542	0.12113181740468446
DOGE/USDT	2024-10-17 01:15:00+00:00	[0.75,1.00]	0.013872086458585476	0.019275748044197138	0.03734172110654081	0.12089684651988065
DOGE/USDT	2024-10-18 01:15:00+00:00	[0.75,1.00]	0.01589187583543742	0.0370562899153423	0.03972968958859345	0.07195900787167685
DOGE/USDT	2024-10-19 01:15:00+00:00	[0.50,0.75)	0.04789312868613655	0.04789312868613655	0.04789312868613655	0.054643643857031216
DOGE/USDT	2024-10-20 01:15:00+00:00	[0.75,1.00]	0.016551435156086394	0.018646553530274498	0.04748934981493121	0.06725329981143933
DOGE/USDT	2024-10-21 01:15:00+00:00	[0.75,1.00]	0.017117425539198917	0.03813762410133529	0.053543307086614124	0.07935638479972604
DOGE/USDT	2024-10-22 01:15:00+00:00	[0.50,0.75)	0.022786547700755097	0.03253260123541539	0.0579958819492108	0.08229238160603981
DOGE/USDT	2024-10-23 01:15:00+00:00	[0.50,0.75)	0.010997699827487087	0.020054629097182395	0.03601207590569283	0.07238355376653266
DOGE/USDT	2024-10-24 01:15:00+00:00	[0.75,1.00]	0.015759110735894328	0.021246658224286077	0.04221190375685947	0.05304629238778663
DOGE/USDT	2024-10-25 01:15:00+00:00	[0.25,0.50)	0.009926444333357156	0.01778190387774043	0.03042205241733924	0.09412268799542974
DOGE/USDT	2024-10-26 01:15:00+00:00	[0.75,1.00]	0.01491862567811942	0.025015069318866916	0.03285111512959616	0.053044002411091154
DOGE/USDT	2024-10-27 01:15:00+00:00	[0.10,0.25)	0.0175811295875761	0.0175811295875761	0.03098674089810279	0.07318145190828511
DOGE/USDT	2024-10-28 01:15:00+00:00	[0.75,1.00]	0.03132734601513323	0.03677250548051752	0.0562195035711759	0.19659147160738272
DOGE/USDT	2024-10-29 01:15:00+00:00	[0.75,1.00]	0.018619409686882603	0.03478417050829198	0.03478417050829198	0.09884451894869183
DOGE/USDT	2024-10-30 01:15:00+00:00	[0.50,0.75)	0.026277877024145573	0.030196507808448077	0.0621794502391517	0.07733533106667428
DOGE/USDT	2024-10-31 01:15:00+00:00	[0.25,0.50)	0.025395332431955735	0.025395332431955735	0.029157603903356605	0.10099347481041679
DOGE/USDT	2024-11-01 01:15:00+00:00	[0.75,1.00]	0.03384710234278665	0.03384710234278665	0.0570283600493217	0.09155363748458693
DOGE/USDT	2024-11-02 01:15:00+00:00	[0.75,1.00]	0.01930477963997518	0.02700186219739288	0.0504655493482309	0.05127250155183127
DOGE/USDT	2024-11-03 01:15:00+00:00	[0.25,0.50)	0.037695138977027545	0.061492575199898494	0.06307907094808989	0.0983627363878664
DOGE/USDT	2024-11-04 01:15:00+00:00	[0.50,0.75)	0.011388322032782448	0.030873543545520375	0.06898821670726099	0.1129616220130341
DOGE/USDT	2024-11-05 01:15:00+00:00	[0.75,1.00]	0.01956035767511169	0.022975658221559746	0.07836562344759061	0.16697714853452558
DOGE/USDT	2024-11-06 01:15:00+00:00	[0.75,1.00]	0.053829658547313974	0.2214218947599934	0.2214218947599934	0.2214218947599934
DOGE/USDT	2024-11-07 01:15:00+00:00	[0.75,1.00]	0.028938424630148025	0.062475009996001654	0.07901839264294278	0.09496201519392251
DOGE/USDT	2024-11-08 01:15:00+00:00	[0.75,1.00]	0.017564583226336635	0.03851882286477329	0.05752144214472814	0.08458733501104213
DOGE/USDT	2024-11-09 01:15:00+00:00	[0.75,1.00]	0.0197506234413966	0.026483790523690817	0.07640897755610972	0.15466334164588533
DOGE/USDT	2024-11-10 01:15:00+00:00	[0.75,1.00]	0.028867538475224608	0.043101147584734475	0.11240103193666039	0.3326216528778578
DOGE/USDT	2024-11-11 01:15:00+00:00	[0.75,1.00]	0.048397490249279314	0.08502628455146698	0.10503645921655078	0.3188061726301508
DOGE/USDT	2024-11-12 01:15:00+00:00	[0.75,1.00]	0.024435249384925143	0.22033661373294564	0.2666908968910759	0.2754417356296132
DOGE/USDT	2024-11-13 01:15:00+00:00	[0.75,1.00]	0.05109413973102934	0.11517395664583814	0.12263107819691932	0.21314510529969904
DOGE/USDT	2024-11-14 01:15:00+00:00	[0.75,1.00]	0.025974025974025927	0.03908911601219292	0.07477138246369014	0.16504008811701115
DOGE/USDT	2024-11-15 01:15:00+00:00	[0.75,1.00]	0.023302245439378682	0.05910346525175729	0.07756475125126508	0.08858682274430443
DOGE/USDT	2024-11-16 01:15:00+00:00	[0.25,0.50)	0.01861408035385188	0.02577536727923759	0.0628192301616555	0.0833552735506293
DOGE/USDT	2024-11-17 01:15:00+00:00	[0.25,0.50)	0.06918170120732597	0.06918170120732597	0.09800969146111096	0.09800969146111096
DOGE/USDT	2024-11-18 01:15:00+00:00	[0.25,0.50)	0.015954988991873125	0.027479546628251496	0.06360251148378689	0.06360251148378689
DOGE/USDT	2024-11-19 01:15:00+00:00	[0.10,0.25)	0.016025641025640906	0.0637793578970049	0.09822775263951736	0.13593514328808434
DOGE/USDT	2024-11-20 01:15:00+00:00	[0.25,0.50)	0.020072228619281925	0.034413273317282514	0.05210405108342924	0.08384800586203275
DOGE/USDT	2024-11-21 01:15:00+00:00	[0.25,0.50)	0.031211734361566292	0.05601438136675095	0.06070395748117653	0.0698486309043066
DOGE/USDT	2024-11-22 01:15:00+00:00	[0.00,0.05)	0.021322017130509567	0.05586941240790407	0.0942178021920804	0.10314753586212294
DOGE/USDT	2024-11-23 01:15:00+00:00	[0.50,0.75)	0.013662276390800102	0.18665225083546289	0.18665225083546289	0.18665225083546289
DOGE/USDT	2024-11-24 01:15:00+00:00	[0.50,0.75)	0.02555823982298886	0.047684631189180704	0.12528504662346748	0.12528504662346748
DOGE/USDT	2024-11-25 01:15:00+00:00	[0.25,0.50)	0.022504397272486362	0.03322651374599432	0.058116280750789034	0.1369780497795339
DOGE/USDT	2024-11-26 01:15:00+00:00	[0.50,0.75)	0.007623041815714906	0.01680029604045896	0.10805476748488962	0.10805476748488962
DOGE/USDT	2024-11-27 01:15:00+00:00	[0.10,0.25)	0.01893469725149825	0.023739408968795287	0.03696528208307513	0.06318454226079778
DOGE/USDT	2024-11-28 01:15:00+00:00	[0.10,0.25)	0.04821204439741096	0.06339674648684568	0.08409420914035384	0.09268328698348625
DOGE/USDT	2024-11-29 01:15:00+00:00	[0.05,0.10)	0.0151488812178707	0.01894851863809067	0.039138748851416785	0.09263168351255371
DOGE/USDT	2024-11-30 01:15:00+00:00	[0.25,0.50)	0.009874134526160478	0.02591068072045495	0.05213067167907883	0.05524756715601137
DOGE/USDT	2024-12-01 01:15:00+00:00	[0.25,0.50)	0.027177829958384622	0.038313998093599595	0.038313998093599595	0.0862994908516031
DOGE/USDT	2024-12-02 01:15:00+00:00	[0.25,0.50)	0.028217909916325497	0.06725120170909732	0.14080024924336834	0.14080024924336834
DOGE/USDT	2024-12-03 01:15:00+00:00	[0.00,0.05)	0.014116858879264874	0.02474039335789817	0.04574819352060111	0.09838732832463988
DOGE/USDT	2024-12-04 01:15:00+00:00	[0.10,0.25)	0.023221046032167122	0.02558414313616746	0.03877408309421037	0.08815798992066741
DOGE/USDT	2024-12-05 01:15:00+00:00	[0.50,0.75)	0.0233182554848697	0.13151592849713367	0.13151592849713367	0.13151592849713367
DOGE/USDT	2024-12-06 01:15:00+00:00	[0.50,0.75)	0.015875920757652016	0.017362858580775006	0.04904607219655022	0.04966372329230899
DOGE/USDT	2024-12-07 01:15:00+00:00	[0.00,0.05)	0.009964412811387798	0.01630122833199402	0.05377109401905636	0.08687865916657096
DOGE/USDT	2024-12-08 01:15:00+00:00	[0.10,0.25)	0.011649228777909644	0.055204400819760545	0.0827095243231582	0.0827095243231582
DOGE/USDT	2024-12-09 01:15:00+00:00	[0.10,0.25)	0.02254806125773868	0.033561420658194896	0.07628977951558594	0.1746062778320843
DOGE/USDT	2024-12-10 01:15:00+00:00	[0.25,0.50)	0.031000561427490393	0.06612639441501697	0.07108160226523796	0.12314789952888923
DOGE/USDT	2024-12-11 01:15:00+00:00	[0.50,0.75)	0.023063856892616464	0.04681777164393012	0.08110833908381557	0.1167524815542227
DOGE/USDT	2024-12-12 01:15:00+00:00	[0.10,0.25)	0.010892027910821618	0.03666334394981896	0.04364104933018896	0.06294522379713591
DOGE/USDT	2024-12-13 01:15:00+00:00	[0.10,0.25)	0.013134566883911371	0.0223986815491798	0.024596099582990052	0.03625739755786945
DOGE/USDT	2024-12-14 01:15:00+00:00	[0.10,0.25)	0.010450258225638243	0.011492859394321514	0.04708677836238875	0.061998399728438715
DOGE/USDT	2024-12-15 01:15:00+00:00	[0.25,0.50)	0.009258793337694401	0.015221657525285563	0.028430533890202732	0.056861067780405464
DOGE/USDT	2024-12-16 01:15:00+00:00	[0.50,0.75)	0.01440936242837979	0.022406436669511094	0.04810435206631713	0.05249299036937704
DOGE/USDT	2024-12-17 01:15:00+00:00	[0.25,0.50)	0.00925763755097951	0.018064903545424987	0.02917406860660045	0.05204293542172302
DOGE/USDT	2024-12-18 01:15:00+00:00	[0.25,0.50)	0.019343731010735356	0.03916852339477426	0.04575146850313964	0.113403889001418
DOGE/USDT	2024-12-19 01:15:00+00:00	[0.10,0.25)	0.047010332247194156	0.06728493051494142	0.07513855237140392	0.18751218425376667
DOGE/USDT	2024-12-20 01:15:00+00:00	[0.50,0.75)	0.04219382389496169	0.06007202269033423	0.21323177921539874	0.2233978138245323
DOGE/USDT	2024-12-21 01:15:00+00:00	[0.75,1.00]	0.02118942057789326	0.03354227182388008	0.10405136829231006	0.11022779391530338
DOGE/USDT	2024-12-22 01:15:00+00:00	[0.25,0.50)	0.021404056162246592	0.04882995319812791	0.05953198127925113	0.0680187207488299
DOGE/USDT	2024-12-23 01:15:00+00:00	[0.25,0.50)	0.03411160249739854	0.059475806451612996	0.059475806451612996	0.08210848074921955
DOGE/USDT	2024-12-24 01:15:00+00:00	[0.25,0.50)	0.019717873197953907	0.023748256084328012	0.029142768563013545	0.0754301658657573
DOGE/USDT	2024-12-25 01:15:00+00:00	[0.25,0.50)	0.018201221319736702	0.020305922807849715	0.04108614454259809	0.04956423786091188
DOGE/USDT	2024-12-26 01:15:00+00:00	[0.10,0.25)	0.01126132907771511	0.029990063533166793	0.05955857998855806	0.0764505736051309
DOGE/USDT	2024-12-27 01:15:00+00:00	[0.05,0.10)	0.015150059254988668	0.016078921238909787	0.051728003587329034	0.051728003587329034
DOGE/USDT	2024-12-28 01:15:00+00:00	[0.00,0.05)	0.011444508559338214	0.012951208565749786	0.023049304353401214	0.0518368917099441
DOGE/USDT	2024-12-29 01:15:00+00:00	[0.00,0.05)	0.006294183306461542	0.01671214188267379	0.026758030509735742	0.05512836413245696
DOGE/USDT	2024-12-30 01:15:00+00:00	[0.10,0.25)	0.016661456705220384	0.021913097843075838	0.02413254141919351	0.05189121600500157
DOGE/USDT	2024-12-31 01:15:00+00:00	[0.50,0.75)	0.011271314344433247	0.01592755531293139	0.05513631546835349	0.06358177322500877
BNB/USDT	2023-01-01 00:00:00+00:00	[0.25,0.50)	0.004878048780487759	0.008130081300813009	0.013414634146341394	0.013414634146341394
BNB/USDT	2023-01-02 00:00:00+00:00	[0.25,0.50)	0.013928717738631732	0.013928717738631732	0.02949610815239663	0.02949610815239663
BNB/USDT	2023-01-03 00:00:00+00:00	[0.50,0.75)	0.003256003256003187	0.006919006919006873	0.010175010175010175	0.010582010582010559
BNB/USDT	2023-01-04 00:00:00+00:00	[0.10,0.25)	0.004878048780487874	0.05406504065040643	0.05406504065040643	0.06260162601626018
BNB/USDT	2023-01-05 00:00:00+00:00	[0.50,0.75)	0.008504058755315213	0.008504058755315213	0.013915732508697312	0.015461925009663703
BNB/USDT	2023-01-06 00:00:00+00:00	[0.25,0.50)	0.005064277366575814	0.008180755746007101	0.013634592910011687	0.025321386832878847
BNB/USDT	2023-01-07 00:00:00+00:00	[0.25,0.50)	0.016551193225557946	0.016551193225557946	0.016551193225557946	0.016551193225557946
BNB/USDT	2023-01-08 00:00:00+00:00	[0.10,0.25)	0.006498470948012188	0.006498470948012188	0.006498470948012188	0.06269113149847086
BNB/USDT	2023-01-09 00:00:00+00:00	[0.75,1.00]	0.01850507982583442	0.026850507982583368	0.026850507982583368	0.04426705370101592
BNB/USDT	2023-01-10 00:00:00+00:00	[0.75,1.00]	0.010226442658875132	0.02227903579254939	0.024470416362308213	0.03140978816654501
BNB/USDT	2023-01-11 00:00:00+00:00	[0.50,0.75)	0.0050505050505049685	0.014069264069263988	0.01659451659451647	0.04906204906204894
BNB/USDT	2023-01-12 00:00:00+00:00	[0.75,1.00]	0.014742014742014703	0.014742014742014703	0.022113022113022154	0.035451035451035534
BNB/USDT	2023-01-13 00:00:00+00:00	[0.25,0.50)	0.007309432648799244	0.016011138183083962	0.020884093282283328	0.03863557257222423
BNB/USDT	2023-01-14 00:00:00+00:00	[0.75,1.00]	0.03758889265154088	0.052827632915679046	0.06772773450728073	0.06772773450728073
BNB/USDT	2023-01-15 00:00:00+00:00	[0.50,0.75)	0.01964636542239686	0.03536345776031438	0.046496398166339194	0.046496398166339194
BNB/USDT	2023-01-16 00:00:00+00:00	[0.25,0.50)	0.017839444995044525	0.026428807400066073	0.03997357119260001	0.049554013875123884
BNB/USDT	2023-01-17 00:00:00+00:00	[0.25,0.50)	0.021688355021688355	0.021688355021688355	0.027027027027027105	0.03636970303636982
BNB/USDT	2023-01-18 00:00:00+00:00	[0.75,1.00]	0.008366800535475234	0.022757697456492674	0.022757697456492674	0.08099062918340022
BNB/USDT	2023-01-19 00:00:00+00:00	[0.75,1.00]	0.011138183083884598	0.016011138183083962	0.01949182039679785	0.03271841280891047
BNB/USDT	2023-01-20 00:00:00+00:00	[0.25,0.50)	0.004758667573079461	0.01087695445275319	0.03365057783820523	0.06424201223657368
BNB/USDT	2023-01-21 00:00:00+00:00	[0.75,1.00]	0.01789264413518898	0.01789264413518898	0.03379721669980115	0.03810470510271703
BNB/USDT	2023-01-22 00:00:00+00:00	[0.75,1.00]	0.004655803126039355	0.009976720984369804	0.015297638842700441	0.04256734286664435
BNB/USDT	2023-01-23 00:00:00+00:00	[0.75,1.00]	0.010194015126603164	0.01644195988161789	0.01644195988161789	0.023018743834265044
BNB/USDT	2023-01-24 00:00:00+00:00	[0.25,0.50)	0.009511315185306771	0.06264348966874393	0.06264348966874393	0.07969826172515583
BNB/USDT	2023-01-25 00:00:00+00:00	[0.75,1.00]	0.014299966744263424	0.029597605586963865	0.03624875290987707	0.06850681742600606
BNB/USDT	2023-01-26 00:00:00+00:00	[0.75,1.00]	0.007147498375568514	0.015269655620532776	0.02241715399610129	0.025666016894086995
BNB/USDT	2023-01-27 00:00:00+00:00	[0.25,0.50)	0.01049524434240731	0.0203345359134142	0.024270252541816917	0.03837323712692683
BNB/USDT	2023-01-28 00:00:00+00:00	[0.25,0.50)	0.00778715120051907	0.012329656067488497	0.023685918234912434	0.03244646333549643
BNB/USDT	2023-01-29 00:00:00+00:00	[0.25,0.50)	0.016704880445463366	0.021290533901080905	0.04323616115296426	0.051424828037995376
BNB/USDT	2023-01-30 00:00:00+00:00	[0.25,0.50)	0.012913385826771725	0.021102362204724372	0.05165354330708672	0.05921259842519688
BNB/USDT	2023-01-31 00:00:00+00:00	[0.25,0.50)	0.016028786391887397	0.021916912005233852	0.029767746156362337	0.029767746156362337
BNB/USDT	2023-02-01 00:00:00+00:00	[0.25,0.50)	0.007348242811501634	0.009584664536741214	0.029073482428114906	0.04408945686900944
BNB/USDT	2023-02-02 00:00:00+00:00	[0.75,1.00]	0.01798107255520501	0.035331230283911635	0.05615141955835948	0.05615141955835948
BNB/USDT	2023-02-03 00:00:00+00:00	[0.75,1.00]	0.009544334975369528	0.027709359605911327	0.048645320197044366	0.052955665024630505
BNB/USDT	2023-02-04 00:00:00+00:00	[0.25,0.50)	0.008144796380090635	0.015987933634992492	0.021417797888386193	0.021417797888386193
BNB/USDT	2023-02-05 00:00:00+00:00	[0.05,0.10)	0.006357856494096172	0.01755979412655148	0.027853466545564604	0.04178019981834699
BNB/USDT	2023-02-06 00:00:00+00:00	[0.25,0.50)	0.003944174757281587	0.01759708737864081	0.028519417475728257	0.03276699029126217
BNB/USDT	2023-02-07 00:00:00+00:00	[0.50,0.75)	0.006453595574677216	0.012292562999385373	0.02519975414873998	0.03103872157344796
BNB/USDT	2023-02-08 00:00:00+00:00	[0.25,0.50)	0.010513667768098528	0.013517572844698109	0.020126164013217148	0.036647641934514835
BNB/USDT	2023-02-09 00:00:00+00:00	[0.25,0.50)	0.005499541704857963	0.03880232202871979	0.03880232202871979	0.08340971585701194
BNB/USDT	2023-02-10 00:00:00+00:00	[0.75,1.00]	0.007504078303425812	0.009461663947797643	0.021859706362153307	0.021859706362153307
BNB/USDT	2023-02-11 00:00:00+00:00	[0.50,0.75)	0.008519003931847857	0.011795543905635537	0.013106159895150722	0.020642201834862237
BNB/USDT	2023-02-12 00:00:00+00:00	[0.25,0.50)	0.003870967741935447	0.013548387096774157	0.013548387096774157	0.04838709677419355
BNB/USDT	2023-02-13 00:00:00+00:00	[0.75,1.00]	0.012512030798844971	0.02213666987487962	0.08758421559191534	0.10555020853384658
BNB/USDT	2023-02-14 00:00:00+00:00	[0.75,1.00]	0.00990775538093623	0.014349162965493642	0.016740690126409215	0.04065596173556535
BNB/USDT	2023-02-15 00:00:00+00:00	[0.25,0.50)	0.00474415452389013	0.011860386309725517	0.03253134530667578	0.08573364961030162
BNB/USDT	2023-02-16 00:00:00+00:00	[0.75,1.00]	0.03602756892230576	0.03602756892230576	0.03602756892230576	0.07832080200501254
BNB/USDT	2023-02-17 00:00:00+00:00	[0.75,1.00]	0.012147078135259318	0.024622455679579776	0.026263952724885093	0.04760341431385423
BNB/USDT	2023-02-18 00:00:00+00:00	[0.50,0.75)	0.008277618592804912	0.008595988538681912	0.01910219675262655	0.01910219675262655
BNB/USDT	2023-02-19 00:00:00+00:00	[0.10,0.25)	0.01077313054499359	0.014258555133079847	0.015842839036755384	0.027249683143219156
BNB/USDT	2023-02-20 00:00:00+00:00	[0.10,0.25)	0.020153550863723644	0.028150991682661584	0.03774792066538711	0.03774792066538711
BNB/USDT	2023-02-21 00:00:00+00:00	[0.10,0.25)	0.005386565272496795	0.00982256020278841	0.02027883396704682	0.025665399239543616
BNB/USDT	2023-02-22 00:00:00+00:00	[0.50,0.75)	0.009303817773500088	0.02181584857234506	0.0253448829002245	0.03111966634584533
BNB/USDT	2023-02-23 00:00:00+00:00	[0.75,1.00]	0.00576368876080677	0.015369836695485146	0.03041946845981428	0.03041946845981428
BNB/USDT	2023-02-24 00:00:00+00:00	[0.10,0.25)	0.008425145819831571	0.011341542449773168	0.014906027219701952	0.04374594944912508
BNB/USDT	2023-02-25 00:00:00+00:00	[0.25,0.50)	0.0039695666556402425	0.009593119417796815	0.010585511081706876	0.02480979159775058
BNB/USDT	2023-02-26 00:00:00+00:00	[0.75,1.00]	0.0029860650298607636	0.009953550099535502	0.010285335102853427	0.03019243530192443
BNB/USDT	2023-02-27 00:00:00+00:00	[0.05,0.10)	0.0025974025974026343	0.006168831168831095	0.018831168831168685	0.028896103896103822
BNB/USDT	2023-02-28 00:00:00+00:00	[0.25,0.50)	0.00361723117395601	0.0072344623479118336	0.015455442288720776	0.018743834265044355
BNB/USDT	2023-03-01 00:00:00+00:00	[0.10,0.25)	0.004975124378109453	0.013598673300165913	0.019568822553897105	0.019568822553897105
BNB/USDT	2023-03-02 00:00:00+00:00	[0.10,0.25)	0.006609385327164573	0.0191672174487773	0.02346331791143431	0.026437541308658292
BNB/USDT	2023-03-03 00:00:00+00:00	[0.00,0.05)	0.004006677796327174	0.04307178631051745	0.04307178631051745	0.04307178631051745
BNB/USDT	2023-03-04 00:00:00+00:00	[0.25,0.50)	0.0037839697282422524	0.0058479532163742305	0.008599931200550396	0.019607843137254864
BNB/USDT	2023-03-05 00:00:00+00:00	[0.50,0.75)	0.005874222529371074	0.016586040082930242	0.016586040082930242	0.018659295093296595
BNB/USDT	2023-03-06 00:00:00+00:00	[0.25,0.50)	0.007633587786259503	0.01630811936155444	0.022206800832754954	0.022206800832754954
BNB/USDT	2023-03-07 00:00:00+00:00	[0.05,0.10)	0.0059068797776235075	0.00938151494093136	0.014940931202223805	0.02466990965948583
BNB/USDT	2023-03-08 00:00:00+00:00	[0.50,0.75)	0.003795721187025613	0.006901311249137336	0.019323671497584422	0.0317460317460317
BNB/USDT	2023-03-09 00:00:00+00:00	[0.75,1.00]	0.009739130434782648	0.017043478260869487	0.017043478260869487	0.07026086956521735
BNB/USDT	2023-03-10 00:00:00+00:00	[0.75,1.00]	0.0145032632342277	0.017766497461929057	0.04205946337926041	0.0474981870920958
BNB/USDT	2023-03-11 00:00:00+00:00	[0.25,0.50)	0.00756756756756765	0.01729729729729734	0.03819819819819828	0.04072072072072076
BNB/USDT	2023-03-12 00:00:00+00:00	[0.50,0.75)	0.01456664238892935	0.01456664238892935	0.014930808448652461	0.056809905316824554
BNB/USDT	2023-03-13 00:00:00+00:00	[0.75,1.00]	0.015635858234885336	0.03161917998610134	0.07956914523974974	0.09728978457261987
BNB/USDT	2023-03-14 00:00:00+00:00	[0.50,0.75)	0.009111617312072745	0.010413276928083269	0.020826553856166538	0.05694760820045558
BNB/USDT	2023-03-15 00:00:00+00:00	[0.50,0.75)	0.014318255776114472	0.017246989912137828	0.02896192645623162	0.04132769280833058
BNB/USDT	2023-03-16 00:00:00+00:00	[0.25,0.50)	0.011760862463247193	0.03495589676576278	0.06239790918000642	0.09800718719372753
BNB/USDT	2023-03-17 00:00:00+00:00	[0.50,0.75)	0.013085818624467472	0.025258673158855785	0.035605599513085784	0.04564820450395617
BNB/USDT	2023-03-18 00:00:00+00:00	[0.75,1.00]	0.02064896755162242	0.020943952802359948	0.024483775811209474	0.053982300884955786
BNB/USDT	2023-03-19 00:00:00+00:00	[0.75,1.00]	0.0105010501050105	0.012901290129012935	0.0195019501950195	0.029402940294029435
BNB/USDT	2023-03-20 00:00:00+00:00	[0.50,0.75)	0.010723860589812232	0.01757521596663681	0.021745606196008207	0.023235031277926754
BNB/USDT	2023-03-21 00:00:00+00:00	[0.50,0.75)	0.010836845273931436	0.012341962673088569	0.027092113184828417	0.0385310054184225
BNB/USDT	2023-03-22 00:00:00+00:00	[0.50,0.75)	0.008984725965858042	0.014375561545372902	0.05300988319856241	0.07038035339922133
BNB/USDT	2023-03-23 00:00:00+00:00	[0.75,1.00]	0.006864274570982804	0.010608424336973586	0.022776911076443092	0.04118564742589718
BNB/USDT	2023-03-24 00:00:00+00:00	[0.05,0.10)	0.004247572815533911	0.009708737864077634	0.025485436893203813	0.03974514563106803
BNB/USDT	2023-03-25 01:15:00+00:00	[0.50,0.75)	0.006184291898577613	0.007730364873222016	0.007730364873222016	0.018243661100803887
BNB/USDT	2023-03-26 01:15:00+00:00	[0.05,0.10)	0.0024744819053511024	0.0030931023816888337	0.014846891432106437	0.02010516548097742
BNB/USDT	2023-03-27 01:15:00+00:00	[0.25,0.50)	0.004270896888346483	0.005796217205613109	0.012812690665039624	0.07291031116534483
BNB/USDT	2023-03-28 01:15:00+00:00	[0.50,0.75)	0.009357857373346351	0.018715714746692518	0.018715714746692518	0.029041626331074544
BNB/USDT	2023-03-29 01:15:00+00:00	[0.10,0.25)	0.004137492043284568	0.007956715467854869	0.02387014640356461	0.02768936982813491
BNB/USDT	2023-03-30 01:15:00+00:00	[0.25,0.50)	0.011171401212894989	0.029364826045323932	0.03734439834024893	0.03734439834024893
BNB/USDT	2023-03-31 01:15:00+00:00	[0.05,0.10)	0.0037807183364840756	0.005040957781978648	0.01890359168241966	0.025204788909892882
BNB/USDT	2023-04-01 01:15:00+00:00	[0.10,0.25)	0.006618342262842807	0.014812480302552753	0.017018594390166963	0.018909549322407817
BNB/USDT	2023-04-02 01:15:00+00:00	[0.00,0.05)	0.002861685214626319	0.006041335453100087	0.008585055643879137	0.017488076311605722
BNB/USDT	2023-04-03 01:15:00+00:00	[0.10,0.25)	0.011516314779270705	0.011516314779270705	0.016634676903390877	0.04606525911708246
BNB/USDT	2023-04-04 01:15:00+00:00	[0.75,1.00]	0.0064495324089003546	0.0064495324089003546	0.014511447920025797	0.018381167365365974
BNB/USDT	2023-04-05 01:15:00+00:00	[0.25,0.50)	0.0031887755102040813	0.0063775510204081625	0.012117346938775546	0.019451530612244968
BNB/USDT	2023-04-06 01:15:00+00:00	[0.25,0.50)	0.005769230769230806	0.012499999999999928	0.014743589743589634	0.014743589743589634
BNB/USDT	2023-04-07 01:15:00+00:00	[0.00,0.05)	0.002241434518091542	0.004482869036183084	0.008645533141210337	0.008645533141210337
BNB/USDT	2023-04-08 01:15:00+00:00	[0.00,0.05)	0.00160926939169617	0.004505954296749203	0.005793369810106066	0.008368200836819974
BNB/USDT	2023-04-09 01:15:00+00:00	[0.05,0.10)	0.002892030848328976	0.003213367609254499	0.008033419023136246	0.013496143958868858
BNB/USDT	2023-04-10 01:15:00+00:00	[0.10,0.25)	0.002243589743589889	0.004166666666666703	0.004487179487179596	0.024679487179487144
BNB/USDT	2023-04-11 01:15:00+00:00	[0.75,1.00]	0.013471177944862014	0.02756892230576427	0.043546365914786896	0.043546365914786896
BNB/USDT	2023-04-12 01:15:00+00:00	[0.50,0.75)	0.01211932877563697	0.016159105034182688	0.016159105034182688	0.016159105034182688
BNB/USDT	2023-04-13 01:15:00+00:00	[0.10,0.25)	0.0031357792411414237	0.004703668861712136	0.02226403261210418	0.04264659767952344
BNB/USDT	2023-04-14 01:15:00+00:00	[0.75,1.00]	0.00786924939467302	0.0187651331719128	0.020883777239709377	0.03722760290556904
BNB/USDT	2023-04-15 01:15:00+00:00	[0.25,0.50)	0.004894463138574557	0.009177118384827165	0.023248699908228886	0.027531355154481494
BNB/USDT	2023-04-16 01:15:00+00:00	[0.50,0.75)	0.004528985507246377	0.0072463768115941345	0.038043478260869464	0.05706521739130428
BNB/USDT	2023-04-17 01:15:00+00:00	[0.75,1.00]	0.012727798669366602	0.015331212033555138	0.03153022852183968	0.03760485970494649
BNB/USDT	2023-04-18 01:15:00+00:00	[0.50,0.75)	0.006512729425695644	0.02072232089994079	0.026346950858496084	0.026346950858496084
BNB/USDT	2023-04-19 01:15:00+00:00	[0.25,0.50)	0.006404657933042345	0.010480349344978232	0.05414847161572059	0.06841339155749636
BNB/USDT	2023-04-20 01:15:00+00:00	[0.75,1.00]	0.0076994148444718205	0.015090853095164699	0.01786264243917466	0.035417308284570376
BNB/USDT	2023-04-21 01:15:00+00:00	[0.25,0.50)	0.002512562814070388	0.006909547738693432	0.06061557788944728	0.06061557788944728
BNB/USDT	2023-04-22 01:15:00+00:00	[0.50,0.75)	0.00405489706799754	0.01122894572676239	0.025265127885215292	0.04023705552089842
BNB/USDT	2023-04-23 01:15:00+00:00	[0.50,0.75)	0.0072420036210017425	0.0075437537718768865	0.008449004224502147	0.019312009656004932
BNB/USDT	2023-04-24 01:15:00+00:00	[0.75,1.00]	0.004213060487511387	0.006018657839301836	0.015949443274149898	0.018958772193800814
BNB/USDT	2023-04-25 01:15:00+00:00	[0.10,0.25)	0.003611194703581067	0.007824255191092283	0.011435449894673351	0.034306349684020396
BNB/USDT	2023-04-26 01:15:00+00:00	[0.50,0.75)	0.003842743127401748	0.0062075081288795915	0.026603606266627253	0.06946497191841561
BNB/USDT	2023-04-27 01:15:00+00:00	[0.75,1.00]	0.0066145520144317155	0.008117859290438931	0.019242333132892465	0.02886349969933844
BNB/USDT	2023-04-28 01:15:00+00:00	[0.75,1.00]	0.0070293398533007685	0.009779951100244464	0.031479217603912014	0.031479217603912014
BNB/USDT	2023-04-29 01:15:00+00:00	[0.25,0.50)	0.005590062111801277	0.009627329192546654	0.009627329192546654	0.013664596273291855
BNB/USDT	2023-04-30 01:15:00+00:00	[0.25,0.50)	0.0021813649111874275	0.004985976939856724	0.0068557182923030405	0.059831723278279986
BNB/USDT	2023-05-01 01:15:00+00:00	[0.50,0.75)	0.01569440331655319	0.016878886585727112	0.01984009475866167	0.035534498075214686
BNB/USDT	2023-05-02 01:15:00+00:00	[0.25,0.50)	0.004581551618814905	0.014966401954795462	0.014966401954795462	0.019853390348197924
BNB/USDT	2023-05-03 01:15:00+00:00	[0.50,0.75)	0.004326328800988805	0.0067985166872681965	0.013906056860321384	0.022249690976514355
BNB/USDT	2023-05-04 01:15:00+00:00	[0.50,0.75)	0.004907975460122769	0.006134969325153374	0.009202453987730062	0.01319018404907979
BNB/USDT	2023-05-05 01:15:00+00:00	[0.10,0.25)	0.0077089115016959605	0.0077089115016959605	0.012334258402713537	0.019426456984273855
BNB/USDT	2023-05-06 01:15:00+00:00	[0.10,0.25)	0.00611807892321811	0.008565310492505388	0.014683389415723499	0.02447231569287244
BNB/USDT	2023-05-07 01:15:00+00:00	[0.25,0.50)	0.004944375772558609	0.005253399258343599	0.007107540173053187	0.015760197775030797
BNB/USDT	2023-05-08 01:15:00+00:00	[0.50,0.75)	0.01591263650546029	0.01591263650546029	0.022464898595943802	0.031825273010920405
BNB/USDT	2023-05-09 01:15:00+00:00	[0.50,0.75)	0.0063512226103524935	0.0063512226103524935	0.010161956176563952	0.014607812003810807
BNB/USDT	2023-05-10 01:15:00+00:00	[0.25,0.50)	0.0031918289179699967	0.004787743376954995	0.020427705075007907	0.027768911586338936
BNB/USDT	2023-05-11 01:15:00+00:00	[0.50,0.75)	0.005410566518141275	0.00986632718013993	0.015595162316995472	0.031826861871419476
BNB/USDT	2023-05-12 01:15:00+00:00	[0.25,0.50)	0.0029277813923226327	0.014313597918022048	0.022121014964216045	0.026675341574495737
BNB/USDT	2023-05-13 01:15:00+00:00	[0.50,0.75)	0.004208481709290886	0.006150857882809898	0.008416963418581955	0.010359339592100968
BNB/USDT	2023-05-14 01:15:00+00:00	[0.10,0.25)	0.0038659793814432627	0.009020618556701068	0.012242268041237151	0.017074742268041274
BNB/USDT	2023-05-15 01:15:00+00:00	[0.10,0.25)	0.006072227548737544	0.0070310003195908875	0.010866091403004083	0.016938318951741808
BNB/USDT	2023-05-16 01:15:00+00:00	[0.25,0.50)	0.004172015404364606	0.006418485237483953	0.012195121951219365	0.013157894736841995
BNB/USDT	2023-05-17 01:15:00+00:00	[0.10,0.25)	0.0041693393200770085	0.0041693393200770085	0.016998075689544617	0.023733162283515
BNB/USDT	2023-05-18 01:15:00+00:00	[0.05,0.10)	0.002230720203951525	0.004780114722753346	0.009241555130656396	0.028043339706819485
BNB/USDT	2023-05-19 01:15:00+00:00	[0.50,0.75)	0.0035667963683528627	0.006809338521400852	0.009403372243839097	0.01297016861219196
BNB/USDT	2023-05-20 01:15:00+00:00	[0.10,0.25)	0.002591512795594465	0.0029154518950436584	0.006154842889536694	0.013605442176870711
BNB/USDT	2023-05-21 01:15:00+00:00	[0.10,0.25)	0.00321646831778707	0.0035381151495656672	0.008041170794467676	0.02315857188806705
BNB/USDT	2023-05-22 01:15:00+00:00	[0.50,0.75)	0.0035971223021583477	0.00425114453891436	0.014061478090255106	0.02027468933943769
BNB/USDT	2023-05-23 01:15:00+00:00	[0.10,0.25)	0.004508856682769836	0.01610305958132045	0.01610305958132045	0.01610305958132045
BNB/USDT	2023-05-24 01:15:00+00:00	[0.00,0.05)	0.0015989766549408379	0.01630956188039662	0.01758874320434922	0.034537895746722135
BNB/USDT	2023-05-25 01:15:00+00:00	[0.50,0.75)	0.006600660066006601	0.0072607260726072235	0.01353135313531342	0.014191419141914042
BNB/USDT	2023-05-26 01:15:00+00:00	[0.25,0.50)	0.004293262879788677	0.004293262879788677	0.01915455746367243	0.023447820343461104
BNB/USDT	2023-05-27 01:15:00+00:00	[0.10,0.25)	0.0026118184786157734	0.004244205027750608	0.008161932745674175	0.018282729350310226
BNB/USDT	2023-05-28 01:15:00+00:00	[0.75,1.00]	0.003234152652005175	0.003880983182406173	0.007438551099611938	0.029107373868046574
BNB/USDT	2023-05-29 01:15:00+00:00	[0.75,1.00]	0.003171582619727244	0.009197589597209115	0.013003488740881771	0.02188392007611809
BNB/USDT	2023-05-30 01:15:00+00:00	[0.25,0.50)	0.002244309073421114	0.00609169605642827	0.009297851875601082	0.010900929785187488
BNB/USDT	2023-05-31 01:15:00+00:00	[0.25,0.50)	0.005453962143086265	0.019890920757138237	0.019890920757138237	0.02181584857234524
BNB/USDT	2023-06-01 01:15:00+00:00	[0.50,0.75)	0.0035865666775349394	0.012389957613302754	0.012389957613302754	0.012389957613302754
BNB/USDT	2023-06-02 01:15:00+00:00	[0.25,0.50)	0.003605375286791104	0.01016060308095695	0.010816125860373497	0.01212717141920678
BNB/USDT	2023-06-03 01:15:00+00:00	[0.25,0.50)	0.0019588638589618764	0.011426705843943846	0.014691478942213516	0.01697682011100225
BNB/USDT	2023-06-04 01:15:00+00:00	[0.10,0.25)	0.002286087524493758	0.002286087524493758	0.006531678641410843	0.014696276943174396
BNB/USDT	2023-06-05 01:15:00+00:00	[0.75,1.00]	0.0019756338491931707	0.01712216002634175	0.01712216002634175	0.1050378663154428
BNB/USDT	2023-06-06 01:15:00+00:00	[0.75,1.00]	0.015512265512265349	0.016233766233766236	0.023809523809523687	0.04545454545454554
BNB/USDT	2023-06-07 01:15:00+00:00	[0.75,1.00]	0.004642857142857184	0.00857142857142849	0.04142857142857151	0.09499999999999997
BNB/USDT	2023-06-08 01:15:00+00:00	[0.75,1.00]	0.007246376811594116	0.02059496567505712	0.03966437833714713	0.03966437833714713
BNB/USDT	2023-06-09 01:15:00+00:00	[0.75,1.00]	0.018341612533435057	0.020252197172334563	0.03324417271685132	0.03324417271685132
BNB/USDT	2023-06-10 01:15:00+00:00	[0.75,1.00]	0.014236244709503612	0.12273951519815317	0.12273951519815317	0.12273951519815317
BNB/USDT	2023-06-11 01:15:00+00:00	[0.75,1.00]	0.008417508417508417	0.01641414141414144	0.01641414141414144	0.02146464646464644
BNB/USDT	2023-06-12 01:15:00+00:00	[0.75,1.00]	0.03498293515358369	0.04991467576791816	0.08063139931740616	0.08063139931740616
BNB/USDT	2023-06-13 01:15:00+00:00	[0.75,1.00]	0.008196721311475435	0.022864538395168173	0.07161345987920618	0.08800690250215705
BNB/USDT	2023-06-14 01:15:00+00:00	[0.75,1.00]	0.010475423045930679	0.020950846091861472	0.0294117647058824	0.08017727639000809
BNB/USDT	2023-06-15 01:15:00+00:00	[0.75,1.00]	0.005031446540880575	0.013836477987421431	0.03480083857442353	0.03480083857442353
BNB/USDT	2023-06-16 01:15:00+00:00	[0.50,0.75)	0.00464135021097044	0.010548523206751054	0.03628691983122372	0.04894514767932499
BNB/USDT	2023-06-17 01:15:00+00:00	[0.50,0.75)	0.006717044500419792	0.023929471032745547	0.05037783375314862	0.05037783375314862
BNB/USDT	2023-06-18 01:15:00+00:00	[0.50,0.75)	0.006147540983606557	0.00819672131147541	0.02008196721311466	0.030737704918032786
BNB/USDT	2023-06-19 01:15:00+00:00	[0.25,0.50)	0.005345394736842035	0.0074013157894737315	0.010279605263157895	0.02754934210526311
BNB/USDT	2023-06-20 01:15:00+00:00	[0.50,0.75)	0.007380073800737937	0.008610086100860986	0.01722017220172197	0.05084050840508407
BNB/USDT	2023-06-21 01:15:00+00:00	[0.75,1.00]	0.009607686148919044	0.025620496397117602	0.03883106485188146	0.03883106485188146
BNB/USDT	2023-06-22 01:15:00+00:00	[0.75,1.00]	0.01313171508157585	0.02586549940310386	0.042976522085157225	0.07003581376840427
BNB/USDT	2023-06-23 01:15:00+00:00	[0.50,0.75)	0.011953833470733742	0.016075845012366058	0.01937345424567196	0.041632316570486494
BNB/USDT	2023-06-24 01:15:00+00:00	[0.50,0.75)	0.013541239228559751	0.01928600738613056	0.037340993024210074	0.07509232663110375
BNB/USDT	2023-06-25 01:15:00+00:00	[0.25,0.50)	0.0033769523005486826	0.01266357112705783	0.030392570704938743	0.04221190375685943
BNB/USDT	2023-06-26 01:15:00+00:00	[0.50,0.75)	0.012690355329949238	0.013113367174280856	0.02495769881556686	0.03257191201353645
BNB/USDT	2023-06-27 01:15:00+00:00	[0.10,0.25)	0.005515485787017443	0.01315231226134915	0.01866779804836659	0.025880356385235566
BNB/USDT	2023-06-28 01:15:00+00:00	[0.50,0.75)	0.0033898305084746243	0.009745762711864454	0.024576271186440728	0.050423728813559346
BNB/USDT	2023-06-29 01:15:00+00:00	[0.50,0.75)	0.0060189165950128	0.010748065348237317	0.02321582115219251	0.02321582115219251
BNB/USDT	2023-06-30 01:15:00+00:00	[0.10,0.25)	0.011149228130360182	0.03473413379073754	0.03945111492281299	0.06518010291595205
BNB/USDT	2023-07-01 01:15:00+00:00	[0.50,0.75)	0.008244023083264633	0.0140148392415499	0.030915086562242376	0.03709810387469085
BNB/USDT	2023-07-02 01:15:00+00:00	[0.10,0.25)	0.011731391585760542	0.018203883495145633	0.018203883495145633	0.019417475728155272
BNB/USDT	2023-07-03 01:15:00+00:00	[0.25,0.50)	0.008508914100486315	0.008914100486223731	0.03525121555915717	0.03808752025931919
BNB/USDT	2023-07-04 01:15:00+00:00	[0.10,0.25)	0.005684125050751139	0.008526187576126651	0.010150223304912708	0.02517255379618347
BNB/USDT	2023-07-05 01:15:00+00:00	[0.05,0.10)	0.00452861259777684	0.008233841086867023	0.03334705640181142	0.03334705640181142
BNB/USDT	2023-07-06 01:15:00+00:00	[0.00,0.05)	0.008406893652795292	0.012189995796553077	0.02816309373686418	0.05632618747372848
BNB/USDT	2023-07-07 01:15:00+00:00	[0.75,1.00]	0.0064350064350064354	0.00858000858000858	0.012441012441012466	0.02145002145002145
BNB/USDT	2023-07-08 01:15:00+00:00	[0.10,0.25)	0.002956081081081153	0.008868243243243219	0.011824324324324252	0.014358108108108131
BNB/USDT	2023-07-09 01:15:00+00:00	[0.25,0.50)	0.002961082910321441	0.005076142131979647	0.009729272419627677	0.0219966159052453
BNB/USDT	2023-07-10 01:15:00+00:00	[0.25,0.50)	0.006437768240343348	0.00944206008583686	0.055793991416309016	0.06738197424892699
BNB/USDT	2023-07-11 01:15:00+00:00	[0.25,0.50)	0.005286701911346121	0.01179341195607973	0.015046766978446592	0.020740138267588425
BNB/USDT	2023-07-12 01:15:00+00:00	[0.25,0.50)	0.004821213338690305	0.007633587786259564	0.019686621132985156	0.03173965447971075
BNB/USDT	2023-07-13 01:15:00+00:00	[0.00,0.05)	0.00698725852856551	0.007398273736128283	0.016851623510069965	0.06699547883271685
BNB/USDT	2023-07-14 01:15:00+00:00	[0.75,1.00]	0.017180788754392724	0.022256930886372463	0.03553299492385784	0.0714564623194064
BNB/USDT	2023-07-15 01:15:00+00:00	[0.50,0.75)	0.005620232838217607	0.006021678040947411	0.018466479325572036	0.018466479325572036
BNB/USDT	2023-07-16 01:15:00+00:00	[0.10,0.25)	0.013513513513513424	0.01589825119236884	0.01589825119236884	0.04372019077901431
BNB/USDT	2023-07-17 01:15:00+00:00	[0.75,1.00]	0.004105090311986864	0.011083743842364486	0.017651888341543444	0.02750410509031194
BNB/USDT	2023-07-18 01:15:00+00:00	[0.75,1.00]	0.0040633888663145065	0.012596505485574947	0.03372612759041033	0.037383177570093414
BNB/USDT	2023-07-19 01:15:00+00:00	[0.50,0.75)	0.004962779156327497	0.011166253101736925	0.014474772539288668	0.017369727047146354
BNB/USDT	2023-07-20 01:15:00+00:00	[0.10,0.25)	0.0033016921172101168	0.007428807263722704	0.016095749071399115	0.019397441188609116
BNB/USDT	2023-07-21 01:15:00+00:00	[0.25,0.50)	0.006155108740254412	0.006975789905621736	0.01066885514977429	0.011489536315141614
BNB/USDT	2023-07-22 01:15:00+00:00	[0.10,0.25)	0.0024539877300613264	0.003680981595092048	0.011860940695296546	0.019631901840490844
BNB/USDT	2023-07-23 01:15:00+00:00	[0.25,0.50)	0.0024813895781637483	0.003722084367245681	0.005789909015715491	0.00992555831265511
BNB/USDT	2023-07-24 01:15:00+00:00	[0.10,0.25)	0.005367464905037206	0.013212221304706924	0.030553261767134625	0.030553261767134625
BNB/USDT	2023-07-25 01:15:00+00:00	[0.10,0.25)	0.0020955574182732607	0.010477787091366304	0.012573344509639565	0.015088013411567573
BNB/USDT	2023-07-26 01:15:00+00:00	[0.05,0.10)	0.00464135021097044	0.010126582278480917	0.010126582278480917	0.017299578059071705
BNB/USDT	2023-07-27 01:15:00+00:00	[0.10,0.25)	0.002506265664160496	0.022138680033416923	0.022138680033416923	0.022138680033416923
BNB/USDT	2023-07-28 01:15:00+00:00	[0.05,0.10)	0.002905770029057653	0.004566210045662077	0.009547530095475348	0.013283520132835272
BNB/USDT	2023-07-29 01:15:00+00:00	[0.00,0.05)	0.002478314745972715	0.0033044196612970317	0.005782734407269747	0.007434944237918263
BNB/USDT	2023-07-30 01:15:00+00:00	[0.00,0.05)	0.0020627062706270625	0.002475247524752452	0.00536303630363041	0.015264026402640216
BNB/USDT	2023-07-31 01:15:00+00:00	[0.50,0.75)	0.004110152075626798	0.0065762433210028535	0.00780928894369094	0.016440608302507192
BNB/USDT	2023-08-01 01:15:00+00:00	[0.10,0.25)	0.018219461697722473	0.026915113871635612	0.038509316770186264	0.047619047619047616
BNB/USDT	2023-08-02 01:15:00+00:00	[0.75,1.00]	0.005248284214775985	0.012515139281388754	0.014937424303593011	0.049656842955187776
BNB/USDT	2023-08-03 01:15:00+00:00	[0.50,0.75)	0.004997917534360636	0.006247396917950854	0.012078300708038224	0.018742190753852563
BNB/USDT	2023-08-04 01:15:00+00:00	[0.25,0.50)	0.004142502071251036	0.006628003314001633	0.010770505385252668	0.013256006628003384
BNB/USDT	2023-08-05 01:15:00+00:00	[0.05,0.10)	0.005389718076285288	0.005389718076285288	0.008706467661691518	0.01575456053067998
BNB/USDT	2023-08-06 01:15:00+00:00	[0.10,0.25)	0.004521167283189571	0.008220304151253596	0.010275380189066995	0.011097410604192308
BNB/USDT	2023-08-07 01:15:00+00:00	[0.25,0.50)	0.008176614881439084	0.008176614881439084	0.013491414554374536	0.021259198691741688
BNB/USDT	2023-08-08 01:15:00+00:00	[0.10,0.25)	0.0033085194375517425	0.006203473945409429	0.012820512820512796	0.026881720430107527
BNB/USDT	2023-08-09 01:15:00+00:00	[0.50,0.75)	0.0024519820187986216	0.004086636697997548	0.008173273395995096	0.011033919084593334
BNB/USDT	2023-08-10 01:15:00+00:00	[0.10,0.25)	0.0016406890894175787	0.004511894995898253	0.009844134536505355	0.014766201804757975
BNB/USDT	2023-08-11 01:15:00+00:00	[0.25,0.50)	0.0033030553261767606	0.010734929810074413	0.010734929810074413	0.017753922378199883
BNB/USDT	2023-08-12 01:15:00+00:00	[0.50,0.75)	0.002495840266222938	0.0037437603993343478	0.006655574043261207	0.006655574043261207
BNB/USDT	2023-08-13 01:15:00+00:00	[0.10,0.25)	0.0020833333333333333	0.0033333333333332624	0.004999999999999952	0.008333333333333333
BNB/USDT	2023-08-14 01:15:00+00:00	[0.25,0.50)	0.004573804573804669	0.007484407484407532	0.007484407484407532	0.007484407484407532
BNB/USDT	2023-08-15 01:15:00+00:00	[0.00,0.05)	0.001248439450686689	0.005826050769871018	0.008322929671244277	0.026633374947981712
BNB/USDT	2023-08-16 01:15:00+00:00	[0.75,1.00]	0.0025337837837837596	0.007179054054054006	0.017314189189189165	0.03800675675675676
BNB/USDT	2023-08-17 01:15:00+00:00	[0.75,1.00]	0.004761904761904737	0.005627705627705677	0.00822510822510825	0.083982683982684
BNB/USDT	2023-08-18 01:15:00+00:00	[0.75,1.00]	0.0077696526508227465	0.024223034734917784	0.028793418647166412	0.028793418647166412
BNB/USDT	2023-08-19 01:15:00+00:00	[0.25,0.50)	0.003698566805362974	0.0060101710587148	0.013407304669440618	0.025889967637540427
BNB/USDT	2023-08-20 01:15:00+00:00	[0.50,0.75)	0.0023062730627306273	0.004612546125461255	0.008302583025830179	0.011992619926199235
BNB/USDT	2023-08-21 01:15:00+00:00	[0.50,0.75)	0.0023084025854108957	0.00600184672206825	0.042012927054478275	0.04939981532779325
BNB/USDT	2023-08-22 01:15:00+00:00	[0.50,0.75)	0.0028557829604949755	0.010947168015230761	0.017610661589719263	0.05806758686339833
BNB/USDT	2023-08-23 01:15:00+00:00	[0.75,1.00]	0.006086142322097431	0.010299625468164875	0.021067415730337078	0.03089887640449449
BNB/USDT	2023-08-24 01:15:00+00:00	[0.50,0.75)	0.001849283402681487	0.0235783633841886	0.0235783633841886	0.025889967637540427
BNB/USDT	2023-08-25 01:15:00+00:00	[0.75,1.00]	0.005507113354749833	0.02065167508031207	0.02065167508031207	0.025699862322166235
BNB/USDT	2023-08-26 01:15:00+00:00	[0.25,0.50)	0.002754820936639092	0.004132231404958704	0.0073461891643709564	0.009182736455463728
BNB/USDT	2023-08-27 01:15:00+00:00	[0.05,0.10)	0.0023084025854108957	0.0041551246537396384	0.007848568790396993	0.018005540166205012
BNB/USDT	2023-08-28 01:15:00+00:00	[0.25,0.50)	0.003215434083601234	0.0036747818098299633	0.015617822691777703	0.020211299954065256
BNB/USDT	2023-08-29 01:15:00+00:00	[0.50,0.75)	0.005479452054794599	0.0073059360730593345	0.010958904109589067	0.08127853881278543
BNB/USDT	2023-08-30 01:15:00+00:00	[0.75,1.00]	0.0048954161103693565	0.0062305295950154755	0.007565643079661721	0.017801513128615932
BNB/USDT	2023-08-31 01:15:00+00:00	[0.25,0.50)	0.003139013452914875	0.004035874439461909	0.01569506726457399	0.052017937219730914
BNB/USDT	2023-09-01 01:15:00+00:00	[0.75,1.00]	0.002305209774089442	0.008759797141539906	0.017519594283079813	0.0281235592438913
BNB/USDT	2023-09-02 01:15:00+00:00	[0.50,0.75)	0.002793296089385448	0.006517690875232801	0.009310986964618248	0.013500931098696487
BNB/USDT	2023-09-03 01:15:00+00:00	[0.10,0.25)	0.003738317757009266	0.003738317757009266	0.008411214953270948	0.009345794392523364
BNB/USDT	2023-09-04 01:15:00+00:00	[0.05,0.10)	0.0018656716417910712	0.011660447761194029	0.015858208955223906	0.015858208955223906
BNB/USDT	2023-09-05 01:15:00+00:00	[0.25,0.50)	0.0032603632976245397	0.006986492780624127	0.010712622263623715	0.01210992081974846
BNB/USDT	2023-09-06 01:15:00+00:00	[0.25,0.50)	0.0023234200743494425	0.006505576208178466	0.006970260223048328	0.032527881040892194
BNB/USDT	2023-09-07 01:15:00+00:00	[0.10,0.25)	0.0037243947858473527	0.006052141527001915	0.012104283054003698	0.024208566108007527
BNB/USDT	2023-09-08 01:15:00+00:00	[0.75,1.00]	0.0032183908045977797	0.006436781609195428	0.0216091954022988	0.0216091954022988
BNB/USDT	2023-09-09 01:15:00+00:00	[0.05,0.10)	0.0018639328984156836	0.003261882572227347	0.004193849021435255	0.007921714818266623
BNB/USDT	2023-09-10 01:15:00+00:00	[0.25,0.50)	0.0028050490883591525	0.013090229079008935	0.013090229079008935	0.014960261804581659
BNB/USDT	2023-09-11 01:15:00+00:00	[0.50,0.75)	0.0033018867924527765	0.004245283018867817	0.02924528301886787	0.04150943396226407
BNB/USDT	2023-09-12 01:15:00+00:00	[0.25,0.50)	0.00243427458617332	0.028724440116845208	0.04527750730282381	0.04527750730282381
BNB/USDT	2023-09-13 01:15:00+00:00	[0.50,0.75)	0.00236630383341221	0.00946521533364884	0.014671083767155675	0.02697586370089914
BNB/USDT	2023-09-14 01:15:00+00:00	[0.50,0.75)	0.004708097928436911	0.007532956685499166	0.012711864406779742	0.015065913370998196
BNB/USDT	2023-09-15 01:15:00+00:00	[0.25,0.50)	0.007075471698113208	0.008018867924528382	0.008490566037735903	0.01933962264150941
BNB/USDT	2023-09-16 01:15:00+00:00	[0.75,1.00]	0.008403361344537869	0.009337068160597572	0.012138188608776818	0.012605042016806671
BNB/USDT	2023-09-17 01:15:00+00:00	[0.25,0.50)	0.00420364315740311	0.005137786081270408	0.006071929005137839	0.020084072863148117
BNB/USDT	2023-09-18 01:15:00+00:00	[0.50,0.75)	0.008735632183907941	0.01011494252873571	0.022528735632183935	0.02850574712643686
BNB/USDT	2023-09-19 01:15:00+00:00	[0.25,0.50)	0.0023137436372049976	0.0041647385469690225	0.01804720037019901	0.01804720037019901
BNB/USDT	2023-09-20 01:15:00+00:00	[0.10,0.25)	0.004143646408839806	0.008747697974217337	0.014272559852670456	0.020718232044198898
BNB/USDT	2023-09-21 01:15:00+00:00	[0.50,0.75)	0.004679457182966776	0.006551240056153513	0.02714085166120722	0.028076743097800658
BNB/USDT	2023-09-22 01:15:00+00:00	[0.25,0.50)	0.0089877010406812	0.00946073793755913	0.01277199621570477	0.015610217596972618
BNB/USDT	2023-09-23 01:15:00+00:00	[0.50,0.75)	0.004255319148936197	0.0080378250591016	0.0080378250591016	0.0080378250591016
BNB/USDT	2023-09-24 01:15:00+00:00	[0.00,0.05)	0.0028557829604949755	0.0038077106139932553	0.005235602094240811	0.0223702998572108
BNB/USDT	2023-09-25 01:15:00+00:00	[0.75,1.00]	0.004784688995215311	0.006220095693779959	0.011483253588516774	0.014354066985645933
BNB/USDT	2023-09-26 01:15:00+00:00	[0.10,0.25)	0.010947168015230761	0.010947168015230761	0.018086625416468268	0.018086625416468268
BNB/USDT	2023-09-27 01:15:00+00:00	[0.50,0.75)	0.0018832391713746574	0.006591337099811702	0.01836158192090398	0.025894538606403013
BNB/USDT	2023-09-28 01:15:00+00:00	[0.50,0.75)	0.00564971751412424	0.007532956685499031	0.012711864406779606	0.025894538606403013
BNB/USDT	2023-09-29 01:15:00+00:00	[0.10,0.25)	0.005128205128205101	0.006060606060605981	0.015384615384615306	0.015384615384615306
BNB/USDT	2023-09-30 01:15:00+00:00	[0.25,0.50)	0.0060408921933086035	0.0060408921933086035	0.0060408921933086035	0.01115241635687735
BNB/USDT	2023-10-01 01:15:00+00:00	[0.50,0.75)	0.002325581395348837	0.0032558139534884516	0.008837209302325608	0.0293023255813954
BNB/USDT	2023-10-02 01:15:00+00:00	[0.75,1.00]	0.011024345429490151	0.01148369315571888	0.01837390904915021	0.039044556729444194
BNB/USDT	2023-10-03 01:15:00+00:00	[0.25,0.50)	0.002325581395348837	0.005116279069767547	0.012093023255814059	0.02279069767441863
BNB/USDT	2023-10-04 01:15:00+00:00	[0.75,1.00]	0.004241281809613599	0.007540056550424102	0.012252591894439183	0.014608859566446723
BNB/USDT	2023-10-05 01:15:00+00:00	[0.10,0.25)	0.002346316283435007	0.002346316283435007	0.006569685593617913	0.014547160957297151
BNB/USDT	2023-10-06 01:15:00+00:00	[0.10,0.25)	0.003315963998105244	0.003315963998105244	0.011842728564661299	0.021316911416390336
BNB/USDT	2023-10-07 01:15:00+00:00	[0.25,0.50)	0.0014051522248242762	0.0018735362997658346	0.006557377049180355	0.010772833723653449
BNB/USDT	2023-10-08 01:15:00+00:00	[0.10,0.25)	0.0037735849056602967	0.005660377358490513	0.01839622641509423	0.018867924528301886
BNB/USDT	2023-10-09 01:15:00+00:00	[0.50,0.75)	0.004739336492890996	0.006161137440758213	0.028909952606635043	0.048341232227488096
BNB/USDT	2023-10-10 01:15:00+00:00	[0.50,0.75)	0.003391472868216999	0.009205426356589037	0.03536821705426348	0.03536821705426348
BNB/USDT	2023-10-11 01:15:00+00:00	[0.50,0.75)	0.005306319343945944	0.01543656536420641	0.019778099372889504	0.019778099372889504
BNB/USDT	2023-10-12 01:15:00+00:00	[0.50,0.75)	0.003411306042884935	0.007797270955165665	0.02192982456140351	0.02192982456140351
BNB/USDT	2023-10-13 01:15:00+00:00	[0.50,0.75)	0.0019417475728155617	0.007281553398058253	0.011650485436893093	0.019417475728155338
BNB/USDT	2023-10-14 01:15:00+00:00	[0.75,1.00]	0.0038816108685104872	0.00485201358563804	0.0067928190198932835	0.00727802037845706
BNB/USDT	2023-10-15 01:15:00+00:00	[0.10,0.25)	0.006277160791888032	0.006760019314340926	0.03235152100434567	0.03235152100434567
BNB/USDT	2023-10-16 01:15:00+00:00	[0.50,0.75)	0.004265402843601922	0.01611374407582941	0.03412322274881525	0.042180094786729884
BNB/USDT	2023-10-17 01:15:00+00:00	[0.50,0.75)	0.004193849021435255	0.009319664492078286	0.01817334575955268	0.027493010251630968
BNB/USDT	2023-10-18 01:15:00+00:00	[0.10,0.25)	0.0037878787878788418	0.013257575757575812	0.013257575757575812	0.01893939393939394
BNB/USDT	2023-10-19 01:15:00+00:00	[0.10,0.25)	0.011865211200759375	0.011865211200759375	0.014712861888941732	0.015662078785002427
BNB/USDT	2023-10-20 01:15:00+00:00	[0.25,0.50)	0.004746084480303749	0.013289036544850552	0.0284765068818225	0.0284765068818225
BNB/USDT	2023-10-21 01:15:00+00:00	[0.25,0.50)	0.003300330033003247	0.00424328147100427	0.009900990099009875	0.020744931636020772
BNB/USDT	2023-10-22 01:15:00+00:00	[0.50,0.75)	0.0023320895522388058	0.008395522388059622	0.01445895522388057	0.02938432835820901
BNB/USDT	2023-10-23 01:15:00+00:00	[0.75,1.00]	0.007292616226071077	0.020054694621695558	0.020966271649954526	0.06836827711941659
BNB/USDT	2023-10-24 01:15:00+00:00	[0.75,1.00]	0.025162689804772282	0.0373101952277657	0.050325379609544446	0.0733188720173536
BNB/USDT	2023-10-25 01:15:00+00:00	[0.75,1.00]	0.01180069930069925	0.01180069930069925	0.023601398601398624	0.03321678321678319
BNB/USDT	2023-10-26 01:15:00+00:00	[0.50,0.75)	0.00535953550692281	0.012505582849486429	0.023671281822241996	0.0397498883430103
BNB/USDT	2023-10-27 01:15:00+00:00	[0.50,0.75)	0.009918845807033312	0.02028854824165915	0.04283137962128043	0.05275022542831374
BNB/USDT	2023-10-28 01:15:00+00:00	[0.50,0.75)	0.003093239063190405	0.008837825894829872	0.015908086610693744	0.021210782147591742
BNB/USDT	2023-10-29 01:15:00+00:00	[0.50,0.75)	0.004464285714285714	0.005803571428571479	0.014285714285714362	0.019642857142857167
BNB/USDT	2023-10-30 01:15:00+00:00	[0.25,0.50)	0.006161971830985941	0.010563380281690167	0.018485915492957822	0.020686619718309936
BNB/USDT	2023-10-31 01:15:00+00:00	[0.25,0.50)	0.004818221638195457	0.011388523872098216	0.01664476565922037	0.021462987297415706
BNB/USDT	2023-11-01 01:15:00+00:00	[0.25,0.50)	0.003975265017667869	0.007950530035335614	0.014134275618374508	0.03754416961130742
BNB/USDT	2023-11-02 01:15:00+00:00	[0.75,1.00]	0.00434593654932638	0.021295089091699287	0.02607561929595828	0.027813993915688732
BNB/USDT	2023-11-03 01:15:00+00:00	[0.75,1.00]	0.007874015748031546	0.01049868766404202	0.024934383202099814	0.024934383202099814
BNB/USDT	2023-11-04 01:15:00+00:00	[0.10,0.25)	0.006097560975609781	0.008275261324041838	0.03135888501742155	0.040505226480836286
BNB/USDT	2023-11-05 01:15:00+00:00	[0.50,0.75)	0.009235936188077318	0.02141057934508826	0.028547439126784264	0.032745591939546646
BNB/USDT	2023-11-06 01:15:00+00:00	[0.75,1.00]	0.010980073200488072	0.017486783245221682	0.04798698657991058	0.05937372915819448
BNB/USDT	2023-11-07 01:15:00+00:00	[0.75,1.00]	0.008757961783439558	0.00915605095541406	0.02587579617834395	0.04259554140127395
BNB/USDT	2023-11-08 01:15:00+00:00	[0.50,0.75)	0.0024330900243308773	0.012165450121654502	0.015815085158150874	0.017437145174371498
BNB/USDT	2023-11-09 01:15:00+00:00	[0.25,0.50)	0.010509296685529483	0.0198059822150364	0.0198059822150364	0.0642683912691997
BNB/USDT	2023-11-10 01:15:00+00:00	[0.75,1.00]	0.009087317265902851	0.01896483603318851	0.033583563808771234	0.03911497431845123
BNB/USDT	2023-11-11 01:15:00+00:00	[0.50,0.75)	0.012820512820512775	0.01682692307692303	0.01682692307692303	0.0428685897435897
BNB/USDT	2023-11-12 01:15:00+00:00	[0.75,1.00]	0.007670569236980127	0.010092854259184499	0.018167137666532097	0.020185708518368997
BNB/USDT	2023-11-13 01:15:00+00:00	[0.50,0.75)	0.007199999999999932	0.025599999999999908	0.027199999999999933	0.048799999999999955
BNB/USDT	2023-11-14 01:15:00+00:00	[0.75,1.00]	0.003725165562913931	0.010347682119205299	0.034768211920529826	0.06498344370860934
BNB/USDT	2023-11-15 01:15:00+00:00	[0.75,1.00]	0.0061374795417348605	0.0098199672667758	0.03641571194762686	0.046644844517184966
BNB/USDT	2023-11-16 01:15:00+00:00	[0.50,0.75)	0.005931198102016607	0.007908264136022143	0.033610122578094107	0.06326611308817714
BNB/USDT	2023-11-17 01:15:00+00:00	[0.75,1.00]	0.006127450980392157	0.010620915032679715	0.01511437908496739	0.031045751633986905
BNB/USDT	2023-11-18 01:15:00+00:00	[0.25,0.50)	0.00491601802539938	0.01597705858254816	0.024989758295780394	0.027447767308480087
BNB/USDT	2023-11-19 01:15:00+00:00	[0.25,0.50)	0.006597938144329874	0.012371134020618556	0.013195876288659748	0.022268041237113307
BNB/USDT	2023-11-20 01:15:00+00:00	[0.25,0.50)	0.006070416835289356	0.008093889113719142	0.014569000404694433	0.12059894779441516
BNB/USDT	2023-11-21 01:15:00+00:00	[0.75,1.00]	0.018946570670708603	0.03372489579386145	0.04130352406214489	0.18150814702538834
BNB/USDT	2023-11-22 01:15:00+00:00	[0.75,1.00]	0.013543031891655843	0.04936653560506776	0.04936653560506776	0.05242463958060288
BNB/USDT	2023-11-23 01:15:00+00:00	[0.50,0.75)	0.011292346298619776	0.017565872020075236	0.02927645336679214	0.037641154328732745
BNB/USDT	2023-11-24 01:15:00+00:00	[0.10,0.25)	0.005097706032285423	0.0055225148683091885	0.013593882752761209	0.02166525063721323
BNB/USDT	2023-11-25 01:15:00+00:00	[0.25,0.50)	0.004692832764505095	0.006825938566552877	0.014505119453924816	0.014505119453924816
BNB/USDT	2023-11-26 01:15:00+00:00	[0.05,0.10)	0.003434950622584849	0.005152425933877274	0.007299270072992773	0.027479604980678425
BNB/USDT	2023-11-27 01:15:00+00:00	[0.10,0.25)	0.008620689655172414	0.017672413793103425	0.032327586206896554	0.041379310344827565
BNB/USDT	2023-11-28 01:15:00+00:00	[0.75,1.00]	0.008366358432408657	0.010127697049757866	0.022016732716864818	0.03258476442095983
BNB/USDT	2023-11-29 01:15:00+00:00	[0.10,0.25)	0.004344048653344918	0.0078192875760209	0.013900955690703687	0.022154648132059057
BNB/USDT	2023-11-30 01:15:00+00:00	[0.00,0.05)	0.003524229074889918	0.011894273127753255	0.011894273127753255	0.01453744493392063
BNB/USDT	2023-12-01 01:15:00+00:00	[0.00,0.05)	0.003938730853391709	0.00919037199124724	0.010065645514223244	0.011816192560175005
BNB/USDT	2023-12-02 01:15:00+00:00	[0.00,0.05)	0.005694261936049108	0.007446342531756535	0.02190100744634253	0.031099430573806368
BNB/USDT	2023-12-03 01:15:00+00:00	[0.50,0.75)	0.006941431670281971	0.015618221258134465	0.01778741865509759	0.020390455531453314
BNB/USDT	2023-12-04 01:15:00+00:00	[0.50,0.75)	0.005676855895196556	0.008733624454148471	0.055021834061135345	0.055021834061135345
BNB/USDT	2023-12-05 01:15:00+00:00	[0.50,0.75)	0.012892135797163732	0.012892135797163732	0.023635582294800173	0.023635582294800173
BNB/USDT	2023-12-06 01:15:00+00:00	[0.25,0.50)	0.005183585313174897	0.008207343412527022	0.026781857451403962	0.026781857451403962
BNB/USDT	2023-12-07 01:15:00+00:00	[0.50,0.75)	0.004759844223279941	0.01687581133708354	0.028126352228472522	0.028126352228472522
BNB/USDT	2023-12-08 01:15:00+00:00	[0.50,0.75)	0.005141388174807149	0.018851756640959626	0.021422450728363324	0.04070265638389032
BNB/USDT	2023-12-09 01:15:00+00:00	[0.50,0.75)	0.005816368923971773	0.01994183631076033	0.029081844619858747	0.03822185292895716
BNB/USDT	2023-12-10 01:15:00+00:00	[0.50,0.75)	0.005838198498748981	0.010008340283569665	0.019182652210175122	0.019182652210175122
BNB/USDT	2023-12-11 01:15:00+00:00	[0.25,0.50)	0.05236698785085882	0.05236698785085882	0.08462505236698781	0.09090909090909087
BNB/USDT	2023-12-12 01:15:00+00:00	[0.75,1.00]	0.017303822937625685	0.02575452716297789	0.02575452716297789	0.037826961770623765
BNB/USDT	2023-12-13 01:15:00+00:00	[0.75,1.00]	0.01993620414673046	0.032296650717703324	0.032296650717703324	0.04704944178628394
BNB/USDT	2023-12-14 01:15:00+00:00	[0.50,0.75)	0.0099601593625498	0.012350597609561843	0.0199203187250996	0.025099601593625544
BNB/USDT	2023-12-15 01:15:00+00:00	[0.25,0.50)	0.0051628276409849535	0.009134233518665652	0.021445591739475797	0.04090548054011124
BNB/USDT	2023-12-16 01:15:00+00:00	[0.50,0.75)	0.006097560975609756	0.01097560975609763	0.011382113821138257	0.020731707317073148
BNB/USDT	2023-12-17 01:15:00+00:00	[0.25,0.50)	0.005325686194182643	0.007783695206882333	0.019254403932814374	0.02294141745186397
BNB/USDT	2023-12-18 01:15:00+00:00	[0.75,1.00]	0.01466275659824047	0.01466275659824047	0.028487641390867246	0.059069962295768726
BNB/USDT	2023-12-19 01:15:00+00:00	[0.75,1.00]	0.006924643584521454	0.011405295315682327	0.03788187372708762	0.04154786150712838
BNB/USDT	2023-12-20 01:15:00+00:00	[0.50,0.75)	0.006724683544303752	0.016218354430379722	0.03757911392405074	0.04667721518987335
BNB/USDT	2023-12-21 01:15:00+00:00	[0.50,0.75)	0.01052631578947364	0.011306042884990387	0.0639376218323588	0.07290448343079918
BNB/USDT	2023-12-22 01:15:00+00:00	[0.25,0.50)	0.009941089837997012	0.020986745213549502	0.04270986745213557	0.04270986745213557
BNB/USDT	2023-12-23 01:15:00+00:00	[0.75,1.00]	0.008591707134852489	0.01195367949196858	0.014568546880836673	0.02726933134105325
BNB/USDT	2023-12-24 01:15:00+00:00	[0.25,0.50)	0.006975036710719656	0.014317180616740215	0.024229074889867926	0.040748898678414185
BNB/USDT	2023-12-25 01:15:00+00:00	[0.75,1.00]	0.0056646525679758305	0.011329305135951661	0.016993957703927493	0.020392749244712904
BNB/USDT	2023-12-26 01:15:00+00:00	[0.50,0.75)	0.010546139359698725	0.027495291902071606	0.13333333333333325	0.14764595103578151
BNB/USDT	2023-12-27 01:15:00+00:00	[0.50,0.75)	0.017053206002728513	0.031036834924965777	0.09993178717598894	0.14802182810368342
BNB/USDT	2023-12-28 01:15:00+00:00	[0.75,1.00]	0.02107220328478449	0.027889680818097305	0.054849705608924666	0.06414626588162377
BNB/USDT	2023-12-29 01:15:00+00:00	[0.75,1.00]	0.01472431077694232	0.022556390977443573	0.03258145363408514	0.048558897243107774
BNB/USDT	2023-12-30 01:15:00+00:00	[0.50,0.75)	0.005369551484523021	0.01705622236260276	0.023689197725837018	0.027163613392293184
BNB/USDT	2023-12-31 01:15:00+00:00	[0.50,0.75)	0.005359394703656963	0.026481715006305098	0.03184110970996224	0.05706179066834812
BNB/USDT	2024-01-01 01:15:00+00:00	[0.50,0.75)	0.010171646535282863	0.02733630006357286	0.02860775588048315	0.041640178003814435
BNB/USDT	2024-01-02 01:15:00+00:00	[0.75,1.00]	0.011882426516572894	0.012507817385866166	0.015634771732332707	0.04846779237023139
BNB/USDT	2024-01-03 01:15:00+00:00	[0.25,0.50)	0.007665282657298096	0.014372404982433726	0.12999041839667833	0.12999041839667833
BNB/USDT	2024-01-04 01:15:00+00:00	[0.50,0.75)	0.011214354373598205	0.029157321371355405	0.041973726369753356	0.05158603011855181
BNB/USDT	2024-01-05 01:15:00+00:00	[0.50,0.75)	0.027974177682139632	0.027974177682139632	0.03135567168767288	0.07193359975407326
BNB/USDT	2024-01-06 01:15:00+00:00	[0.75,1.00]	0.0077922077922077185	0.021753246753246715	0.03181818181818186	0.03181818181818186
BNB/USDT	2024-01-07 01:15:00+00:00	[0.05,0.10)	0.0055302537410539645	0.011060507482107929	0.015940143135979107	0.04294079375406633
BNB/USDT	2024-01-08 01:15:00+00:00	[0.75,1.00]	0.023107836570663016	0.03348961821835231	0.04119223040857338	0.06061620897521775
BNB/USDT	2024-01-09 01:15:00+00:00	[0.75,1.00]	0.00667779632721202	0.021368948247078388	0.03138564273789661	0.037061769616026786
BNB/USDT	2024-01-10 01:15:00+00:00	[0.50,0.75)	0.00562355276215676	0.00893152497519017	0.04697320542507439	0.07012901091630826
BNB/USDT	2024-01-11 01:15:00+00:00	[0.75,1.00]	0.008814887365328072	0.015997388181521494	0.04635977799542928	0.05027750571335303
BNB/USDT	2024-01-12 01:15:00+00:00	[0.25,0.50)	0.01502776870303811	0.02352172492649457	0.02352172492649457	0.07807905913100285
BNB/USDT	2024-01-13 01:15:00+00:00	[0.75,1.00]	0.010217983651226158	0.01668937329700284	0.02452316076294274	0.03371934604904644
BNB/USDT	2024-01-14 01:15:00+00:00	[0.05,0.10)	0.004637297118251001	0.007618416694269664	0.014905597880092747	0.02649884067572044
BNB/USDT	2024-01-15 01:15:00+00:00	[0.50,0.75)	0.008887425938117144	0.047399605003291566	0.0569453587886768	0.0569453587886768
BNB/USDT	2024-01-16 01:15:00+00:00	[0.25,0.50)	0.009475679090334806	0.016108654453569245	0.018003790271636098	0.020214782059380848
BNB/USDT	2024-01-17 01:15:00+00:00	[0.10,0.25)	0.0063371356147021544	0.01140684410646395	0.026932826362484154	0.030101394169835233
BNB/USDT	2024-01-18 01:15:00+00:00	[0.25,0.50)	0.015640273704789872	0.015640273704789872	0.023460410557184716	0.03225806451612914
BNB/USDT	2024-01-19 01:15:00+00:00	[0.25,0.50)	0.006457862447529868	0.013884404262189069	0.02292541168873092	0.03616402970616722
BNB/USDT	2024-01-20 01:15:00+00:00	[0.25,0.50)	0.006343165239454488	0.009831906121154527	0.01141769743101815	0.01934665398033626
BNB/USDT	2024-01-21 01:15:00+00:00	[0.00,0.05)	0.006931316950220506	0.010081915563957117	0.01039697542533085	0.020163831127914235
BNB/USDT	2024-01-22 01:15:00+00:00	[0.25,0.50)	0.006632975363234257	0.01452937460517993	0.02526847757422615	0.04769425142135175
BNB/USDT	2024-01-23 01:15:00+00:00	[0.25,0.50)	0.007138221933809179	0.016223231667748216	0.06489292667099286	0.06943543153796229
BNB/USDT	2024-01-24 01:15:00+00:00	[0.50,0.75)	0.005016722408026756	0.025418060200668974	0.029096989966555145	0.032441471571906313
BNB/USDT	2024-01-25 01:15:00+00:00	[0.10,0.25)	0.006846970215679561	0.016775077028414846	0.03149606299212594	0.03149606299212594
BNB/USDT	2024-01-26 01:15:00+00:00	[0.05,0.10)	0.007500852369587414	0.007500852369587414	0.037504261847937266	0.037504261847937266
BNB/USDT	2024-01-27 01:15:00+00:00	[0.10,0.25)	0.004280540006585484	0.015475798485347345	0.01778070464273947	0.01778070464273947
BNB/USDT	2024-01-28 01:15:00+00:00	[0.00,0.05)	0.006211180124223715	0.014710689767898006	0.015364498202026957	0.01961425302386401
BNB/USDT	2024-01-29 01:15:00+00:00	[0.10,0.25)	0.0029335071707952323	0.005867014341590649	0.013363754889178691	0.02216427640156439
BNB/USDT	2024-01-30 01:15:00+00:00	[0.05,0.10)	0.004490057729313772	0.008017960230917255	0.017960230917254724	0.023733162283515182
BNB/USDT	2024-01-31 01:15:00+00:00	[0.50,0.75)	0.005868927290511753	0.005868927290511753	0.021845451581349817	0.03521356374307144
BNB/USDT	2024-02-01 01:15:00+00:00	[0.25,0.50)	0.007375125712370249	0.012068387529332963	0.014415018437814318	0.01944351324170302
BNB/USDT	2024-02-02 01:15:00+00:00	[0.25,0.50)	0.0036447978793902117	0.006958250497017779	0.014579191517561223	0.017561298873426147
BNB/USDT	2024-02-03 01:15:00+00:00	[0.10,0.25)	0.004298941798941837	0.00694444444444452	0.010582010582010545	0.01818783068783069
BNB/USDT	2024-02-04 01:15:00+00:00	[0.10,0.25)	0.006016042780748701	0.007687165775401108	0.011029411764705921	0.03241978609625665
BNB/USDT	2024-02-05 01:15:00+00:00	[0.50,0.75)	0.004939084622983207	0.009548896937767459	0.01712216002634175	0.024036878498518315
BNB/USDT	2024-02-06 01:15:00+00:00	[0.10,0.25)	0.004304635761589442	0.005960264900662289	0.009933774834437087	0.009933774834437087
BNB/USDT	2024-02-07 01:15:00+00:00	[0.00,0.05)	0.0042946812025107745	0.007598282127519033	0.01222332342253052	0.028741328047571818
BNB/USDT	2024-02-08 01:15:00+00:00	[0.10,0.25)	0.002913564260278334	0.02136613790870821	0.028811913240530843	0.038523794108125536
BNB/USDT	2024-02-09 01:15:00+00:00	[0.10,0.25)	0.006550218340611247	0.011540860885839015	0.02089831565814095	0.02089831565814095
BNB/USDT	2024-02-10 01:15:00+00:00	[0.10,0.25)	0.004021033096195519	0.006495515001546446	0.02010516548097742	0.02010516548097742
BNB/USDT	2024-02-11 01:15:00+00:00	[0.00,0.05)	0.002791563275434173	0.00961538461538451	0.009925558312655052	0.01488833746898249
BNB/USDT	2024-02-12 01:15:00+00:00	[0.05,0.10)	0.004669987546699876	0.009962640099626366	0.017745952677459494	0.05168119551681185
BNB/USDT	2024-02-13 01:15:00+00:00	[0.10,0.25)	0.00488400488400478	0.009768009768009733	0.014041514041513936	0.03235653235653225
BNB/USDT	2024-02-14 01:15:00+00:00	[0.05,0.10)	0.0027752081406104754	0.0064754856614245015	0.03176071538698739	0.044094973789700925
BNB/USDT	2024-02-15 01:15:00+00:00	[0.50,0.75)	0.032209961228750236	0.032209961228750236	0.045332538025648635	0.0969281240679988
BNB/USDT	2024-02-16 01:15:00+00:00	[0.75,1.00]	0.03089019938219601	0.03089019938219601	0.04493119910137602	0.04970513900589719
BNB/USDT	2024-02-17 01:15:00+00:00	[0.75,1.00]	0.006681514476614636	0.020879732739420936	0.024777282850779448	0.04315144766146994
BNB/USDT	2024-02-18 01:15:00+00:00	[0.25,0.50)	0.011341083073433513	0.01842925999432946	0.025517436915225403	0.025517436915225403
BNB/USDT	2024-02-19 01:15:00+00:00	[0.50,0.75)	0.0037111047673423106	0.009991435912075363	0.013417071081929742	0.017699115044247756
BNB/USDT	2024-02-20 01:15:00+00:00	[0.50,0.75)	0.007674815235929473	0.012222853894257972	0.028425241614553724	0.04775440591245029
BNB/USDT	2024-02-21 01:15:00+00:00	[0.10,0.25)	0.0050919377652051245	0.008769448373408834	0.06562942008486576	0.10240452616690253
BNB/USDT	2024-02-22 01:15:00+00:00	[0.75,1.00]	0.01806282722513098	0.022513089005235663	0.028272251308900553	0.03560209424083775
BNB/USDT	2024-02-23 01:15:00+00:00	[0.75,1.00]	0.006753246753246812	0.021038961038961097	0.03428571428571425	0.04285714285714286
BNB/USDT	2024-02-24 01:15:00+00:00	[0.25,0.50)	0.010138740661686263	0.022678762006403414	0.027481323372465345	0.03094983991462119
BNB/USDT	2024-02-25 01:15:00+00:00	[0.10,0.25)	0.011554621848739436	0.011554621848739436	0.02809873949579829	0.03518907563025204
BNB/USDT	2024-02-26 01:15:00+00:00	[0.25,0.50)	0.014702089244260998	0.03301521795202479	0.03688418880577769	0.059066288367294245
BNB/USDT	2024-02-27 01:15:00+00:00	[0.25,0.50)	0.014182632495645655	0.019905449116695697	0.022144812142323906	0.03458571784025872
BNB/USDT	2024-02-28 01:15:00+00:00	[0.05,0.10)	0.006838905775075958	0.00962512664640327	0.05952380952380952	0.08358662613981763
BNB/USDT	2024-02-29 01:15:00+00:00	[0.75,1.00]	0.011119168479574627	0.014503263234227702	0.027072758037225017	0.0642978003384094
BNB/USDT	2024-03-01 01:15:00+00:00	[0.75,1.00]	0.008665511265164644	0.013864818024263348	0.015845506313443867	0.019559296855657285
BNB/USDT	2024-03-02 01:15:00+00:00	[0.25,0.50)	0.007374631268436578	0.020403146509341226	0.021632251720747325	0.021632251720747325
BNB/USDT	2024-03-03 01:15:00+00:00	[0.25,0.50)	0.005611124664552358	0.010978287387167603	0.031959014393754634	0.03683825323249579
BNB/USDT	2024-03-04 01:15:00+00:00	[0.10,0.25)	0.005536831969186354	0.005536831969186354	0.024795377948964883	0.031776600866634544
BNB/USDT	2024-03-05 01:15:00+00:00	[0.75,1.00]	0.010463733650416118	0.02806183115338885	0.02806183115338885	0.1690844233055885
BNB/USDT	2024-03-06 01:15:00+00:00	[0.75,1.00]	0.012810658467845248	0.04944914168588253	0.12580066615424024	0.12580066615424024
BNB/USDT	2024-03-07 01:15:00+00:00	[0.25,0.50)	0.010722610722610776	0.011655011655011656	0.048251748251748224	0.1258741258741259
BNB/USDT	2024-03-08 01:15:00+00:00	[0.50,0.75)	0.009513742071881607	0.020930232558139607	0.054756871035940874	0.057293868921775945
BNB/USDT	2024-03-09 01:15:00+00:00	[0.50,0.75)	0.00764620789419311	0.021492043810704763	0.024591857821864092	0.027071709030791535
BNB/USDT	2024-03-10 01:15:00+00:00	[0.25,0.50)	0.0102291325695581	0.024140752864157143	0.10781505728314236	0.10781505728314236
BNB/USDT	2024-03-11 01:15:00+00:00	[0.75,1.00]	0.017335410985586244	0.03194390338917019	0.04927931437475644	0.04927931437475644
BNB/USDT	2024-03-12 01:15:00+00:00	[0.25,0.50)	0.005524861878453212	0.037340445799199894	0.04000762049914269	0.05620118117736712
BNB/USDT	2024-03-13 01:15:00+00:00	[0.25,0.50)	0.007472445357743322	0.01326359050999444	0.12497664860825702	0.18755837847935733
BNB/USDT	2024-03-14 01:15:00+00:00	[0.75,1.00]	0.011816121722240319	0.0239559728067335	0.043056005179669836	0.09096795079313702
BNB/USDT	2024-03-15 01:15:00+00:00	[0.50,0.75)	0.020621985697655044	0.06652253450856478	0.1066023615499751	0.1734575087310828
BNB/USDT	2024-03-16 01:15:00+00:00	[0.75,1.00]	0.014502199771875656	0.01678344467981109	0.0459507902884146	0.09499755580902713
BNB/USDT	2024-03-17 01:15:00+00:00	[0.75,1.00]	0.0167762020062261	0.02109996540989265	0.07229332410930465	0.07246627464545136
BNB/USDT	2024-03-18 01:15:00+00:00	[0.75,1.00]	0.014615662215806402	0.03320101046553586	0.061349693251533735	0.09635510645976197
BNB/USDT	2024-03-19 01:15:00+00:00	[0.75,1.00]	0.022545183528973396	0.035960499347866506	0.08589528600708024	0.08589528600708024
BNB/USDT	2024-03-20 01:15:00+00:00	[0.75,1.00]	0.01721439749608766	0.04401408450704226	0.07726917057902974	0.11541471048513302
BNB/USDT	2024-03-21 01:15:00+00:00	[0.50,0.75)	0.014117647058823447	0.03873303167420811	0.0550226244343891	0.0550226244343891
BNB/USDT	2024-03-22 01:15:00+00:00	[0.50,0.75)	0.01200141193081551	0.0331803741616662	0.05577126720790685	0.09283445111189555
BNB/USDT	2024-03-23 01:15:00+00:00	[0.75,1.00]	0.012753727321717302	0.03448895275732	0.03646488234237483	0.043650080833483144
BNB/USDT	2024-03-24 01:15:00+00:00	[0.25,0.50)	0.006794207044519855	0.018952261755765976	0.028070802789200665	0.043447166100482666
BNB/USDT	2024-03-25 01:15:00+00:00	[0.10,0.25)	0.006850518180221285	0.03671175127349373	0.03688740558580714	0.052520639381696786
BNB/USDT	2024-03-26 01:15:00+00:00	[0.10,0.25)	0.003379520108144644	0.007265968232511099	0.013518080432578575	0.04241297735721532
BNB/USDT	2024-03-27 01:15:00+00:00	[0.10,0.25)	0.0065135413095645436	0.012855673637298596	0.02314021254713747	0.048680150839904165
BNB/USDT	2024-03-28 01:15:00+00:00	[0.50,0.75)	0.01301592738482621	0.022264086316150025	0.027059427984243996	0.027059427984243996
BNB/USDT	2024-03-29 01:15:00+00:00	[0.10,0.25)	0.007654362986902535	0.05085898962408569	0.061575097805749164	0.0617451947610137
BNB/USDT	2024-03-30 01:15:00+00:00	[0.25,0.50)	0.005086970790941948	0.01050213324581552	0.022481128979324	0.022481128979324
BNB/USDT	2024-03-31 01:15:00+00:00	[0.10,0.25)	0.00711920529801317	0.00943708609271512	0.009933774834437087	0.011589403973509934
BNB/USDT	2024-04-01 01:15:00+00:00	[0.00,0.05)	0.005458154151505052	0.022990406880582164	0.05507773734700621	0.060866688719814675
BNB/USDT	2024-04-02 01:15:00+00:00	[0.25,0.50)	0.015091066782306907	0.04562012142237633	0.051344319167389456	0.0674761491760624
BNB/USDT	2024-04-03 01:15:00+00:00	[0.50,0.75)	0.01677301731996362	0.022971741112124015	0.03555150410209663	0.042114858705560664
BNB/USDT	2024-04-04 01:15:00+00:00	[0.50,0.75)	0.013698630136986422	0.03126097646645584	0.048647699332630724	0.05883386020372322
BNB/USDT	2024-04-05 01:15:00+00:00	[0.25,0.50)	0.018326828440522577	0.04225352112676053	0.04225352112676053	0.04225352112676053
BNB/USDT	2024-04-06 01:15:00+00:00	[0.10,0.25)	0.006215469613259707	0.01640193370165746	0.01640193370165746	0.02796961325966839
BNB/USDT	2024-04-07 01:15:00+00:00	[0.10,0.25)	0.003898965926428324	0.008476012883539583	0.009662654687235202	0.022207153754873747
BNB/USDT	2024-04-08 01:15:00+00:00	[0.05,0.10)	0.007731958762886598	0.012027491408934709	0.04020618556701027	0.04020618556701027
BNB/USDT	2024-04-09 01:15:00+00:00	[0.25,0.50)	0.007514944491887237	0.011272416737830953	0.02596071733561047	0.02596071733561047
BNB/USDT	2024-04-10 01:15:00+00:00	[0.05,0.10)	0.010191742960787661	0.015028502332009062	0.03212990153739855	0.06736914838486785
BNB/USDT	2024-04-11 01:15:00+00:00	[0.25,0.50)	0.010239471511147886	0.023121387283236993	0.04360033030553258	0.04360033030553258
BNB/USDT	2024-04-12 01:15:00+00:00	[0.10,0.25)	0.012159053565560265	0.02366086099244163	0.04419980282615836	0.10433782451528097
BNB/USDT	2024-04-13 01:15:00+00:00	[0.50,0.75)	0.037472321580650655	0.05041730539942092	0.05978538579458358	0.15704309316981782
BNB/USDT	2024-04-14 01:15:00+00:00	[0.75,1.00]	0.0142491779320423	0.04731457800511505	0.07289002557544753	0.07289002557544753
BNB/USDT	2024-04-15 01:15:00+00:00	[0.75,1.00]	0.009395497252260156	0.016663712107782266	0.045204750930686044	0.0723276014890976
BNB/USDT	2024-04-16 01:15:00+00:00	[0.50,0.75)	0.02336533236732472	0.039485600434703776	0.04039123347219698	0.056511501539576244
BNB/USDT	2024-04-17 01:15:00+00:00	[0.25,0.50)	0.009300595238095238	0.021019345238095365	0.030133928571428444	0.0656622023809523
BNB/USDT	2024-04-18 01:15:00+00:00	[0.50,0.75)	0.009278159213212098	0.038411579142697966	0.038411579142697966	0.038411579142697966
BNB/USDT	2024-04-19 01:15:00+00:00	[0.50,0.75)	0.03054989816700611	0.042955008331790494	0.07461581188668756	0.07461581188668756
BNB/USDT	2024-04-20 01:15:00+00:00	[0.50,0.75)	0.008313753840592849	0.014458702331465753	0.017350442797758943	0.038677028736670845
BNB/USDT	2024-04-21 01:15:00+00:00	[0.10,0.25)	0.008061689449701908	0.01121626358219414	0.021731510690501187	0.0334735366281108
BNB/USDT	2024-04-22 01:15:00+00:00	[0.25,0.50)	0.008430832759807256	0.045251204404680084	0.05213351686166563	0.05247763248451479
BNB/USDT	2024-04-23 01:15:00+00:00	[0.50,0.75)	0.0054563492063491315	0.0152116402116401	0.03240740740740726	0.03240740740740726
BNB/USDT	2024-04-24 01:15:00+00:00	[0.10,0.25)	0.006596306068601583	0.011378627968337694	0.028858839050131927	0.042711081794195215
BNB/USDT	2024-04-25 01:15:00+00:00	[0.10,0.25)	0.01302770448548809	0.014346965699208332	0.02176781002638511	0.028364116094986697
BNB/USDT	2024-04-26 01:15:00+00:00	[0.25,0.50)	0.011003448842174487	0.011003448842174487	0.028247659714238867	0.04861225160124819
BNB/USDT	2024-04-27 01:15:00+00:00	[0.50,0.75)	0.013081889228678296	0.018178729187903576	0.018178729187903576	0.024125042473666404
BNB/USDT	2024-04-28 01:15:00+00:00	[0.25,0.50)	0.0035017508754377567	0.008671002167750618	0.013340003335000832	0.019343004835751246
BNB/USDT	2024-04-29 01:15:00+00:00	[0.50,0.75)	0.005669501417375505	0.02101050525262635	0.03401700850425227	0.03568450892112738
BNB/USDT	2024-04-30 01:15:00+00:00	[0.50,0.75)	0.013902847571189394	0.01691792294807374	0.07420435510887764	0.08140703517587924
BNB/USDT	2024-05-01 01:15:00+00:00	[0.50,0.75)	0.014790325387158517	0.014790325387158517	0.06838350443709754	0.06838350443709754
BNB/USDT	2024-05-02 01:15:00+00:00	[0.50,0.75)	0.028324012267725143	0.028324012267725143	0.045643153526970875	0.047627638462926176
BNB/USDT	2024-05-03 01:15:00+00:00	[0.10,0.25)	0.008504606661941805	0.009036144578313093	0.028703047484053945	0.05315379163713679
BNB/USDT	2024-05-04 01:15:00+00:00	[0.10,0.25)	0.011706820495419032	0.011706820495419032	0.018832711231761154	0.021208008143875128
BNB/USDT	2024-05-05 01:15:00+00:00	[0.25,0.50)	0.008765898934341739	0.00910965967686502	0.017703678239945116	0.027844620144379592
BNB/USDT	2024-05-06 01:15:00+00:00	[0.25,0.50)	0.004043807919123995	0.007413647851727005	0.03201347935973041	0.03235046335299062
BNB/USDT	2024-05-07 01:15:00+00:00	[0.10,0.25)	0.00712589073634212	0.019172039362063038	0.030369867662029145	0.04411265693926027
BNB/USDT	2024-05-08 01:15:00+00:00	[0.50,0.75)	0.0087885576425985	0.01602619334826806	0.01602619334826806	0.02343615371359626
BNB/USDT	2024-05-09 01:15:00+00:00	[0.50,0.75)	0.014307613694430212	0.024357009027422848	0.026060296371997877	0.03253278828138291
BNB/USDT	2024-05-10 01:15:00+00:00	[0.00,0.05)	0.005037783375314861	0.009739714525608656	0.010075566750629723	0.026028547439126783
BNB/USDT	2024-05-11 01:15:00+00:00	[0.10,0.25)	0.014098861899099827	0.014098861899099827	0.018345507049431064	0.023271615423815263
BNB/USDT	2024-05-12 01:15:00+00:00	[0.00,0.05)	0.003547896604156146	0.0037168440614969516	0.011826322013853693	0.021625274539618294
BNB/USDT	2024-05-13 01:15:00+00:00	[0.10,0.25)	0.00807808818579595	0.01531470885223815	0.02221474251093896	0.02221474251093896
BNB/USDT	2024-05-14 01:15:00+00:00	[0.10,0.25)	0.006086221470836894	0.0072696534234995	0.023499577345731153	0.05409974640743871
BNB/USDT	2024-05-15 01:15:00+00:00	[0.25,0.50)	0.0035341933203746245	0.010425870295105102	0.026683159568828455	0.03975967485421453
BNB/USDT	2024-05-16 01:15:00+00:00	[0.25,0.50)	0.004115932087120524	0.007717372663351055	0.020922654776196075	0.03549991425141474
BNB/USDT	2024-05-17 01:15:00+00:00	[0.25,0.50)	0.0026352775825720307	0.006500351370344422	0.01950105411103307	0.027231201686577652
BNB/USDT	2024-05-18 01:15:00+00:00	[0.00,0.05)	0.003976486860304209	0.006569847856154832	0.010200553250345742	0.013312586445366412
BNB/USDT	2024-05-19 01:15:00+00:00	[0.10,0.25)	0.002928509905253974	0.004651162790697557	0.009130060292850913	0.01826012058570202
BNB/USDT	2024-05-20 01:15:00+00:00	[0.10,0.25)	0.00960530911631156	0.017638840377226725	0.020782396088019718	0.07474676912329736
BNB/USDT	2024-05-21 01:15:00+00:00	[0.75,1.00]	0.008048289738430508	0.011234071093226099	0.0638832997987928	0.0638832997987928
BNB/USDT	2024-05-22 01:15:00+00:00	[0.75,1.00]	0.005170463725965312	0.019066084989497422	0.025367587655517745	0.026175472612699844
BNB/USDT	2024-05-23 01:15:00+00:00	[0.10,0.25)	0.003576654202568762	0.009266785888473492	0.028450658429523653	0.06096569663469354
BNB/USDT	2024-05-24 01:15:00+00:00	[0.50,0.75)	0.010176843510176881	0.013513513513513552	0.02869536202869544	0.02869536202869544
BNB/USDT	2024-05-25 01:15:00+00:00	[0.00,0.05)	0.0024937655860349127	0.006151288445552861	0.011138819617622685	0.011138819617622685
BNB/USDT	2024-05-26 01:15:00+00:00	[0.00,0.05)	0.003323363243602526	0.0056497175141242565	0.009139248919906947	0.012296444001329308
BNB/USDT	2024-05-27 01:15:00+00:00	[0.05,0.10)	0.007159507159507273	0.010156510156510194	0.010156510156510194	0.02331002331002331
BNB/USDT	2024-05-28 01:15:00+00:00	[0.10,0.25)	0.008452104739807793	0.018727212462711418	0.02021876035797157	0.02021876035797157
BNB/USDT	2024-05-29 01:15:00+00:00	[0.00,0.05)	0.0036556995679628544	0.003988035892322993	0.012628780325689636	0.017447657028913263
BNB/USDT	2024-05-30 01:15:00+00:00	[0.05,0.10)	0.002849480388870341	0.004358028830036913	0.019946362722091816	0.026315789473684285
BNB/USDT	2024-05-31 01:15:00+00:00	[0.05,0.10)	0.005035246727089627	0.008727760993622097	0.013427324605572341	0.015105740181268883
BNB/USDT	2024-06-01 01:15:00+00:00	[0.10,0.25)	0.0025256777235224785	0.0052197339619464945	0.0057248695066509135	0.025256777235224785
BNB/USDT	2024-06-02 01:15:00+00:00	[0.50,0.75)	0.0051316007283562694	0.0067869558020195704	0.016056944214534092	0.02317497103128621
BNB/USDT	2024-06-03 01:15:00+00:00	[0.75,1.00]	0.006737880032867745	0.01413311421528352	0.05456039441248962	0.05456039441248962
BNB/USDT	2024-06-04 01:15:00+00:00	[0.50,0.75)	0.005252268024828832	0.012255292057934181	0.04647461403788007	0.14515358904981704
BNB/USDT	2024-06-05 01:15:00+00:00	[0.75,1.00]	0.024301165894086346	0.02753195673549659	0.029779463407782057	0.03778620592779898
BNB/USDT	2024-06-06 01:15:00+00:00	[0.50,0.75)	0.00627943485086339	0.02069359212216355	0.030112744398458714	0.04252889967175675
BNB/USDT	2024-06-07 01:15:00+00:00	[0.50,0.75)	0.0059667566415684695	0.012501775820428974	0.01903679499928964	0.07174314533314391
BNB/USDT	2024-06-08 01:15:00+00:00	[0.25,0.50)	0.0064582415969469805	0.006898576251284377	0.02495229707911346	0.02495229707911346
BNB/USDT	2024-06-09 01:15:00+00:00	[0.25,0.50)	0.00820753334310424	0.01788069764033423	0.02037227026234791	0.021251648834823392
BNB/USDT	2024-06-10 01:15:00+00:00	[0.00,0.05)	0.003565592036844417	0.01916505719803889	0.058238003268459265	0.09136829594413906
BNB/USDT	2024-06-11 01:15:00+00:00	[0.75,1.00]	0.016472093395170428	0.020949944026867142	0.04158004158004158	0.053894130817207814
BNB/USDT	2024-06-12 01:15:00+00:00	[0.75,1.00]	0.02078444518940679	0.03402614817298034	0.06805229634596048	0.07391887361716397
BNB/USDT	2024-06-13 01:15:00+00:00	[0.50,0.75)	0.009596616785946614	0.02000650618087194	0.021307742355237514	0.033506831489915456
BNB/USDT	2024-06-14 01:15:00+00:00	[0.25,0.50)	0.010374832663989177	0.013386880856760375	0.02827978580990625	0.03765060240963855
BNB/USDT	2024-06-15 01:15:00+00:00	[0.50,0.75)	0.0043110595257834896	0.01127507875974145	0.013928038467915918	0.013928038467915918
BNB/USDT	2024-06-16 01:15:00+00:00	[0.25,0.50)	0.0031389393689079423	0.008921196101106853	0.013547001486865905	0.01899884354865356
BNB/USDT	2024-06-17 01:15:00+00:00	[0.10,0.25)	0.006414473684210489	0.007730263157894625	0.023519736842105187	0.03157894736842094
BNB/USDT	2024-06-18 01:15:00+00:00	[0.75,1.00]	0.021889206937194816	0.026267048324633818	0.03653813773362527	0.03822192288264025
BNB/USDT	2024-06-19 01:15:00+00:00	[0.50,0.75)	0.01279676713251393	0.019531907728573873	0.027782454958747264	0.027782454958747264
BNB/USDT	2024-06-20 01:15:00+00:00	[0.25,0.50)	0.010641835716661087	0.011473229132025238	0.019620884602593872	0.041070834718989105
BNB/USDT	2024-06-21 01:15:00+00:00	[0.75,1.00]	0.00374149659863934	0.007823129251700525	0.018877551020408008	0.0195578231292517
BNB/USDT	2024-06-22 01:15:00+00:00	[0.25,0.50)	0.00377552771580581	0.006349751158400627	0.009782049081860382	0.018362793890509772
BNB/USDT	2024-06-23 01:15:00+00:00	[0.25,0.50)	0.005107252298263534	0.010044262853251773	0.010044262853251773	0.029281579843377675
BNB/USDT	2024-06-24 01:15:00+00:00	[0.50,0.75)	0.004998276456394503	0.023784901758014593	0.03912443984832824	0.050844536366770075
BNB/USDT	2024-06-25 01:15:00+00:00	[0.75,1.00]	0.007024938531787847	0.016684229012996137	0.01879171057253257	0.021952932911837024
BNB/USDT	2024-06-26 01:15:00+00:00	[0.10,0.25)	0.011239840913020924	0.014179491613349552	0.023517205602628436	0.029915268891578885
BNB/USDT	2024-06-27 01:15:00+00:00	[0.10,0.25)	0.0048916841369672755	0.009433962264150905	0.02201257861635224	0.03197064989517832
BNB/USDT	2024-06-28 01:15:00+00:00	[0.10,0.25)	0.006182380216383152	0.010132234243517049	0.020264468487034098	0.03383135840631965
BNB/USDT	2024-06-29 01:15:00+00:00	[0.25,0.50)	0.004385195579722855	0.00912120680582362	0.011401508507279424	0.011401508507279424
BNB/USDT	2024-06-30 01:15:00+00:00	[0.10,0.25)	0.005251181515841065	0.005426220899702473	0.018379135305443727	0.03343252231752149
BNB/USDT	2024-07-01 01:15:00+00:00	[0.75,1.00]	0.0059706584783350385	0.006994199931763747	0.01927669737291019	0.023370863186625606
BNB/USDT	2024-07-02 01:15:00+00:00	[0.50,0.75)	0.0046932035459760916	0.009560229445506692	0.01268903180949082	0.014079610637928078
BNB/USDT	2024-07-03 01:15:00+00:00	[0.05,0.10)	0.00812165197857274	0.02488335925349918	0.04648349749438392	0.051149127354415104
BNB/USDT	2024-07-04 01:15:00+00:00	[0.25,0.50)	0.052536558945658104	0.052536558945658104	0.076548113377866	0.08738039357284705
BNB/USDT	2024-07-05 01:15:00+00:00	[0.75,1.00]	0.018882769472856064	0.11054287962234459	0.11054287962234459	0.11054287962234459
BNB/USDT	2024-07-06 01:15:00+00:00	[0.75,1.00]	0.012935323383084577	0.01691542288557214	0.036218905472636904	0.06905472636815929
BNB/USDT	2024-07-07 01:15:00+00:00	[0.75,1.00]	0.010999614048629959	0.03299884214588966	0.05229641065225785	0.10169818602856048
BNB/USDT	2024-07-08 01:15:00+00:00	[0.75,1.00]	0.026828757073988706	0.07901907356948239	0.10647662963739271	0.10647662963739271
BNB/USDT	2024-07-09 01:15:00+00:00	[0.25,0.50)	0.008428067424539418	0.019012152097216867	0.02450019600156801	0.028028224225793718
BNB/USDT	2024-07-10 01:15:00+00:00	[0.25,0.50)	0.007959619491360724	0.026402640264026226	0.03242088914773817	0.03242088914773817
BNB/USDT	2024-07-11 01:15:00+00:00	[0.10,0.25)	0.011472275334608031	0.016252390057361378	0.03804971319311659	0.05372848948374765
BNB/USDT	2024-07-12 01:15:00+00:00	[0.50,0.75)	0.011748844375963062	0.015793528505393	0.021571648690292843	0.037557781201848994
BNB/USDT	2024-07-13 01:15:00+00:00	[0.25,0.50)	0.005607476635514018	0.0065420560747663555	0.014392523364485854	0.022616822429906584
BNB/USDT	2024-07-14 01:15:00+00:00	[0.50,0.75)	0.008783404971033536	0.01345542889179601	0.015511119416931328	0.034012334143150684
BNB/USDT	2024-07-15 01:15:00+00:00	[0.75,1.00]	0.012039401678219668	0.0180591025173294	0.0541773075519882	0.07734403502371393
BNB/USDT	2024-07-16 01:15:00+00:00	[0.75,1.00]	0.008784016534619398	0.01687909059593516	0.05012056493282815	0.050981743024457495
BNB/USDT	2024-07-17 01:15:00+00:00	[0.75,1.00]	0.006010647432594883	0.010990898162459175	0.01871887343293831	0.033144427271166184
BNB/USDT	2024-07-18 01:15:00+00:00	[0.50,0.75)	0.0111381830838844	0.013574660633484083	0.018099547511312177	0.03132613992342499
BNB/USDT	2024-07-19 01:15:00+00:00	[0.25,0.50)	0.006322444678609102	0.010713031260976507	0.02212855637513156	0.05707762557077626
BNB/USDT	2024-07-20 01:15:00+00:00	[0.50,0.75)	0.004075394803871587	0.008830022075055071	0.010867719476990962	0.019018509084734136
BNB/USDT	2024-07-21 01:15:00+00:00	[0.10,0.25)	0.0025142474019443513	0.008380824673147838	0.011230305062018178	0.040395574924572616
BNB/USDT	2024-07-22 01:15:00+00:00	[0.25,0.50)	0.00581781914893617	0.009640957446808434	0.021775265957446655	0.03989361702127659
BNB/USDT	2024-07-23 01:15:00+00:00	[0.25,0.50)	0.00507185122569738	0.02637362637362622	0.02637362637362622	0.02721893491124245
BNB/USDT	2024-07-24 01:15:00+00:00	[0.10,0.25)	0.009226037929267005	0.009226037929267005	0.014693319665129033	0.05142661882795152
BNB/USDT	2024-07-25 01:15:00+00:00	[0.75,1.00]	0.014407684098185738	0.017787264318747775	0.02774813233724657	0.038954108858057584
BNB/USDT	2024-07-26 01:15:00+00:00	[0.25,0.50)	0.006623670908140063	0.013770263203764994	0.014990413107896151	0.01865086282028923
BNB/USDT	2024-07-27 01:15:00+00:00	[0.10,0.25)	0.003109882515549334	0.013994471319972201	0.022633033863165015	0.03489979267449885
BNB/USDT	2024-07-28 01:15:00+00:00	[0.50,0.75)	0.004112405757368216	0.016620973269362654	0.016620973269362654	0.024331734064427766
BNB/USDT	2024-07-29 01:15:00+00:00	[0.50,0.75)	0.007659574468085106	0.021787234042553113	0.021787234042553113	0.05344680851063826
BNB/USDT	2024-07-30 01:15:00+00:00	[0.50,0.75)	0.012367183417523119	0.012367183417523119	0.015328340010451061	0.03832085002612785
BNB/USDT	2024-07-31 01:15:00+00:00	[0.75,1.00]	0.009917920656634865	0.012995896032831777	0.01350889192886453	0.03214774281805738
BNB/USDT	2024-08-01 01:15:00+00:00	[0.10,0.25)	0.01059395623480379	0.02275095519277531	0.02275095519277531	0.04168113928447378
BNB/USDT	2024-08-02 01:15:00+00:00	[0.50,0.75)	0.012265638689328893	0.016120553705975198	0.02085158577185908	0.08883826879271078
BNB/USDT	2024-08-03 01:15:00+00:00	[0.75,1.00]	0.014234875444839689	0.02041580820378344	0.025472935006555366	0.04495223824686271
BNB/USDT	2024-08-04 01:15:00+00:00	[0.50,0.75)	0.0071684587813621355	0.010564044519901948	0.020939445387662747	0.18864365214110546
BNB/USDT	2024-08-05 01:15:00+00:00	[0.75,1.00]	0.043745878214992255	0.07474170147285118	0.13299626291492636	0.1980655089030557
BNB/USDT	2024-08-06 01:15:00+00:00	[0.75,1.00]	0.012944318882268244	0.021573864803780565	0.0456133141565646	0.051160879391822435
BNB/USDT	2024-08-07 01:15:00+00:00	[0.75,1.00]	0.021153048527581892	0.03214433844877644	0.03255910410617999	0.06262961426793859
BNB/USDT	2024-08-08 01:15:00+00:00	[0.50,0.75)	0.031014249790444284	0.031014249790444284	0.04065381391450133	0.09388097233864222
BNB/USDT	2024-08-09 01:15:00+00:00	[0.75,1.00]	0.004856254856254857	0.01689976689976688	0.027389277389277326	0.03438228438228436
BNB/USDT	2024-08-10 01:15:00+00:00	[0.25,0.50)	0.006866784382970375	0.008436335099077912	0.018834608593290104	0.03766921718658032
BNB/USDT	2024-08-11 01:15:00+00:00	[0.10,0.25)	0.006861063464837092	0.019439679817038175	0.03430531732418524	0.06784829426338854
BNB/USDT	2024-08-12 01:15:00+00:00	[0.25,0.50)	0.006719367588932873	0.01027667984189721	0.040316205533596904	0.049011857707509904
BNB/USDT	2024-08-13 01:15:00+00:00	[0.50,0.75)	0.009250337251879107	0.013297359799576202	0.026787434958566156	0.026787434958566156
BNB/USDT	2024-08-14 01:15:00+00:00	[0.05,0.10)	0.005348615090735565	0.012607449856733568	0.019102196752626553	0.03151862464183381
BNB/USDT	2024-08-15 01:15:00+00:00	[0.10,0.25)	0.009148084619782863	0.011053935582237598	0.028016009148084487	0.045549838002668146
BNB/USDT	2024-08-16 01:15:00+00:00	[0.50,0.75)	0.00835113614294051	0.014565935133035541	0.028355020392309232	0.028355020392309232
BNB/USDT	2024-08-17 01:15:00+00:00	[0.10,0.25)	0.004021447721179668	0.007085407889697303	0.021447721179624533	0.05285331290693225
BNB/USDT	2024-08-18 01:15:00+00:00	[0.25,0.50)	0.0029800707766809886	0.011920283106723955	0.011920283106723955	0.021605513130936903
BNB/USDT	2024-08-19 01:15:00+00:00	[0.50,0.75)	0.006001500375093859	0.009377344336084021	0.017629407351837916	0.07801950487621909
BNB/USDT	2024-08-20 01:15:00+00:00	[0.75,1.00]	0.006888025432709249	0.013952666902154675	0.017131755563405238	0.029494878134934528
BNB/USDT	2024-08-21 01:15:00+00:00	[0.50,0.75)	0.00814015218545374	0.00973279065652097	0.027959653158733087	0.051318350734383296
BNB/USDT	2024-08-22 01:15:00+00:00	[0.25,0.50)	0.006526724289998116	0.018345387193508516	0.04409948844593403	0.053448579996471964
BNB/USDT	2024-08-23 01:15:00+00:00	[0.25,0.50)	0.006665527260297346	0.011792855922064565	0.020167492736284317	0.04494958126815941
BNB/USDT	2024-08-24 01:15:00+00:00	[0.50,0.75)	0.004434589800443498	0.022002387856046357	0.022684632440729924	0.03001876172607884
BNB/USDT	2024-08-25 01:15:00+00:00	[0.75,1.00]	0.007757283227029822	0.007929667298741635	0.019651784175142177	0.019651784175142177
BNB/USDT	2024-08-26 01:15:00+00:00	[0.25,0.50)	0.009252793296089306	0.01658519553072626	0.024266759776536275	0.045914804469273665
BNB/USDT	2024-08-27 01:15:00+00:00	[0.50,0.75)	0.005411255411255412	0.011724386724386724	0.020562770562770522	0.06818181818181811
BNB/USDT	2024-08-28 01:15:00+00:00	[0.75,1.00]	0.009236569274269728	0.028652214891611773	0.03770028275212064	0.04599434495758714
BNB/USDT	2024-08-29 01:15:00+00:00	[0.25,0.50)	0.006681514476614742	0.008166295471417924	0.015590200445434257	0.027097253155159658
BNB/USDT	2024-08-30 01:15:00+00:00	[0.10,0.25)	0.006387375540109133	0.010332519256058614	0.028367461957542785	0.04020289310539166
BNB/USDT	2024-08-31 01:15:00+00:00	[0.10,0.25)	0.0029772981019725022	0.00986229996278369	0.013583922590249264	0.024190547078526237
BNB/USDT	2024-09-01 01:15:00+00:00	[0.25,0.50)	0.007379375591296078	0.013812677388836458	0.028949858088931066	0.03973509933774845
BNB/USDT	2024-09-02 01:15:00+00:00	[0.75,1.00]	0.007590502140910817	0.01654340210198521	0.0465161541455819	0.060334760607240176
BNB/USDT	2024-09-03 01:15:00+00:00	[0.25,0.50)	0.016016581872997926	0.016205012247974417	0.016205012247974417	0.06990766911626146
BNB/USDT	2024-09-04 01:15:00+00:00	[0.75,1.00]	0.011394891944990087	0.011787819253438114	0.036935166994106115	0.036935166994106115
BNB/USDT	2024-09-05 01:15:00+00:00	[0.10,0.25)	0.006460454189506567	0.019968676585747823	0.02329678935003911	0.03171495693030538
BNB/USDT	2024-09-06 01:15:00+00:00	[0.10,0.25)	0.011347800119450505	0.012144136969938216	0.02588094764085208	0.07684650607206842
BNB/USDT	2024-09-07 01:15:00+00:00	[0.75,1.00]	0.008032955715757023	0.01894953656024726	0.028424304840370774	0.03419155509783733
BNB/USDT	2024-09-08 01:15:00+00:00	[0.10,0.25)	0.006077795786061588	0.012560777957860592	0.025931928687196015	0.038492706645056725
BNB/USDT	2024-09-09 01:15:00+00:00	[0.75,1.00]	0.006501182033096837	0.0128053585500394	0.016942474389282945	0.04728132387706867
BNB/USDT	2024-09-10 01:15:00+00:00	[0.50,0.75)	0.00484027105517909	0.008325266214908167	0.0162633107454017	0.029235237173281636
BNB/USDT	2024-09-11 01:15:00+00:00	[0.50,0.75)	0.010293260827345028	0.019421246844047387	0.026218683239463976	0.06506117692755875
BNB/USDT	2024-09-12 01:15:00+00:00	[0.75,1.00]	0.015598885793871824	0.015598885793871824	0.015598885793871824	0.027112349117920192
BNB/USDT	2024-09-13 01:15:00+00:00	[0.50,0.75)	0.009020618556700988	0.013254786450662822	0.02006627393225327	0.038659793814432984
BNB/USDT	2024-09-14 01:15:00+00:00	[0.10,0.25)	0.006080114449213324	0.011444921316166113	0.017167381974248965	0.02092274678111596
BNB/USDT	2024-09-15 01:15:00+00:00	[0.10,0.25)	0.0023410768953717894	0.006843147848010003	0.016027372591392	0.028633171258779
BNB/USDT	2024-09-16 01:15:00+00:00	[0.75,1.00]	0.01668177697189471	0.020489573889392484	0.021940163191296505	0.046418857660924795
BNB/USDT	2024-09-17 01:15:00+00:00	[0.50,0.75)	0.004894578313253055	0.014118975903614456	0.02880271084337362	0.04122740963855438
BNB/USDT	2024-09-18 01:15:00+00:00	[0.10,0.25)	0.006568144499178816	0.010582010582010498	0.023718299580368547	0.04707170224411616
BNB/USDT	2024-09-19 01:15:00+00:00	[0.75,1.00]	0.005215827338129455	0.012949640287769865	0.027697841726618665	0.03453237410071951
BNB/USDT	2024-09-20 01:15:00+00:00	[0.50,0.75)	0.007135212272565109	0.029254370317516903	0.029254370317516903	0.029254370317516903
BNB/USDT	2024-09-21 01:15:00+00:00	[0.10,0.25)	0.008755034144633163	0.012782349851164538	0.03712134477324469	0.041323761162668574
BNB/USDT	2024-09-22 01:15:00+00:00	[0.25,0.50)	0.006331279945243062	0.008042436687200626	0.010095824777549585	0.03148528405201913
BNB/USDT	2024-09-23 01:15:00+00:00	[0.75,1.00]	0.0079244646771201	0.012982633619962982	0.019558253245658443	0.04737818243129324
BNB/USDT	2024-09-24 01:15:00+00:00	[0.50,0.75)	0.009268454154253595	0.011751075802714181	0.011751075802714181	0.02466070837471032
BNB/USDT	2024-09-25 01:15:00+00:00	[0.50,0.75)	0.007948335817188202	0.012088094055307095	0.02682563338301032	0.0430534856764365
BNB/USDT	2024-09-26 01:15:00+00:00	[0.25,0.50)	0.0137221269296741	0.015265866209262591	0.031217838765008655	0.048370497427101276
BNB/USDT	2024-09-27 01:15:00+00:00	[0.25,0.50)	0.010352312573050668	0.016029387209884827	0.029554182668225158	0.029554182668225158
BNB/USDT	2024-09-28 01:15:00+00:00	[0.00,0.05)	0.008554038493173294	0.022372100674453072	0.039644678401052846	0.039644678401052846
BNB/USDT	2024-09-29 01:15:00+00:00	[0.05,0.10)	0.0051683894631544235	0.007669223074358158	0.015838612870956986	0.03151050350116702
BNB/USDT	2024-09-30 01:15:00+00:00	[0.75,1.00]	0.020467337540508272	0.025584171925635342	0.02848371141054076	0.040422991642503917
BNB/USDT	2024-10-01 01:15:00+00:00	[0.50,0.75)	0.005580746424834401	0.019009417509592067	0.021450994070457044	0.0807464248343217
BNB/USDT	2024-10-02 01:15:00+00:00	[0.50,0.75)	0.005973931933381526	0.007060101375814586	0.03602461984069511	0.041455467052860205
BNB/USDT	2024-10-03 01:15:00+00:00	[0.25,0.50)	0.007116788321168049	0.009124087591240875	0.030109489051094892	0.030109489051094892
BNB/USDT	2024-10-04 01:15:00+00:00	[0.10,0.25)	0.004926108374384319	0.007480386790731659	0.020799124247400068	0.023170954205437046
BNB/USDT	2024-10-05 01:15:00+00:00	[0.00,0.05)	0.004137434790430056	0.011332973556394954	0.024464831804281387	0.025903939557474324
BNB/USDT	2024-10-06 01:15:00+00:00	[0.25,0.50)	0.0035398230088495575	0.008672566371681577	0.009026548672566411	0.0267256637168142
BNB/USDT	2024-10-07 01:15:00+00:00	[0.75,1.00]	0.005220114842526535	0.01044022968505307	0.018792413433095647	0.0321907081955803
BNB/USDT	2024-10-08 01:15:00+00:00	[0.75,1.00]	0.007215769095388987	0.009503695881731744	0.03220696937697985	0.048046462513199495
BNB/USDT	2024-10-09 01:15:00+00:00	[0.25,0.50)	0.009620340147740977	0.016492011681841647	0.022161140697474623	0.03401477409379824
BNB/USDT	2024-10-10 01:15:00+00:00	[0.10,0.25)	0.004728546409807236	0.0066549912434324945	0.014185639229422106	0.037478108581436034
BNB/USDT	2024-10-11 01:15:00+00:00	[0.25,0.50)	0.008370436331255646	0.008370436331255646	0.016562778272484337	0.030988423864648222
BNB/USDT	2024-10-12 01:15:00+00:00	[0.10,0.25)	0.0038234271810912964	0.006777893639207468	0.009037191518943423	0.009037191518943423
BNB/USDT	2024-10-13 01:15:00+00:00	[0.00,0.05)	0.003123915307184926	0.00728913571676509	0.008503991669559141	0.02099965289829924
BNB/USDT	2024-10-14 01:15:00+00:00	[0.00,0.05)	0.004541484716157245	0.022707423580786028	0.042096069868995674	0.05851528384279476
BNB/USDT	2024-10-15 01:15:00+00:00	[0.25,0.50)	0.004574720433751347	0.01287699085055917	0.028973229413758083	0.03761436801084366
BNB/USDT	2024-10-16 01:15:00+00:00	[0.50,0.75)	0.004697198456634717	0.012917295755745566	0.020130850528434826	0.0271766482133869
BNB/USDT	2024-10-17 01:15:00+00:00	[0.25,0.50)	0.00463039523730768	0.00893004795766492	0.026955515131470074	0.035058706796758606
BNB/USDT	2024-10-18 01:15:00+00:00	[0.25,0.50)	0.007396201042191927	0.007396201042191927	0.009077155824508283	0.014288115649689024
BNB/USDT	2024-10-19 01:15:00+00:00	[0.00,0.05)	0.002831917374645897	0.006829918374146299	0.00782941862402121	0.009995002498750625
BNB/USDT	2024-10-20 01:15:00+00:00	[0.00,0.05)	0.002344273275284814	0.006865371734762261	0.008874748827863285	0.02595445411922304
BNB/USDT	2024-10-21 01:15:00+00:00	[0.75,1.00]	0.008728590250329493	0.01086956521739134	0.01778656126482206	0.03343214756258227
BNB/USDT	2024-10-22 01:15:00+00:00	[0.25,0.50)	0.004170837504170838	0.005005005005005005	0.03670337003670337	0.03670337003670337
BNB/USDT	2024-10-23 01:15:00+00:00	[0.25,0.50)	0.0027022462421888577	0.010977875358892079	0.02161796993751067	0.03310251646681307
BNB/USDT	2024-10-24 01:15:00+00:00	[0.50,0.75)	0.005949345571987082	0.012748597654258032	0.014958354580996014	0.020907700152983096
BNB/USDT	2024-10-25 01:15:00+00:00	[0.10,0.25)	0.005042016806722689	0.011932773109243736	0.01915966386554618	0.05344537815126062
BNB/USDT	2024-10-26 01:15:00+00:00	[0.75,1.00]	0.006916825177243646	0.013660729725056161	0.01763790420197118	0.021442158049455262
BNB/USDT	2024-10-27 01:15:00+00:00	[0.10,0.25)	0.0037748798901853908	0.006520247083047475	0.010123541523678755	0.01595744680851056
BNB/USDT	2024-10-28 01:15:00+00:00	[0.25,0.50)	0.003572036060554555	0.005783296478992988	0.019050858989624164	0.032488518455519685
BNB/USDT	2024-10-29 01:15:00+00:00	[0.50,0.75)	0.010613598673300128	0.01343283582089556	0.01343283582089556	0.023383084577114466
BNB/USDT	2024-10-30 01:15:00+00:00	[0.50,0.75)	0.004997501249375313	0.006496751624187868	0.020822921872397135	0.021156088622355566
BNB/USDT	2024-10-31 01:15:00+00:00	[0.25,0.50)	0.005886310124453414	0.010427177934745933	0.025058863101244496	0.04238143289606446
BNB/USDT	2024-11-01 01:15:00+00:00	[0.50,0.75)	0.014909847434119319	0.018203883495145633	0.02115117891816929	0.030859916782246803
BNB/USDT	2024-11-02 01:15:00+00:00	[0.25,0.50)	0.0038320850026126664	0.006096498867793067	0.017070196829820708	0.025779480926667944
BNB/USDT	2024-11-03 01:15:00+00:00	[0.25,0.50)	0.008645024700070532	0.01711362032462958	0.019230769230769194	0.035285815102328866
BNB/USDT	2024-11-04 01:15:00+00:00	[0.25,0.50)	0.007324044301536101	0.011789924973204554	0.015005359056805962	0.037870668095748364
BNB/USDT	2024-11-05 01:15:00+00:00	[0.75,1.00]	0.0068508046976946	0.012940408873423202	0.019175003624764257	0.04382340147890378
BNB/USDT	2024-11-06 01:15:00+00:00	[0.75,1.00]	0.013624454148471537	0.031004366812227076	0.03128384279475977	0.049310043668122305
BNB/USDT	2024-11-07 01:15:00+00:00	[0.75,1.00]	0.012874391301447581	0.02017877393102532	0.0342538856647323	0.04034087118938039
BNB/USDT	2024-11-08 01:15:00+00:00	[0.75,1.00]	0.014952993077012157	0.020768963864977032	0.020768963864977032	0.0605885365893957
BNB/USDT	2024-11-09 01:15:00+00:00	[0.75,1.00]	0.020334562315853868	0.03482474923926518	0.03482474923926518	0.04508058153950186
BNB/USDT	2024-11-10 01:15:00+00:00	[0.75,1.00]	0.007762710240069023	0.018176881179420824	0.03865382465219551	0.052038909387129295
BNB/USDT	2024-11-11 01:15:00+00:00	[0.75,1.00]	0.008841065332641158	0.029055956707096493	0.044472761023801634	0.08265294885711134
BNB/USDT	2024-11-12 01:15:00+00:00	[0.75,1.00]	0.02891374778409432	0.038358090347820804	0.08081178556146462	0.087719298245614
BNB/USDT	2024-11-13 01:15:00+00:00	[0.75,1.00]	0.014613610335984094	0.03830830524057616	0.03830830524057616	0.06364824104392135
BNB/USDT	2024-11-14 01:15:00+00:00	[0.75,1.00]	0.02171676763058628	0.036444981467269814	0.08147869960648561	0.08147869960648561
BNB/USDT	2024-11-15 01:15:00+00:00	[0.75,1.00]	0.009550016186468077	0.029847847199740922	0.031369375202330844	0.0373907413402396
BNB/USDT	2024-11-16 01:15:00+00:00	[0.10,0.25)	0.004012957501329609	0.010121033376847286	0.02336862801979081	0.023626488742767945
BNB/USDT	2024-11-17 01:15:00+00:00	[0.50,0.75)	0.030532639167000313	0.04772126551862229	0.06792150580696833	0.06792150580696833
BNB/USDT	2024-11-18 01:15:00+00:00	[0.50,0.75)	0.0049294196728656686	0.012659645978041624	0.028632246086872995	0.03010467014500167
BNB/USDT	2024-11-19 01:15:00+00:00	[0.10,0.25)	0.004489954131403793	0.008511531752697173	0.012775373086116624	0.026164480909619377
BNB/USDT	2024-11-20 01:15:00+00:00	[0.50,0.75)	0.007107343711793974	0.014345097399951021	0.015763305892900738	0.03387399136033902
BNB/USDT	2024-11-21 01:15:00+00:00	[0.25,0.50)	0.01704050612110756	0.03426176978062612	0.052173198586804706	0.07655903376879473
BNB/USDT	2024-11-22 01:15:00+00:00	[0.75,1.00]	0.019992035045798596	0.019992035045798596	0.03749900438072493	0.03974512146555165
BNB/USDT	2024-11-23 01:15:00+00:00	[0.75,1.00]	0.024376079108460166	0.024376079108460166	0.06404018207502739	0.06970648249882273
BNB/USDT	2024-11-24 01:15:00+00:00	[0.50,0.75)	0.011539804734356765	0.02065017689305945	0.0769370928802441	0.0769370928802441
BNB/USDT	2024-11-25 01:15:00+00:00	[0.50,0.75)	0.014532019704433406	0.025307881773398922	0.0451508620689654	0.07752463054187193
BNB/USDT	2024-11-26 01:15:00+00:00	[0.50,0.75)	0.004023488473249288	0.009833467967439322	0.05508606226309581	0.07076057913378497
BNB/USDT	2024-11-27 01:15:00+00:00	[0.25,0.50)	0.00792343935960334	0.01700441821412842	0.02906891435838063	0.07659324714283369
BNB/USDT	2024-11-28 01:15:00+00:00	[0.75,1.00]	0.00881246641590544	0.021739464189759854	0.03302371996622398	0.03302371996622398
BNB/USDT	2024-11-29 01:15:00+00:00	[0.25,0.50)	0.010377762811485907	0.018306496050939695	0.023541296761158383	0.02418416702381674
BNB/USDT	2024-11-30 01:15:00+00:00	[0.05,0.10)	0.005261295632509381	0.014630093995661725	0.044490254295955683	0.044490254295955683
BNB/USDT	2024-12-01 01:15:00+00:00	[0.10,0.25)	0.010877391877192747	0.016607172950530897	0.022459516185865645	0.029920487797404877
BNB/USDT	2024-12-02 01:15:00+00:00	[0.25,0.50)	0.014912108933709034	0.03215894199340256	0.05601831628733684	0.0590609890192653
BNB/USDT	2024-12-03 01:15:00+00:00	[0.75,1.00]	0.009740359502227734	0.012167767706252818	0.028944538331540995	0.22551851282839142
BNB/USDT	2024-12-04 01:15:00+00:00	[0.75,1.00]	0.031400523560209434	0.04085078534031419	0.06594240837696334	0.13594240837696336
BNB/USDT	2024-12-05 01:15:00+00:00	[0.75,1.00]	0.020884485810540736	0.059855535887626266	0.059855535887626266	0.06409524353337517
BNB/USDT	2024-12-06 01:15:00+00:00	[0.75,1.00]	0.008590570923589107	0.014194308575499765	0.04047296093824938	0.05599627330894544
BNB/USDT	2024-12-07 01:15:00+00:00	[0.25,0.50)	0.007681830563879033	0.01891855080359573	0.025320076273495	0.041391991283029124
BNB/USDT	2024-12-08 01:15:00+00:00	[0.05,0.10)	0.009866581449229006	0.01627120449521987	0.03966605416633374	0.03966605416633374
BNB/USDT	2024-12-09 01:15:00+00:00	[0.50,0.75)	0.013158612414094002	0.024517290280353467	0.03558961492309374	0.1252454456201593
BNB/USDT	2024-12-10 01:15:00+00:00	[0.75,1.00]	0.013691903290100838	0.03498079089517321	0.050911349259077386	0.08057713972096242
BNB/USDT	2024-12-11 01:15:00+00:00	[0.50,0.75)	0.019540421406607528	0.035824105912113685	0.04998712452853053	0.09121892845782152
BNB/USDT	2024-12-12 01:15:00+00:00	[0.25,0.50)	0.011278457866305665	0.02167753102273834	0.023855055066233068	0.040214402367359556
BNB/USDT	2024-12-13 01:15:00+00:00	[0.25,0.50)	0.013794287676721403	0.01835899490584403	0.035945280750958736	0.0481798408791713
BNB/USDT	2024-12-14 01:15:00+00:00	[0.00,0.05)	0.006720706634297517	0.010163354318396862	0.03375440617756383	0.03716962240601301
BNB/USDT	2024-12-15 01:15:00+00:00	[0.25,0.50)	0.0036343304445066015	0.007646072127481167	0.022281241263628817	0.03122728543472188
BNB/USDT	2024-12-16 01:15:00+00:00	[0.50,0.75)	0.01357642121645859	0.018176007114767367	0.023678834956852933	0.03590734127259846
BNB/USDT	2024-12-17 01:15:00+00:00	[0.50,0.75)	0.007095158597662804	0.013884251530328351	0.01480244852531996	0.0334585420144685
BNB/USDT	2024-12-18 01:15:00+00:00	[0.75,1.00]	0.01511527658035988	0.02482131434769311	0.02482131434769311	0.05544122145896488
BNB/USDT	2024-12-19 01:15:00+00:00	[0.25,0.50)	0.03596488695099778	0.049579856198203966	0.05329040455083607	0.08220958101123278
BNB/USDT	2024-12-20 01:15:00+00:00	[0.50,0.75)	0.014790197751530659	0.02362240086226267	0.09264831364799926	0.10001347285220273
BNB/USDT	2024-12-21 01:15:00+00:00	[0.50,0.75)	0.008233696842289648	0.012978291653892738	0.05296427685075691	0.06042423976992363
BNB/USDT	2024-12-22 01:15:00+00:00	[0.25,0.50)	0.0074883323078770185	0.025061152212734736	0.02957816228221564	0.04743610906853552
BNB/USDT	2024-12-23 01:15:00+00:00	[0.25,0.50)	0.02203942262921007	0.0390966940866057	0.059847896942418224	0.08412230327487204
BNB/USDT	2024-12-24 01:15:00+00:00	[0.25,0.50)	0.009078404401650593	0.016448273365670042	0.018924201838847535	0.02652573662491863
BNB/USDT	2024-12-25 01:15:00+00:00	[0.10,0.25)	0.004148368546783713	0.01341782654097586	0.023574177121032252	0.02473285937030621
BNB/USDT	2024-12-26 01:15:00+00:00	[0.10,0.25)	0.0156616403507525	0.0156616403507525	0.05257024288333358	0.05257024288333358
BNB/USDT	2024-12-27 01:15:00+00:00	[0.25,0.50)	0.01025932070199941	0.014304840071014768	0.04736750196455071	0.048153322273640144
BNB/USDT	2024-12-28 01:15:00+00:00	[0.10,0.25)	0.008844968163876785	0.008844968163876785	0.02592987409605578	0.05556195799360404
BNB/USDT	2024-12-29 01:15:00+00:00	[0.25,0.50)	0.005980594434840903	0.00612000223052487	0.011668432498745336	0.03826743991524012
BNB/USDT	2024-12-30 01:15:00+00:00	[0.25,0.50)	0.00880354421003141	0.010869100699440156	0.013589937178592236	0.034829555976580925
BNB/USDT	2024-12-31 01:15:00+00:00	[0.50,0.75)	0.005227771288567219	0.015996695250847418	0.0201703655166519	0.02351784849434488
LINK/USDT	2023-01-01 00:00:00+00:00	[0.25,0.50)	0.00864086408640865	0.00918091809180921	0.015301530153015296	0.02826282628262827
LINK/USDT	2023-01-02 00:00:00+00:00	[0.00,0.05)	0.015256342025900356	0.01561114067766544	0.03388327124356925	0.03760865708710303
LINK/USDT	2023-01-03 00:00:00+00:00	[0.25,0.50)	0.0064878134315272526	0.01315097317201476	0.01578116780641765	0.027529370506750837
LINK/USDT	2023-01-04 00:00:00+00:00	[0.10,0.25)	0.010683760683760615	0.036680911680911595	0.04059829059829056	0.050747863247863116
LINK/USDT	2023-01-05 00:00:00+00:00	[0.50,0.75)	0.012765223391409323	0.012765223391409323	0.02277039848197338	0.036570639986199714
LINK/USDT	2023-01-06 00:00:00+00:00	[0.75,1.00]	0.008519701810436642	0.011004614838480701	0.018991835285765035	0.03674121405750812
LINK/USDT	2023-01-07 00:00:00+00:00	[0.25,0.50)	0.009299877171433574	0.018424284962274003	0.018424284962274003	0.025618529566590616
LINK/USDT	2023-01-08 00:00:00+00:00	[0.25,0.50)	0.01218884120171669	0.01218884120171669	0.021974248927038646	0.04291845493562232
LINK/USDT	2023-01-09 00:00:00+00:00	[0.75,1.00]	0.019588146659969864	0.03465595178302358	0.05005859701992305	0.054244098442993445
LINK/USDT	2023-01-10 00:00:00+00:00	[0.75,1.00]	0.007214297425807443	0.027053615346778165	0.03312018363666174	0.054435153303820275
LINK/USDT	2023-01-11 00:00:00+00:00	[0.75,1.00]	0.006977121531721588	0.02466331332143439	0.02466331332143439	0.05516793769268211
LINK/USDT	2023-01-12 00:00:00+00:00	[0.75,1.00]	0.017579980994615243	0.017579980994615243	0.02581564776686732	0.05733291099144759
LINK/USDT	2023-01-13 00:00:00+00:00	[0.25,0.50)	0.016632669072650222	0.019613996547936607	0.020084732465087102	0.06370626078769819
LINK/USDT	2023-01-14 00:00:00+00:00	[0.75,1.00]	0.03160270880361173	0.04725357411587661	0.09887133182844245	0.09887133182844245
LINK/USDT	2023-01-15 00:00:00+00:00	[0.75,1.00]	0.029480443666083017	0.029480443666083017	0.03955049620548756	0.047577349678925934
LINK/USDT	2023-01-16 00:00:00+00:00	[0.50,0.75)	0.029017857142857054	0.03705357142857138	0.06666666666666674	0.07961309523809526
LINK/USDT	2023-01-17 00:00:00+00:00	[0.75,1.00]	0.028520232940122417	0.028520232940122417	0.034791697775123136	0.06749290727191279
LINK/USDT	2023-01-18 00:00:00+00:00	[0.75,1.00]	0.017401563191269773	0.031116354519982348	0.04276655360566289	0.10750626751216637
LINK/USDT	2023-01-19 00:00:00+00:00	[0.75,1.00]	0.012086014754355667	0.019149270130277802	0.021503688588918466	0.036258044263067
LINK/USDT	2023-01-20 00:00:00+00:00	[0.25,0.50)	0.008624672724472517	0.013091021099645767	0.02063760973355927	0.09117511165870945
LINK/USDT	2023-01-21 00:00:00+00:00	[0.75,1.00]	0.01791389771742266	0.02845998266396996	0.0444958104594049	0.0444958104594049
LINK/USDT	2023-01-22 00:00:00+00:00	[0.75,1.00]	0.008709536942952605	0.019741617070692424	0.023080272898824184	0.07170852083030915
LINK/USDT	2023-01-23 00:00:00+00:00	[0.75,1.00]	0.024407549311763956	0.029232297431531207	0.03547608911593586	0.054775081595004986
LINK/USDT	2023-01-24 00:00:00+00:00	[0.50,0.75)	0.010249110320284706	0.02505338078291817	0.027615658362989317	0.09608540925266901
LINK/USDT	2023-01-25 00:00:00+00:00	[0.75,1.00]	0.01760987357013847	0.03220951234196273	0.046056592414208314	0.08865141481035527
LINK/USDT	2023-01-26 00:00:00+00:00	[0.75,1.00]	0.013172966781214279	0.015750286368843115	0.029925544100801907	0.070446735395189
LINK/USDT	2023-01-27 00:00:00+00:00	[0.75,1.00]	0.03417982155113254	0.051750171585449645	0.06259437199725469	0.0787920384351408
LINK/USDT	2023-01-28 00:00:00+00:00	[0.50,0.75)	0.017643865363735054	0.0206297502714441	0.03420195439739423	0.05279587404994574
LINK/USDT	2023-01-29 00:00:00+00:00	[0.25,0.50)	0.030522648083623736	0.03707317073170732	0.04083623693379793	0.05212543554006964
LINK/USDT	2023-01-30 00:00:00+00:00	[0.10,0.25)	0.012579467063438383	0.024617881780062273	0.0664141755714865	0.09346679291221424
LINK/USDT	2023-01-31 00:00:00+00:00	[0.25,0.50)	0.01057664445088386	0.01622718052738338	0.02274702984642133	0.03172993335265132
LINK/USDT	2023-02-01 00:00:00+00:00	[0.75,1.00]	0.00703719661065638	0.009335056728421713	0.03303173919287669	0.08717506821772228
LINK/USDT	2023-02-02 00:00:00+00:00	[0.75,1.00]	0.018003046669436352	0.018972441490098264	0.020772746157041888	0.06217975349674558
LINK/USDT	2023-02-03 00:00:00+00:00	[0.75,1.00]	0.013846153846153873	0.02153846153846165	0.031608391608391725	0.04559440559440566
LINK/USDT	2023-02-04 00:00:00+00:00	[0.25,0.50)	0.0068832599118942486	0.01927312775330404	0.02409140969162993	0.032764317180616676
LINK/USDT	2023-02-05 00:00:00+00:00	[0.25,0.50)	0.012861291660904436	0.012861291660904436	0.01327617203706266	0.05282810123081186
LINK/USDT	2023-02-06 00:00:00+00:00	[0.25,0.50)	0.006428571428571418	0.019142857142857066	0.02685714285714282	0.04257142857142858
LINK/USDT	2023-02-07 00:00:00+00:00	[0.75,1.00]	0.00875656742556925	0.014886164623467646	0.029918272037361363	0.05662580268534732
LINK/USDT	2023-02-08 00:00:00+00:00	[0.50,0.75)	0.010524858052901208	0.014956377233070164	0.018695471541337737	0.04819277108433733
LINK/USDT	2023-02-09 00:00:00+00:00	[0.25,0.50)	0.016135821523782703	0.058509891960151515	0.1342780973761751	0.14017118001964368
LINK/USDT	2023-02-10 00:00:00+00:00	[0.75,1.00]	0.021240199572344978	0.03720598717034927	0.04889522451888809	0.04889522451888809
LINK/USDT	2023-02-11 00:00:00+00:00	[0.75,1.00]	0.010189228529839925	0.013391557496360937	0.014847161572052446	0.026637554585152812
LINK/USDT	2023-02-12 00:00:00+00:00	[0.50,0.75)	0.005578601058503875	0.00872550421971105	0.015162351594907721	0.05793162637677017
LINK/USDT	2023-02-13 00:00:00+00:00	[0.75,1.00]	0.013700648202710792	0.03638774307601661	0.06585150265173836	0.06585150265173836
LINK/USDT	2023-02-14 00:00:00+00:00	[0.25,0.50)	0.0064622783288247896	0.010970844604749083	0.013375413285242022	0.04583709047189656
LINK/USDT	2023-02-15 00:00:00+00:00	[0.00,0.05)	0.007512152010605414	0.011489173663278876	0.027839151568714107	0.0907350125202533
LINK/USDT	2023-02-16 00:00:00+00:00	[0.75,1.00]	0.02129692832764513	0.02129692832764513	0.02361774744027304	0.0713993174061433
LINK/USDT	2023-02-17 00:00:00+00:00	[0.75,1.00]	0.017175301632363315	0.027963094393186668	0.039744499645138306	0.09865152590489701
LINK/USDT	2023-02-18 00:00:00+00:00	[0.75,1.00]	0.012654924983692162	0.020091324200913346	0.042139595564253035	0.09928245270711025
LINK/USDT	2023-02-19 00:00:00+00:00	[0.10,0.25)	0.015322783220296394	0.015322783220296394	0.04107008289374529	0.05890479778950006
LINK/USDT	2023-02-20 00:00:00+00:00	[0.50,0.75)	0.04070201643017187	0.044187204381379186	0.08451580781677871	0.08451580781677871
LINK/USDT	2023-02-21 00:00:00+00:00	[0.10,0.25)	0.010485582324304148	0.01610285856946693	0.04368992635126697	0.07140182249407066
LINK/USDT	2023-02-22 00:00:00+00:00	[0.50,0.75)	0.02326189231573444	0.049398849973863054	0.056978567694720324	0.06037637219027713
LINK/USDT	2023-02-23 00:00:00+00:00	[0.75,1.00]	0.012638638122259462	0.03856074284240397	0.052875935001289676	0.06964147536755236
LINK/USDT	2023-02-24 00:00:00+00:00	[0.25,0.50)	0.014346841177951156	0.020891014346841114	0.03951673798137417	0.11691417065190025
LINK/USDT	2023-02-25 00:00:00+00:00	[0.75,1.00]	0.01741460147354319	0.01741460147354319	0.023710649698593385	0.04326858673811112
LINK/USDT	2023-02-26 00:00:00+00:00	[0.50,0.75)	0.005578231292516936	0.017551020408163205	0.02081632653061219	0.034693877551020394
LINK/USDT	2023-02-27 00:00:00+00:00	[0.25,0.50)	0.006153023006955627	0.013509898341359013	0.03852327447833069	0.05176565008025676
LINK/USDT	2023-02-28 00:00:00+00:00	[0.25,0.50)	0.006761418518007503	0.012004967572788705	0.020284255554022388	0.044984131364702584
LINK/USDT	2023-03-01 00:00:00+00:00	[0.50,0.75)	0.011556669451406319	0.029935950988582545	0.04956836535783902	0.059314954051796175
LINK/USDT	2023-03-02 00:00:00+00:00	[0.50,0.75)	0.012735473600424527	0.031175378084372554	0.042849562218095036	0.05598301936853273
LINK/USDT	2023-03-03 00:00:00+00:00	[0.05,0.10)	0.009103448275862047	0.08455172413793097	0.08455172413793097	0.08455172413793097
LINK/USDT	2023-03-04 00:00:00+00:00	[0.25,0.50)	0.00790002872737715	0.01493823613904052	0.02197644355070389	0.04352197644355069
LINK/USDT	2023-03-05 00:00:00+00:00	[0.50,0.75)	0.014177141186787421	0.02791581408944751	0.02791581408944751	0.030692779888921363
LINK/USDT	2023-03-06 00:00:00+00:00	[0.25,0.50)	0.008068001728857521	0.021178504538251007	0.021178504538251007	0.023339576429909224
LINK/USDT	2023-03-07 00:00:00+00:00	[0.10,0.25)	0.013578624616732366	0.020440940283253113	0.029639363410716935	0.04482406190684777
LINK/USDT	2023-03-08 00:00:00+00:00	[0.75,1.00]	0.008813755237682408	0.013437364542696138	0.027452680248519056	0.06516399364253728
LINK/USDT	2023-03-09 00:00:00+00:00	[0.50,0.75)	0.011124657116732764	0.018287107589149663	0.021030173727522215	0.10408412069491019
LINK/USDT	2023-03-10 00:00:00+00:00	[0.75,1.00]	0.013564307893446672	0.023042980879228635	0.050988723647654895	0.061121098218663274
LINK/USDT	2023-03-11 00:00:00+00:00	[0.25,0.50)	0.011914345516019938	0.035260022540653725	0.07277411044920301	0.07599420383191119
LINK/USDT	2023-03-12 00:00:00+00:00	[0.25,0.50)	0.009145843540748008	0.011105667156622508	0.017475093908214816	0.0824759105013882
LINK/USDT	2023-03-13 00:00:00+00:00	[0.75,1.00]	0.02261959345865806	0.027357481277701264	0.04447501146263174	0.0748891945590708
LINK/USDT	2023-03-14 00:00:00+00:00	[0.25,0.50)	0.013816669142772244	0.013816669142772244	0.028376169959887197	0.0879512702421632
LINK/USDT	2023-03-15 00:00:00+00:00	[0.50,0.75)	0.019014693171996496	0.02621722846441953	0.06064534716220113	0.10530106597522339
LINK/USDT	2023-03-16 00:00:00+00:00	[0.50,0.75)	0.01467889908256882	0.02507645259938847	0.033333333333333326	0.03593272171253827
LINK/USDT	2023-03-17 00:00:00+00:00	[0.50,0.75)	0.010663863021928465	0.05001501952538289	0.0800540702913787	0.09927906278161604
LINK/USDT	2023-03-18 00:00:00+00:00	[0.50,0.75)	0.028551434569629202	0.03009097270818765	0.03009097270818765	0.0628411476557034
LINK/USDT	2023-03-19 00:00:00+00:00	[0.50,0.75)	0.013612265367531256	0.02049004155323122	0.023785642642212404	0.045708554234130956
LINK/USDT	2023-03-20 00:00:00+00:00	[0.50,0.75)	0.012552891396332921	0.04090267983074754	0.06897038081805358	0.08039492242595209
LINK/USDT	2023-03-21 00:00:00+00:00	[0.50,0.75)	0.02468435239041004	0.02468435239041004	0.05050361753440202	0.08965810753298335
LINK/USDT	2023-03-22 00:00:00+00:00	[0.50,0.75)	0.01830012200081331	0.030364646875423642	0.040802494238850504	0.09787176358953498
LINK/USDT	2023-03-23 00:00:00+00:00	[0.50,0.75)	0.01130653266331664	0.015912897822445544	0.051228364042434395	0.07928531546621993
LINK/USDT	2023-03-24 00:00:00+00:00	[0.50,0.75)	0.01780803980620664	0.0200340447819824	0.052507529134476864	0.07175592510147964
LINK/USDT	2023-03-25 01:15:00+00:00	[0.10,0.25)	0.006244796003330548	0.010269220094365783	0.02928115459339431	0.03941160144324171
LINK/USDT	2023-03-26 01:15:00+00:00	[0.25,0.50)	0.006034240808307502	0.0075778838057815575	0.01894470951445408	0.024557956777996045
LINK/USDT	2023-03-27 01:15:00+00:00	[0.25,0.50)	0.00902276513048312	0.00902276513048312	0.014019988895058299	0.06371460299833433
LINK/USDT	2023-03-28 01:15:00+00:00	[0.25,0.50)	0.013776930968782105	0.01392349406419473	0.0241829107430749	0.04338267624212227
LINK/USDT	2023-03-29 01:15:00+00:00	[0.10,0.25)	0.006303724928366704	0.02163323782234954	0.055300859598853884	0.07822349570200564
LINK/USDT	2023-03-30 01:15:00+00:00	[0.25,0.50)	0.018339899470180655	0.04157043879907622	0.04157043879907622	0.057872571661459066
LINK/USDT	2023-03-31 01:15:00+00:00	[0.50,0.75)	0.012433392539964502	0.02035797240060118	0.05041672359611966	0.057111627271485194
LINK/USDT	2023-04-01 01:15:00+00:00	[0.25,0.50)	0.010568031704095121	0.012021136063408214	0.020475561426684313	0.02760898282694855
LINK/USDT	2023-04-02 01:15:00+00:00	[0.25,0.50)	0.006682705159048477	0.009088479016305868	0.022320235231221574	0.04490777866880517
LINK/USDT	2023-04-03 01:15:00+00:00	[0.10,0.25)	0.020801553182637687	0.020801553182637687	0.04326723061988632	0.05810567189016774
LINK/USDT	2023-04-04 01:15:00+00:00	[0.75,1.00]	0.007722007722007729	0.011031439602868185	0.027992277992278033	0.04440154440154441
LINK/USDT	2023-04-05 01:15:00+00:00	[0.50,0.75)	0.013452317527970162	0.013985082578582901	0.02943526904635057	0.05181140117208314
LINK/USDT	2023-04-06 01:15:00+00:00	[0.10,0.25)	0.011876812594945491	0.015329374395801653	0.021405883165308694	0.02803480182295255
LINK/USDT	2023-04-07 01:15:00+00:00	[0.25,0.50)	0.0041626196753157	0.008880255307340094	0.015540446787845165	0.02802830581379214
LINK/USDT	2023-04-08 01:15:00+00:00	[0.25,0.50)	0.005956503670868561	0.008172877129796393	0.015791660894860768	0.030613658401440653
LINK/USDT	2023-04-09 01:15:00+00:00	[0.25,0.50)	0.002787456445992972	0.004878048780487825	0.016585365853658506	0.02857142857142858
LINK/USDT	2023-04-10 01:15:00+00:00	[0.25,0.50)	0.00490402129746394	0.00854700854700854	0.01625332772873752	0.035869412918593156
LINK/USDT	2023-04-11 01:15:00+00:00	[0.50,0.75)	0.01186094069529649	0.01363326516700745	0.018541240627130213	0.027811860940695383
LINK/USDT	2023-04-12 01:15:00+00:00	[0.10,0.25)	0.023825919294862972	0.0241013634485609	0.035119129596474424	0.03746040490290597
LINK/USDT	2023-04-13 01:15:00+00:00	[0.10,0.25)	0.0078016160490387365	0.010866536639732556	0.039008080245193685	0.06728893842295912
LINK/USDT	2023-04-14 01:15:00+00:00	[0.75,1.00]	0.014782836211407696	0.03898482469911042	0.04081632653061228	0.04840397697540556
LINK/USDT	2023-04-15 01:15:00+00:00	[0.50,0.75)	0.007615546218487489	0.009059873949579826	0.03348214285714296	0.07208508403361338
LINK/USDT	2023-04-16 01:15:00+00:00	[0.50,0.75)	0.016706146365789622	0.020446328387981508	0.026181274155342108	0.041017329510036116
LINK/USDT	2023-04-17 01:15:00+00:00	[0.75,1.00]	0.019090680733484067	0.04571715649334337	0.046721929163526736	0.046721929163526736
LINK/USDT	2023-04-18 01:15:00+00:00	[0.75,1.00]	0.009294832073367119	0.017598215392241844	0.09096542322468706	0.09096542322468706
LINK/USDT	2023-04-19 01:15:00+00:00	[0.25,0.50)	0.014102564102564153	0.014102564102564153	0.0815850815850815	0.11305361305361303
LINK/USDT	2023-04-20 01:15:00+00:00	[0.75,1.00]	0.00790715469965569	0.027037367682693502	0.034051779109807355	0.06555286315520971
LINK/USDT	2023-04-21 01:15:00+00:00	[0.25,0.50)	0.009140283481255788	0.013511723407073826	0.03364684064114458	0.07683136839316466
LINK/USDT	2023-04-22 01:15:00+00:00	[0.50,0.75)	0.005751964085297346	0.009539842873176153	0.014450056116722749	0.033950617283950615
LINK/USDT	2023-04-23 01:15:00+00:00	[0.50,0.75)	0.004940711462450613	0.012281197063805723	0.012422360248447216	0.050395256916996076
LINK/USDT	2023-04-24 01:15:00+00:00	[0.75,1.00]	0.008917374947749765	0.012400724536714564	0.028284798662393675	0.03803817751149501
LINK/USDT	2023-04-25 01:15:00+00:00	[0.10,0.25)	0.007516664302935744	0.01177137994610696	0.021840873634945385	0.0550276556516806
LINK/USDT	2023-04-26 01:15:00+00:00	[0.25,0.50)	0.005518002483101123	0.009656504345426996	0.04235066905780113	0.11036004966202233
LINK/USDT	2023-04-27 01:15:00+00:00	[0.75,1.00]	0.011537920360208224	0.013648515548051151	0.021528070915998253	0.03517658646404953
LINK/USDT	2023-04-28 01:15:00+00:00	[0.10,0.25)	0.00756938603868801	0.011494252873563197	0.02354920100925149	0.03336136809643964
LINK/USDT	2023-04-29 01:15:00+00:00	[0.10,0.25)	0.0019948703334283606	0.009974351667141676	0.020803647762895398	0.02906811057281273
LINK/USDT	2023-04-30 01:15:00+00:00	[0.10,0.25)	0.005735067841656227	0.007553503986571586	0.02098195551825435	0.04070499370541327
LINK/USDT	2023-05-01 01:15:00+00:00	[0.05,0.10)	0.03069741123214028	0.03069741123214028	0.03069741123214028	0.03918517470646487
LINK/USDT	2023-05-02 01:15:00+00:00	[0.25,0.50)	0.005812263876780011	0.007701249636733499	0.014530659691949964	0.030950305143853545
LINK/USDT	2023-05-03 01:15:00+00:00	[0.25,0.50)	0.008214440121054963	0.014555411442570972	0.026372676178123625	0.047845510880530316
LINK/USDT	2023-05-04 01:15:00+00:00	[0.50,0.75)	0.005473684210526274	0.009543859649122754	0.021614035087719287	0.02849122807017548
LINK/USDT	2023-05-05 01:15:00+00:00	[0.05,0.10)	0.014985014985015047	0.014985014985015047	0.031968031968031996	0.055944055944056
LINK/USDT	2023-05-06 01:15:00+00:00	[0.10,0.25)	0.0057007786429365236	0.007647385984427102	0.033231368186874284	0.04657953281423804
LINK/USDT	2023-05-07 01:15:00+00:00	[0.10,0.25)	0.011484352569623898	0.014211886304909589	0.014211886304909589	0.021246052253804146
LINK/USDT	2023-05-08 01:15:00+00:00	[0.50,0.75)	0.04370629370629381	0.04370629370629381	0.04516317016317024	0.07255244755244758
LINK/USDT	2023-05-09 01:15:00+00:00	[0.10,0.25)	0.011504692703602729	0.014380865879503444	0.016651528913109344	0.027399333938843484
LINK/USDT	2023-05-10 01:15:00+00:00	[0.10,0.25)	0.006273909716909008	0.008263198163733783	0.03580719204284621	0.060596786534047424
LINK/USDT	2023-05-11 01:15:00+00:00	[0.50,0.75)	0.005188463299252357	0.008850907981077343	0.02563711277277585	0.05218983671600801
LINK/USDT	2023-05-12 01:15:00+00:00	[0.10,0.25)	0.0040957781978575615	0.017485822306238148	0.038752362948960235	0.0655324511657214
LINK/USDT	2023-05-13 01:15:00+00:00	[0.75,1.00]	0.004689863842662721	0.006051437216338886	0.012708018154311593	0.032072617246596026
LINK/USDT	2023-05-14 01:15:00+00:00	[0.25,0.50)	0.004324992276799441	0.011430336731541526	0.016218721037998075	0.024250849552054376
LINK/USDT	2023-05-15 01:15:00+00:00	[0.50,0.75)	0.012165450121654512	0.01763990267639911	0.021745742092457526	0.024178832116788427
LINK/USDT	2023-05-16 01:15:00+00:00	[0.50,0.75)	0.006854531607006978	0.01507996953541511	0.02680883472962683	0.02680883472962683
LINK/USDT	2023-05-17 01:15:00+00:00	[0.10,0.25)	0.006422703510082173	0.009111277072442112	0.027483196415235275	0.03883495145631078
LINK/USDT	2023-05-18 01:15:00+00:00	[0.00,0.05)	0.004595997034840578	0.0074128984432914324	0.016753150481838463	0.05025945144551525
LINK/USDT	2023-05-19 01:15:00+00:00	[0.50,0.75)	0.0029284833538841134	0.006627620221948235	0.00878545006165234	0.014950678175092404
LINK/USDT	2023-05-20 01:15:00+00:00	[0.05,0.10)	0.0029262282458031924	0.004158324349299266	0.005852456491606385	0.011396888957338648
LINK/USDT	2023-05-21 01:15:00+00:00	[0.10,0.25)	0.004450583179864935	0.004450583179864935	0.013812154696132575	0.02977286678944137
LINK/USDT	2023-05-22 01:15:00+00:00	[0.50,0.75)	0.006547155105222246	0.015432579890880779	0.035229929851909585	0.035229929851909585
LINK/USDT	2023-05-23 01:15:00+00:00	[0.00,0.05)	0.006111535523300234	0.013750954927425493	0.01787624140565317	0.02459893048128336
LINK/USDT	2023-05-24 01:15:00+00:00	[0.10,0.25)	0.003858024691358079	0.028395061728395087	0.03101851851851846	0.0521604938271605
LINK/USDT	2023-05-25 01:15:00+00:00	[0.75,1.00]	0.010322580645161299	0.01467741935483874	0.023225806451612922	0.023225806451612922
LINK/USDT	2023-05-26 01:15:00+00:00	[0.05,0.10)	0.005268199233716391	0.009259259259259231	0.016123882503192844	0.035600255427841614
LINK/USDT	2023-05-27 01:15:00+00:00	[0.00,0.05)	0.0047117951939688015	0.006910632951154466	0.008952410868540974	0.041934977226323285
LINK/USDT	2023-05-28 01:15:00+00:00	[0.75,1.00]	0.00910056120127402	0.014105869861974818	0.02062793872288793	0.030790232064310676
LINK/USDT	2023-05-29 01:15:00+00:00	[0.75,1.00]	0.007801950487621979	0.01635408852213053	0.01635408852213053	0.022655663915978966
LINK/USDT	2023-05-30 01:15:00+00:00	[0.50,0.75)	0.003762793497892889	0.01700782661047555	0.020168573148705515	0.020469596628537045
LINK/USDT	2023-05-31 01:15:00+00:00	[0.10,0.25)	0.012222725215029486	0.03002867059001054	0.03078315980081481	0.035762788592123146
LINK/USDT	2023-06-01 01:15:00+00:00	[0.50,0.75)	0.004157684016014804	0.02109639667385286	0.02109639667385286	0.031259624268555636
LINK/USDT	2023-06-02 01:15:00+00:00	[0.25,0.50)	0.005478165597120072	0.015495382688996744	0.017843167944905286	0.0211300673031773
LINK/USDT	2023-06-03 01:15:00+00:00	[0.25,0.50)	0.004357976653696571	0.005291828793774427	0.008093385214007858	0.013852140077821077
LINK/USDT	2023-06-04 01:15:00+00:00	[0.25,0.50)	0.003114294612270393	0.007474307069448777	0.014481469947056989	0.01915291186546251
LINK/USDT	2023-06-05 01:15:00+00:00	[0.75,1.00]	0.004974351002642628	0.015544846883258284	0.019275610135240255	0.07570340432146745
LINK/USDT	2023-06-06 01:15:00+00:00	[0.25,0.50)	0.006307053941908756	0.01410788381742738	0.021410788381742665	0.05128630705394193
LINK/USDT	2023-06-07 01:15:00+00:00	[0.25,0.50)	0.005470635559131104	0.008045052292839874	0.028318584070796342	0.06371681415929202
LINK/USDT	2023-06-08 01:15:00+00:00	[0.75,1.00]	0.004874768868717417	0.014456211127920709	0.023701462430660618	0.02571860816944017
LINK/USDT	2023-06-09 01:15:00+00:00	[0.25,0.50)	0.013716962194713926	0.014051522248243499	0.02693208430913357	0.03128136500501845
LINK/USDT	2023-06-10 01:15:00+00:00	[0.50,0.75)	0.017154389505550004	0.2004709048099563	0.2004709048099563	0.2004709048099563
LINK/USDT	2023-06-11 01:15:00+00:00	[0.75,1.00]	0.009066358024691301	0.0138888888888889	0.02064043209876547	0.03182870370370354
LINK/USDT	2023-06-12 01:15:00+00:00	[0.75,1.00]	0.029531766077326622	0.029531766077326622	0.036137555857781216	0.03788614727025457
LINK/USDT	2023-06-13 01:15:00+00:00	[0.50,0.75)	0.00503485670023234	0.015491866769945793	0.049186676994577766	0.049186676994577766
LINK/USDT	2023-06-14 01:15:00+00:00	[0.75,1.00]	0.009393199323689781	0.01671989479616765	0.018410670674431685	0.06857035506293431
LINK/USDT	2023-06-15 01:15:00+00:00	[0.75,1.00]	0.011676082862523427	0.01374764595103569	0.026741996233521557	0.048210922787193855
LINK/USDT	2023-06-16 01:15:00+00:00	[0.75,1.00]	0.006626277925028425	0.009276789095039829	0.024043922756531742	0.05111700113593328
LINK/USDT	2023-06-17 01:15:00+00:00	[0.50,0.75)	0.007545746085644224	0.01528013582342945	0.03301263912469342	0.03395585738539893
LINK/USDT	2023-06-18 01:15:00+00:00	[0.75,1.00]	0.006111535523300235	0.008594346829640933	0.012032085561497274	0.050038197097020544
LINK/USDT	2023-06-19 01:15:00+00:00	[0.50,0.75)	0.00368288427989923	0.008141112618724524	0.02248497770885824	0.03896103896103889
LINK/USDT	2023-06-20 01:15:00+00:00	[0.50,0.75)	0.007181677018633525	0.011840062111801232	0.021933229813664506	0.07977484472049681
LINK/USDT	2023-06-21 01:15:00+00:00	[0.75,1.00]	0.007500468779298713	0.01218826176636047	0.02025126570410644	0.07200450028126765
LINK/USDT	2023-06-22 01:15:00+00:00	[0.75,1.00]	0.01853813559322026	0.030190677966101743	0.042725988700564974	0.05579096045197753
LINK/USDT	2023-06-23 01:15:00+00:00	[0.50,0.75)	0.011942959001782561	0.024420677361853754	0.06559714795008902	0.10748663101604274
LINK/USDT	2023-06-24 01:15:00+00:00	[0.75,1.00]	0.014516936425830091	0.020857667278491573	0.03537460370432166	0.04738862005673282
LINK/USDT	2023-06-25 01:15:00+00:00	[0.75,1.00]	0.0053658536585365	0.018373983739837323	0.041788617886178804	0.057235772357723626
LINK/USDT	2023-06-26 01:15:00+00:00	[0.50,0.75)	0.0101556101556102	0.014414414414414427	0.033251433251433295	0.04160524160524168
LINK/USDT	2023-06-27 01:15:00+00:00	[0.25,0.50)	0.010498687664042003	0.01902887139107606	0.026410761154855574	0.02739501312335955
LINK/USDT	2023-06-28 01:15:00+00:00	[0.50,0.75)	0.005223636957231332	0.012569376428338223	0.03379040156709106	0.07084557623245172
LINK/USDT	2023-06-29 01:15:00+00:00	[0.50,0.75)	0.009050546448087421	0.012295081967213127	0.06676912568306011	0.06676912568306011
LINK/USDT	2023-06-30 01:15:00+00:00	[0.10,0.25)	0.018175641243417584	0.05741464243247836	0.0713436385255648	0.1241719041956854
LINK/USDT	2023-07-01 01:15:00+00:00	[0.25,0.50)	0.009888357256778354	0.028548644338118066	0.028548644338118066	0.0641148325358852
LINK/USDT	2023-07-02 01:15:00+00:00	[0.25,0.50)	0.01629675616948633	0.02079776501629681	0.029334161105075286	0.036318485177712245
LINK/USDT	2023-07-03 01:15:00+00:00	[0.50,0.75)	0.011332312404287878	0.016385911179172943	0.021133231240428773	0.0255742725880551
LINK/USDT	2023-07-04 01:15:00+00:00	[0.00,0.05)	0.008633747349288018	0.01696455619509241	0.027264465313541306	0.03392911239018469
LINK/USDT	2023-07-05 01:15:00+00:00	[0.25,0.50)	0.007176668193617437	0.008550923805161101	0.04901511681172694	0.05558100473354709
LINK/USDT	2023-07-06 01:15:00+00:00	[0.25,0.50)	0.013652425313202692	0.016382910375843288	0.045936395759717245	0.07950530035335691
LINK/USDT	2023-07-07 01:15:00+00:00	[0.75,1.00]	0.008525987866863354	0.01311690441055912	0.01754385964912284	0.022626660108214444
LINK/USDT	2023-07-08 01:15:00+00:00	[0.00,0.05)	0.0043654001616815095	0.010670978172999166	0.018431689571544185	0.023605497170573957
LINK/USDT	2023-07-09 01:15:00+00:00	[0.50,0.75)	0.004669135404926729	0.005152149412332962	0.00869425213331191	0.03364997584929971
LINK/USDT	2023-07-10 01:15:00+00:00	[0.75,1.00]	0.009881422924901268	0.01630434782608699	0.019433465085638906	0.04627799736495384
LINK/USDT	2023-07-11 01:15:00+00:00	[0.50,0.75)	0.005339805825242777	0.007119741100323559	0.01585760517799365	0.02346278317152097
LINK/USDT	2023-07-12 01:15:00+00:00	[0.50,0.75)	0.005129849310676503	0.008336005129849389	0.01635139467778139	0.024687399807630635
LINK/USDT	2023-07-13 01:15:00+00:00	[0.05,0.10)	0.010274522395248042	0.010274522395248042	0.0428640231176753	0.1785198266174346
LINK/USDT	2023-07-14 01:15:00+00:00	[0.75,1.00]	0.02048159424301143	0.02449487960143919	0.04677553279822863	0.09078328259064485
LINK/USDT	2023-07-15 01:15:00+00:00	[0.50,0.75)	0.009895227008149083	0.011350407450523908	0.027357392316647224	0.027357392316647224
LINK/USDT	2023-07-16 01:15:00+00:00	[0.10,0.25)	0.022921804729435585	0.022921804729435585	0.022921804729435585	0.04874510372842018
LINK/USDT	2023-07-17 01:15:00+00:00	[0.25,0.50)	0.004652558907399157	0.011556355995797681	0.04247336034819142	0.12757016358997442
LINK/USDT	2023-07-18 01:15:00+00:00	[0.75,1.00]	0.010333425186001555	0.030035822540644803	0.05704050702672909	0.0699917332598512
LINK/USDT	2023-07-19 01:15:00+00:00	[0.50,0.75)	0.006730631533724719	0.010453959616210855	0.035228411857367956	0.03938135471860237
LINK/USDT	2023-07-20 01:15:00+00:00	[0.25,0.50)	0.006592146746918799	0.015190599025508724	0.2123817712811693	0.22184006878761825
LINK/USDT	2023-07-21 01:15:00+00:00	[0.75,1.00]	0.021749637506041534	0.03383276945384236	0.046882551957467364	0.046882551957467364
LINK/USDT	2023-07-22 01:15:00+00:00	[0.10,0.25)	0.01390940423436725	0.016248153618906903	0.06462333825701617	0.07668636139832587
LINK/USDT	2023-07-23 01:15:00+00:00	[0.75,1.00]	0.0059305993690851365	0.01981072555205059	0.02107255520504741	0.04037854889589909
LINK/USDT	2023-07-24 01:15:00+00:00	[0.50,0.75)	0.012836970474967862	0.017586649550705977	0.04608472400513479	0.04608472400513479
LINK/USDT	2023-07-25 01:15:00+00:00	[0.25,0.50)	0.006718482413384292	0.009616651297589186	0.03543670135686999	0.04399947306020282
LINK/USDT	2023-07-26 01:15:00+00:00	[0.50,0.75)	0.015031429352281968	0.037031975949713025	0.04905711943153867	0.07652364033889036
LINK/USDT	2023-07-27 01:15:00+00:00	[0.25,0.50)	0.028929851510496554	0.033922171018945284	0.038530465949820805	0.04441884280593952
LINK/USDT	2023-07-28 01:15:00+00:00	[0.50,0.75)	0.00647975077881615	0.025171339563862923	0.027538940809968857	0.03588785046728975
LINK/USDT	2023-07-29 01:15:00+00:00	[0.10,0.25)	0.007553450262450412	0.00972986813468181	0.01523492510562025	0.022148252464473186
LINK/USDT	2023-07-30 01:15:00+00:00	[0.25,0.50)	0.004852509258076907	0.008555740007661877	0.01915464180819823	0.06640275826842043
LINK/USDT	2023-07-31 01:15:00+00:00	[0.75,1.00]	0.006672772471542608	0.01282219023943476	0.014392254350386015	0.0311396048671988
LINK/USDT	2023-08-01 01:15:00+00:00	[0.25,0.50)	0.055739441281609875	0.055739441281609875	0.055739441281609875	0.07162716801271012
LINK/USDT	2023-08-02 01:15:00+00:00	[0.75,1.00]	0.008073967964578757	0.014194556582888394	0.018231540565177715	0.051829665321005296
LINK/USDT	2023-08-03 01:15:00+00:00	[0.50,0.75)	0.007618011154944912	0.011699088559379596	0.0276152904366752	0.04611617467011284
LINK/USDT	2023-08-04 01:15:00+00:00	[0.25,0.50)	0.00642278693102489	0.0101926836079308	0.02024574141301319	0.03602345713487853
LINK/USDT	2023-08-05 01:15:00+00:00	[0.50,0.75)	0.006997900629811032	0.013715885234429653	0.020013995801259718	0.0214135759272219
LINK/USDT	2023-08-06 01:15:00+00:00	[0.10,0.25)	0.012359394528537761	0.012359394528537761	0.025274267462852436	0.02763505068740463
LINK/USDT	2023-08-07 01:15:00+00:00	[0.25,0.50)	0.005700778642936648	0.007508342602892139	0.015155728587319242	0.06354282536151278
LINK/USDT	2023-08-08 01:15:00+00:00	[0.75,1.00]	0.006541291905151273	0.019078768056691273	0.022621967838648182	0.03188879803761242
LINK/USDT	2023-08-09 01:15:00+00:00	[0.25,0.50)	0.010153640614562408	0.014428857715430815	0.07227788911155637	0.07227788911155637
LINK/USDT	2023-08-10 01:15:00+00:00	[0.50,0.75)	0.006518055012384281	0.014339721027245511	0.02294355364359277	0.02294355364359277
LINK/USDT	2023-08-11 01:15:00+00:00	[0.10,0.25)	0.005398999209902486	0.008559388991308862	0.010402949697129278	0.026468264419278326
LINK/USDT	2023-08-12 01:15:00+00:00	[0.25,0.50)	0.004658591774257972	0.01730334087581524	0.01756954612005852	0.020497803806734983
LINK/USDT	2023-08-13 01:15:00+00:00	[0.25,0.50)	0.003615910004017577	0.007097897415293952	0.011919110753984254	0.033078880407124665
LINK/USDT	2023-08-14 01:15:00+00:00	[0.75,1.00]	0.010714770107147666	0.024413400244133965	0.03675573036755729	0.04462227044622267
LINK/USDT	2023-08-15 01:15:00+00:00	[0.10,0.25)	0.0037802079114350722	0.012150668286755753	0.02052112866207643	0.08329958147698123
LINK/USDT	2023-08-16 01:15:00+00:00	[0.10,0.25)	0.005818904342889635	0.008089696281578254	0.032216860630144804	0.06400794777178548
LINK/USDT	2023-08-17 01:15:00+00:00	[0.50,0.75)	0.009563042518758334	0.013535383257319353	0.01485949683683991	0.18699426217448886
LINK/USDT	2023-08-18 01:15:00+00:00	[0.75,1.00]	0.010660636407688554	0.02374414472621537	0.03198190922306566	0.03585850428040697
LINK/USDT	2023-08-19 01:15:00+00:00	[0.25,0.50)	0.0035587188612100033	0.007602717567130331	0.015205435134260805	0.02426399223552254
LINK/USDT	2023-08-20 01:15:00+00:00	[0.25,0.50)	0.004720820446036125	0.007488197948884953	0.017418199576753918	0.022464593846654713
LINK/USDT	2023-08-21 01:15:00+00:00	[0.25,0.50)	0.0038517091959557087	0.011876103354196876	0.020060985395602634	0.03996148290804053
LINK/USDT	2023-08-22 01:15:00+00:00	[0.25,0.50)	0.005196492367651839	0.009743423189347272	0.02159792140305294	0.06333225073075668
LINK/USDT	2023-08-23 01:15:00+00:00	[0.75,1.00]	0.008836524300441871	0.009327442317132957	0.032564228440517075	0.05285550646375381
LINK/USDT	2023-08-24 01:15:00+00:00	[0.25,0.50)	0.002688172043010808	0.006008855154965253	0.01755218216318782	0.05755850727387728
LINK/USDT	2023-08-25 01:15:00+00:00	[0.25,0.50)	0.00928074245939676	0.02485913158766993	0.02485913158766993	0.027842227378190282
LINK/USDT	2023-08-26 01:15:00+00:00	[0.50,0.75)	0.002988047808764906	0.00697211155378483	0.010126162018592288	0.014608233731739721
LINK/USDT	2023-08-27 01:15:00+00:00	[0.05,0.10)	0.004847876964225997	0.006686726847208297	0.008358408559010334	0.025743898361751907
LINK/USDT	2023-08-28 01:15:00+00:00	[0.75,1.00]	0.00606060606060614	0.007070707070707039	0.029629629629629655	0.033838383838383924
LINK/USDT	2023-08-29 01:15:00+00:00	[0.25,0.50)	0.00935203740814964	0.013360053440213772	0.027722110888443615	0.07949231796927186
LINK/USDT	2023-08-30 01:15:00+00:00	[0.50,0.75)	0.006535947712418306	0.011111111111111049	0.023529411764705757	0.039705882352941084
LINK/USDT	2023-08-31 01:15:00+00:00	[0.25,0.50)	0.006778512116590415	0.012709710218606896	0.027791899678020624	0.05660057617352985
LINK/USDT	2023-09-01 01:15:00+00:00	[0.75,1.00]	0.00826864664191704	0.019912251096861344	0.02024974687816404	0.036618292271346546
LINK/USDT	2023-09-02 01:15:00+00:00	[0.50,0.75)	0.004702720859926179	0.007054081289889268	0.012260665099093114	0.018307020490426602
LINK/USDT	2023-09-03 01:15:00+00:00	[0.25,0.50)	0.004848687510449743	0.01371008192609929	0.0172212004681491	0.0172212004681491
LINK/USDT	2023-09-04 01:15:00+00:00	[0.10,0.25)	0.006792577866136576	0.018058316766070243	0.02236580516898605	0.036447978793903206
LINK/USDT	2023-09-05 01:15:00+00:00	[0.25,0.50)	0.00753642605928654	0.014067995310668317	0.03835203483503602	0.057611790319879466
LINK/USDT	2023-09-06 01:15:00+00:00	[0.75,1.00]	0.006774193548387067	0.023387096774193622	0.027419354838709664	0.04129032258064505
LINK/USDT	2023-09-07 01:15:00+00:00	[0.25,0.50)	0.013003488740881676	0.015382175705677058	0.03187440532825874	0.04360926102124952
LINK/USDT	2023-09-08 01:15:00+00:00	[0.25,0.50)	0.0047199496538702585	0.007394587791063516	0.03618628067967268	0.03618628067967268
LINK/USDT	2023-09-09 01:15:00+00:00	[0.05,0.10)	0.003512693597317476	0.00622704774069944	0.01548778540635485	0.03353025706530416
LINK/USDT	2023-09-10 01:15:00+00:00	[0.50,0.75)	0.0054071767982958345	0.029493691627068608	0.029493691627068608	0.030476814681304268
LINK/USDT	2023-09-11 01:15:00+00:00	[0.75,1.00]	0.0066777963272120254	0.008347245409014995	0.04090150250417364	0.04974958263772956
LINK/USDT	2023-09-12 01:15:00+00:00	[0.25,0.50)	0.0046407700240632755	0.03196974905465795	0.04623581986937094	0.04623581986937094
LINK/USDT	2023-09-13 01:15:00+00:00	[0.10,0.25)	0.004847066688952017	0.010362694300518033	0.027912418519137675	0.03292662543874312
LINK/USDT	2023-09-14 01:15:00+00:00	[0.75,1.00]	0.01057326945316373	0.01123409879398639	0.015033867503717198	0.03419791838757638
LINK/USDT	2023-09-15 01:15:00+00:00	[0.50,0.75)	0.010379500486539094	0.013460914693480406	0.022705157314304197	0.04946480700616278
LINK/USDT	2023-09-16 01:15:00+00:00	[0.75,1.00]	0.012129804662885942	0.02063642091997483	0.03229363579080027	0.03938248267170762
LINK/USDT	2023-09-17 01:15:00+00:00	[0.75,1.00]	0.004834031582339711	0.009668063164679278	0.011440541411537178	0.033193683532065664
LINK/USDT	2023-09-18 01:15:00+00:00	[0.50,0.75)	0.01871135698014958	0.08509599739668072	0.11243084933289942	0.11487146111291889
LINK/USDT	2023-09-19 01:15:00+00:00	[0.75,1.00]	0.012863196125907986	0.05205811138014519	0.05205811138014519	0.05796004842615012
LINK/USDT	2023-09-20 01:15:00+00:00	[0.50,0.75)	0.018947675265996326	0.02113394548899584	0.03702084244279266	0.04430840985279118
LINK/USDT	2023-09-21 01:15:00+00:00	[0.75,1.00]	0.010561830717324215	0.012762212116766869	0.03681971541733892	0.04312747542907431
LINK/USDT	2023-09-22 01:15:00+00:00	[0.50,0.75)	0.006704410011919073	0.012067938021454172	0.022050059594755617	0.08253873659118002
LINK/USDT	2023-09-23 01:15:00+00:00	[0.75,1.00]	0.009184682775187155	0.0220432386604493	0.0220432386604493	0.04705383637134382
LINK/USDT	2023-09-24 01:15:00+00:00	[0.25,0.50)	0.009456264775413658	0.013628146293978566	0.024057850090390773	0.050340703657349356
LINK/USDT	2023-09-25 01:15:00+00:00	[0.75,1.00]	0.010299234516353494	0.016144745998608163	0.023242867084203176	0.05511482254697285
LINK/USDT	2023-09-26 01:15:00+00:00	[0.25,0.50)	0.010821643286573082	0.016432865731462836	0.028724114896459565	0.043820975283901054
LINK/USDT	2023-09-27 01:15:00+00:00	[0.50,0.75)	0.007959379717304767	0.016742143543296267	0.08645533141210374	0.08645533141210374
LINK/USDT	2023-09-28 01:15:00+00:00	[0.50,0.75)	0.010870971916655833	0.023942021483111118	0.03843665070531897	0.06431991717354728
LINK/USDT	2023-09-29 01:15:00+00:00	[0.50,0.75)	0.007753941586973327	0.012923235978289031	0.019384853967433377	0.05272680279141902
LINK/USDT	2023-09-30 01:15:00+00:00	[0.10,0.25)	0.006919109321927251	0.014341426594540178	0.04226946785759208	0.04226946785759208
LINK/USDT	2023-10-01 01:15:00+00:00	[0.25,0.50)	0.007942326490713527	0.011241446725317758	0.02260508308895412	0.05461876832844576
LINK/USDT	2023-10-02 01:15:00+00:00	[0.75,1.00]	0.005807347557126658	0.013887135462694032	0.03269789168034332	0.09481126120439332
LINK/USDT	2023-10-03 01:15:00+00:00	[0.50,0.75)	0.008480190804293105	0.017887902477805723	0.032330727441367405	0.07208162183649126
LINK/USDT	2023-10-04 01:15:00+00:00	[0.75,1.00]	0.02603389830508477	0.03566101694915253	0.046915254237288144	0.06210169491525426
LINK/USDT	2023-10-05 01:15:00+00:00	[0.25,0.50)	0.013152702880442001	0.013152702880442001	0.026699986847297158	0.04498224385111147
LINK/USDT	2023-10-06 01:15:00+00:00	[0.10,0.25)	0.01038753495805026	0.011186576108669547	0.024370755093887312	0.044213610334265525
LINK/USDT	2023-10-07 01:15:00+00:00	[0.25,0.50)	0.0065599580162686725	0.010233534505379088	0.0136447126738389	0.025452637103122535
LINK/USDT	2023-10-08 01:15:00+00:00	[0.10,0.25)	0.011731769097453684	0.02173043594187433	0.027729636048526768	0.05959205439274764
LINK/USDT	2023-10-09 01:15:00+00:00	[0.75,1.00]	0.007386888273314872	0.013058963197467261	0.047091412742382176	0.07057116475399014
LINK/USDT	2023-10-10 01:15:00+00:00	[0.05,0.10)	0.008645533141210459	0.013448607108549454	0.02332921641278989	0.029916289282283515
LINK/USDT	2023-10-11 01:15:00+00:00	[0.50,0.75)	0.009987686414010058	0.02873170064304282	0.03885620467916277	0.04514981529621016
LINK/USDT	2023-10-12 01:15:00+00:00	[0.25,0.50)	0.009131797737494913	0.014719912770887236	0.029712416519013216	0.038571623279269385
LINK/USDT	2023-10-13 01:15:00+00:00	[0.00,0.05)	0.0034683684794671846	0.0213651498335183	0.025249722530521573	0.041065482796892254
LINK/USDT	2023-10-14 01:15:00+00:00	[0.50,0.75)	0.00770818995182382	0.00770818995182382	0.01582931865106679	0.02312456985547146
LINK/USDT	2023-10-15 01:15:00+00:00	[0.00,0.05)	0.008044723206981085	0.008726479410962648	0.011589855467684752	0.03858740114535035
LINK/USDT	2023-10-16 01:15:00+00:00	[0.50,0.75)	0.004551539491298502	0.023293172690762986	0.048460508701472574	0.05502008032128509
LINK/USDT	2023-10-17 01:15:00+00:00	[0.25,0.50)	0.0074487895716946065	0.012503325352487405	0.021149241819632857	0.03484969406757123
LINK/USDT	2023-10-18 01:15:00+00:00	[0.00,0.05)	0.006302233182627672	0.019454719824633437	0.027812029045074585	0.027812029045074585
LINK/USDT	2023-10-19 01:15:00+00:00	[0.00,0.05)	0.017027652908323115	0.017027652908323115	0.02506470508105165	0.02996866911864865
LINK/USDT	2023-10-20 01:15:00+00:00	[0.25,0.50)	0.010300782859497346	0.029803598406812203	0.05946985304216452	0.05946985304216452
LINK/USDT	2023-10-21 01:15:00+00:00	[0.05,0.10)	0.0056803170409511425	0.01809775429326294	0.08811096433289298	0.22443857331571992
LINK/USDT	2023-10-22 01:15:00+00:00	[0.75,1.00]	0.023150199379707536	0.09392999556933972	0.09559149313247668	0.19428444838280898
LINK/USDT	2023-10-23 01:15:00+00:00	[0.75,1.00]	0.05901983218916856	0.06454996186117463	0.1196605644546147	0.12976735316552257
LINK/USDT	2023-10-24 01:15:00+00:00	[0.75,1.00]	0.03258557339005992	0.03258557339005992	0.05318120286211554	0.1749178108683041
LINK/USDT	2023-10-25 01:15:00+00:00	[0.75,1.00]	0.040321867539128246	0.042974621982491884	0.0800247590414715	0.0931116809620657
LINK/USDT	2023-10-26 01:15:00+00:00	[0.50,0.75)	0.014297422821236685	0.042619069301520804	0.07057645023221916	0.095073308441854
LINK/USDT	2023-10-27 01:15:00+00:00	[0.75,1.00]	0.028823802882380168	0.07252440725244066	0.07708042770804266	0.07708042770804266
LINK/USDT	2023-10-28 01:15:00+00:00	[0.50,0.75)	0.015911762046831222	0.0556007594250068	0.0556007594250068	0.08281348883464427
LINK/USDT	2023-10-29 01:15:00+00:00	[0.50,0.75)	0.008238452281773619	0.013607331296862004	0.04128482828843853	0.04841247801536623
LINK/USDT	2023-10-30 01:15:00+00:00	[0.25,0.50)	0.02170208949869959	0.03201506591337094	0.08644964577167955	0.08644964577167955
LINK/USDT	2023-10-31 01:15:00+00:00	[0.50,0.75)	0.03310673611724199	0.04008122185927435	0.07239339630970251	0.09764280038845236
LINK/USDT	2023-11-01 01:15:00+00:00	[0.10,0.25)	0.013041945717306986	0.028903771589707382	0.05904124074726823	0.10037010927035594
LINK/USDT	2023-11-02 01:15:00+00:00	[0.25,0.50)	0.018308406395048923	0.037562317345710944	0.059738696922812466	0.1073577445418601
LINK/USDT	2023-11-03 01:15:00+00:00	[0.50,0.75)	0.01669464652117145	0.023036746875582905	0.06771124790151099	0.0926133184107443
LINK/USDT	2023-11-04 01:15:00+00:00	[0.50,0.75)	0.010562450488513266	0.016459818677933225	0.031071208520376703	0.050963823607076894
LINK/USDT	2023-11-05 01:15:00+00:00	[0.50,0.75)	0.01390208099473287	0.08496675589327347	0.08496675589327347	0.08496675589327347
LINK/USDT	2023-11-06 01:15:00+00:00	[0.75,1.00]	0.018681763040841074	0.03558431055398298	0.052891225232511115	0.09195309340881525
LINK/USDT	2023-11-07 01:15:00+00:00	[0.50,0.75)	0.0269030401990514	0.037011118886556185	0.055283414975507365	0.06313661457118415
LINK/USDT	2023-11-08 01:15:00+00:00	[0.25,0.50)	0.017957179034609774	0.038139820428209646	0.05885964239122089	0.15470800399048423
LINK/USDT	2023-11-09 01:15:00+00:00	[0.50,0.75)	0.015553584828433149	0.032198649293949194	0.09079746230984387	0.16379016303977076
LINK/USDT	2023-11-10 01:15:00+00:00	[0.75,1.00]	0.012194281777471554	0.022321736135032834	0.0581467447468136	0.11215983465380641
LINK/USDT	2023-11-11 01:15:00+00:00	[0.75,1.00]	0.023600764717515904	0.03625815808556918	0.03731294086624029	0.1247280638143583
LINK/USDT	2023-11-12 01:15:00+00:00	[0.75,1.00]	0.02592026493440326	0.02980512036683225	0.05317793911603623	0.05362374219844598
LINK/USDT	2023-11-13 01:15:00+00:00	[0.50,0.75)	0.02415637101235472	0.06699858626836304	0.08193496834470457	0.13645583625299645
LINK/USDT	2023-11-14 01:15:00+00:00	[0.75,1.00]	0.011359771444119435	0.016461465206448478	0.05421399904768387	0.10536698183797016
LINK/USDT	2023-11-15 01:15:00+00:00	[0.25,0.50)	0.01512167674778449	0.03235335490223666	0.08306372204248143	0.096286397524265
LINK/USDT	2023-11-16 01:15:00+00:00	[0.25,0.50)	0.009593452301086856	0.024084261371259894	0.07399704816852272	0.11203542197772708
LINK/USDT	2023-11-17 01:15:00+00:00	[0.25,0.50)	0.01346085724406656	0.027630180658873578	0.07552249380092106	0.10031880977683318
LINK/USDT	2023-11-18 01:15:00+00:00	[0.25,0.50)	0.0100532229450029	0.019662921348314606	0.04753104671791844	0.06571555292726206
LINK/USDT	2023-11-19 01:15:00+00:00	[0.25,0.50)	0.018074538800507946	0.06326088580177755	0.07453880050787969	0.12689521248786317
LINK/USDT	2023-11-20 01:15:00+00:00	[0.05,0.10)	0.01179606797734086	0.02299233588803736	0.037654115294901785	0.06851049650116631
LINK/USDT	2023-11-21 01:15:00+00:00	[0.25,0.50)	0.021887730442587874	0.031001864254643362	0.04204929917834702	0.09825312435268936
LINK/USDT	2023-11-22 01:15:00+00:00	[0.75,1.00]	0.011065812463599245	0.05278101339545716	0.05307221898660448	0.074839836924869
LINK/USDT	2023-11-23 01:15:00+00:00	[0.50,0.75)	0.005569479253689785	0.02450570871623505	0.02923976608187134	0.05325814536340856
LINK/USDT	2023-11-24 01:15:00+00:00	[0.25,0.50)	0.005683393401718931	0.01379262545051288	0.030219018574993064	0.04401164402550594
LINK/USDT	2023-11-25 01:15:00+00:00	[0.10,0.25)	0.006467593229668323	0.017269850006880378	0.03096188248245488	0.03096188248245488
LINK/USDT	2023-11-26 01:15:00+00:00	[0.00,0.05)	0.011143575456954522	0.02323843174560024	0.04817557926207784	0.06584222327920088
LINK/USDT	2023-11-27 01:15:00+00:00	[0.75,1.00]	0.01762725292137065	0.04198851257674794	0.06786822473096986	0.08701393015118503
LINK/USDT	2023-11-28 01:15:00+00:00	[0.50,0.75)	0.01023197140654559	0.029084028313126297	0.03889550774406053	0.06636765015067624
LINK/USDT	2023-11-29 01:15:00+00:00	[0.05,0.10)	0.011153688244149463	0.011153688244149463	0.03352949226768853	0.04324620227179415
LINK/USDT	2023-11-30 01:15:00+00:00	[0.00,0.05)	0.012038190120381865	0.025252525252525266	0.03805175038051755	0.039020340390203405
LINK/USDT	2023-12-01 01:15:00+00:00	[0.05,0.10)	0.007725736359246747	0.01614127060771194	0.028419673035800445	0.042698489342622596
LINK/USDT	2023-12-02 01:15:00+00:00	[0.10,0.25)	0.012335035479806349	0.025598514490350766	0.054778168313548675	0.07527024338483994
LINK/USDT	2023-12-03 01:15:00+00:00	[0.10,0.25)	0.007841672890216655	0.018608414239482278	0.03310928553647	0.04119990042320133
LINK/USDT	2023-12-04 01:15:00+00:00	[0.50,0.75)	0.013854930725346378	0.029026393329571874	0.08062190458278486	0.08062190458278486
LINK/USDT	2023-12-05 01:15:00+00:00	[0.50,0.75)	0.022167331686617244	0.027297485591234464	0.04572803850782187	0.0624485401228704
LINK/USDT	2023-12-06 01:15:00+00:00	[0.75,1.00]	0.01451905626134297	0.026159334126040382	0.04781275423993988	0.05425871456286382
LINK/USDT	2023-12-07 01:15:00+00:00	[0.25,0.50)	0.007651407080793577	0.026390870185449358	0.06925171832447162	0.07417974322396577
LINK/USDT	2023-12-08 01:15:00+00:00	[0.75,1.00]	0.006389776357827567	0.027220447284345056	0.06760383386581469	0.11335463258785948
LINK/USDT	2023-12-09 01:15:00+00:00	[0.25,0.50)	0.008521034441663728	0.02312000953402465	0.04421403885115009	0.07603384578715289
LINK/USDT	2023-12-10 01:15:00+00:00	[0.25,0.50)	0.010839118255997884	0.012422360248447025	0.0392156862745097	0.040859822189745425
LINK/USDT	2023-12-11 01:15:00+00:00	[0.25,0.50)	0.15193404413587913	0.15193404413587913	0.15193404413587913	0.15193404413587913
LINK/USDT	2023-12-12 01:15:00+00:00	[0.25,0.50)	0.015242679502607284	0.024334804118197672	0.029749966573071284	0.07046396577082499
LINK/USDT	2023-12-13 01:15:00+00:00	[0.50,0.75)	0.026407079646017653	0.026407079646017653	0.04297345132743371	0.07801769911504428
LINK/USDT	2023-12-14 01:15:00+00:00	[0.10,0.25)	0.012221471978393041	0.015395003376097335	0.049696151249156016	0.09291019581363939
LINK/USDT	2023-12-15 01:15:00+00:00	[0.25,0.50)	0.010326909162665265	0.017101887785305518	0.029467868183911096	0.0740643294086693
LINK/USDT	2023-12-16 01:15:00+00:00	[0.75,1.00]	0.005140673845085088	0.014935741576936426	0.020145883987495724	0.04036123654046541
LINK/USDT	2023-12-17 01:15:00+00:00	[0.10,0.25)	0.008671935100356708	0.012238618085180833	0.02014126862018325	0.03230995174487725
LINK/USDT	2023-12-18 01:15:00+00:00	[0.50,0.75)	0.020625889046941744	0.031294452347084015	0.056685633001422514	0.07532005689900434
LINK/USDT	2023-12-19 01:15:00+00:00	[0.25,0.50)	0.013585472419442917	0.01590660841070457	0.029014199890770122	0.060417804478427074
LINK/USDT	2023-12-20 01:15:00+00:00	[0.10,0.25)	0.01091579245817975	0.022256875531613273	0.04848313013892834	0.05883186844343635
LINK/USDT	2023-12-21 01:15:00+00:00	[0.25,0.50)	0.007159401979364099	0.012353477925177242	0.06696146557169923	0.09166842142205371
LINK/USDT	2023-12-22 01:15:00+00:00	[0.75,1.00]	0.020511818714592664	0.02279090968288075	0.04948883245425538	0.04948883245425538
LINK/USDT	2023-12-23 01:15:00+00:00	[0.25,0.50)	0.016397760948304283	0.02495884096147511	0.05643727362528807	0.06624958840961477
LINK/USDT	2023-12-24 01:15:00+00:00	[0.50,0.75)	0.017308058073923775	0.021999619603119226	0.03886388131617318	0.053255563304380894
LINK/USDT	2023-12-25 01:15:00+00:00	[0.75,1.00]	0.006989809250065281	0.01718055918474	0.027828586360073175	0.04350666318264962
LINK/USDT	2023-12-26 01:15:00+00:00	[0.50,0.75)	0.012085944494180845	0.027944749968026678	0.054482670418212066	0.10231487402481133
LINK/USDT	2023-12-27 01:15:00+00:00	[0.10,0.25)	0.013018386793719021	0.021809153133807498	0.06395114749698023	0.19151791705811297
LINK/USDT	2023-12-28 01:15:00+00:00	[0.75,1.00]	0.03163606973790566	0.033021591040295534	0.06575453180925987	0.12244544509871842
LINK/USDT	2023-12-29 01:15:00+00:00	[0.75,1.00]	0.017415156927787796	0.033044143914263774	0.04427149783107941	0.07068129624904315
LINK/USDT	2023-12-30 01:15:00+00:00	[0.25,0.50)	0.017967145790554376	0.02656570841889115	0.038886036960985616	0.038886036960985616
LINK/USDT	2023-12-31 01:15:00+00:00	[0.10,0.25)	0.006105968091392553	0.021141093821810845	0.03985293152123965	0.04976692272339314
LINK/USDT	2024-01-01 01:15:00+00:00	[0.50,0.75)	0.007403490216816506	0.026044420941300907	0.035364886303543105	0.06762295081967211
LINK/USDT	2024-01-02 01:15:00+00:00	[0.50,0.75)	0.012222925902469895	0.014819506016466118	0.025142495250158232	0.06624445851804936
LINK/USDT	2024-01-03 01:15:00+00:00	[0.10,0.25)	0.006652752413253346	0.012522828072006272	0.22032350639186016	0.22032350639186016
LINK/USDT	2024-01-04 01:15:00+00:00	[0.25,0.50)	0.010984308131241079	0.029600570613409354	0.03587731811697576	0.05592011412268181
LINK/USDT	2024-01-05 01:15:00+00:00	[0.25,0.50)	0.04151336341548067	0.04151336341548067	0.05609163484901075	0.06560222145088514
LINK/USDT	2024-01-06 01:15:00+00:00	[0.25,0.50)	0.010897019556902634	0.03290755574799737	0.05390777224507469	0.05390777224507469
LINK/USDT	2024-01-07 01:15:00+00:00	[0.50,0.75)	0.008810572687224743	0.02195301027900143	0.02540381791483114	0.054405286343612316
LINK/USDT	2024-01-08 01:15:00+00:00	[0.75,1.00]	0.02865523465703973	0.0642298435619736	0.0995788206979544	0.14101985559566788
LINK/USDT	2024-01-09 01:15:00+00:00	[0.25,0.50)	0.008729874776386396	0.01982110912343478	0.0669767441860465	0.0669767441860465
LINK/USDT	2024-01-10 01:15:00+00:00	[0.75,1.00]	0.007572447939420488	0.017256443861948457	0.06523955147808351	0.13106159895150712
LINK/USDT	2024-01-11 01:15:00+00:00	[0.75,1.00]	0.01287181539282377	0.015206082432973292	0.07322929171668673	0.07322929171668673
LINK/USDT	2024-01-12 01:15:00+00:00	[0.10,0.25)	0.00859211149448621	0.011771869291658174	0.041539814626885795	0.11595967796495503
LINK/USDT	2024-01-13 01:15:00+00:00	[0.75,1.00]	0.012813171080887635	0.015604867573371508	0.03013600572655686	0.035433070866141676
LINK/USDT	2024-01-14 01:15:00+00:00	[0.00,0.05)	0.008523719695381812	0.03626074198281284	0.06930762244113736	0.07943827289876326
LINK/USDT	2024-01-15 01:15:00+00:00	[0.75,1.00]	0.028910549698295866	0.0525827199787812	0.059412505802002455	0.06816524103176186
LINK/USDT	2024-01-16 01:15:00+00:00	[0.25,0.50)	0.01330885727397885	0.01330885727397885	0.026093227561791103	0.05166196813741549
LINK/USDT	2024-01-17 01:15:00+00:00	[0.10,0.25)	0.016812677145065655	0.03227261015202264	0.04141973718113893	0.05836124710126249
LINK/USDT	2024-01-18 01:15:00+00:00	[0.25,0.50)	0.012526498361919464	0.022804650864007223	0.0316695573970579	0.08890601914305905
LINK/USDT	2024-01-19 01:15:00+00:00	[0.50,0.75)	0.01594092885239113	0.03126078255468908	0.08308605341246283	0.13484231592022627
LINK/USDT	2024-01-20 01:15:00+00:00	[0.75,1.00]	0.02750186242860677	0.031350881549540535	0.04991308666501119	0.06853737273404514
LINK/USDT	2024-01-21 01:15:00+00:00	[0.25,0.50)	0.009909909909909906	0.012934362934362854	0.027927927927927997	0.044530244530244546
LINK/USDT	2024-01-22 01:15:00+00:00	[0.10,0.25)	0.011916453872847534	0.04216591370392196	0.06684999672624899	0.0960518562168533
LINK/USDT	2024-01-23 01:15:00+00:00	[0.25,0.50)	0.00815328169588254	0.01623861937763276	0.07236037505095798	0.09002581872537024
LINK/USDT	2024-01-24 01:15:00+00:00	[0.75,1.00]	0.006644048628781412	0.01017811704834594	0.02876731693525587	0.037531806615776125
LINK/USDT	2024-01-25 01:15:00+00:00	[0.25,0.50)	0.010345804988662189	0.019699546485260806	0.037344104308390094	0.044005102040816355
LINK/USDT	2024-01-26 01:15:00+00:00	[0.10,0.25)	0.011853683368482311	0.011853683368482311	0.03527016217002396	0.04319685841029739
LINK/USDT	2024-01-27 01:15:00+00:00	[0.25,0.50)	0.007060468367703661	0.010066410346032865	0.018105557497378563	0.02348829080741002
LINK/USDT	2024-01-28 01:15:00+00:00	[0.00,0.05)	0.00943396226415089	0.02296059933407322	0.02677580466148718	0.03808268590455046
LINK/USDT	2024-01-29 01:15:00+00:00	[0.50,0.75)	0.01486963606735478	0.01792504073872903	0.030825638240086953	0.055404671374253055
LINK/USDT	2024-01-30 01:15:00+00:00	[0.00,0.05)	0.007896483078964815	0.012939615129396053	0.023556735235567262	0.05733244857332442
LINK/USDT	2024-01-31 01:15:00+00:00	[0.25,0.50)	0.03134472750725565	0.0421799419542082	0.0421799419542082	0.06301193163495637
LINK/USDT	2024-02-01 01:15:00+00:00	[0.75,1.00]	0.023197208581028687	0.027009563194623883	0.06351770483329017	0.18641767898681827
LINK/USDT	2024-02-02 01:15:00+00:00	[0.75,1.00]	0.016993830622546318	0.03555804823331466	0.046102075154234395	0.0743129556926528
LINK/USDT	2024-02-03 01:15:00+00:00	[0.50,0.75)	0.011027148054855818	0.025860621326616276	0.036160089560593384	0.036160089560593384
LINK/USDT	2024-02-04 01:15:00+00:00	[0.25,0.50)	0.010950749705171941	0.020890660976020662	0.043072948840343656	0.06620991744819445
LINK/USDT	2024-02-05 01:15:00+00:00	[0.75,1.00]	0.007115063924402453	0.055086158977209546	0.10261256253474153	0.1050583657587549
LINK/USDT	2024-02-06 01:15:00+00:00	[0.25,0.50)	0.01736093008706524	0.027735780199155416	0.04843334549814913	0.058808195610239304
LINK/USDT	2024-02-07 01:15:00+00:00	[0.25,0.50)	0.00728168628524515	0.028907747057213176	0.03367095537914035	0.05781549411442655
LINK/USDT	2024-02-08 01:15:00+00:00	[0.25,0.50)	0.008700293568187897	0.012970376301040755	0.042433947157726276	0.06949559647718173
LINK/USDT	2024-02-09 01:15:00+00:00	[0.05,0.10)	0.007354555433589482	0.02096597145993422	0.02096597145993422	0.027661909989023126
LINK/USDT	2024-02-10 01:15:00+00:00	[0.25,0.50)	0.00980498374864577	0.01825568797399782	0.04247020585048748	0.07058504875406288
LINK/USDT	2024-02-11 01:15:00+00:00	[0.75,1.00]	0.0205814922884535	0.04746769487286358	0.07805335556481854	0.07805335556481854
LINK/USDT	2024-02-12 01:15:00+00:00	[0.50,0.75)	0.024519679622623084	0.029728268881136083	0.05375657215861617	0.054297086138273325
LINK/USDT	2024-02-13 01:15:00+00:00	[0.50,0.75)	0.007646391396576446	0.013862167628631976	0.017611365990824294	0.044349070100143106
LINK/USDT	2024-02-14 01:15:00+00:00	[0.10,0.25)	0.011082268370607095	0.015625000000000118	0.027905351437699732	0.034544728434504804
LINK/USDT	2024-02-15 01:15:00+00:00	[0.10,0.25)	0.009368958508898035	0.010558667525901006	0.022009616814554062	0.03251871313141339
LINK/USDT	2024-02-16 01:15:00+00:00	[0.10,0.25)	0.013981090323878429	0.015238382619191172	0.03470126735063356	0.06004828002413996
LINK/USDT	2024-02-17 01:15:00+00:00	[0.00,0.05)	0.009127475247524733	0.014490511551155237	0.03109529702970305	0.05440387788778876
LINK/USDT	2024-02-18 01:15:00+00:00	[0.25,0.50)	0.013697945308203814	0.013697945308203814	0.01924711293306012	0.03104534319852033
LINK/USDT	2024-02-19 01:15:00+00:00	[0.25,0.50)	0.004289276807980153	0.013416458852867748	0.02284289276807972	0.03591022443890268
LINK/USDT	2024-02-20 01:15:00+00:00	[0.75,1.00]	0.007826887661141738	0.016472273378350687	0.031051770002046213	0.07417638633108244
LINK/USDT	2024-02-21 01:15:00+00:00	[0.25,0.50)	0.009047170798033773	0.017257609036711738	0.05423072900324229	0.060663110553289414
LINK/USDT	2024-02-22 01:15:00+00:00	[0.50,0.75)	0.013241785188817969	0.01890905127785959	0.04828074764318017	0.05100539480137322
LINK/USDT	2024-02-23 01:15:00+00:00	[0.75,1.00]	0.010923262707212736	0.025524206828411455	0.03331869579536738	0.03985069711274578
LINK/USDT	2024-02-24 01:15:00+00:00	[0.50,0.75)	0.013783482142857136	0.030803571428571402	0.040680803571428524	0.04709821428571435
LINK/USDT	2024-02-25 01:15:00+00:00	[0.05,0.10)	0.009000269469145677	0.015144165992993739	0.021988682295877	0.02635408245755865
LINK/USDT	2024-02-26 01:15:00+00:00	[0.00,0.05)	0.010499387091616434	0.015082875872728307	0.034109683952459655	0.06054468901561579
LINK/USDT	2024-02-27 01:15:00+00:00	[0.05,0.10)	0.015530720394564214	0.017944278293719435	0.021564615142452268	0.03672805498714514
LINK/USDT	2024-02-28 01:15:00+00:00	[0.10,0.25)	0.005641972053783249	0.01202214605852895	0.04313208542051154	0.15101502768257322
LINK/USDT	2024-02-29 01:15:00+00:00	[0.75,1.00]	0.009522354618596476	0.026937570017313367	0.05372237498726956	0.08422446277625012
LINK/USDT	2024-03-01 01:15:00+00:00	[0.75,1.00]	0.017392634907681375	0.017851678057737498	0.03111292461491377	0.041007854738345326
LINK/USDT	2024-03-02 01:15:00+00:00	[0.50,0.75)	0.024159663865546244	0.06627651060424165	0.07277911164465778	0.0850840336134454
LINK/USDT	2024-03-03 01:15:00+00:00	[0.25,0.50)	0.013866117018784811	0.017285801283552713	0.09448634468543586	0.09448634468543586
LINK/USDT	2024-03-04 01:15:00+00:00	[0.25,0.50)	0.01738623670535656	0.021902773056189623	0.03210140352581231	0.04769073867223541
LINK/USDT	2024-03-05 01:15:00+00:00	[0.50,0.75)	0.01728921034380247	0.04151392053898729	0.05583077380362622	0.22302585950658868
LINK/USDT	2024-03-06 01:15:00+00:00	[0.75,1.00]	0.0171715017064846	0.0575938566552902	0.07503199658703072	0.10398890784982932
LINK/USDT	2024-03-07 01:15:00+00:00	[0.50,0.75)	0.0177902621722845	0.02838557066824349	0.03986792824758513	0.03986792824758513
LINK/USDT	2024-03-08 01:15:00+00:00	[0.25,0.50)	0.010777140597192009	0.021158789796321967	0.026547360094918062	0.05378683013644458
LINK/USDT	2024-03-09 01:15:00+00:00	[0.10,0.25)	0.0069616102507189465	0.02396206426877876	0.02592947586137312	0.033748675780658675
LINK/USDT	2024-03-10 01:15:00+00:00	[0.00,0.05)	0.009289946771115732	0.010043185698503529	0.024003213819423417	0.17520337451039456
LINK/USDT	2024-03-11 01:15:00+00:00	[0.75,1.00]	0.03783102143757892	0.03783102143757892	0.039325580309186974	0.05086170659941162
LINK/USDT	2024-03-12 01:15:00+00:00	[0.25,0.50)	0.006589863935902875	0.02944104679277496	0.052766320580287275	0.07907836723083501
LINK/USDT	2024-03-13 01:15:00+00:00	[0.10,0.25)	0.011013536461113013	0.020474503905681462	0.022560768521663183	0.03682499636116638
LINK/USDT	2024-03-14 01:15:00+00:00	[0.75,1.00]	0.009091788374117362	0.02432536995840991	0.07911790308540491	0.10054163845633042
LINK/USDT	2024-03-15 01:15:00+00:00	[0.75,1.00]	0.02822619623006281	0.09893668438859354	0.1128081198646689	0.1128081198646689
LINK/USDT	2024-03-16 01:15:00+00:00	[0.75,1.00]	0.029414747946039245	0.035906278527234096	0.044020691753727664	0.10259661223247793
LINK/USDT	2024-03-17 01:15:00+00:00	[0.50,0.75)	0.015844875346260463	0.02238227146814404	0.06177285318559567	0.08947368421052643
LINK/USDT	2024-03-18 01:15:00+00:00	[0.50,0.75)	0.01691489361702135	0.026542553191489484	0.04319148936170219	0.10675531914893624
LINK/USDT	2024-03-19 01:15:00+00:00	[0.75,1.00]	0.024244493768140793	0.0353423254225712	0.07859541289624951	0.08360366513004389
LINK/USDT	2024-03-20 01:15:00+00:00	[0.75,1.00]	0.020726306465899184	0.06070268674343069	0.08249188072040145	0.13321523472099206
LINK/USDT	2024-03-21 01:15:00+00:00	[0.05,0.10)	0.011909941266043136	0.036382423319556254	0.03991733739395267	0.05683054165760287
LINK/USDT	2024-03-22 01:15:00+00:00	[0.50,0.75)	0.018306010928961794	0.030000000000000165	0.03765027322404372	0.06491803278688538
LINK/USDT	2024-03-23 01:15:00+00:00	[0.75,1.00]	0.008341966086909233	0.02889700670628652	0.0316231394144266	0.0316231394144266
LINK/USDT	2024-03-24 01:15:00+00:00	[0.10,0.25)	0.012435911421402749	0.01985382349732741	0.025962692265735936	0.03588960401439954
LINK/USDT	2024-03-25 01:15:00+00:00	[0.25,0.50)	0.006038712460236258	0.022052083894969668	0.03305116730468537	0.06216638809510984
LINK/USDT	2024-03-26 01:15:00+00:00	[0.25,0.50)	0.008831937921176322	0.015213395956708281	0.0604962221768429	0.0604962221768429
LINK/USDT	2024-03-27 01:15:00+00:00	[0.25,0.50)	0.007117969138875096	0.019462419113987148	0.040517670482827284	0.05505226480836245
LINK/USDT	2024-03-28 01:15:00+00:00	[0.10,0.25)	0.010799248747913227	0.01632929883138577	0.039910267111853116	0.039910267111853116
LINK/USDT	2024-03-29 01:15:00+00:00	[0.05,0.10)	0.01574064421974354	0.01574064421974354	0.024966121129990578	0.030438861669967666
LINK/USDT	2024-03-30 01:15:00+00:00	[0.10,0.25)	0.006426802928936411	0.018016119686034806	0.026602749828794132	0.026760785966390935
LINK/USDT	2024-03-31 01:15:00+00:00	[0.10,0.25)	0.005087590475191509	0.020665058218818942	0.023287527535927968	0.023287527535927968
LINK/USDT	2024-04-01 01:15:00+00:00	[0.10,0.25)	0.006782844620682406	0.014296149431284428	0.0550453928832307	0.07403735782114144
LINK/USDT	2024-04-02 01:15:00+00:00	[0.10,0.25)	0.017961456570399117	0.054484904733307915	0.06114538406944374	0.06114538406944374
LINK/USDT	2024-04-03 01:15:00+00:00	[0.25,0.50)	0.02480724103251755	0.02480724103251755	0.03179126159347408	0.05346966141468325
LINK/USDT	2024-04-04 01:15:00+00:00	[0.75,1.00]	0.014202172096908884	0.03157894736842107	0.04165970481759962	0.04817599554441671
LINK/USDT	2024-04-05 01:15:00+00:00	[0.10,0.25)	0.012733784321528064	0.02876470922630892	0.04166903530214317	0.04166903530214317
LINK/USDT	2024-04-06 01:15:00+00:00	[0.00,0.05)	0.006144834319186775	0.009016252225348879	0.020272210417504252	0.02222477459369439
LINK/USDT	2024-04-07 01:15:00+00:00	[0.10,0.25)	0.007119046273800848	0.008023052149838943	0.014351093282106207	0.02367365387875024
LINK/USDT	2024-04-08 01:15:00+00:00	[0.25,0.50)	0.007686265709156218	0.01627019748653496	0.06350987432675033	0.06350987432675033
LINK/USDT	2024-04-09 01:15:00+00:00	[0.10,0.25)	0.007927268695604006	0.01574366650036027	0.03653195853428676	0.05055712622650917
LINK/USDT	2024-04-10 01:15:00+00:00	[0.25,0.50)	0.013533834586466063	0.027530364372469585	0.044997108155003025	0.044997108155003025
LINK/USDT	2024-04-11 01:15:00+00:00	[0.25,0.50)	0.005636395007764363	0.00805199286823492	0.027319261517225593	0.049462241904871425
LINK/USDT	2024-04-12 01:15:00+00:00	[0.50,0.75)	0.005515533543448839	0.009511481314722925	0.039452949122017134	0.2533205763169743
LINK/USDT	2024-04-13 01:15:00+00:00	[0.50,0.75)	0.02511127350029895	0.04803029296485743	0.04803029296485743	0.23981930512190255
LINK/USDT	2024-04-14 01:15:00+00:00	[0.75,1.00]	0.02031499657612413	0.07129270334018104	0.0978467625351898	0.11709655329833368
LINK/USDT	2024-04-15 01:15:00+00:00	[0.75,1.00]	0.013526152960644567	0.02072091517375353	0.06964529822289374	0.10403626160155406
LINK/USDT	2024-04-16 01:15:00+00:00	[0.50,0.75)	0.028230264612663144	0.05004791037075258	0.06191494066484852	0.0735608461708557
LINK/USDT	2024-04-17 01:15:00+00:00	[0.25,0.50)	0.014541387024608523	0.020357941834451877	0.038329604772557875	0.06636838180462346
LINK/USDT	2024-04-18 01:15:00+00:00	[0.50,0.75)	0.014026091546640522	0.021039137319960783	0.04969459316793611	0.08815323127969238
LINK/USDT	2024-04-19 01:15:00+00:00	[0.75,1.00]	0.052596339830382435	0.057803898229430085	0.09328968903436985	0.10244011307841086
LINK/USDT	2024-04-20 01:15:00+00:00	[0.50,0.75)	0.01803420031613734	0.018896393159936766	0.03283517746802707	0.08205201896824266
LINK/USDT	2024-04-21 01:15:00+00:00	[0.25,0.50)	0.01350352704064498	0.015518978837756122	0.021766879408800795	0.05293920053745383
LINK/USDT	2024-04-22 01:15:00+00:00	[0.50,0.75)	0.022398414271556023	0.0662702345556658	0.0662702345556658	0.0662702345556658
LINK/USDT	2024-04-23 01:15:00+00:00	[0.10,0.25)	0.006897885507993767	0.015149561629705996	0.023143372872614747	0.03068592057761727
LINK/USDT	2024-04-24 01:15:00+00:00	[0.25,0.50)	0.0070413352457947935	0.02242795670882783	0.030642847828921675	0.08325726952666575
LINK/USDT	2024-04-25 01:15:00+00:00	[0.50,0.75)	0.021575856889253085	0.024580090126997214	0.0375529154718011	0.03782602758432326
LINK/USDT	2024-04-26 01:15:00+00:00	[0.50,0.75)	0.024991346486673633	0.025752855659397708	0.03856005538248519	0.06784354447905841
LINK/USDT	2024-04-27 01:15:00+00:00	[0.75,1.00]	0.013965688359563248	0.017014036580178662	0.025379271232099855	0.0377853395718135
LINK/USDT	2024-04-28 01:15:00+00:00	[0.25,0.50)	0.006162896561383794	0.014917010995167672	0.030674416975978627	0.050003501645773545
LINK/USDT	2024-04-29 01:15:00+00:00	[0.50,0.75)	0.009141952202706641	0.023970630578750374	0.02598617909588257	0.03548805067664845
LINK/USDT	2024-04-30 01:15:00+00:00	[0.50,0.75)	0.022372159090909057	0.022372159090909057	0.07819602272727266	0.09417613636363627
LINK/USDT	2024-05-01 01:15:00+00:00	[0.25,0.50)	0.015851242188690762	0.02278616064624305	0.06950160036579796	0.08809632677945439
LINK/USDT	2024-05-02 01:15:00+00:00	[0.50,0.75)	0.015470202713001022	0.026977594878829385	0.05921353452217644	0.06477671086724582
LINK/USDT	2024-05-03 01:15:00+00:00	[0.10,0.25)	0.010159333430784925	0.013009793889782255	0.03062417775179071	0.054158748720947204
LINK/USDT	2024-05-04 01:15:00+00:00	[0.05,0.10)	0.013484891273651437	0.013484891273651437	0.032970912171702824	0.03579497317142048
LINK/USDT	2024-05-05 01:15:00+00:00	[0.10,0.25)	0.010600210600210712	0.013548613548613647	0.017128817128817114	0.03875043875043885
LINK/USDT	2024-05-06 01:15:00+00:00	[0.10,0.25)	0.004713384626048355	0.02197269009496085	0.06155125805780827	0.06155125805780827
LINK/USDT	2024-05-07 01:15:00+00:00	[0.50,0.75)	0.013128800442233367	0.033305693753455025	0.033305693753455025	0.06198175787728028
LINK/USDT	2024-05-08 01:15:00+00:00	[0.75,1.00]	0.008220744870970062	0.01529773393380516	0.029451712059475357	0.030881406819644033
LINK/USDT	2024-05-09 01:15:00+00:00	[0.50,0.75)	0.004776502459542324	0.009909460326513107	0.02267056391245465	0.037570399942967084
LINK/USDT	2024-05-10 01:15:00+00:00	[0.10,0.25)	0.0057467236666900795	0.008970495479711271	0.01345574321956678	0.06097133646366243
LINK/USDT	2024-05-11 01:15:00+00:00	[0.25,0.50)	0.007579622476495954	0.011296552729392985	0.022738867429487733	0.03257780045186218
LINK/USDT	2024-05-12 01:15:00+00:00	[0.00,0.05)	0.004341967360383278	0.00823476568348551	0.017367869441533113	0.02627638868094019
LINK/USDT	2024-05-13 01:15:00+00:00	[0.10,0.25)	0.016533805727782715	0.03454384410983171	0.044434602893416025	0.044434602893416025
LINK/USDT	2024-05-14 01:15:00+00:00	[0.25,0.50)	0.011971150271395612	0.015317123949736004	0.04059781396386344	0.05175105955833145
LINK/USDT	2024-05-15 01:15:00+00:00	[0.10,0.25)	0.0068246300130358414	0.016103059581320515	0.05858446438156578	0.08419599723947556
LINK/USDT	2024-05-16 01:15:00+00:00	[0.05,0.10)	0.008961480089614712	0.012936330129363193	0.026812170268121736	0.16831683168316824
LINK/USDT	2024-05-17 01:15:00+00:00	[0.75,1.00]	0.017524990509933003	0.032519296469695015	0.07465519423003922	0.07465519423003922
LINK/USDT	2024-05-18 01:15:00+00:00	[0.25,0.50)	0.014604387478432235	0.0191027853093418	0.021690904609317246	0.031858516144934644
LINK/USDT	2024-05-19 01:15:00+00:00	[0.25,0.50)	0.013160310950602917	0.02075044377792732	0.034645283711819734	0.05117218583583268
LINK/USDT	2024-05-20 01:15:00+00:00	[0.50,0.75)	0.017548076923077017	0.042307692307692345	0.049038461538461475	0.0658052884615386
LINK/USDT	2024-05-21 01:15:00+00:00	[0.75,1.00]	0.013119962346296345	0.019591692651644316	0.028534447255397978	0.037594869682885175
LINK/USDT	2024-05-22 01:15:00+00:00	[0.50,0.75)	0.0068224964404365466	0.02723065970574274	0.044791172282866575	0.046333649738965275
LINK/USDT	2024-05-23 01:15:00+00:00	[0.25,0.50)	0.008162768031189104	0.01321881091617926	0.032407407407407406	0.09149610136452235
LINK/USDT	2024-05-24 01:15:00+00:00	[0.75,1.00]	0.011368346260879873	0.04369708094025695	0.06406536799099989	0.06406536799099989
LINK/USDT	2024-05-25 01:15:00+00:00	[0.50,0.75)	0.008503900064512529	0.013664887689871594	0.017183742888980075	0.03401560025804949
LINK/USDT	2024-05-26 01:15:00+00:00	[0.05,0.10)	0.008933172994331006	0.03246864799862567	0.04214625207581748	0.058695527687109804
LINK/USDT	2024-05-27 01:15:00+00:00	[0.05,0.10)	0.01059408838162136	0.020368744512730613	0.037518290898448825	0.11641791044776123
LINK/USDT	2024-05-28 01:15:00+00:00	[0.10,0.25)	0.02810429578969864	0.04349219918786065	0.04349219918786065	0.05033126736482155
LINK/USDT	2024-05-29 01:15:00+00:00	[0.25,0.50)	0.007864554888039428	0.01660294920808313	0.06460950300382304	0.06466411796832319
LINK/USDT	2024-05-30 01:15:00+00:00	[0.10,0.25)	0.0292594372363715	0.02941961663730055	0.06140210368946565	0.07613860857493737
LINK/USDT	2024-05-31 01:15:00+00:00	[0.10,0.25)	0.012446280069207956	0.014455545013115854	0.02919015460177483	0.07138471842384327
LINK/USDT	2024-06-01 01:15:00+00:00	[0.25,0.50)	0.005347593582887838	0.013696387645967544	0.02117210520571874	0.02291825821237595
LINK/USDT	2024-06-02 01:15:00+00:00	[0.10,0.25)	0.008230452674896983	0.011425167857916316	0.021334199696772707	0.0350877192982456
LINK/USDT	2024-06-03 01:15:00+00:00	[0.25,0.50)	0.006764188297404372	0.016113066432028113	0.02513198416190061	0.04668939727232733
LINK/USDT	2024-06-04 01:15:00+00:00	[0.00,0.05)	0.004835865050918862	0.007794276611480938	0.021505376344086027	0.021505376344086027
LINK/USDT	2024-06-05 01:15:00+00:00	[0.25,0.50)	0.011770640659155923	0.014797376828653066	0.021859761224146658	0.027016422846252972
LINK/USDT	2024-06-06 01:15:00+00:00	[0.00,0.05)	0.004848348179050542	0.02542563986920738	0.028808208366219373	0.03799751944976883
LINK/USDT	2024-06-07 01:15:00+00:00	[0.10,0.25)	0.006545033304372982	0.018824210831161266	0.027106863596872283	0.14028381117868524
LINK/USDT	2024-06-08 01:15:00+00:00	[0.10,0.25)	0.008401815282718045	0.01128418986876003	0.04323561879062922	0.045320740831595666
LINK/USDT	2024-06-09 01:15:00+00:00	[0.50,0.75)	0.0061605476042315	0.011200995644057231	0.012881144990665883	0.03042937149968891
LINK/USDT	2024-06-10 01:15:00+00:00	[0.25,0.50)	0.003640851589015582	0.010737426720148073	0.027460660290033852	0.030237580993520533
LINK/USDT	2024-06-11 01:15:00+00:00	[0.05,0.10)	0.033148124763227704	0.033148124763227704	0.037441596161131456	0.07532516731910592
LINK/USDT	2024-06-12 01:15:00+00:00	[0.25,0.50)	0.023296525720441698	0.038378669539455984	0.09136816590358196	0.10140048478319419
LINK/USDT	2024-06-13 01:15:00+00:00	[0.10,0.25)	0.013408876298394773	0.03412023921938935	0.04293358514321689	0.05300598048473406
LINK/USDT	2024-06-14 01:15:00+00:00	[0.25,0.50)	0.015197368421052624	0.02144736842105255	0.022105263157894756	0.06532894736842108
LINK/USDT	2024-06-15 01:15:00+00:00	[0.50,0.75)	0.005484460694698442	0.01272936556300363	0.02600040625634778	0.02816710677771009
LINK/USDT	2024-06-16 01:15:00+00:00	[0.25,0.50)	0.0031190669921344846	0.012069433143477018	0.037903444534852136	0.04475183075671279
LINK/USDT	2024-06-17 01:15:00+00:00	[0.10,0.25)	0.0121837549933422	0.01917443408788284	0.055259653794940085	0.07862849533954722
LINK/USDT	2024-06-18 01:15:00+00:00	[0.75,1.00]	0.07271552652358063	0.07271552652358063	0.07271552652358063	0.09051755078601688
LINK/USDT	2024-06-19 01:15:00+00:00	[0.75,1.00]	0.013471575680632016	0.015940189025250448	0.022711242770489557	0.030046550994498527
LINK/USDT	2024-06-20 01:15:00+00:00	[0.25,0.50)	0.013966673580861507	0.015556938394523934	0.03823549747631882	0.05192560326349993
LINK/USDT	2024-06-21 01:15:00+00:00	[0.50,0.75)	0.008855154965211977	0.014055801532082442	0.03823178016726408	0.06001827254199178
LINK/USDT	2024-06-22 01:15:00+00:00	[0.50,0.75)	0.011201629327902234	0.012583648530695378	0.024367180680826366	0.032295606633692235
LINK/USDT	2024-06-23 01:15:00+00:00	[0.10,0.25)	0.003677822728944517	0.008532548731151134	0.014784847370356785	0.04155939683707255
LINK/USDT	2024-06-24 01:15:00+00:00	[0.50,0.75)	0.007768308318877725	0.025944641375669313	0.06704879704351756	0.0838675616562335
LINK/USDT	2024-06-25 01:15:00+00:00	[0.75,1.00]	0.01971851634657676	0.03965694179739044	0.03965694179739044	0.05065239700923624
LINK/USDT	2024-06-26 01:15:00+00:00	[0.25,0.50)	0.008305180180180203	0.01252815315315321	0.027660472972972895	0.03617680180180176
LINK/USDT	2024-06-27 01:15:00+00:00	[0.50,0.75)	0.007885408377342109	0.012515372929176014	0.04087390580915861	0.0755986399479129
LINK/USDT	2024-06-28 01:15:00+00:00	[0.10,0.25)	0.008609915289543035	0.01777530898486323	0.02860713789751417	0.058950145813081535
LINK/USDT	2024-06-29 01:15:00+00:00	[0.50,0.75)	0.018542475204829604	0.018542475204829604	0.028748023573379355	0.050596521489147665
LINK/USDT	2024-06-30 01:15:00+00:00	[0.25,0.50)	0.009663617586308662	0.00973738565948655	0.022130421953378502	0.07177633520212445
LINK/USDT	2024-07-01 01:15:00+00:00	[0.75,1.00]	0.006454299396210699	0.012283989173433242	0.015545839405926864	0.024914983690748835
LINK/USDT	2024-07-02 01:15:00+00:00	[0.50,0.75)	0.005590496156533897	0.031097134870719797	0.035569531795946914	0.035569531795946914
LINK/USDT	2024-07-03 01:15:00+00:00	[0.10,0.25)	0.009568714464013306	0.02461517126612123	0.03695742615448616	0.08459298294272644
LINK/USDT	2024-07-04 01:15:00+00:00	[0.50,0.75)	0.036598014520669714	0.036598014520669714	0.06541709882945615	0.11290561564676242
LINK/USDT	2024-07-05 01:15:00+00:00	[0.75,1.00]	0.031615633557381145	0.10107045058501368	0.10107045058501368	0.12920089619118733
LINK/USDT	2024-07-06 01:15:00+00:00	[0.50,0.75)	0.010975609756097543	0.01764227642276427	0.03178861788617886	0.08910569105691057
LINK/USDT	2024-07-07 01:15:00+00:00	[0.25,0.50)	0.007283600398681199	0.02269416545273322	0.04032814536533005	0.10434715939584444
LINK/USDT	2024-07-08 01:15:00+00:00	[0.75,1.00]	0.03600435401490411	0.06514276145022192	0.14142175332830947	0.14142175332830947
LINK/USDT	2024-07-09 01:15:00+00:00	[0.50,0.75)	0.013238445056626878	0.02188552188552199	0.027471686562595653	0.043158861340679526
LINK/USDT	2024-07-10 01:15:00+00:00	[0.25,0.50)	0.01179318962824116	0.03475476413620732	0.03475476413620732	0.03577007185254595
LINK/USDT	2024-07-11 01:15:00+00:00	[0.00,0.05)	0.014092225788773172	0.030219995302591344	0.05057543255304164	0.07539340796993667
LINK/USDT	2024-07-12 01:15:00+00:00	[0.25,0.50)	0.018768280792980166	0.021611959701007478	0.02551186220344492	0.04793630159246018
LINK/USDT	2024-07-13 01:15:00+00:00	[0.25,0.50)	0.007631210091885919	0.009266469397290124	0.02702071328453508	0.03013549291387624
LINK/USDT	2024-07-14 01:15:00+00:00	[0.25,0.50)	0.012766608057487945	0.019417475728155442	0.029126213592233028	0.06192187141655841
LINK/USDT	2024-07-15 01:15:00+00:00	[0.75,1.00]	0.011040432843459938	0.01813263142502019	0.022738904730569567	0.06748555969876435
LINK/USDT	2024-07-16 01:15:00+00:00	[0.25,0.50)	0.009961950882047743	0.017295053614666205	0.047803528190937444	0.05589761328260116
LINK/USDT	2024-07-17 01:15:00+00:00	[0.50,0.75)	0.008320621273055	0.017889335737068305	0.020524199140202426	0.05235057550963798
LINK/USDT	2024-07-18 01:15:00+00:00	[0.50,0.75)	0.016479186071505367	0.02077810417711549	0.02636669771440856	0.04786128824245892
LINK/USDT	2024-07-19 01:15:00+00:00	[0.25,0.50)	0.007255497149626176	0.017398386022062725	0.027837417635300305	0.05693344191900497
LINK/USDT	2024-07-20 01:15:00+00:00	[0.25,0.50)	0.0060993111366246305	0.020594144661308898	0.026980482204362763	0.03501722158438573
LINK/USDT	2024-07-21 01:15:00+00:00	[0.10,0.25)	0.006028741675429394	0.014440939362075099	0.030774623203645164	0.0877672625306694
LINK/USDT	2024-07-22 01:15:00+00:00	[0.50,0.75)	0.012328860431850636	0.018595463524283068	0.035556161024453393	0.06218922416729108
LINK/USDT	2024-07-23 01:15:00+00:00	[0.50,0.75)	0.010645848119233524	0.03257629524485448	0.034066713981547224	0.04655784244144788
LINK/USDT	2024-07-24 01:15:00+00:00	[0.10,0.25)	0.010071942446043206	0.015827338129496448	0.018705035971223007	0.08345323741007195
LINK/USDT	2024-07-25 01:15:00+00:00	[0.75,1.00]	0.010023130300693833	0.02235929067077879	0.030146491904394758	0.052428681572860424
LINK/USDT	2024-07-26 01:15:00+00:00	[0.75,1.00]	0.015325670498084372	0.03141762452107281	0.038314176245210725	0.04827586206896557
LINK/USDT	2024-07-27 01:15:00+00:00	[0.00,0.05)	0.005939123979213071	0.013363028953229508	0.02524127691165552	0.04602821083890133
LINK/USDT	2024-07-28 01:15:00+00:00	[0.50,0.75)	0.006632277081798073	0.021370670596904874	0.025792188651436967	0.033898305084745825
LINK/USDT	2024-07-29 01:15:00+00:00	[0.75,1.00]	0.014042867701404381	0.026607538802660844	0.03473762010347381	0.0399113082039912
LINK/USDT	2024-07-30 01:15:00+00:00	[0.10,0.25)	0.013888888888888853	0.02192982456140356	0.0233918128654971	0.05994152046783628
LINK/USDT	2024-07-31 01:15:00+00:00	[0.50,0.75)	0.00905660377358498	0.01735849056603777	0.024905660377358495	0.049207547169811267
LINK/USDT	2024-08-01 01:15:00+00:00	[0.05,0.10)	0.010085337470907741	0.021722265321954953	0.03646237393328152	0.07602792862684254
LINK/USDT	2024-08-02 01:15:00+00:00	[0.75,1.00]	0.0179968701095462	0.020344287949921738	0.03599374021909226	0.09663536776212829
LINK/USDT	2024-08-03 01:15:00+00:00	[0.50,0.75)	0.01693480101608815	0.021168501270110076	0.03217612193056738	0.0677392040643523
LINK/USDT	2024-08-04 01:15:00+00:00	[0.50,0.75)	0.01546391752577317	0.01804123711340198	0.024914089347078963	0.23281786941580748
LINK/USDT	2024-08-05 01:15:00+00:00	[0.75,1.00]	0.0513347022587269	0.10061601642710458	0.1827515400410677	0.21663244353182745
LINK/USDT	2024-08-06 01:15:00+00:00	[0.75,1.00]	0.0188492063492063	0.020833333333333242	0.03571428571428584	0.0932539682539682
LINK/USDT	2024-08-07 01:15:00+00:00	[0.25,0.50)	0.03184079601990035	0.04378109452736313	0.04378109452736313	0.11442786069651743
LINK/USDT	2024-08-08 01:15:00+00:00	[0.75,1.00]	0.04702194357366764	0.050156739811912265	0.07732497387669804	0.13166144200626956
LINK/USDT	2024-08-09 01:15:00+00:00	[0.75,1.00]	0.006591337099811536	0.01883239171374758	0.027306967984934007	0.04896421845574384
LINK/USDT	2024-08-10 01:15:00+00:00	[0.50,0.75)	0.010406811731314988	0.013245033112582667	0.022705771050141932	0.022705771050141932
LINK/USDT	2024-08-11 01:15:00+00:00	[0.00,0.05)	0.008514664143803204	0.01892147587511819	0.043519394512771904	0.0851466414380322
LINK/USDT	2024-08-12 01:15:00+00:00	[0.10,0.25)	0.011952191235059684	0.012948207171314643	0.07470119521912351	0.08067729083665344
LINK/USDT	2024-08-13 01:15:00+00:00	[0.50,0.75)	0.013333333333333388	0.02857142857142864	0.04476190476190482	0.057142857142857106
LINK/USDT	2024-08-14 01:15:00+00:00	[0.10,0.25)	0.010436432637571104	0.01423149905123343	0.022770398481973455	0.05028462998102461
LINK/USDT	2024-08-15 01:15:00+00:00	[0.10,0.25)	0.009615384615384581	0.012500000000000075	0.03269230769230768	0.06826923076923068
LINK/USDT	2024-08-16 01:15:00+00:00	[0.25,0.50)	0.007905138339920957	0.02371541501976287	0.04545454545454554	0.048418972332015836
LINK/USDT	2024-08-17 01:15:00+00:00	[0.25,0.50)	0.007897334649555781	0.010858835143139133	0.01283316880552821	0.016781836130306014
LINK/USDT	2024-08-18 01:15:00+00:00	[0.05,0.10)	0.006916996047430859	0.01679841897233201	0.027667984189723258	0.04644268774703564
LINK/USDT	2024-08-19 01:15:00+00:00	[0.75,1.00]	0.006923837784371938	0.01186943620178034	0.025717111770524215	0.04648862512364003
LINK/USDT	2024-08-20 01:15:00+00:00	[0.75,1.00]	0.007707129094412337	0.01830443159922924	0.02023121387283245	0.04913294797687876
LINK/USDT	2024-08-21 01:15:00+00:00	[0.05,0.10)	0.014605647517039957	0.01752677702044788	0.02239532619279459	0.12268743914313533
LINK/USDT	2024-08-22 01:15:00+00:00	[0.25,0.50)	0.00975177304964534	0.023936170212765923	0.02659574468085097	0.04255319148936158
LINK/USDT	2024-08-23 01:15:00+00:00	[0.50,0.75)	0.008688097306689804	0.014769765421372713	0.020851433536055623	0.06602953953084288
LINK/USDT	2024-08-24 01:15:00+00:00	[0.25,0.50)	0.007487520798668873	0.01247920133111484	0.021630615640598986	0.05490848585690517
LINK/USDT	2024-08-25 01:15:00+00:00	[0.50,0.75)	0.014839241549876316	0.016488046166529206	0.02225886232481462	0.031327287716405666
LINK/USDT	2024-08-26 01:15:00+00:00	[0.25,0.50)	0.01647446457990124	0.025535420098846826	0.06260296540362437	0.07331136738056003
LINK/USDT	2024-08-27 01:15:00+00:00	[0.25,0.50)	0.007550335570469936	0.020134228187919483	0.04278523489932884	0.09731543624161075
LINK/USDT	2024-08-28 01:15:00+00:00	[0.75,1.00]	0.012715712988192443	0.021798365122615824	0.07084468664850146	0.07084468664850146
LINK/USDT	2024-08-29 01:15:00+00:00	[0.50,0.75)	0.008960573476702637	0.0107526881720431	0.02060931899641581	0.05913978494623657
LINK/USDT	2024-08-30 01:15:00+00:00	[0.10,0.25)	0.008204193254329977	0.010938924339106745	0.023701002734731063	0.06381039197812208
LINK/USDT	2024-08-31 01:15:00+00:00	[0.25,0.50)	0.009856630824372709	0.009856630824372709	0.01612903225806465	0.025089605734767127
LINK/USDT	2024-09-01 01:15:00+00:00	[0.10,0.25)	0.012785388127853934	0.013698630136986335	0.02648401826484027	0.06849315068493152
LINK/USDT	2024-09-02 01:15:00+00:00	[0.75,1.00]	0.008612440191387547	0.016267942583732053	0.04401913875598078	0.048803827751196155
LINK/USDT	2024-09-03 01:15:00+00:00	[0.00,0.05)	0.013940520446096687	0.02137546468401491	0.03159851301115257	0.09851301115241641
LINK/USDT	2024-09-04 01:15:00+00:00	[0.75,1.00]	0.017821782178217796	0.021782178217821847	0.03465346534653462	0.04356435643564352
LINK/USDT	2024-09-05 01:15:00+00:00	[0.10,0.25)	0.009643201542912214	0.025072324011571823	0.027965284474445608	0.04725168756027003
LINK/USDT	2024-09-06 01:15:00+00:00	[0.00,0.05)	0.013986013986014043	0.016983016983016977	0.036963036963036884	0.08991008991008995
LINK/USDT	2024-09-07 01:15:00+00:00	[0.50,0.75)	0.009394572025052178	0.024008350730688795	0.05219206680584551	0.06263048016701457
LINK/USDT	2024-09-08 01:15:00+00:00	[0.05,0.10)	0.00797607178464607	0.02891326021934207	0.03688933200398814	0.044865403788634205
LINK/USDT	2024-09-09 01:15:00+00:00	[0.50,0.75)	0.00869565217391303	0.013526570048309233	0.054106280193236767	0.054106280193236767
LINK/USDT	2024-09-10 01:15:00+00:00	[0.50,0.75)	0.007677543186180429	0.01151631477927056	0.02399232245681382	0.03934740882917468
LINK/USDT	2024-09-11 01:15:00+00:00	[0.25,0.50)	0.013346043851286994	0.017159199237368895	0.020972354623450967	0.035271687321258266
LINK/USDT	2024-09-12 01:15:00+00:00	[0.10,0.25)	0.014245014245014112	0.014245014245014112	0.01804368471035133	0.03608736942070266
LINK/USDT	2024-09-13 01:15:00+00:00	[0.50,0.75)	0.008325624421831624	0.016651248843663247	0.04347826086956511	0.08510638297872339
LINK/USDT	2024-09-14 01:15:00+00:00	[0.25,0.50)	0.0069868995633187835	0.010480349344978254	0.02183406113537118	0.023580786026200836
LINK/USDT	2024-09-15 01:15:00+00:00	[0.00,0.05)	0.00442086648983207	0.0079575596816976	0.02033598585322711	0.06100795755968165
LINK/USDT	2024-09-16 01:15:00+00:00	[0.75,1.00]	0.013992537313432868	0.023320895522388058	0.032649253731343246	0.03917910447761193
LINK/USDT	2024-09-17 01:15:00+00:00	[0.25,0.50)	0.0038167938931296893	0.013358778625954082	0.022900763358778477	0.04389312977099228
LINK/USDT	2024-09-18 01:15:00+00:00	[0.25,0.50)	0.007554296506137872	0.014164305949008532	0.03305004721435313	0.08026440037771496
LINK/USDT	2024-09-19 01:15:00+00:00	[0.75,1.00]	0.008166969147005432	0.013611615245008946	0.03539019963702349	0.039927404718693243
LINK/USDT	2024-09-20 01:15:00+00:00	[0.10,0.25)	0.009865470852017886	0.043049327354260127	0.05201793721973095	0.05201793721973095
LINK/USDT	2024-09-21 01:15:00+00:00	[0.10,0.25)	0.014010507880910695	0.018388791593695192	0.018388791593695192	0.029772329246935188
LINK/USDT	2024-09-22 01:15:00+00:00	[0.50,0.75)	0.008748906386701632	0.01312335958005237	0.026246719160104893	0.05336832895888009
LINK/USDT	2024-09-23 01:15:00+00:00	[0.75,1.00]	0.008952551477170962	0.029543419874664287	0.031333930170098445	0.04028648164726941
LINK/USDT	2024-09-24 01:15:00+00:00	[0.25,0.50)	0.008880994671403323	0.010657193605683925	0.03552397868561282	0.09591474245115454
LINK/USDT	2024-09-25 01:15:00+00:00	[0.75,1.00]	0.008979591836734647	0.013877551020408158	0.02693877551020409	0.053061224489795944
LINK/USDT	2024-09-26 01:15:00+00:00	[0.75,1.00]	0.0167504187604691	0.0192629815745394	0.04438860971524298	0.07370184254606373
LINK/USDT	2024-09-27 01:15:00+00:00	[0.05,0.10)	0.012759170653907508	0.035087719298245716	0.035087719298245716	0.035087719298245716
LINK/USDT	2024-09-28 01:15:00+00:00	[0.10,0.25)	0.009456264775413791	0.014972419227738338	0.040189125295508256	0.048857368006304254
LINK/USDT	2024-09-29 01:15:00+00:00	[0.50,0.75)	0.007843137254901933	0.013333333333333327	0.027450980392156835	0.04392156862745102
LINK/USDT	2024-09-30 01:15:00+00:00	[0.75,1.00]	0.02022653721682848	0.02508090614886721	0.036407766990291204	0.05582524271844656
LINK/USDT	2024-10-01 01:15:00+00:00	[0.50,0.75)	0.009159034138218104	0.02164862614487925	0.028309741881765185	0.11823480432972522
LINK/USDT	2024-10-02 01:15:00+00:00	[0.25,0.50)	0.008984725965858168	0.012578616352201309	0.04043126684636128	0.07726864330637925
LINK/USDT	2024-10-03 01:15:00+00:00	[0.75,1.00]	0.011131725417439797	0.01762523191094615	0.04916512059369196	0.04916512059369196
LINK/USDT	2024-10-04 01:15:00+00:00	[0.10,0.25)	0.010242085661080187	0.013966480446927406	0.03724394785847303	0.05214152700186224
LINK/USDT	2024-10-05 01:15:00+00:00	[0.05,0.10)	0.00450856627592416	0.017132551848512128	0.03606853020739408	0.03606853020739408
LINK/USDT	2024-10-06 01:15:00+00:00	[0.25,0.50)	0.00530973451327438	0.009734513274336233	0.015929203539822984	0.030088495575221225
LINK/USDT	2024-10-07 01:15:00+00:00	[0.75,1.00]	0.010443864229764946	0.01653611836379456	0.03742384682332461	0.05570060922541345
LINK/USDT	2024-10-08 01:15:00+00:00	[0.50,0.75)	0.008920606601248852	0.016949152542372836	0.029438001784121166	0.0481712756467439
LINK/USDT	2024-10-09 01:15:00+00:00	[0.50,0.75)	0.009157509157509288	0.014652014652014666	0.03754578754578756	0.05128205128205133
LINK/USDT	2024-10-10 01:15:00+00:00	[0.10,0.25)	0.004730368968779464	0.011352885525070881	0.028382213812677456	0.04730368968779565
LINK/USDT	2024-10-11 01:15:00+00:00	[0.10,0.25)	0.01424501424501428	0.016144349477682805	0.025641025641025602	0.05033238366571694
LINK/USDT	2024-10-12 01:15:00+00:00	[0.10,0.25)	0.008181818181818169	0.015454545454545448	0.027272727272727337	0.029090909090909115
LINK/USDT	2024-10-13 01:15:00+00:00	[0.10,0.25)	0.005474452554744571	0.013686131386861346	0.018248175182481684	0.0419708029197081
LINK/USDT	2024-10-14 01:15:00+00:00	[0.25,0.50)	0.01397949673811746	0.04193849021435238	0.04287045666356019	0.07269338303821073
LINK/USDT	2024-10-15 01:15:00+00:00	[0.25,0.50)	0.00970873786407762	0.02206531332744925	0.024713150926743102	0.06796116504854365
LINK/USDT	2024-10-16 01:15:00+00:00	[0.75,1.00]	0.01312335958005237	0.021872265966754158	0.03412073490813638	0.04199475065616786
LINK/USDT	2024-10-17 01:15:00+00:00	[0.10,0.25)	0.015138023152270697	0.015138023152270697	0.039180765805877066	0.04452359750667854
LINK/USDT	2024-10-18 01:15:00+00:00	[0.00,0.05)	0.014414414414414429	0.018018018018017955	0.03693693693693695	0.04594594594594593
LINK/USDT	2024-10-19 01:15:00+00:00	[0.50,0.75)	0.007785467128027669	0.01470588235294117	0.026816608996539835	0.026816608996539835
LINK/USDT	2024-10-20 01:15:00+00:00	[0.05,0.10)	0.005267778753292405	0.012291483757682227	0.040386303775241515	0.06760316066725193
LINK/USDT	2024-10-21 01:15:00+00:00	[0.50,0.75)	0.007537688442211044	0.02010050251256283	0.034338358458961486	0.04020100502512566
LINK/USDT	2024-10-22 01:15:00+00:00	[0.10,0.25)	0.019607843137254936	0.02216538789428813	0.05626598465473147	0.05626598465473147
LINK/USDT	2024-10-23 01:15:00+00:00	[0.50,0.75)	0.014249790444258167	0.019279128248113887	0.05280804694048609	0.07963118189438385
LINK/USDT	2024-10-24 01:15:00+00:00	[0.75,1.00]	0.009581881533100996	0.011324041811846758	0.024390243902438966	0.04965156794425074
LINK/USDT	2024-10-25 01:15:00+00:00	[0.50,0.75)	0.0127226463104326	0.03307888040712458	0.0449533502968617	0.11026293469041552
LINK/USDT	2024-10-26 01:15:00+00:00	[0.75,1.00]	0.01780943900267151	0.03294746215494221	0.03294746215494221	0.05164737310774711
LINK/USDT	2024-10-27 01:15:00+00:00	[0.25,0.50)	0.007319304666056731	0.014638609332113462	0.020128087831656052	0.031107044830741067
LINK/USDT	2024-10-28 01:15:00+00:00	[0.25,0.50)	0.006404391582799498	0.019213174748398818	0.044830741079597294	0.05397987191216833
LINK/USDT	2024-10-29 01:15:00+00:00	[0.50,0.75)	0.02226179875333927	0.02938557435440784	0.03383793410507576	0.05788067675868213
LINK/USDT	2024-10-30 01:15:00+00:00	[0.75,1.00]	0.016225448334756573	0.027327070879589965	0.0384286934244235	0.06490179333902645
LINK/USDT	2024-10-31 01:15:00+00:00	[0.50,0.75)	0.009740259740259822	0.017045454545454614	0.03327922077922079	0.08928571428571426
LINK/USDT	2024-11-01 01:15:00+00:00	[0.25,0.50)	0.020264317180616623	0.026431718061673916	0.026431718061673916	0.05286343612334799
LINK/USDT	2024-11-02 01:15:00+00:00	[0.25,0.50)	0.010610079575596905	0.019451812555260888	0.026525198938992103	0.02917771883289125
LINK/USDT	2024-11-03 01:15:00+00:00	[0.10,0.25)	0.016085790884718475	0.03663985701519215	0.03842716711349417	0.06434316353887405
LINK/USDT	2024-11-04 01:15:00+00:00	[0.50,0.75)	0.010194624652455925	0.020389249304912017	0.03707136237256723	0.07877664504170526
LINK/USDT	2024-11-05 01:15:00+00:00	[0.50,0.75)	0.01762977473065619	0.03036238981390798	0.04505386875612153	0.0979431929480901
LINK/USDT	2024-11-06 01:15:00+00:00	[0.75,1.00]	0.028828828828828857	0.0666666666666667	0.08018018018018024	0.13063063063063057
LINK/USDT	2024-11-07 01:15:00+00:00	[0.75,1.00]	0.01519999999999996	0.026400000000000007	0.04160000000000011	0.056000000000000084
LINK/USDT	2024-11-08 01:15:00+00:00	[0.75,1.00]	0.015661707126076688	0.02349256068911517	0.06264682850430703	0.096319498825372
LINK/USDT	2024-11-09 01:15:00+00:00	[0.75,1.00]	0.008908685968819541	0.017817371937639215	0.03414996288047519	0.04602821083890133
LINK/USDT	2024-11-10 01:15:00+00:00	[0.75,1.00]	0.020158387329013632	0.060475161987041025	0.0705543556515479	0.0863930885529157
LINK/USDT	2024-11-11 01:15:00+00:00	[0.75,1.00]	0.013869625520110907	0.04923717059639396	0.06588072122052711	0.09223300970873786
LINK/USDT	2024-11-12 01:15:00+00:00	[0.75,1.00]	0.015068493150684975	0.019178082191780778	0.10616438356164389	0.11506849315068492
LINK/USDT	2024-11-13 01:15:00+00:00	[0.50,0.75)	0.02735781137509005	0.060475161987041025	0.0669546436285097	0.09575233981281497
LINK/USDT	2024-11-14 01:15:00+00:00	[0.50,0.75)	0.01882530120481928	0.03765060240963856	0.05195783132530117	0.07756024096385537
LINK/USDT	2024-11-15 01:15:00+00:00	[0.75,1.00]	0.018633540372670822	0.034937888198757705	0.07220496894409935	0.09316770186335398
LINK/USDT	2024-11-16 01:15:00+00:00	[0.10,0.25)	0.0064981949458483654	0.03537906137184117	0.051985559566786924	0.07797833935018052
LINK/USDT	2024-11-17 01:15:00+00:00	[0.50,0.75)	0.05749486652977412	0.05749486652977412	0.05749486652977412	0.0725530458590006
LINK/USDT	2024-11-18 01:15:00+00:00	[0.75,1.00]	0.022064056939501815	0.027046263345195783	0.06476868327402135	0.14021352313167262
LINK/USDT	2024-11-19 01:15:00+00:00	[0.50,0.75)	0.01462765957446801	0.024601063829787183	0.036569148936170144	0.05718085106382975
LINK/USDT	2024-11-20 01:15:00+00:00	[0.25,0.50)	0.015235457063711957	0.02908587257617728	0.05263157894736841	0.08933518005540173
LINK/USDT	2024-11-21 01:15:00+00:00	[0.10,0.25)	0.03398058252427186	0.05894590846047154	0.10332871012482664	0.10748959778085997
LINK/USDT	2024-11-22 01:15:00+00:00	[0.25,0.50)	0.024865591397849527	0.04435483870967743	0.05241935483870975	0.1518817204301075
LINK/USDT	2024-11-23 01:15:00+00:00	[0.75,1.00]	0.021024734982332115	0.038692579505300355	0.07420494699646653	0.11542991755005894
LINK/USDT	2024-11-24 01:15:00+00:00	[0.75,1.00]	0.01283482142857145	0.03013392857142852	0.11439732142857126	0.11830357142857127
LINK/USDT	2024-11-25 01:15:00+00:00	[0.75,1.00]	0.017714285714285846	0.05714285714285714	0.09599999999999999	0.10971428571428561
LINK/USDT	2024-11-26 01:15:00+00:00	[0.75,1.00]	0.011911514463981898	0.026091888825865054	0.09415768576290415	0.09415768576290415
LINK/USDT	2024-11-27 01:15:00+00:00	[0.25,0.50)	0.016317016317016382	0.048951048951049146	0.08391608391608399	0.11188811188811199
LINK/USDT	2024-11-28 01:15:00+00:00	[0.50,0.75)	0.012459371614301214	0.03412784398699886	0.03954496208017337	0.05417118093174431
LINK/USDT	2024-11-29 01:15:00+00:00	[0.25,0.50)	0.01956400223588585	0.02571268865287875	0.03689211850195641	0.04974846282839578
LINK/USDT	2024-11-30 01:15:00+00:00	[0.10,0.25)	0.01434878587196457	0.02428256070640164	0.036423841059602655	0.07511037527593822
LINK/USDT	2024-12-01 01:15:00+00:00	[0.75,1.00]	0.014453961456102761	0.027301927194860708	0.027301927194860708	0.05353319057815846
LINK/USDT	2024-12-02 01:15:00+00:00	[0.50,0.75)	0.022657054582904103	0.05921730175077232	0.12512873326467558	0.428939237899073
LINK/USDT	2024-12-03 01:15:00+00:00	[0.75,1.00]	0.06056959486562367	0.06698756518251096	0.1018852787805856	0.15162454873646214
LINK/USDT	2024-12-04 01:15:00+00:00	[0.75,1.00]	0.0304801670146138	0.04175365344467641	0.061377870563674275	0.15073068893528183
LINK/USDT	2024-12-05 01:15:00+00:00	[0.75,1.00]	0.02632714717306875	0.056538627535606484	0.07596029348295215	0.10401381096245145
LINK/USDT	2024-12-06 01:15:00+00:00	[0.50,0.75)	0.012536564981195182	0.025491015461763602	0.063100710405349	0.13330547430004183
LINK/USDT	2024-12-07 01:15:00+00:00	[0.50,0.75)	0.013079667063020146	0.06817281014665076	0.08640507332540626	0.09710661910424095
LINK/USDT	2024-12-08 01:15:00+00:00	[0.05,0.10)	0.01004823151125402	0.01165594855305463	0.10972668810289392	0.10972668810289392
LINK/USDT	2024-12-09 01:15:00+00:00	[0.50,0.75)	0.03017570664629485	0.056913674560733325	0.1096256684491979	0.29793735676088623
LINK/USDT	2024-12-10 01:15:00+00:00	[0.50,0.75)	0.0337990085624155	0.11131140153222166	0.13925191527715186	0.15817936007210462
LINK/USDT	2024-12-11 01:15:00+00:00	[0.50,0.75)	0.03198494825964251	0.07243650047036684	0.11053621825023507	0.1561618062088429
LINK/USDT	2024-12-12 01:15:00+00:00	[0.25,0.50)	0.03424092409240917	0.20379537953795387	0.2219471947194719	0.23308580858085803
LINK/USDT	2024-12-13 01:15:00+00:00	[0.50,0.75)	0.05749559082892425	0.09276895943562619	0.09911816578483253	0.12028218694885362
LINK/USDT	2024-12-14 01:15:00+00:00	[0.75,1.00]	0.022704168078617474	0.03185360894612	0.056252117926126735	0.07522873602168752
LINK/USDT	2024-12-15 01:15:00+00:00	[0.25,0.50)	0.018939393939393964	0.03030303030303027	0.05475206611570248	0.06404958677685949
LINK/USDT	2024-12-16 01:15:00+00:00	[0.75,1.00]	0.029039972668260947	0.03621455415100781	0.08336180389477285	0.08643662453023578
LINK/USDT	2024-12-17 01:15:00+00:00	[0.50,0.75)	0.013574660633484182	0.025408980160111398	0.03689523146536717	0.05603898364079357
LINK/USDT	2024-12-18 01:15:00+00:00	[0.10,0.25)	0.02207977207977199	0.056980056980056905	0.056980056980056905	0.13532763532763523
LINK/USDT	2024-12-19 01:15:00+00:00	[0.50,0.75)	0.06350482315112534	0.06350482315112534	0.09083601286173626	0.15635048231511256
LINK/USDT	2024-12-20 01:15:00+00:00	[0.25,0.50)	0.021166306695464297	0.03628509719222462	0.15982721382289414	0.1602591792656588
LINK/USDT	2024-12-21 01:15:00+00:00	[0.50,0.75)	0.017446808510638304	0.03531914893617029	0.10765957446808515	0.13446808510638297
LINK/USDT	2024-12-22 01:15:00+00:00	[0.10,0.25)	0.02068345323740995	0.03821942446043156	0.05665467625899272	0.06654676258992809
LINK/USDT	2024-12-23 01:15:00+00:00	[0.25,0.50)	0.0314924691921496	0.08124144226380638	0.08124144226380638	0.15061615700593323
LINK/USDT	2024-12-24 01:15:00+00:00	[0.25,0.50)	0.02327514546965928	0.03200332502078136	0.03865336658354114	0.10182876142975891
LINK/USDT	2024-12-25 01:15:00+00:00	[0.25,0.50)	0.011558389796731731	0.023116779593463605	0.046632124352331536	0.05938620964527694
LINK/USDT	2024-12-26 01:15:00+00:00	[0.05,0.10)	0.014876033057851217	0.02851239669421493	0.0623966942148761	0.0776859504132231
LINK/USDT	2024-12-27 01:15:00+00:00	[0.00,0.05)	0.02015775635407541	0.028921998247151626	0.05696757230499565	0.1078001752848379
LINK/USDT	2024-12-28 01:15:00+00:00	[0.50,0.75)	0.013634226610249305	0.013634226610249305	0.02115655853314541	0.06205923836389282
LINK/USDT	2024-12-29 01:15:00+00:00	[0.10,0.25)	0.008715596330275287	0.01055045871559635	0.0261467889908257	0.05458715596330281
LINK/USDT	2024-12-30 01:15:00+00:00	[0.25,0.50)	0.02163904235727435	0.04051565377532224	0.05110497237569058	0.080110497237569
LINK/USDT	2024-12-31 01:15:00+00:00	[0.50,0.75)	0.010324483775811251	0.016715830875122902	0.04129793510324483	0.06784660766961648
LTC/USDT	2023-01-01 00:00:00+00:00	[0.25,0.50)	0.013894857470276448	0.013894857470276448	0.024924795874516674	0.03781693167168028
LTC/USDT	2023-01-02 00:00:00+00:00	[0.25,0.50)	0.012820512820512973	0.015215553677092113	0.11214426599041974	0.11214426599041974
LTC/USDT	2023-01-03 00:00:00+00:00	[0.25,0.50)	0.007745726495726663	0.016025641025641066	0.02577457264957255	0.03872863247863237
LTC/USDT	2023-01-04 00:00:00+00:00	[0.25,0.50)	0.018381380587146265	0.03345675747156838	0.03345675747156838	0.0485321343559905
LTC/USDT	2023-01-05 00:00:00+00:00	[0.50,0.75)	0.014923402007395796	0.014923402007395796	0.023375594294770152	0.036185948230322174
LTC/USDT	2023-01-06 00:00:00+00:00	[0.25,0.50)	0.019077256122311065	0.022865647409011123	0.04180760384251121	0.0562846705452577
LTC/USDT	2023-01-07 00:00:00+00:00	[0.25,0.50)	0.01424614166996455	0.01424614166996455	0.017280042210790162	0.01846722068328724
LTC/USDT	2023-01-08 00:00:00+00:00	[0.05,0.10)	0.015608604407135334	0.015608604407135334	0.02190451206715637	0.05613850996852048
LTC/USDT	2023-01-09 00:00:00+00:00	[0.75,1.00]	0.03252341179448232	0.05289800050620087	0.05796001012401922	0.05998481397114648
LTC/USDT	2023-01-10 00:00:00+00:00	[0.50,0.75)	0.01443248532289619	0.03424657534246572	0.034858121330723996	0.04182974559686873
LTC/USDT	2023-01-11 00:00:00+00:00	[0.50,0.75)	0.007420232500618283	0.020158298293346644	0.05045758100420478	0.06331931733861
LTC/USDT	2023-01-12 00:00:00+00:00	[0.75,1.00]	0.050817129905761725	0.050817129905761725	0.0548729571752357	0.07992365501610406
LTC/USDT	2023-01-13 00:00:00+00:00	[0.50,0.75)	0.016779305523188043	0.02412025168958277	0.02656723374504779	0.05127010020974122
LTC/USDT	2023-01-14 00:00:00+00:00	[0.75,1.00]	0.04994272623138602	0.04994272623138602	0.05796105383734253	0.05796105383734253
LTC/USDT	2023-01-15 00:00:00+00:00	[0.10,0.25)	0.031278434940855325	0.031278434940855325	0.034690627843494214	0.0394676979071885
LTC/USDT	2023-01-16 00:00:00+00:00	[0.25,0.50)	0.016167596493225567	0.02299897529317996	0.0597745644996015	0.0597745644996015
LTC/USDT	2023-01-17 00:00:00+00:00	[0.50,0.75)	0.02445242785954339	0.02445242785954339	0.0461235369104184	0.05643759415923055
LTC/USDT	2023-01-18 00:00:00+00:00	[0.25,0.50)	0.01495972382048328	0.018066743383199163	0.031070195627157682	0.07238204833141548
LTC/USDT	2023-01-19 00:00:00+00:00	[0.75,1.00]	0.008567636056474091	0.013032460480270453	0.019428019790032572	0.03499456980813312
LTC/USDT	2023-01-20 00:00:00+00:00	[0.10,0.25)	0.006069260978221956	0.01499464476972499	0.02308699274068782	0.10020230869927409
LTC/USDT	2023-01-21 00:00:00+00:00	[0.75,1.00]	0.011140819964349376	0.01737967914438505	0.0443404634581104	0.05046791443850268
LTC/USDT	2023-01-22 00:00:00+00:00	[0.75,1.00]	0.005210103069430216	0.018461886963415962	0.026843357118586524	0.045078717861592524
LTC/USDT	2023-01-23 00:00:00+00:00	[0.75,1.00]	0.011057911536707694	0.011057911536707694	0.06486548107615137	0.06486548107615137
LTC/USDT	2023-01-24 00:00:00+00:00	[0.25,0.50)	0.0083166999334664	0.014637391882900789	0.020847194499889216	0.0604346861831892
LTC/USDT	2023-01-25 00:00:00+00:00	[0.75,1.00]	0.011615871190339334	0.02484186313973544	0.03174238067855095	0.07360552041403111
LTC/USDT	2023-01-26 00:00:00+00:00	[0.75,1.00]	0.007030465349849297	0.01272179444258454	0.023546479187590664	0.03504073206115389
LTC/USDT	2023-01-27 00:00:00+00:00	[0.25,0.50)	0.012779552715655004	0.021223185759926967	0.027042446371519906	0.03902327704244639
LTC/USDT	2023-01-28 00:00:00+00:00	[0.25,0.50)	0.007340485601355071	0.017504234895539213	0.021569734613212835	0.045623941276115264
LTC/USDT	2023-01-29 00:00:00+00:00	[0.75,1.00]	0.048111857315864856	0.06517670373224707	0.06517670373224707	0.0777276230320379
LTC/USDT	2023-01-30 00:00:00+00:00	[0.75,1.00]	0.012630249447426616	0.01799810546258297	0.053047047679191724	0.08167561309335865
LTC/USDT	2023-01-31 00:00:00+00:00	[0.75,1.00]	0.027690302964491383	0.04962536648930402	0.04962536648930402	0.04962536648930402
LTC/USDT	2023-02-01 00:00:00+00:00	[0.50,0.75)	0.02558386411889593	0.04097664543524415	0.048726114649681414	0.09341825902335453
LTC/USDT	2023-02-02 00:00:00+00:00	[0.75,1.00]	0.01917726550079498	0.020866454689984187	0.027722575516693226	0.043918918918918935
LTC/USDT	2023-02-03 00:00:00+00:00	[0.50,0.75)	0.018973998594518628	0.02369240036140949	0.028410802128300355	0.03292842084128101
LTC/USDT	2023-02-04 00:00:00+00:00	[0.10,0.25)	0.013482472785378952	0.02676520523319677	0.030660141815639603	0.031558973334664904
LTC/USDT	2023-02-05 00:00:00+00:00	[0.25,0.50)	0.008828006088279963	0.012075088787417532	0.012075088787417532	0.040892947742262827
LTC/USDT	2023-02-06 00:00:00+00:00	[0.50,0.75)	0.005270773046713571	0.016329061595700686	0.023770152955766816	0.032554774700289286
LTC/USDT	2023-02-07 00:00:00+00:00	[0.75,1.00]	0.004977187888842845	0.03743260058067206	0.04572791372874337	0.05713396930734141
LTC/USDT	2023-02-08 00:00:00+00:00	[0.25,0.50)	0.008225151124764626	0.013080963234565387	0.018630462788623483	0.05499950450896836
LTC/USDT	2023-02-09 00:00:00+00:00	[0.25,0.50)	0.006047167909695712	0.04253174763152589	0.04253174763152589	0.09776254787341265
LTC/USDT	2023-02-10 00:00:00+00:00	[0.75,1.00]	0.011659289646982601	0.013386591816905916	0.023642448450825842	0.034330130627226674
LTC/USDT	2023-02-11 00:00:00+00:00	[0.25,0.50)	0.008391608391608404	0.02044109736417435	0.02044109736417435	0.02366863905325447
LTC/USDT	2023-02-12 00:00:00+00:00	[0.10,0.25)	0.006465974136103449	0.012719949120203548	0.01727793088827655	0.043671825312698795
LTC/USDT	2023-02-13 00:00:00+00:00	[0.75,1.00]	0.0166419334322662	0.026817892728428945	0.052681789272842894	0.06677973288106845
LTC/USDT	2023-02-14 00:00:00+00:00	[0.75,1.00]	0.006812438193605148	0.009559389078123332	0.01955829029776949	0.062190968025491816
LTC/USDT	2023-02-15 00:00:00+00:00	[0.25,0.50)	0.00480769230769239	0.008047658862876212	0.0297867892976588	0.08612040133779258
LTC/USDT	2023-02-16 00:00:00+00:00	[0.75,1.00]	0.016684450480162955	0.022213599767193774	0.03220486953147728	0.07294596954117757
LTC/USDT	2023-02-17 00:00:00+00:00	[0.75,1.00]	0.011784850926672056	0.015008058017727588	0.015108783239323126	0.0338436744560838
LTC/USDT	2023-02-18 00:00:00+00:00	[0.75,1.00]	0.007888167748377355	0.0178731902146779	0.03005491762356456	0.03005491762356456
LTC/USDT	2023-02-19 00:00:00+00:00	[0.10,0.25)	0.0044057274456793605	0.00771002302993888	0.018023430459597447	0.047862220887153306
LTC/USDT	2023-02-20 00:00:00+00:00	[0.25,0.50)	0.026651689982640656	0.02767282752986835	0.032063718982947007	0.04421525579495556
LTC/USDT	2023-02-21 00:00:00+00:00	[0.25,0.50)	0.006448928645724884	0.011233617640940278	0.04555856043270226	0.05606407322654463
LTC/USDT	2023-02-22 00:00:00+00:00	[0.50,0.75)	0.012028954651905423	0.030338513945071262	0.03342559080263999	0.044496487119438016
LTC/USDT	2023-02-23 00:00:00+00:00	[0.75,1.00]	0.007415143603133094	0.015143603133159298	0.031018276762402076	0.031018276762402076
LTC/USDT	2023-02-24 00:00:00+00:00	[0.10,0.25)	0.008540700126528914	0.01096583719949395	0.0229860818220161	0.05567271193589204
LTC/USDT	2023-02-25 00:00:00+00:00	[0.25,0.50)	0.00436300174520076	0.011889179755671938	0.01668848167539268	0.03457678883071555
LTC/USDT	2023-02-26 00:00:00+00:00	[0.75,1.00]	0.006764737463760439	0.010845055299044401	0.016428648126275112	0.029743369483517773
LTC/USDT	2023-02-27 00:00:00+00:00	[0.25,0.50)	0.007670484396343427	0.012714090574760889	0.021015025743406534	0.03877272249658503
LTC/USDT	2023-02-28 00:00:00+00:00	[0.25,0.50)	0.004253961501648471	0.009996809528873739	0.02318409018398391	0.03190471126236308
LTC/USDT	2023-03-01 00:00:00+00:00	[0.50,0.75)	0.010585371017254154	0.03165025934158987	0.05091563459299251	0.05091563459299251
LTC/USDT	2023-03-02 00:00:00+00:00	[0.25,0.50)	0.010732904017172617	0.01676377389348871	0.023407952570785977	0.04538485127261574
LTC/USDT	2023-03-03 00:00:00+00:00	[0.05,0.10)	0.007464255677039463	0.10418418839360803	0.10418418839360803	0.10418418839360803
LTC/USDT	2023-03-04 00:00:00+00:00	[0.50,0.75)	0.005853766291142049	0.008062734702893636	0.015352330461674403	0.0381047051027169
LTC/USDT	2023-03-05 00:00:00+00:00	[0.75,1.00]	0.010409670920080508	0.029102305798074705	0.029102305798074705	0.029102305798074705
LTC/USDT	2023-03-06 00:00:00+00:00	[0.25,0.50)	0.015055202408832322	0.025315044050407003	0.04215456674473069	0.04717296754767469
LTC/USDT	2023-03-07 00:00:00+00:00	[0.25,0.50)	0.013246545620646302	0.01929884663697611	0.04019641429713368	0.05652620760534433
LTC/USDT	2023-03-08 00:00:00+00:00	[0.50,0.75)	0.007884057971014572	0.015652173913043577	0.026434782608695664	0.06005797101449283
LTC/USDT	2023-03-09 00:00:00+00:00	[0.75,1.00]	0.010169491525423771	0.01561743341404366	0.020338983050847543	0.12058111380145271
LTC/USDT	2023-03-10 00:00:00+00:00	[0.75,1.00]	0.024950755088640912	0.03795141168745897	0.11280367695338152	0.11280367695338152
LTC/USDT	2023-03-11 00:00:00+00:00	[0.50,0.75)	0.01737424688244353	0.037130446966512416	0.12372145159030402	0.12372145159030402
LTC/USDT	2023-03-12 00:00:00+00:00	[0.50,0.75)	0.01432539102470405	0.020903376699313067	0.031720508697558866	0.1319982458704868
LTC/USDT	2023-03-13 00:00:00+00:00	[0.75,1.00]	0.048482459597950306	0.048482459597950306	0.0737091052424123	0.12074628826698197
LTC/USDT	2023-03-14 00:00:00+00:00	[0.50,0.75)	0.013917970193373513	0.01576548836063556	0.03695036334523956	0.11171326518044086
LTC/USDT	2023-03-15 00:00:00+00:00	[0.75,1.00]	0.02252306217802798	0.03138852282257104	0.0627770456451419	0.12507487720138968
LTC/USDT	2023-03-16 00:00:00+00:00	[0.50,0.75)	0.020295927720308984	0.03417572345161712	0.05617389027104892	0.05617389027104892
LTC/USDT	2023-03-17 00:00:00+00:00	[0.50,0.75)	0.009022747490151327	0.04244503748888046	0.0843817511754988	0.09645444147922232
LTC/USDT	2023-03-18 00:00:00+00:00	[0.75,1.00]	0.038014783526927075	0.041065352575384254	0.041065352575384254	0.07086706558723462
LTC/USDT	2023-03-19 00:00:00+00:00	[0.75,1.00]	0.011439466158245874	0.014656816015252499	0.028717826501429893	0.05100095328884653
LTC/USDT	2023-03-20 00:00:00+00:00	[0.50,0.75)	0.018944358393899716	0.04348862147027291	0.04348862147027291	0.07661146193256292
LTC/USDT	2023-03-21 00:00:00+00:00	[0.75,1.00]	0.019910657306955997	0.019910657306955997	0.05437141033822598	0.08640714741544366
LTC/USDT	2023-03-22 00:00:00+00:00	[0.50,0.75)	0.016918208373904585	0.018135345666991175	0.030671859785783788	0.1133154819863681
LTC/USDT	2023-03-23 00:00:00+00:00	[0.75,1.00]	0.04089603676048251	0.04238943136128659	0.07237219988512346	0.10292935094773129
LTC/USDT	2023-03-24 00:00:00+00:00	[0.25,0.50)	0.010845055299044249	0.015999140985718835	0.05164823365188449	0.0741973585310857
LTC/USDT	2023-03-25 01:15:00+00:00	[0.75,1.00]	0.007307898979043598	0.018269747447608845	0.028371843095110164	0.0414830736163353
LTC/USDT	2023-03-26 01:15:00+00:00	[0.25,0.50)	0.019852462573226277	0.019852462573226277	0.028639618138424826	0.028639618138424826
LTC/USDT	2023-03-27 01:15:00+00:00	[0.50,0.75)	0.013878429263044714	0.013878429263044714	0.02227003765465312	0.0870360408821946
LTC/USDT	2023-03-28 01:15:00+00:00	[0.50,0.75)	0.02114044109244651	0.03759570334818869	0.03759570334818869	0.04982287738544165
LTC/USDT	2023-03-29 01:15:00+00:00	[0.25,0.50)	0.005694506476105461	0.021773112996873636	0.041648057168378785	0.04265297007592667
LTC/USDT	2023-03-30 01:15:00+00:00	[0.50,0.75)	0.024776785714285862	0.05625000000000007	0.05625000000000007	0.07455357142857151
LTC/USDT	2023-03-31 01:15:00+00:00	[0.10,0.25)	0.00735703934901345	0.012038791662022054	0.033775498829561934	0.033886969122728705
LTC/USDT	2023-04-01 01:15:00+00:00	[0.05,0.10)	0.03575418994413411	0.05273743016759775	0.053854748603351876	0.053854748603351876
LTC/USDT	2023-04-02 01:15:00+00:00	[0.10,0.25)	0.012205567451820134	0.017987152034261163	0.023982869379014934	0.045182012847965726
LTC/USDT	2023-04-03 01:15:00+00:00	[0.50,0.75)	0.024694032275533427	0.024694032275533427	0.032167226253655354	0.06920827466695549
LTC/USDT	2023-04-04 01:15:00+00:00	[0.50,0.75)	0.004857512953367906	0.013493091537132988	0.027525906735751417	0.027525906735751417
LTC/USDT	2023-04-05 01:15:00+00:00	[0.25,0.50)	0.009926352865834055	0.009926352865834055	0.016757391397160776	0.04205358095848007
LTC/USDT	2023-04-06 01:15:00+00:00	[0.05,0.10)	0.01441205371765469	0.014630418167922299	0.0293700185609784	0.0293700185609784
LTC/USDT	2023-04-07 01:15:00+00:00	[0.10,0.25)	0.004271631982475362	0.008324205914567262	0.02541073384446871	0.02541073384446871
LTC/USDT	2023-04-08 01:15:00+00:00	[0.05,0.10)	0.004539918060015464	0.007640349905879722	0.014505591850293459	0.02436053593179053
LTC/USDT	2023-04-09 01:15:00+00:00	[0.10,0.25)	0.0025403136735145126	0.00552242102937928	0.012370223105809637	0.020985199911641324
LTC/USDT	2023-04-10 01:15:00+00:00	[0.10,0.25)	0.003776518938131772	0.009441297345329272	0.010996334555148228	0.05142730201044091
LTC/USDT	2023-04-11 01:15:00+00:00	[0.50,0.75)	0.015527950310559037	0.03898050974512744	0.039087599057614116	0.039087599057614116
LTC/USDT	2023-04-12 01:15:00+00:00	[0.25,0.50)	0.03209010732121981	0.0358091594942088	0.0358091594942088	0.0358091594942088
LTC/USDT	2023-04-13 01:15:00+00:00	[0.00,0.05)	0.005329562758320588	0.01033282575592781	0.028931912116597746	0.07581031107243853
LTC/USDT	2023-04-14 01:15:00+00:00	[0.75,1.00]	0.010500308832612684	0.025941939468807865	0.03963351863290091	0.05775169857936997
LTC/USDT	2023-04-15 01:15:00+00:00	[0.50,0.75)	0.013087071240105637	0.013087071240105637	0.023218997361477603	0.027229551451187318
LTC/USDT	2023-04-16 01:15:00+00:00	[0.25,0.50)	0.0046987574396993095	0.007204761407538872	0.0389474783335074	0.06714002297170311
LTC/USDT	2023-04-17 01:15:00+00:00	[0.75,1.00]	0.007591861524445793	0.013969025204980215	0.021257212268448164	0.022067010831055844
LTC/USDT	2023-04-18 01:15:00+00:00	[0.25,0.50)	0.030075187969924748	0.04633204633204621	0.0512091038406827	0.0512091038406827
LTC/USDT	2023-04-19 01:15:00+00:00	[0.10,0.25)	0.006615977090945016	0.014021921595734193	0.08126789769921981	0.14693393897501725
LTC/USDT	2023-04-20 01:15:00+00:00	[0.75,1.00]	0.010389036251105191	0.028735632183907983	0.0408930150309461	0.05879752431476577
LTC/USDT	2023-04-21 01:15:00+00:00	[0.75,1.00]	0.011227212094264175	0.01734104046242777	0.031680746998666014	0.07281013783903954
LTC/USDT	2023-04-22 01:15:00+00:00	[0.25,0.50)	0.00962667292791727	0.01068325898098141	0.01678797839868505	0.02418408077013386
LTC/USDT	2023-04-23 01:15:00+00:00	[0.50,0.75)	0.0060282865754694645	0.009042429863204278	0.01495478785068405	0.05147229306747041
LTC/USDT	2023-04-24 01:15:00+00:00	[0.75,1.00]	0.008543114249914567	0.015719330219842755	0.027907506549720792	0.03610889622963893
LTC/USDT	2023-04-25 01:15:00+00:00	[0.25,0.50)	0.010874490258269233	0.012460353420933329	0.030697779791572198	0.05199365654734922
LTC/USDT	2023-04-26 01:15:00+00:00	[0.10,0.25)	0.0035157108327839286	0.006701823774994501	0.04504504504504499	0.10711931443638761
LTC/USDT	2023-04-27 01:15:00+00:00	[0.75,1.00]	0.00964125560538116	0.01210762331838563	0.02802690582959641	0.03553811659192827
LTC/USDT	2023-04-28 01:15:00+00:00	[0.25,0.50)	0.010079516183223109	0.011311457050061494	0.017919139881285632	0.030238548549669647
LTC/USDT	2023-04-29 01:15:00+00:00	[0.00,0.05)	0.0025649604103935514	0.006245120999219385	0.02196944351511095	0.02687632430021185
LTC/USDT	2023-04-30 01:15:00+00:00	[0.10,0.25)	0.009949148795047599	0.011165155869997846	0.01492372319257124	0.04057041786424941
LTC/USDT	2023-05-01 01:15:00+00:00	[0.10,0.25)	0.029790115098171976	0.029790115098171976	0.029790115098171976	0.039607312119160513
LTC/USDT	2023-05-02 01:15:00+00:00	[0.25,0.50)	0.00864952139314958	0.01579979241148662	0.030330988351977808	0.036673970706954294
LTC/USDT	2023-05-03 01:15:00+00:00	[0.25,0.50)	0.009106431417188357	0.009106431417188357	0.028343767785998966	0.0507683551508252
LTC/USDT	2023-05-04 01:15:00+00:00	[0.75,1.00]	0.007566346696781499	0.009486166007905177	0.012422360248447301	0.017617165443252425
LTC/USDT	2023-05-05 01:15:00+00:00	[0.50,0.75)	0.007798372513562361	0.011301989150090416	0.031871609403255056	0.03989602169981918
LTC/USDT	2023-05-06 01:15:00+00:00	[0.25,0.50)	0.014527295426171843	0.014527295426171843	0.04483032572920217	0.08739076154806495
LTC/USDT	2023-05-07 01:15:00+00:00	[0.25,0.50)	0.01227505660827078	0.01227505660827078	0.01430103682516986	0.02860207365033972
LTC/USDT	2023-05-08 01:15:00+00:00	[0.50,0.75)	0.044569918308505624	0.044569918308505624	0.044569918308505624	0.10319557904853441
LTC/USDT	2023-05-09 01:15:00+00:00	[0.50,0.75)	0.011171032357473094	0.01386748844375961	0.030431432973805916	0.04725218284540309
LTC/USDT	2023-05-10 01:15:00+00:00	[0.50,0.75)	0.00486405587428287	0.013344973808929822	0.03953604390122227	0.06136193564479922
LTC/USDT	2023-05-11 01:15:00+00:00	[0.75,1.00]	0.005213505461767648	0.015019860973187608	0.03835650446871901	0.04468718967229387
LTC/USDT	2023-05-12 01:15:00+00:00	[0.50,0.75)	0.008701056556867655	0.036171535114978205	0.03666873834679929	0.047110006215040474
LTC/USDT	2023-05-13 01:15:00+00:00	[0.50,0.75)	0.008303383318874726	0.010162349733548064	0.01276490271409098	0.019085388523980746
LTC/USDT	2023-05-14 01:15:00+00:00	[0.25,0.50)	0.00475118779694918	0.014628657164291093	0.02650662665666422	0.052388097024256036
LTC/USDT	2023-05-15 01:15:00+00:00	[0.50,0.75)	0.019265286586095484	0.04582984324518366	0.050975230345817774	0.06066770372143106
LTC/USDT	2023-05-16 01:15:00+00:00	[0.50,0.75)	0.02625491556789279	0.0388619014573213	0.0444136016655101	0.0730973860744854
LTC/USDT	2023-05-17 01:15:00+00:00	[0.75,1.00]	0.018361581920903928	0.018361581920903928	0.03270317253368091	0.050956106040851774
LTC/USDT	2023-05-18 01:15:00+00:00	[0.25,0.50)	0.006196581196581179	0.010897435897435855	0.02532051282051272	0.05405982905982894
LTC/USDT	2023-05-19 01:15:00+00:00	[0.50,0.75)	0.0077765607886089135	0.024424972617743592	0.024424972617743592	0.033953997809419594
LTC/USDT	2023-05-20 01:15:00+00:00	[0.25,0.50)	0.004818221638195333	0.005584756898817402	0.010840998685939653	0.023543583004818285
LTC/USDT	2023-05-21 01:15:00+00:00	[0.25,0.50)	0.006392199349945866	0.006392199349945866	0.017876489707475532	0.025460455037919764
LTC/USDT	2023-05-22 01:15:00+00:00	[0.50,0.75)	0.018261344997266282	0.018261344997266282	0.020885729907052997	0.022635319846910806
LTC/USDT	2023-05-23 01:15:00+00:00	[0.10,0.25)	0.006145067486008867	0.021507736201031427	0.021507736201031427	0.0274333369911116
LTC/USDT	2023-05-24 01:15:00+00:00	[0.50,0.75)	0.0053475935828878	0.04845574593473751	0.06679035250463827	0.09909418312779655
LTC/USDT	2023-05-25 01:15:00+00:00	[0.75,1.00]	0.012862122851304161	0.017309772809231853	0.02872941459310014	0.056737588652482254
LTC/USDT	2023-05-26 01:15:00+00:00	[0.75,1.00]	0.010655362053162315	0.013175985334555518	0.01661319890009169	0.02463336388634287
LTC/USDT	2023-05-27 01:15:00+00:00	[0.50,0.75)	0.003325688073394567	0.015022935779816539	0.015022935779816539	0.03222477064220186
LTC/USDT	2023-05-28 01:15:00+00:00	[0.75,1.00]	0.003667481662591668	0.011002444987775004	0.019448766392531673	0.041009113136252474
LTC/USDT	2023-05-29 01:15:00+00:00	[0.75,1.00]	0.005567685589519707	0.013755458515283899	0.017903930131004372	0.02052401746724886
LTC/USDT	2023-05-30 01:15:00+00:00	[0.25,0.50)	0.004507971412864174	0.009455744914788339	0.028257284222099978	0.028257284222099978
LTC/USDT	2023-05-31 01:15:00+00:00	[0.25,0.50)	0.015459459459459533	0.04302702702702707	0.046378378378378445	0.055567567567567575
LTC/USDT	2023-06-01 01:15:00+00:00	[0.75,1.00]	0.007990367775831918	0.02988178633975486	0.044220665499124255	0.07454028021015764
LTC/USDT	2023-06-02 01:15:00+00:00	[0.50,0.75)	0.012796108291032083	0.017026226734348556	0.018929780033841014	0.027495769881556772
LTC/USDT	2023-06-03 01:15:00+00:00	[0.25,0.50)	0.00582010582010579	0.007195767195767117	0.036084656084656046	0.036084656084656046
LTC/USDT	2023-06-04 01:15:00+00:00	[0.50,0.75)	0.005766408052002486	0.006814845879639398	0.017613755504298667	0.04288110715034602
LTC/USDT	2023-06-05 01:15:00+00:00	[0.75,1.00]	0.008890317052270762	0.02002999143101976	0.024421593830334203	0.11182519280205654
LTC/USDT	2023-06-06 01:15:00+00:00	[0.50,0.75)	0.012368300503893705	0.015002290426019266	0.028973889143380685	0.0667659184608337
LTC/USDT	2023-06-07 01:15:00+00:00	[0.50,0.75)	0.004439511653718154	0.015205327413984513	0.032963374028856816	0.042841287458379576
LTC/USDT	2023-06-08 01:15:00+00:00	[0.50,0.75)	0.0058191584601611016	0.02271709937332141	0.026186213070725196	0.026186213070725196
LTC/USDT	2023-06-09 01:15:00+00:00	[0.25,0.50)	0.017954545454545435	0.017954545454545435	0.03761363636363639	0.03772727272727281
LTC/USDT	2023-06-10 01:15:00+00:00	[0.10,0.25)	0.01353027398804829	0.17172172736497918	0.17172172736497918	0.17172172736497918
LTC/USDT	2023-06-11 01:15:00+00:00	[0.50,0.75)	0.007051449464612066	0.018281535648994405	0.036954818490467466	0.036954818490467466
LTC/USDT	2023-06-12 01:15:00+00:00	[0.75,1.00]	0.03328173374613019	0.03328173374613019	0.03663570691434473	0.03663570691434473
LTC/USDT	2023-06-13 01:15:00+00:00	[0.25,0.50)	0.0052719557670052285	0.015558698727015478	0.03137456602803153	0.04539025331104541
LTC/USDT	2023-06-14 01:15:00+00:00	[0.25,0.50)	0.00759721864537733	0.00862734998712338	0.013520473860417168	0.09515838269379347
LTC/USDT	2023-06-15 01:15:00+00:00	[0.75,1.00]	0.007900830949461903	0.013622122326658494	0.024656041411251904	0.04168369431957502
LTC/USDT	2023-06-16 01:15:00+00:00	[0.25,0.50)	0.003488060101958748	0.012878991145693502	0.016501207405419962	0.03742956801717188
LTC/USDT	2023-06-17 01:15:00+00:00	[0.25,0.50)	0.006442282408624702	0.011175387851695954	0.02787273205364192	0.02787273205364192
LTC/USDT	2023-06-18 01:15:00+00:00	[0.50,0.75)	0.007436399217221231	0.012524461839530435	0.014090019569471786	0.02557077625570768
LTC/USDT	2023-06-19 01:15:00+00:00	[0.05,0.10)	0.003621782434355208	0.005820721769499455	0.007890311731988092	0.02949165696546373
LTC/USDT	2023-06-20 01:15:00+00:00	[0.50,0.75)	0.0060264136427747	0.009231952814463379	0.016412360559046046	0.0930888575458391
LTC/USDT	2023-06-21 01:15:00+00:00	[0.75,1.00]	0.004872700694359745	0.009745401388719663	0.04129613838469955	0.07942502131806549
LTC/USDT	2023-06-22 01:15:00+00:00	[0.75,1.00]	0.01286283437677871	0.016391576550939077	0.05520774046670455	0.05520774046670455
LTC/USDT	2023-06-23 01:15:00+00:00	[0.75,1.00]	0.013385645049619163	0.013385645049619163	0.030002307869836077	0.09346872836372039
LTC/USDT	2023-06-24 01:15:00+00:00	[0.75,1.00]	0.013127155412170348	0.045833796862832246	0.045833796862832246	0.08287907442429639
LTC/USDT	2023-06-25 01:15:00+00:00	[0.50,0.75)	0.004794826048171352	0.011931311329170465	0.032783229259589625	0.04638715432649416
LTC/USDT	2023-06-26 01:15:00+00:00	[0.50,0.75)	0.012817578393225048	0.013733119707026812	0.028152895399404992	0.05275806820782787
LTC/USDT	2023-06-27 01:15:00+00:00	[0.25,0.50)	0.01025641025641032	0.010370370370370332	0.02358974358974351	0.0291737891737892
LTC/USDT	2023-06-28 01:15:00+00:00	[0.50,0.75)	0.004349318988211167	0.009385372553508154	0.03559574224562206	0.07004692686276759
LTC/USDT	2023-06-29 01:15:00+00:00	[0.25,0.50)	0.006455469216975568	0.009683203825463267	0.03215780035863715	0.03215780035863715
LTC/USDT	2023-06-30 01:15:00+00:00	[0.25,0.50)	0.02429007275287483	0.14268950950481105	0.2145036376437456	0.31670969256043174
LTC/USDT	2023-07-01 01:15:00+00:00	[0.75,1.00]	0.02503542749173364	0.03571091166745396	0.08398677373641947	0.08814359943316012
LTC/USDT	2023-07-02 01:15:00+00:00	[0.75,1.00]	0.025181869054280943	0.07284088789404963	0.08300690169744443	0.08757694459988809
LTC/USDT	2023-07-03 01:15:00+00:00	[0.50,0.75)	0.017573002273124718	0.026228361601678615	0.05630354957160341	0.08261933904528766
LTC/USDT	2023-07-04 01:15:00+00:00	[0.25,0.50)	0.02114264236045856	0.04247321931967685	0.04247321931967685	0.05722608532230787
LTC/USDT	2023-07-05 01:15:00+00:00	[0.50,0.75)	0.00531258893843091	0.012332795749928823	0.05217721278816052	0.07617873067071437
LTC/USDT	2023-07-06 01:15:00+00:00	[0.25,0.50)	0.017675781250000022	0.017968750000000033	0.06376953125000001	0.11464843750000009
LTC/USDT	2023-07-07 01:15:00+00:00	[0.75,1.00]	0.009740932642487023	0.013989637305699423	0.025803108808290103	0.03626943005181347
LTC/USDT	2023-07-08 01:15:00+00:00	[0.25,0.50)	0.005789740985271642	0.019197562214321996	0.019197562214321996	0.019197562214321996
LTC/USDT	2023-07-09 01:15:00+00:00	[0.10,0.25)	0.007650719167601755	0.012649189023768182	0.021728042435988935	0.06763235744159947
LTC/USDT	2023-07-10 01:15:00+00:00	[0.75,1.00]	0.00781500909966802	0.014880633765121514	0.03382935445883735	0.061663633443956804
LTC/USDT	2023-07-11 01:15:00+00:00	[0.50,0.75)	0.0072150072150072445	0.010925582354153807	0.017728303442589147	0.02927231498660059
LTC/USDT	2023-07-12 01:15:00+00:00	[0.50,0.75)	0.005155170636148057	0.006392411588823637	0.016599649448396737	0.038457572945664396
LTC/USDT	2023-07-13 01:15:00+00:00	[0.10,0.25)	0.007401230063587967	0.015427916188887772	0.061711664755550934	0.09173355571771079
LTC/USDT	2023-07-14 01:15:00+00:00	[0.75,1.00]	0.009070515946552294	0.02165219935628609	0.03286842875256027	0.1069930751975033
LTC/USDT	2023-07-15 01:15:00+00:00	[0.25,0.50)	0.011243038772722574	0.015761269307554903	0.015761269307554903	0.021540401386991818
LTC/USDT	2023-07-16 01:15:00+00:00	[0.10,0.25)	0.022906378060313193	0.024062204476200548	0.024062204476200548	0.03698644530839546
LTC/USDT	2023-07-17 01:15:00+00:00	[0.75,1.00]	0.0053694158075601375	0.008913230240549809	0.04757302405498274	0.04757302405498274
LTC/USDT	2023-07-18 01:15:00+00:00	[0.50,0.75)	0.006487889273356493	0.011786332179930832	0.028979238754325332	0.03968425605536334
LTC/USDT	2023-07-19 01:15:00+00:00	[0.75,1.00]	0.00788251808659961	0.01943634596695818	0.023323615160349972	0.028830579850988032
LTC/USDT	2023-07-20 01:15:00+00:00	[0.10,0.25)	0.004656199242013997	0.009528965890633411	0.03475906876015153	0.03930698429886297
LTC/USDT	2023-07-21 01:15:00+00:00	[0.10,0.25)	0.007229955756987177	0.008093234056328908	0.013596633214632623	0.050285960936656916
LTC/USDT	2023-07-22 01:15:00+00:00	[0.75,1.00]	0.008587286626872002	0.015080113100848383	0.026285474918839723	0.04544978531783437
LTC/USDT	2023-07-23 01:15:00+00:00	[0.75,1.00]	0.0066362053959965125	0.011422976501305452	0.011966927763272349	0.018711923411662303
LTC/USDT	2023-07-24 01:15:00+00:00	[0.25,0.50)	0.0057353100313818975	0.014608808570501121	0.061140569202467326	0.061140569202467326
LTC/USDT	2023-07-25 01:15:00+00:00	[0.10,0.25)	0.0069741282339706445	0.012485939257592794	0.012598425196850284	0.018447694038245224
LTC/USDT	2023-07-26 01:15:00+00:00	[0.10,0.25)	0.006830142201321394	0.011532863061247354	0.011756802149815218	0.0313514723995073
LTC/USDT	2023-07-27 01:15:00+00:00	[0.50,0.75)	0.010089932002632173	0.012173722307523572	0.015902610221539687	0.02555384952840533
LTC/USDT	2023-07-28 01:15:00+00:00	[0.50,0.75)	0.003192074848651693	0.010566868464501859	0.010566868464501859	0.016180517336268564
LTC/USDT	2023-07-29 01:15:00+00:00	[0.00,0.05)	0.004598204510619526	0.007225749945259432	0.008320560543025957	0.056820670024085806
LTC/USDT	2023-07-30 01:15:00+00:00	[0.75,1.00]	0.006852925672113925	0.010859251449657367	0.012124406958355358	0.05651027938850832
LTC/USDT	2023-07-31 01:15:00+00:00	[0.75,1.00]	0.004775042444821762	0.022814091680815003	0.022814091680815003	0.03618421052631591
LTC/USDT	2023-08-01 01:15:00+00:00	[0.10,0.25)	0.04586857514638911	0.04586857514638911	0.04586857514638911	0.07135111689438313
LTC/USDT	2023-08-02 01:15:00+00:00	[0.25,0.50)	0.019649722340880003	0.019863306279367787	0.04122170012815036	0.08810337462622811
LTC/USDT	2023-08-03 01:15:00+00:00	[0.10,0.25)	0.006602914389799616	0.022882513661202083	0.03198998178506378	0.08970856102003638
LTC/USDT	2023-08-04 01:15:00+00:00	[0.75,1.00]	0.006517803258901534	0.00856970428485224	0.013639106819553527	0.03838261919130968
LTC/USDT	2023-08-05 01:15:00+00:00	[0.10,0.25)	0.010231425091352052	0.01218026796589525	0.016808769792935562	0.025213154689403258
LTC/USDT	2023-08-06 01:15:00+00:00	[0.25,0.50)	0.008564535585042315	0.008685162846803363	0.008685162846803363	0.021833534378769455
LTC/USDT	2023-08-07 01:15:00+00:00	[0.50,0.75)	0.0043243243243243175	0.006126126126126017	0.01441441441441445	0.04984984984984975
LTC/USDT	2023-08-08 01:15:00+00:00	[0.10,0.25)	0.006208155812538102	0.01631162507608038	0.025441265976871616	0.04528301886792451
LTC/USDT	2023-08-09 01:15:00+00:00	[0.10,0.25)	0.007942152678994804	0.009838786154575608	0.012446657183499256	0.017543859649122855
LTC/USDT	2023-08-10 01:15:00+00:00	[0.25,0.50)	0.0029677113010446346	0.005935422602089269	0.011752136752136691	0.020536562203228918
LTC/USDT	2023-08-11 01:15:00+00:00	[0.05,0.10)	0.001802667948563943	0.006129071025117235	0.008292272563393797	0.015863477947362016
LTC/USDT	2023-08-12 01:15:00+00:00	[0.50,0.75)	0.002508960573476628	0.00454002389486255	0.006093189964157767	0.0074074074074074615
LTC/USDT	2023-08-13 01:15:00+00:00	[0.05,0.10)	0.005395683453237444	0.009952038369304535	0.01163069544364507	0.033573141486810516
LTC/USDT	2023-08-14 01:15:00+00:00	[0.75,1.00]	0.009137426900584795	0.010599415204678417	0.012670565302144325	0.019858674463937565
LTC/USDT	2023-08-15 01:15:00+00:00	[0.00,0.05)	0.0020726652036087236	0.00890026822726152	0.00890026822726152	0.06181419166057051
LTC/USDT	2023-08-16 01:15:00+00:00	[0.50,0.75)	0.0040287045197027966	0.014100465818960147	0.02329094800453222	0.08636535314113054
LTC/USDT	2023-08-17 01:15:00+00:00	[0.75,1.00]	0.008094479830148613	0.008094479830148613	0.01326963906581741	0.26326963906581746
LTC/USDT	2023-08-18 01:15:00+00:00	[0.75,1.00]	0.014701378254211236	0.0356814701378254	0.03583460949464018	0.03996937212863716
LTC/USDT	2023-08-19 01:15:00+00:00	[0.50,0.75)	0.006383309979760294	0.011054024599097007	0.012455238984897978	0.023353573096683903
LTC/USDT	2023-08-20 01:15:00+00:00	[0.50,0.75)	0.004994537224910259	0.007491805837365334	0.019509911034805795	0.04807242078976129
LTC/USDT	2023-08-21 01:15:00+00:00	[0.75,1.00]	0.01087941976427922	0.015412511332728859	0.03460259897249912	0.045935327893623326
LTC/USDT	2023-08-22 01:15:00+00:00	[0.10,0.25)	0.004192244347956298	0.013774517143284946	0.02051205270250044	0.07426261416379698
LTC/USDT	2023-08-23 01:15:00+00:00	[0.75,1.00]	0.008350085047162394	0.0097417658883562	0.021493737436214636	0.043296737281583376
LTC/USDT	2023-08-24 01:15:00+00:00	[0.50,0.75)	0.004276767985336813	0.00946998625324583	0.011608370245914237	0.03054834275240579
LTC/USDT	2023-08-25 01:15:00+00:00	[0.50,0.75)	0.007131782945736557	0.02217054263565902	0.02403100775193794	0.03054263565891471
LTC/USDT	2023-08-26 01:15:00+00:00	[0.05,0.10)	0.0038367096378146104	0.005678330263965475	0.007059545733579005	0.01058931860036829
LTC/USDT	2023-08-27 01:15:00+00:00	[0.05,0.10)	0.00354227629755127	0.005390420452795449	0.0089326967503465	0.02479593408285845
LTC/USDT	2023-08-28 01:15:00+00:00	[0.50,0.75)	0.004327666151468333	0.005873261205564071	0.02225656877897987	0.027666151468315397
LTC/USDT	2023-08-29 01:15:00+00:00	[0.25,0.50)	0.0047248894985520845	0.008078036884621264	0.017527815881725434	0.09282121627800645
LTC/USDT	2023-08-30 01:15:00+00:00	[0.75,1.00]	0.005163765122454918	0.007376807317792859	0.010327530244910045	0.02213042195337858
LTC/USDT	2023-08-31 01:15:00+00:00	[0.25,0.50)	0.0034165181224003237	0.006090314913844276	0.017676767676767645	0.07768865121806294
LTC/USDT	2023-09-01 01:15:00+00:00	[0.50,0.75)	0.0039013732833957553	0.004837702871410772	0.013108614232209681	0.03682896379525592
LTC/USDT	2023-09-02 01:15:00+00:00	[0.10,0.25)	0.005224825839138669	0.007283090563647892	0.026440785307156458	0.02897403419886001
LTC/USDT	2023-09-03 01:15:00+00:00	[0.25,0.50)	0.004953560371517143	0.005572755417956648	0.017492260061919437	0.01950464396284827
LTC/USDT	2023-09-04 01:15:00+00:00	[0.50,0.75)	0.00577944392377367	0.015620118712902219	0.019525148391127886	0.03139643861293354
LTC/USDT	2023-09-05 01:15:00+00:00	[0.25,0.50)	0.004871150219987465	0.012884978001257076	0.01822752985543678	0.01838466373350097
LTC/USDT	2023-09-06 01:15:00+00:00	[0.10,0.25)	0.004584255453683198	0.012646221941195137	0.013594688586784802	0.040309832437559236
LTC/USDT	2023-09-07 01:15:00+00:00	[0.25,0.50)	0.0041282946967292015	0.007462686567164274	0.009368053350269981	0.031914893617021246
LTC/USDT	2023-09-08 01:15:00+00:00	[0.75,1.00]	0.005948653725735683	0.007983719474013745	0.03804007514088916	0.03804007514088916
LTC/USDT	2023-09-09 01:15:00+00:00	[0.10,0.25)	0.0036694320357370273	0.003828972559029912	0.005424377791959098	0.011646458200382848
LTC/USDT	2023-09-10 01:15:00+00:00	[0.50,0.75)	0.003030303030302994	0.044976076555023926	0.044976076555023926	0.044976076555023926
LTC/USDT	2023-09-11 01:15:00+00:00	[0.25,0.50)	0.006730137885751866	0.01198292843072889	0.043663821405121414	0.06533158240315162
LTC/USDT	2023-09-12 01:15:00+00:00	[0.75,1.00]	0.004078164825828411	0.03653355989804585	0.04418011894647411	0.04587935429056929
LTC/USDT	2023-09-13 01:15:00+00:00	[0.50,0.75)	0.003492433061699665	0.009146848494927728	0.05355064027939462	0.057375686013637045
LTC/USDT	2023-09-14 01:15:00+00:00	[0.75,1.00]	0.0072011521843495414	0.009441510641702726	0.02000320051208193	0.02336373819811171
LTC/USDT	2023-09-15 01:15:00+00:00	[0.25,0.50)	0.01304901336728199	0.013844684914067545	0.013844684914067545	0.05585614258434115
LTC/USDT	2023-09-16 01:15:00+00:00	[0.75,1.00]	0.014649778727300593	0.023805890431863302	0.036777048679993846	0.05249504043949332
LTC/USDT	2023-09-17 01:15:00+00:00	[0.75,1.00]	0.008255451713395656	0.012772585669781936	0.015109034267912755	0.027258566978193146
LTC/USDT	2023-09-18 01:15:00+00:00	[0.25,0.50)	0.01810453400503787	0.024401763224181316	0.0706863979848868	0.0706863979848868
LTC/USDT	2023-09-19 01:15:00+00:00	[0.50,0.75)	0.007550588945937783	0.018423437028088175	0.03639383871942006	0.03639383871942006
LTC/USDT	2023-09-20 01:15:00+00:00	[0.25,0.50)	0.01416008346996576	0.01967506334774195	0.05425547771650023	0.06901177522730664
LTC/USDT	2023-09-21 01:15:00+00:00	[0.25,0.50)	0.006674945669046765	0.011952809686432723	0.03166718410431531	0.03647935423781425
LTC/USDT	2023-09-22 01:15:00+00:00	[0.50,0.75)	0.013658686310620023	0.01995089011663593	0.02117863720073658	0.028084714548802923
LTC/USDT	2023-09-23 01:15:00+00:00	[0.50,0.75)	0.007714858818083628	0.008486344699891948	0.009103533405338735	0.01218947693257223
LTC/USDT	2023-09-24 01:15:00+00:00	[0.05,0.10)	0.002622242788832138	0.006324232608360274	0.00863797624556536	0.038099645225975615
LTC/USDT	2023-09-25 01:15:00+00:00	[0.75,1.00]	0.006706175920149714	0.012632563942607535	0.014971927635683106	0.02027448533998759
LTC/USDT	2023-09-26 01:15:00+00:00	[0.10,0.25)	0.005896958410924821	0.011483550589695761	0.014742396027312274	0.031967721911855915
LTC/USDT	2023-09-27 01:15:00+00:00	[0.25,0.50)	0.0023503603885928954	0.005484174240050163	0.02945785020369794	0.03948605452836106
LTC/USDT	2023-09-28 01:15:00+00:00	[0.25,0.50)	0.005485893416927922	0.01112852664576804	0.019278996865203825	0.03761755485893426
LTC/USDT	2023-09-29 01:15:00+00:00	[0.10,0.25)	0.005841660261337581	0.007993850883935592	0.024442736356648787	0.024442736356648787
LTC/USDT	2023-09-30 01:15:00+00:00	[0.50,0.75)	0.0033567287152883557	0.004272200183094311	0.008696978944156136	0.019224900823924182
LTC/USDT	2023-10-01 01:15:00+00:00	[0.25,0.50)	0.005584062782976223	0.008451554482342322	0.02912767884092977	0.04557802595834585
LTC/USDT	2023-10-02 01:15:00+00:00	[0.75,1.00]	0.0036835125976130835	0.011639899808457227	0.015028731398261323	0.04493885369087958
LTC/USDT	2023-10-03 01:15:00+00:00	[0.50,0.75)	0.003319251659626027	0.00678937839468924	0.024140012070006163	0.05914302957151492
LTC/USDT	2023-10-04 01:15:00+00:00	[0.75,1.00]	0.006692607003890936	0.006692607003890936	0.010583657587548524	0.016964980544747023
LTC/USDT	2023-10-05 01:15:00+00:00	[0.25,0.50)	0.004809930178432929	0.007137315748642481	0.007757951900698216	0.024204809930178466
LTC/USDT	2023-10-06 01:15:00+00:00	[0.10,0.25)	0.006309633733456395	0.006771314250538592	0.017543859649122813	0.024776854416743602
LTC/USDT	2023-10-07 01:15:00+00:00	[0.25,0.50)	0.003191004406625038	0.007445676948791899	0.010484728764625402	0.02005774198450073
LTC/USDT	2023-10-08 01:15:00+00:00	[0.25,0.50)	0.003964623360780804	0.00655687709667592	0.015096065873742133	0.01753583409576099
LTC/USDT	2023-10-09 01:15:00+00:00	[0.25,0.50)	0.0052283561433183025	0.006458557588804975	0.040135322159003416	0.05904966938336147
LTC/USDT	2023-10-10 01:15:00+00:00	[0.00,0.05)	0.0037974683544304113	0.00791139240506329	0.017088607594936682	0.019778481012658226
LTC/USDT	2023-10-11 01:15:00+00:00	[0.25,0.50)	0.003311258278145709	0.019236833806370212	0.02585935036266163	0.04604225796278779
LTC/USDT	2023-10-12 01:15:00+00:00	[0.50,0.75)	0.0055902663597501385	0.010522854324235458	0.017428477474514998	0.018250575468595848
LTC/USDT	2023-10-13 01:15:00+00:00	[0.50,0.75)	0.009470934030045694	0.011430437622468904	0.011920313520574736	0.017798824297844486
LTC/USDT	2023-10-14 01:15:00+00:00	[0.25,0.50)	0.00292350170537599	0.003248335228195596	0.00584700341075198	0.009420172161767066
LTC/USDT	2023-10-15 01:15:00+00:00	[0.25,0.50)	0.004874878128046753	0.004874878128046753	0.007312317192070129	0.012999675008124751
LTC/USDT	2023-10-16 01:15:00+00:00	[0.50,0.75)	0.002421307506053246	0.014527845036319589	0.0639225181598062	0.0757062146892655
LTC/USDT	2023-10-17 01:15:00+00:00	[0.75,1.00]	0.004908946951702332	0.007917656373713382	0.01805225653206652	0.03103721298495647
LTC/USDT	2023-10-18 01:15:00+00:00	[0.00,0.05)	0.003707883282282716	0.016121231662098983	0.018216991778171893	0.04530066097049818
LTC/USDT	2023-10-19 01:15:00+00:00	[0.75,1.00]	0.01420783082768874	0.014703452833305809	0.02841566165537748	0.036676028415661636
LTC/USDT	2023-10-20 01:15:00+00:00	[0.25,0.50)	0.010053510621047469	0.019944867844981416	0.04313280363223604	0.04313280363223604
LTC/USDT	2023-10-21 01:15:00+00:00	[0.05,0.10)	0.0044052863436123526	0.010541220893643715	0.01777847702957839	0.03209565764631842
LTC/USDT	2023-10-22 01:15:00+00:00	[0.50,0.75)	0.005408746716117978	0.008963065986709911	0.033225158399010954	0.049451398547365105
LTC/USDT	2023-10-23 01:15:00+00:00	[0.75,1.00]	0.011802088061734016	0.016643970343470937	0.019670146769556623	0.06642457255257982
LTC/USDT	2023-10-24 01:15:00+00:00	[0.75,1.00]	0.02742098426901437	0.05498628950786552	0.06912974455188348	0.08399480444508597
LTC/USDT	2023-10-25 01:15:00+00:00	[0.75,1.00]	0.015631661219269694	0.018757993463123596	0.038794941026005454	0.038794941026005454
LTC/USDT	2023-10-26 01:15:00+00:00	[0.50,0.75)	0.007371007371007445	0.01821072409307711	0.03179650238473752	0.06503830033241798
LTC/USDT	2023-10-27 01:15:00+00:00	[0.75,1.00]	0.014001473839351344	0.0163596168017686	0.02284450994841558	0.0476050110537952
LTC/USDT	2023-10-28 01:15:00+00:00	[0.75,1.00]	0.004749888674484301	0.01647617633961703	0.01647617633961703	0.021374499035178827
LTC/USDT	2023-10-29 01:15:00+00:00	[0.50,0.75)	0.007747318235995173	0.007747318235995173	0.02264600715137062	0.036203814064362225
LTC/USDT	2023-10-30 01:15:00+00:00	[0.25,0.50)	0.010712217718587071	0.017226404169079296	0.027359583092067177	0.03242617255356101
LTC/USDT	2023-10-31 01:15:00+00:00	[0.50,0.75)	0.006187050359712328	0.012949640287769865	0.03884892086330939	0.04215827338129506
LTC/USDT	2023-11-01 01:15:00+00:00	[0.25,0.50)	0.007256894049346879	0.018142235123367198	0.02743105950653121	0.058635703918722665
LTC/USDT	2023-11-02 01:15:00+00:00	[0.50,0.75)	0.009357720119098207	0.022543598468736555	0.022543598468736555	0.04778108606266823
LTC/USDT	2023-11-03 01:15:00+00:00	[0.75,1.00]	0.012901334115232305	0.017592728338953277	0.023163758979621734	0.025069637883008474
LTC/USDT	2023-11-04 01:15:00+00:00	[0.05,0.10)	0.006641640196361445	0.0076523245740687425	0.011550678602367847	0.03060929829627497
LTC/USDT	2023-11-05 01:15:00+00:00	[0.75,1.00]	0.006267806267806235	0.026495726495726485	0.02920227920227916	0.039886039886039844
LTC/USDT	2023-11-06 01:15:00+00:00	[0.75,1.00]	0.012841756420878108	0.02236951118475546	0.030516431924882542	0.05744269538801431
LTC/USDT	2023-11-07 01:15:00+00:00	[0.75,1.00]	0.00789867901402694	0.017295383358300366	0.03241182078169679	0.04780062644695616
LTC/USDT	2023-11-08 01:15:00+00:00	[0.25,0.50)	0.004900626191124414	0.0108902804247209	0.025319901987476173	0.025319901987476173
LTC/USDT	2023-11-09 01:15:00+00:00	[0.25,0.50)	0.011814231395980507	0.015073329712112974	0.021048343291689454	0.11379684953829454
LTC/USDT	2023-11-10 01:15:00+00:00	[0.75,1.00]	0.010687229437229521	0.01609848484848501	0.039502164502164525	0.054247835497835566
LTC/USDT	2023-11-11 01:15:00+00:00	[0.25,0.50)	0.017295813315030762	0.030610844200411668	0.057927247769389144	0.07014413177762525
LTC/USDT	2023-11-12 01:15:00+00:00	[0.75,1.00]	0.011112616885756784	0.02249627320775168	0.04783846049600218	0.04783846049600218
LTC/USDT	2023-11-13 01:15:00+00:00	[0.50,0.75)	0.00934702474986827	0.03738809899947327	0.04489204844655077	0.07885729331226955
LTC/USDT	2023-11-14 01:15:00+00:00	[0.75,1.00]	0.004324776785714317	0.008091517857142832	0.031110491071428624	0.06236049107142855
LTC/USDT	2023-11-15 01:15:00+00:00	[0.75,1.00]	0.007463737501760331	0.01633572736234328	0.026334319109984572	0.054217715814673904
LTC/USDT	2023-11-16 01:15:00+00:00	[0.50,0.75)	0.0051413881748073285	0.010959274793668006	0.03869571099986469	0.05980246245433638
LTC/USDT	2023-11-17 01:15:00+00:00	[0.25,0.50)	0.008720112517580737	0.029957805907172935	0.029957805907172935	0.0514767932489451
LTC/USDT	2023-11-18 01:15:00+00:00	[0.25,0.50)	0.007137758743754462	0.02241256245538891	0.03797287651677369	0.03797287651677369
LTC/USDT	2023-11-19 01:15:00+00:00	[0.50,0.75)	0.00888306392893548	0.01980486384156108	0.023154215814766323	0.0320372797437018
LTC/USDT	2023-11-20 01:15:00+00:00	[0.25,0.50)	0.006511891279728312	0.008352208380521	0.014297848244620482	0.03397508493771222
LTC/USDT	2023-11-21 01:15:00+00:00	[0.25,0.50)	0.010298955800314674	0.02131311686454005	0.04090974109569446	0.09655271062795022
LTC/USDT	2023-11-22 01:15:00+00:00	[0.75,1.00]	0.006839131727624051	0.014124293785310776	0.015611061552185505	0.03538507285162051
LTC/USDT	2023-11-23 01:15:00+00:00	[0.10,0.25)	0.004335886688827824	0.006792889145830306	0.028327793033675504	0.03439803439803454
LTC/USDT	2023-11-24 01:15:00+00:00	[0.00,0.05)	0.004442533677271457	0.0067354542848955725	0.015620521639438079	0.033533963886500276
LTC/USDT	2023-11-25 01:15:00+00:00	[0.25,0.50)	0.018828157931712847	0.018828157931712847	0.025010538148096124	0.025010538148096124
LTC/USDT	2023-11-26 01:15:00+00:00	[0.05,0.10)	0.005460655278633444	0.00812097451694201	0.01778213385606267	0.03934472136656402
LTC/USDT	2023-11-27 01:15:00+00:00	[0.10,0.25)	0.008400968247187657	0.01794105083297723	0.025914851203189423	0.03317670511177557
LTC/USDT	2023-11-28 01:15:00+00:00	[0.50,0.75)	0.007234843003906815	0.017074229489219977	0.01982346983070474	0.03559542757922144
LTC/USDT	2023-11-29 01:15:00+00:00	[0.10,0.25)	0.004714959279897104	0.008429775682240369	0.01443063294756381	0.018716959565652065
LTC/USDT	2023-11-30 01:15:00+00:00	[0.05,0.10)	0.0051583321392749595	0.0081673592205186	0.013612265367531	0.014185413383006086
LTC/USDT	2023-12-01 01:15:00+00:00	[0.10,0.25)	0.0035811488325454806	0.010027216731127386	0.025497779687723838	0.03552499641885122
LTC/USDT	2023-12-02 01:15:00+00:00	[0.00,0.05)	0.0027843519420855194	0.006682444661005206	0.008909926214673543	0.022135597939579612
LTC/USDT	2023-12-03 01:15:00+00:00	[0.10,0.25)	0.0060556014313239434	0.01500137627305262	0.01954307734654558	0.025461051472612285
LTC/USDT	2023-12-04 01:15:00+00:00	[0.75,1.00]	0.017505470459518613	0.023249452954048178	0.043353391684901356	0.04349015317286642
LTC/USDT	2023-12-05 01:15:00+00:00	[0.75,1.00]	0.018808347062053685	0.018808347062053685	0.027732015376166885	0.04914881933003842
LTC/USDT	2023-12-06 01:15:00+00:00	[0.75,1.00]	0.010567673756943518	0.014361197669692485	0.037257824143070044	0.03752879013683777
LTC/USDT	2023-12-07 01:15:00+00:00	[0.50,0.75)	0.004404679972470656	0.02725395732966282	0.03523743977976603	0.037026841018582404
LTC/USDT	2023-12-08 01:15:00+00:00	[0.25,0.50)	0.005971769815417993	0.018322475570032495	0.03515200868621049	0.07138979370249715
LTC/USDT	2023-12-09 01:15:00+00:00	[0.50,0.75)	0.007301140002561717	0.021775329832201908	0.03727424106571022	0.05136416036889978
LTC/USDT	2023-12-10 01:15:00+00:00	[0.50,0.75)	0.004648160103292439	0.013298902517753404	0.02737249838605558	0.03628147191736607
LTC/USDT	2023-12-11 01:15:00+00:00	[0.50,0.75)	0.08504245591116924	0.08504245591116924	0.08504245591116924	0.08504245591116924
LTC/USDT	2023-12-12 01:15:00+00:00	[0.50,0.75)	0.007368995633187858	0.014465065502183436	0.021288209606986932	0.036708515283842766
LTC/USDT	2023-12-13 01:15:00+00:00	[0.50,0.75)	0.024018991760927227	0.025974025974025965	0.0280687054880602	0.07540846250523658
LTC/USDT	2023-12-14 01:15:00+00:00	[0.25,0.50)	0.003426065506372482	0.006989173632999738	0.023845415924352405	0.03837193367137176
LTC/USDT	2023-12-15 01:15:00+00:00	[0.25,0.50)	0.005379310344827594	0.007172413793103394	0.018896551724137994	0.030482758620689568
LTC/USDT	2023-12-16 01:15:00+00:00	[0.75,1.00]	0.003911707180776769	0.008242525845208008	0.01452919810002783	0.01452919810002783
LTC/USDT	2023-12-17 01:15:00+00:00	[0.05,0.10)	0.008979140765299152	0.011327531426992584	0.021411797209559293	0.03826495372288985
LTC/USDT	2023-12-18 01:15:00+00:00	[0.75,1.00]	0.014881370209181555	0.01909307875894987	0.04534606205250602	0.04534606205250602
LTC/USDT	2023-12-19 01:15:00+00:00	[0.25,0.50)	0.009570724841660699	0.010274454609430035	0.011400422237860693	0.027726952850105544
LTC/USDT	2023-12-20 01:15:00+00:00	[0.25,0.50)	0.005223037831733347	0.010022586109542542	0.013128176171654328	0.0419254658385093
LTC/USDT	2023-12-21 01:15:00+00:00	[0.50,0.75)	0.009267303793802499	0.015928178395598153	0.026933101650738478	0.034462785983202945
LTC/USDT	2023-12-22 01:15:00+00:00	[0.25,0.50)	0.0051929824561402155	0.01192982456140343	0.020491228070175352	0.053052631578947386
LTC/USDT	2023-12-23 01:15:00+00:00	[0.25,0.50)	0.015199233191838963	0.029439956182390682	0.036012597562645424	0.036012597562645424
LTC/USDT	2023-12-24 01:15:00+00:00	[0.10,0.25)	0.006188969880346427	0.007564296520423562	0.019942236281116806	0.040572135882272084
LTC/USDT	2023-12-25 01:15:00+00:00	[0.75,1.00]	0.005343833497398333	0.011672057375896475	0.027984812262691734	0.028547321051891453
LTC/USDT	2023-12-26 01:15:00+00:00	[0.10,0.25)	0.004848316941404548	0.011635960659371152	0.045435655908020324	0.04723645934339932
LTC/USDT	2023-12-27 01:15:00+00:00	[0.75,1.00]	0.009292156326865163	0.01817436458048664	0.07146761410221376	0.07146761410221376
LTC/USDT	2023-12-28 01:15:00+00:00	[0.75,1.00]	0.006867406233491759	0.017036450079239384	0.031299524564183896	0.04133650290544104
LTC/USDT	2023-12-29 01:15:00+00:00	[0.75,1.00]	0.026246023329798567	0.037115588547189785	0.037115588547189785	0.06747083775185583
LTC/USDT	2023-12-30 01:15:00+00:00	[0.75,1.00]	0.010856289862939496	0.020491247116298076	0.02211969059573904	0.02211969059573904
LTC/USDT	2023-12-31 01:15:00+00:00	[0.10,0.25)	0.003969340268272544	0.012318642211880528	0.026964139063783175	0.0387352860662469
LTC/USDT	2024-01-01 01:15:00+00:00	[0.75,1.00]	0.003689532659196447	0.017627767149494482	0.02159059852418691	0.05247335337523918
LTC/USDT	2024-01-02 01:15:00+00:00	[0.75,1.00]	0.005983246908655802	0.006913974205557719	0.015955325089748743	0.03988831272437176
LTC/USDT	2024-01-03 01:15:00+00:00	[0.25,0.50)	0.00545479339969987	0.008182190099549902	0.21682803763807446	0.21682803763807446
LTC/USDT	2024-01-04 01:15:00+00:00	[0.25,0.50)	0.009853733641262519	0.01539645881447267	0.020785219399538018	0.04018475750577366
LTC/USDT	2024-01-05 01:15:00+00:00	[0.10,0.25)	0.04268846503178929	0.04268846503178929	0.04268846503178929	0.04632152588555851
LTC/USDT	2024-01-06 01:15:00+00:00	[0.25,0.50)	0.007507277462846559	0.024207139574076886	0.03876206526735102	0.040753791941167405
LTC/USDT	2024-01-07 01:15:00+00:00	[0.10,0.25)	0.004718417047183988	0.010806697108066875	0.01963470319634691	0.04505327245053263
LTC/USDT	2024-01-08 01:15:00+00:00	[0.75,1.00]	0.021912662388480178	0.046955705118171855	0.07043355767725779	0.11535451557364226
LTC/USDT	2024-01-09 01:15:00+00:00	[0.75,1.00]	0.0083469965717693	0.012371441347443706	0.04888955134893428	0.04888955134893428
LTC/USDT	2024-01-10 01:15:00+00:00	[0.75,1.00]	0.008379470297770497	0.01601077360466846	0.04219661828520115	0.09277270686817302
LTC/USDT	2024-01-11 01:15:00+00:00	[0.75,1.00]	0.00811618966253728	0.02605724049551471	0.05738288480706252	0.06863163890075477
LTC/USDT	2024-01-12 01:15:00+00:00	[0.50,0.75)	0.01754137784693726	0.04017541377846942	0.07681425944263676	0.09605318998443899
LTC/USDT	2024-01-13 01:15:00+00:00	[0.75,1.00]	0.01580698835274543	0.023017193566278377	0.024819744869661563	0.024819744869661563
LTC/USDT	2024-01-14 01:15:00+00:00	[0.05,0.10)	0.015378221113881952	0.01648656137434189	0.01801052923247433	0.039761706844000974
LTC/USDT	2024-01-15 01:15:00+00:00	[0.50,0.75)	0.006639355841220495	0.013702500353157208	0.019635541743184073	0.039977397937561776
LTC/USDT	2024-01-16 01:15:00+00:00	[0.25,0.50)	0.006173725771715615	0.01119885139985644	0.012921751615219032	0.030868628858578686
LTC/USDT	2024-01-17 01:15:00+00:00	[0.25,0.50)	0.007738607050730958	0.008598452278589975	0.015477214101461712	0.02364574376612218
LTC/USDT	2024-01-18 01:15:00+00:00	[0.00,0.05)	0.009225890154245358	0.015424535101629052	0.03257892460717897	0.05953582240161467
LTC/USDT	2024-01-19 01:15:00+00:00	[0.75,1.00]	0.009298892988929823	0.024059040590405836	0.04575645756457556	0.07040590405904053
LTC/USDT	2024-01-20 01:15:00+00:00	[0.50,0.75)	0.019505300353356826	0.019646643109540646	0.028268551236749116	0.03250883392226164
LTC/USDT	2024-01-21 01:15:00+00:00	[0.10,0.25)	0.0032199356012880295	0.006299874002519989	0.009519809603808018	0.03093938121237566
LTC/USDT	2024-01-22 01:15:00+00:00	[0.50,0.75)	0.010742187500000142	0.024414062499999997	0.061523437499999944	0.08426339285714274
LTC/USDT	2024-01-23 01:15:00+00:00	[0.25,0.50)	0.007542147293700164	0.014344868382135445	0.06447796509908331	0.07749186631174222
LTC/USDT	2024-01-24 01:15:00+00:00	[0.50,0.75)	0.007043331802174368	0.008421374980860468	0.02112999540652267	0.02281427040269476
LTC/USDT	2024-01-25 01:15:00+00:00	[0.10,0.25)	0.00592885375494072	0.010185466707205864	0.014746123441775599	0.02082699908786872
LTC/USDT	2024-01-26 01:15:00+00:00	[0.10,0.25)	0.00686394142769986	0.00686394142769986	0.026693105552165954	0.03416717510677234
LTC/USDT	2024-01-27 01:15:00+00:00	[0.10,0.25)	0.0040047463660634235	0.008751112429545968	0.01705725304064063	0.03025808365470175
LTC/USDT	2024-01-28 01:15:00+00:00	[0.05,0.10)	0.006444053895723458	0.008347978910368968	0.01757469244288208	0.01757469244288208
LTC/USDT	2024-01-29 01:15:00+00:00	[0.10,0.25)	0.0049707602339181785	0.012280701754386013	0.02339181286549699	0.0285087719298246
LTC/USDT	2024-01-30 01:15:00+00:00	[0.10,0.25)	0.004674945215485864	0.010810810810810735	0.01869978086194304	0.024689554419284113
LTC/USDT	2024-01-31 01:15:00+00:00	[0.75,1.00]	0.006677548597714625	0.010684077756343655	0.0400652915862886	0.06484641638225241
LTC/USDT	2024-02-01 01:15:00+00:00	[0.50,0.75)	0.009669134310318787	0.015108022359873094	0.016316664148662913	0.03625925366369529
LTC/USDT	2024-02-02 01:15:00+00:00	[0.25,0.50)	0.004577672770230394	0.006054341405788491	0.006202008269344385	0.013142350856467817
LTC/USDT	2024-02-03 01:15:00+00:00	[0.10,0.25)	0.00307602167862909	0.0033689761242127435	0.008202724476343754	0.01904203896294122
LTC/USDT	2024-02-04 01:15:00+00:00	[0.10,0.25)	0.004954101704793872	0.011948127640973444	0.01777648258778979	0.032347369954830445
LTC/USDT	2024-02-05 01:15:00+00:00	[0.25,0.50)	0.003583159151985803	0.0059719319199761966	0.018512988951926084	0.02060316512391773
LTC/USDT	2024-02-06 01:15:00+00:00	[0.25,0.50)	0.0027937068078223454	0.0076459344214087665	0.009557418026760854	0.01837965005146302
LTC/USDT	2024-02-07 01:15:00+00:00	[0.10,0.25)	0.004098360655737722	0.008782201405152143	0.008782201405152143	0.01829625292740047
LTC/USDT	2024-02-08 01:15:00+00:00	[0.25,0.50)	0.003779619130687674	0.004797208896642135	0.008286088094199845	0.041866550370693346
LTC/USDT	2024-02-09 01:15:00+00:00	[0.75,1.00]	0.009001406469760909	0.01293952180028132	0.02644163150492278	0.02644163150492278
LTC/USDT	2024-02-10 01:15:00+00:00	[0.10,0.25)	0.0028180921516131976	0.009863322530646793	0.017753980555164025	0.019303931238551366
LTC/USDT	2024-02-11 01:15:00+00:00	[0.00,0.05)	0.00480361684091536	0.03348403503814623	0.03348403503814623	0.03348403503814623
LTC/USDT	2024-02-12 01:15:00+00:00	[0.10,0.25)	0.008919860627177709	0.015191637630662069	0.020069686411149992	0.0437630662020906
LTC/USDT	2024-02-13 01:15:00+00:00	[0.25,0.50)	0.008647906657515381	0.017295813315030956	0.022100205902539458	0.06877144818119431
LTC/USDT	2024-02-14 01:15:00+00:00	[0.25,0.50)	0.0050968399592254045	0.011213047910295766	0.03422163972622701	0.03422163972622701
LTC/USDT	2024-02-15 01:15:00+00:00	[0.50,0.75)	0.01226993865030674	0.012412612355542937	0.015551433870737671	0.02782137252104441
LTC/USDT	2024-02-16 01:15:00+00:00	[0.25,0.50)	0.008016032064128289	0.01145147437732604	0.02290294875465208	0.03406813627254503
LTC/USDT	2024-02-17 01:15:00+00:00	[0.25,0.50)	0.00741585852823725	0.010981175128351341	0.0168282943525384	0.03593839132914997
LTC/USDT	2024-02-18 01:15:00+00:00	[0.05,0.10)	0.010128388017118517	0.011982881597717597	0.011982881597717597	0.021683309557774554
LTC/USDT	2024-02-19 01:15:00+00:00	[0.50,0.75)	0.007352941176470532	0.011170814479638098	0.013291855203619878	0.019372171945701223
LTC/USDT	2024-02-20 01:15:00+00:00	[0.50,0.75)	0.006083757781550746	0.012450481041312893	0.023203169213355978	0.05418788907753251
LTC/USDT	2024-02-21 01:15:00+00:00	[0.25,0.50)	0.005780346820809125	0.008526011560693691	0.02760115606936411	0.028612716763005835
LTC/USDT	2024-02-22 01:15:00+00:00	[0.50,0.75)	0.01006270963978413	0.01006270963978413	0.02697972874434897	0.02697972874434897
LTC/USDT	2024-02-23 01:15:00+00:00	[0.50,0.75)	0.003487865135881338	0.013370149687545439	0.017439325679407102	0.028484231943031443
LTC/USDT	2024-02-24 01:15:00+00:00	[0.50,0.75)	0.011146496815286566	0.014910248986682124	0.022582513028372934	0.029675738274464347
LTC/USDT	2024-02-25 01:15:00+00:00	[0.10,0.25)	0.0072525597269625305	0.012229806598407274	0.012229806598407274	0.012229806598407274
LTC/USDT	2024-02-26 01:15:00+00:00	[0.05,0.10)	0.006263345195729505	0.008825622775800776	0.018505338078291977	0.055373665480427055
LTC/USDT	2024-02-27 01:15:00+00:00	[0.75,1.00]	0.03841901603095635	0.05776672194582632	0.05776672194582632	0.05776672194582632
LTC/USDT	2024-02-28 01:15:00+00:00	[0.25,0.50)	0.012402264761391233	0.01523321650040436	0.03235373416015106	0.10339714208681587
LTC/USDT	2024-02-29 01:15:00+00:00	[0.75,1.00]	0.008280757097791738	0.11553627760252355	0.11553627760252355	0.12053101997896934
LTC/USDT	2024-03-01 01:15:00+00:00	[0.75,1.00]	0.01747619621549944	0.03832710618295761	0.04290707484633002	0.07159214173797755
LTC/USDT	2024-03-02 01:15:00+00:00	[0.75,1.00]	0.021806496040399307	0.06484563296224023	0.06782967978882126	0.09663720876850686
LTC/USDT	2024-03-03 01:15:00+00:00	[0.75,1.00]	0.025282409897794452	0.028509951586874725	0.1089833243679397	0.1089833243679397
LTC/USDT	2024-03-04 01:15:00+00:00	[0.50,0.75)	0.020574320607327588	0.020794366817031583	0.04059852569039496	0.05721201452304987
LTC/USDT	2024-03-05 01:15:00+00:00	[0.75,1.00]	0.029191365619058267	0.07225142601498707	0.07225142601498707	0.22212280505536294
LTC/USDT	2024-03-06 01:15:00+00:00	[0.75,1.00]	0.012154285005581099	0.06610442763239487	0.0947538137169788	0.0947538137169788
LTC/USDT	2024-03-07 01:15:00+00:00	[0.75,1.00]	0.014099156361955379	0.026464809892522895	0.038946030278516175	0.076389691436496
LTC/USDT	2024-03-08 01:15:00+00:00	[0.50,0.75)	0.00958070333633914	0.01634355275022546	0.033814247069431924	0.0736023444544635
LTC/USDT	2024-03-09 01:15:00+00:00	[0.75,1.00]	0.011184431271669836	0.01330947321328708	0.02986243149535848	0.04697461134101334
LTC/USDT	2024-03-10 01:15:00+00:00	[0.50,0.75)	0.011132138483802739	0.017477457419570384	0.034732272069464595	0.08026271846821784
LTC/USDT	2024-03-11 01:15:00+00:00	[0.75,1.00]	0.015758141706548483	0.0297653787790358	0.137037469359169	0.24524337574413452
LTC/USDT	2024-03-12 01:15:00+00:00	[0.75,1.00]	0.013463050314465453	0.03881682389937109	0.06456367924528308	0.1049528301886793
LTC/USDT	2024-03-13 01:15:00+00:00	[0.25,0.50)	0.009915158949197577	0.023919043238270505	0.025350097107226865	0.050291321680466135
LTC/USDT	2024-03-14 01:15:00+00:00	[0.50,0.75)	0.007157676348547694	0.02251037344398342	0.03755186721991691	0.0901452282157676
LTC/USDT	2024-03-15 01:15:00+00:00	[0.25,0.50)	0.021459683416551686	0.08913205141825137	0.11962179963879747	0.11962179963879747
LTC/USDT	2024-03-16 01:15:00+00:00	[0.75,1.00]	0.0070155902004455425	0.020824053452115864	0.03307349665924275	0.09465478841870824
LTC/USDT	2024-03-17 01:15:00+00:00	[0.50,0.75)	0.018897076301402464	0.02816734014737348	0.07107202281911106	0.07237936772046594
LTC/USDT	2024-03-18 01:15:00+00:00	[0.75,1.00]	0.012563707478961574	0.023942159535379825	0.03887637785942872	0.0865236458456797
LTC/USDT	2024-03-19 01:15:00+00:00	[0.75,1.00]	0.02220355256841105	0.046687469995199245	0.08029284685549704	0.08857417186749893
LTC/USDT	2024-03-20 01:15:00+00:00	[0.75,1.00]	0.020040332745147507	0.04726493571968742	0.06629694983614828	0.10486513738341324
LTC/USDT	2024-03-21 01:15:00+00:00	[0.05,0.10)	0.011074458058435412	0.03086710650329883	0.03086710650329883	0.040645617342130104
LTC/USDT	2024-03-22 01:15:00+00:00	[0.25,0.50)	0.011893546867640192	0.023551577955723033	0.047338671691003247	0.06641544983513896
LTC/USDT	2024-03-23 01:15:00+00:00	[0.50,0.75)	0.012424565140220058	0.027334043308484227	0.04555673884747377	0.05502307419240333
LTC/USDT	2024-03-24 01:15:00+00:00	[0.25,0.50)	0.009432877027493305	0.016334982169561734	0.028643736339583677	0.05498677096514438
LTC/USDT	2024-03-25 01:15:00+00:00	[0.10,0.25)	0.01042951665358296	0.023886957496915953	0.024784120219804796	0.03947515980710997
LTC/USDT	2024-03-26 01:15:00+00:00	[0.10,0.25)	0.0047367261511346865	0.009914077990746922	0.020268781669971397	0.10497907027979732
LTC/USDT	2024-03-27 01:15:00+00:00	[0.10,0.25)	0.031025507548152045	0.031025507548152045	0.05007808433107759	0.06975533576262366
LTC/USDT	2024-03-28 01:15:00+00:00	[0.10,0.25)	0.016135836321451182	0.02056528158616329	0.026365745623286228	0.034380932292765294
LTC/USDT	2024-03-29 01:15:00+00:00	[0.00,0.05)	0.012575293247384527	0.02345979076402831	0.12945154813484097	0.18693860298002746
LTC/USDT	2024-03-30 01:15:00+00:00	[0.75,1.00]	0.007835362975549875	0.025110922307183956	0.03794958935145847	0.050788256395732985
LTC/USDT	2024-03-31 01:15:00+00:00	[0.50,0.75)	0.011111111111111028	0.01922705314009657	0.026859903381642524	0.07294685990338161
LTC/USDT	2024-04-01 01:15:00+00:00	[0.50,0.75)	0.043313631326191336	0.043313631326191336	0.08598079054303659	0.143793867750277
LTC/USDT	2024-04-02 01:15:00+00:00	[0.25,0.50)	0.026881720430107586	0.06279164130655318	0.10357070399675398	0.17001420166362352
LTC/USDT	2024-04-03 01:15:00+00:00	[0.75,1.00]	0.0396454779376727	0.0518440865338797	0.06623463261221756	0.09596874106547215
LTC/USDT	2024-04-04 01:15:00+00:00	[0.50,0.75)	0.027189124350259882	0.05007996801279493	0.07297081167532983	0.0806677329068372
LTC/USDT	2024-04-05 01:15:00+00:00	[0.25,0.50)	0.022007404360345543	0.03033730974907434	0.053990127519539285	0.053990127519539285
LTC/USDT	2024-04-06 01:15:00+00:00	[0.25,0.50)	0.013075207784309671	0.014494222582606858	0.04996959254003642	0.07459963511048043
LTC/USDT	2024-04-07 01:15:00+00:00	[0.75,1.00]	0.018839055178349422	0.023429281820789793	0.03308788371425833	0.05623027636989572
LTC/USDT	2024-04-08 01:15:00+00:00	[0.00,0.05)	0.007710557532621601	0.022044286279161763	0.06465005931198109	0.06465005931198109
LTC/USDT	2024-04-09 01:15:00+00:00	[0.50,0.75)	0.009887420460107595	0.014194811551639772	0.047577092511013205	0.06372980910425835
LTC/USDT	2024-04-10 01:15:00+00:00	[0.10,0.25)	0.01544481054365733	0.026873970345963748	0.049423393739703426	0.049423393739703426
LTC/USDT	2024-04-11 01:15:00+00:00	[0.25,0.50)	0.006639004149377599	0.01016597510373448	0.029253112033194948	0.052800829875518554
LTC/USDT	2024-04-12 01:15:00+00:00	[0.10,0.25)	0.007411919991877389	0.013097776424002502	0.03594273530307652	0.19545131485429995
LTC/USDT	2024-04-13 01:15:00+00:00	[0.25,0.50)	0.025232873481900724	0.04339110953896954	0.04468812640018873	0.1906614785992218
LTC/USDT	2024-04-14 01:15:00+00:00	[0.75,1.00]	0.025567064376557008	0.057558673134915445	0.08745247148288976	0.08955028189327388
LTC/USDT	2024-04-15 01:15:00+00:00	[0.75,1.00]	0.01329450493795912	0.020764750569764505	0.061028108381868736	0.09141554824006076
LTC/USDT	2024-04-16 01:15:00+00:00	[0.25,0.50)	0.02106472615855983	0.041746457296055105	0.058598238222903144	0.06753478871441328
LTC/USDT	2024-04-17 01:15:00+00:00	[0.10,0.25)	0.008877219304826128	0.013628407101775486	0.04238559639909978	0.05713928482120521
LTC/USDT	2024-04-18 01:15:00+00:00	[0.25,0.50)	0.009094306714837297	0.01507412482870305	0.048461442631119976	0.048461442631119976
LTC/USDT	2024-04-19 01:15:00+00:00	[0.50,0.75)	0.04271991911021228	0.053463094034378204	0.0812689585439839	0.0812689585439839
LTC/USDT	2024-04-20 01:15:00+00:00	[0.25,0.50)	0.00803461063040798	0.020766378244746683	0.02805933250927083	0.06341161928306563
LTC/USDT	2024-04-21 01:15:00+00:00	[0.25,0.50)	0.008731563421829016	0.010147492625368725	0.01935103244837759	0.03492625368731556
LTC/USDT	2024-04-22 01:15:00+00:00	[0.00,0.05)	0.018483412322274906	0.022748815165876797	0.025592417061611333	0.02985781990521322
LTC/USDT	2024-04-23 01:15:00+00:00	[0.10,0.25)	0.004089740593596735	0.017994858611825267	0.01916335592428138	0.028745033886421988
LTC/USDT	2024-04-24 01:15:00+00:00	[0.10,0.25)	0.006172120647490406	0.011529055549085768	0.0255036683358565	0.06265284732735525
LTC/USDT	2024-04-25 01:15:00+00:00	[0.50,0.75)	0.024457170126461432	0.02481507993319015	0.03054163684084947	0.038654259126700015
LTC/USDT	2024-04-26 01:15:00+00:00	[0.25,0.50)	0.02613595492147216	0.03464812372617193	0.055508931782759806	0.06593933581105384
LTC/USDT	2024-04-27 01:15:00+00:00	[0.50,0.75)	0.018720930232558133	0.025116279069767402	0.041744186046511665	0.05720930232558141
LTC/USDT	2024-04-28 01:15:00+00:00	[0.10,0.25)	0.007127583749108984	0.01674982181040623	0.017700166310287417	0.023283440247089664
LTC/USDT	2024-04-29 01:15:00+00:00	[0.50,0.75)	0.00877090398783768	0.03274470822126064	0.0457256461232604	0.0457256461232604
LTC/USDT	2024-04-30 01:15:00+00:00	[0.75,1.00]	0.018633540372670836	0.018633540372670836	0.06903965599617776	0.07967032967032969
LTC/USDT	2024-05-01 01:15:00+00:00	[0.25,0.50)	0.012739656912209773	0.018415741675075602	0.06811301715438958	0.0793390514631686
LTC/USDT	2024-05-02 01:15:00+00:00	[0.25,0.50)	0.012424698795180657	0.014683734939758879	0.026857429718875506	0.032881526104417726
LTC/USDT	2024-05-03 01:15:00+00:00	[0.05,0.10)	0.007945375543140914	0.009062693978895146	0.030043451272501576	0.0408441961514588
LTC/USDT	2024-05-04 01:15:00+00:00	[0.05,0.10)	0.009353741496598764	0.009353741496598764	0.017492711370262537	0.0266034985422742
LTC/USDT	2024-05-05 01:15:00+00:00	[0.50,0.75)	0.010138476755687355	0.011374876360039586	0.01471315529179028	0.016938674579624016
LTC/USDT	2024-05-06 01:15:00+00:00	[0.00,0.05)	0.0041712673291621075	0.014108698319224703	0.04600662495399337	0.0514047356152619
LTC/USDT	2024-05-07 01:15:00+00:00	[0.10,0.25)	0.004809470958194605	0.020964360587002132	0.026883709458626125	0.035392773461585945
LTC/USDT	2024-05-08 01:15:00+00:00	[0.50,0.75)	0.004195459032576372	0.019126357354392855	0.02603652517275436	0.03714215202369207
LTC/USDT	2024-05-09 01:15:00+00:00	[0.50,0.75)	0.007568359374999882	0.011962890624999875	0.017944335937499986	0.03381347656249995
LTC/USDT	2024-05-10 01:15:00+00:00	[0.50,0.75)	0.00372282935030626	0.006364837276330025	0.008406388855530238	0.04719586886033394
LTC/USDT	2024-05-11 01:15:00+00:00	[0.25,0.50)	0.008173374613003053	0.008297213622291043	0.026253869969040305	0.026253869969040305
LTC/USDT	2024-05-12 01:15:00+00:00	[0.00,0.05)	0.0034309520892047683	0.006004166156108432	0.011518196299473076	0.01641955642690851
LTC/USDT	2024-05-13 01:15:00+00:00	[0.05,0.10)	0.01130915795943439	0.02950215119852479	0.044990780577750425	0.044990780577750425
LTC/USDT	2024-05-14 01:15:00+00:00	[0.05,0.10)	0.011531308121512793	0.011531308121512793	0.03199008059516427	0.04079355238685686
LTC/USDT	2024-05-15 01:15:00+00:00	[0.25,0.50)	0.0030418250950571494	0.005196451204055723	0.029277566539923982	0.058808618504436
LTC/USDT	2024-05-16 01:15:00+00:00	[0.10,0.25)	0.0032830739299610414	0.00899805447470811	0.014226653696498077	0.022738326848248912
LTC/USDT	2024-05-17 01:15:00+00:00	[0.25,0.50)	0.00448811256671507	0.009582726831635033	0.022076661814653	0.028020378457059708
LTC/USDT	2024-05-18 01:15:00+00:00	[0.10,0.25)	0.007633587786259549	0.007633587786259549	0.012643129770992393	0.01645992366412208
LTC/USDT	2024-05-19 01:15:00+00:00	[0.05,0.10)	0.00404280618311538	0.005112960760998724	0.026397146254458964	0.031034482758620686
LTC/USDT	2024-05-20 01:15:00+00:00	[0.10,0.25)	0.012595373622381088	0.022284122562674136	0.022284122562674136	0.08768317790965237
LTC/USDT	2024-05-21 01:15:00+00:00	[0.75,1.00]	0.007419244378495671	0.0128980709964617	0.026937564204999424	0.02739413308982999
LTC/USDT	2024-05-22 01:15:00+00:00	[0.25,0.50)	0.005235006259246543	0.02617503129623304	0.038010697621486324	0.038010697621486324
LTC/USDT	2024-05-23 01:15:00+00:00	[0.25,0.50)	0.007779842080817483	0.00882489549465851	0.029261495587552203	0.08615884811890387
LTC/USDT	2024-05-24 01:15:00+00:00	[0.75,1.00]	0.007106244175209686	0.01514445479962718	0.027027027027026945	0.027027027027026945
LTC/USDT	2024-05-25 01:15:00+00:00	[0.10,0.25)	0.0037523452157597697	0.011374296435272031	0.01735459662288935	0.01817542213883674
LTC/USDT	2024-05-26 01:15:00+00:00	[0.05,0.10)	0.009977696912783291	0.010212466251907554	0.011034158938842728	0.02019016316469068
LTC/USDT	2024-05-27 01:15:00+00:00	[0.05,0.10)	0.007130124777183702	0.008793820558526379	0.012477718360071267	0.029946524064171243
LTC/USDT	2024-05-28 01:15:00+00:00	[0.00,0.05)	0.01795563900950594	0.03638070648984871	0.03638070648984871	0.04084027696279784
LTC/USDT	2024-05-29 01:15:00+00:00	[0.10,0.25)	0.004801344376425296	0.010562957628135822	0.01812507502100594	0.018965310286880307
LTC/USDT	2024-05-30 01:15:00+00:00	[0.10,0.25)	0.004902546932918768	0.006457013033600288	0.042329307664713524	0.04352505081908407
LTC/USDT	2024-05-31 01:15:00+00:00	[0.25,0.50)	0.006289308176100643	0.011273288240180406	0.013765278272220205	0.031802539456508926
LTC/USDT	2024-06-01 01:15:00+00:00	[0.25,0.50)	0.003489351461917844	0.005173865960774788	0.008061605101672503	0.009866442064733404
LTC/USDT	2024-06-02 01:15:00+00:00	[0.00,0.05)	0.002279270633397456	0.0046785028790787015	0.015115163147792597	0.018833973128598767
LTC/USDT	2024-06-03 01:15:00+00:00	[0.25,0.50)	0.0061004784688995835	0.01052631578947363	0.014952153110047849	0.022727272727272797
LTC/USDT	2024-06-04 01:15:00+00:00	[0.10,0.25)	0.0027737578388807257	0.017004341534008642	0.024360829715388277	0.03473227206946449
LTC/USDT	2024-06-05 01:15:00+00:00	[0.25,0.50)	0.006787330316742169	0.007739938080495424	0.014884496308644914	0.02369611812336281
LTC/USDT	2024-06-06 01:15:00+00:00	[0.25,0.50)	0.001646284101599254	0.004821260583255066	0.014934148635935982	0.024576669802445945
LTC/USDT	2024-06-07 01:15:00+00:00	[0.50,0.75)	0.004162207158996414	0.010821738613390374	0.020811035794981565	0.11689856106552501
LTC/USDT	2024-06-08 01:15:00+00:00	[0.10,0.25)	0.0033640667829553453	0.0042362322452029555	0.0185646648392723	0.02018440069773225
LTC/USDT	2024-06-09 01:15:00+00:00	[0.05,0.10)	0.0015015015015013805	0.006256256256256256	0.011761761761761911	0.01526526526526525
LTC/USDT	2024-06-10 01:15:00+00:00	[0.10,0.25)	0.004107542942494554	0.010580034851879618	0.01630570077172022	0.017301468757779444
LTC/USDT	2024-06-11 01:15:00+00:00	[0.50,0.75)	0.03320287842444148	0.03320287842444148	0.040272692841812875	0.054286074990531466
LTC/USDT	2024-06-12 01:15:00+00:00	[0.25,0.50)	0.014987618923498053	0.017463834223902037	0.03610061253746899	0.0384465007167992
LTC/USDT	2024-06-13 01:15:00+00:00	[0.00,0.05)	0.0067619290635366315	0.016203113039040703	0.028451135493748458	0.032151058943608195
LTC/USDT	2024-06-14 01:15:00+00:00	[0.25,0.50)	0.006936561987640272	0.00971118678269638	0.012864169504351064	0.055114137974523775
LTC/USDT	2024-06-15 01:15:00+00:00	[0.50,0.75)	0.003986625514403321	0.00900205761316876	0.021090534979423873	0.024434156378600896
LTC/USDT	2024-06-16 01:15:00+00:00	[0.00,0.05)	0.00719606110339595	0.012372175230400254	0.013255902032571789	0.019189496275722893
LTC/USDT	2024-06-17 01:15:00+00:00	[0.25,0.50)	0.0039375079385240985	0.010161310809094336	0.022862949320462303	0.07722596214911721
LTC/USDT	2024-06-18 01:15:00+00:00	[0.75,1.00]	0.04508141569102401	0.04508141569102401	0.04508141569102401	0.05167541380702448
LTC/USDT	2024-06-19 01:15:00+00:00	[0.75,1.00]	0.01705699201299568	0.02165967239745491	0.023419520779748258	0.023419520779748258
LTC/USDT	2024-06-20 01:15:00+00:00	[0.50,0.75)	0.006744907594765952	0.0068798057466613405	0.021179009847564996	0.02846351004991231
LTC/USDT	2024-06-21 01:15:00+00:00	[0.25,0.50)	0.004837409298575644	0.007121741467347503	0.02754635850577817	0.03144316044074178
LTC/USDT	2024-06-22 01:15:00+00:00	[0.25,0.50)	0.003936473462739327	0.0057010994977603055	0.016153115243654103	0.01696755802904846
LTC/USDT	2024-06-23 01:15:00+00:00	[0.00,0.05)	0.0013403029084574256	0.0044229995979091045	0.012330786757807287	0.033641603002278586
LTC/USDT	2024-06-24 01:15:00+00:00	[0.75,1.00]	0.004514363885088897	0.030506155950752255	0.06279069767441846	0.07701778385772909
LTC/USDT	2024-06-25 01:15:00+00:00	[0.75,1.00]	0.008768147189880688	0.02587322121604136	0.02587322121604136	0.03708495040965931
LTC/USDT	2024-06-26 01:15:00+00:00	[0.25,0.50)	0.008826001681143314	0.012748669094984542	0.013309050154104832	0.022275147100028068
LTC/USDT	2024-06-27 01:15:00+00:00	[0.25,0.50)	0.0038162544169610744	0.006643109540636027	0.02586572438162542	0.04353356890459362
LTC/USDT	2024-06-28 01:15:00+00:00	[0.25,0.50)	0.0078782939418636	0.009100787829394209	0.027166530834012496	0.030154849225753854
LTC/USDT	2024-06-29 01:15:00+00:00	[0.25,0.50)	0.008883422167554892	0.01038677053437208	0.02050020500205002	0.0509771764384311
LTC/USDT	2024-06-30 01:15:00+00:00	[0.75,1.00]	0.00774055785399723	0.018417189376751762	0.018417189376751762	0.02495662618443887
LTC/USDT	2024-07-01 01:15:00+00:00	[0.50,0.75)	0.005937458767647296	0.012666578704314469	0.020187359810001144	0.023617891542419736
LTC/USDT	2024-07-02 01:15:00+00:00	[0.00,0.05)	0.003630496167809547	0.007395455156649339	0.015328761597418321	0.02501008471157724
LTC/USDT	2024-07-03 01:15:00+00:00	[0.50,0.75)	0.008281845668463385	0.021690548179308607	0.037465492309714854	0.06954121204154078
LTC/USDT	2024-07-04 01:15:00+00:00	[0.75,1.00]	0.035869412918593274	0.035869412918593274	0.057727336415861065	0.14459857082807903
LTC/USDT	2024-07-05 01:15:00+00:00	[0.75,1.00]	0.031244940909826772	0.0987534401813178	0.0987534401813178	0.10085802169337872
LTC/USDT	2024-07-06 01:15:00+00:00	[0.75,1.00]	0.013659006909850578	0.01478386630242651	0.03358508757833848	0.06861642294713166
LTC/USDT	2024-07-07 01:15:00+00:00	[0.50,0.75)	0.010023130300693997	0.02158828064764829	0.03330763299922894	0.09745566692366991
LTC/USDT	2024-07-08 01:15:00+00:00	[0.75,1.00]	0.03587518771900548	0.05422993492407809	0.12547972634740537	0.12547972634740537
LTC/USDT	2024-07-09 01:15:00+00:00	[0.25,0.50)	0.011267170859700412	0.018984411174563814	0.02839944435869716	0.031486340484642564
LTC/USDT	2024-07-10 01:15:00+00:00	[0.50,0.75)	0.0071009570855201255	0.02593393022537809	0.02809509107749295	0.0409076875578881
LTC/USDT	2024-07-11 01:15:00+00:00	[0.50,0.75)	0.00984486873508348	0.017004773269689744	0.04057279236276848	0.04057279236276848
LTC/USDT	2024-07-12 01:15:00+00:00	[0.50,0.75)	0.018797553334327775	0.022228852752498803	0.03490974190660882	0.04475607936744741
LTC/USDT	2024-07-13 01:15:00+00:00	[0.50,0.75)	0.00544802867383506	0.009749103942652427	0.022222222222222386	0.022222222222222386
LTC/USDT	2024-07-14 01:15:00+00:00	[0.25,0.50)	0.007703281027104227	0.010699001426533525	0.013980028530670529	0.019543509272467768
LTC/USDT	2024-07-15 01:15:00+00:00	[0.25,0.50)	0.008810572687224733	0.01506323717493253	0.020179053573966203	0.0466107716356402
LTC/USDT	2024-07-16 01:15:00+00:00	[0.50,0.75)	0.0067279967046546055	0.011808320746944934	0.04311410133186874	0.05368666758204032
LTC/USDT	2024-07-17 01:15:00+00:00	[0.75,1.00]	0.0086428089128967	0.01201890614449697	0.028359216745442194	0.04172856178257919
LTC/USDT	2024-07-18 01:15:00+00:00	[0.50,0.75)	0.009287496534516241	0.013168838369836271	0.019406709176600936	0.033961741059051885
LTC/USDT	2024-07-19 01:15:00+00:00	[0.25,0.50)	0.008130081300812985	0.010092514718250813	0.02971684889262692	0.06251752172694132
LTC/USDT	2024-07-20 01:15:00+00:00	[0.10,0.25)	0.006006825938566716	0.006006825938566716	0.017337883959044315	0.021979522184300333
LTC/USDT	2024-07-21 01:15:00+00:00	[0.10,0.25)	0.0030050539543778018	0.005600327824067704	0.01584482994126481	0.04644174293129362
LTC/USDT	2024-07-22 01:15:00+00:00	[0.50,0.75)	0.008488278092158578	0.015359741309620057	0.027081649151172067	0.05214227970897319
LTC/USDT	2024-07-23 01:15:00+00:00	[0.75,1.00]	0.011722521031581772	0.029237346572886364	0.03282305888842912	0.0375120673010619
LTC/USDT	2024-07-24 01:15:00+00:00	[0.50,0.75)	0.00740842365207856	0.0161887776100975	0.02469474550692821	0.0746330086431609
LTC/USDT	2024-07-25 01:15:00+00:00	[0.75,1.00]	0.014312563249963783	0.020818273818129212	0.03035998265143861	0.036431979181726123
LTC/USDT	2024-07-26 01:15:00+00:00	[0.50,0.75)	0.00803673938002279	0.021814006888633695	0.03300803673937998	0.03300803673937998
LTC/USDT	2024-07-27 01:15:00+00:00	[0.05,0.10)	0.0029444756029163455	0.005608524957935943	0.010656197420078393	0.02944475602916445
LTC/USDT	2024-07-28 01:15:00+00:00	[0.50,0.75)	0.005034965034965027	0.019860139860139885	0.019999999999999896	0.02265734265734252
LTC/USDT	2024-07-29 01:15:00+00:00	[0.50,0.75)	0.006681514476614754	0.02978841870824054	0.07363585746102458	0.07363585746102458
LTC/USDT	2024-07-30 01:15:00+00:00	[0.25,0.50)	0.018438761776581488	0.018438761776581488	0.018438761776581488	0.04535666218035
LTC/USDT	2024-07-31 01:15:00+00:00	[0.25,0.50)	0.014805590148056005	0.022415940224159468	0.022415940224159468	0.04247959042479601
LTC/USDT	2024-08-01 01:15:00+00:00	[0.50,0.75)	0.012955921701168872	0.030559076186452636	0.030559076186452636	0.0775947049711309
LTC/USDT	2024-08-02 01:15:00+00:00	[0.75,1.00]	0.01535119478638671	0.017523533671252627	0.027081824764663354	0.09080376538740048
LTC/USDT	2024-08-03 01:15:00+00:00	[0.75,1.00]	0.012261368927518113	0.018780071395312643	0.0324383051373582	0.059133943814992936
LTC/USDT	2024-08-04 01:15:00+00:00	[0.75,1.00]	0.013955652039075915	0.017211970848193512	0.019227787253837725	0.17056908047759345
LTC/USDT	2024-08-05 01:15:00+00:00	[0.75,1.00]	0.04962167869083231	0.07144114024282953	0.13408411050501504	0.16259018124230165
LTC/USDT	2024-08-06 01:15:00+00:00	[0.75,1.00]	0.01215545283341895	0.015579524054100269	0.04160246533127889	0.0503338469440164
LTC/USDT	2024-08-07 01:15:00+00:00	[0.75,1.00]	0.021795537104307303	0.028368794326241144	0.03096350112437293	0.07507351669261379
LTC/USDT	2024-08-08 01:15:00+00:00	[0.75,1.00]	0.031731962418010976	0.03917745080659459	0.05105477752171593	0.09962772558057079
LTC/USDT	2024-08-09 01:15:00+00:00	[0.75,1.00]	0.004606020727093174	0.02204309919394643	0.02204309919394643	0.03421615397269285
LTC/USDT	2024-08-10 01:15:00+00:00	[0.50,0.75)	0.007600793126239273	0.012392597488433575	0.023298083278255066	0.024950429610046232
LTC/USDT	2024-08-11 01:15:00+00:00	[0.25,0.50)	0.005856515373352846	0.012363754677078218	0.031397429640475025	0.058727834716121675
LTC/USDT	2024-08-12 01:15:00+00:00	[0.50,0.75)	0.006806108897742425	0.017596281540504684	0.034196547144754355	0.0529548472775564
LTC/USDT	2024-08-13 01:15:00+00:00	[0.75,1.00]	0.010101010101010142	0.015231681898348611	0.021484688151354875	0.04056437389770725
LTC/USDT	2024-08-14 01:15:00+00:00	[0.10,0.25)	0.010783380907072624	0.015699333967649887	0.017760862670472524	0.034728829686013395
LTC/USDT	2024-08-15 01:15:00+00:00	[0.25,0.50)	0.009904054472299606	0.013463324048282335	0.033116682141751785	0.05106778087279475
LTC/USDT	2024-08-16 01:15:00+00:00	[0.50,0.75)	0.007513032812020775	0.022999080036798528	0.03817847286108548	0.03848512726157628
LTC/USDT	2024-08-17 01:15:00+00:00	[0.05,0.10)	0.005408653846153837	0.010216346153846256	0.029897836538461675	0.029897836538461675
LTC/USDT	2024-08-18 01:15:00+00:00	[0.00,0.05)	0.004294387679549712	0.009773434029320462	0.015548645046645894	0.031097290093291787
LTC/USDT	2024-08-19 01:15:00+00:00	[0.10,0.25)	0.005703992794956401	0.01200840588411884	0.02131492044431104	0.02746922845992192
LTC/USDT	2024-08-20 01:15:00+00:00	[0.50,0.75)	0.008791536283713357	0.011622708985248116	0.02369244523915964	0.06168976307554772
LTC/USDT	2024-08-21 01:15:00+00:00	[0.25,0.50)	0.007507037847982546	0.01376290272130115	0.035814826399749755	0.04238348451673434
LTC/USDT	2024-08-22 01:15:00+00:00	[0.50,0.75)	0.006756756756756752	0.020113136392206177	0.020113136392206177	0.02608422375864242
LTC/USDT	2024-08-23 01:15:00+00:00	[0.00,0.05)	0.005182974713365766	0.009894769907334624	0.013821265902308708	0.053557405371446466
LTC/USDT	2024-08-24 01:15:00+00:00	[0.25,0.50)	0.00822919841511722	0.013258153002133347	0.032307223407497566	0.039012496190185736
LTC/USDT	2024-08-25 01:15:00+00:00	[0.50,0.75)	0.01088435374149658	0.014814814814814874	0.030385487528344746	0.03053665910808783
LTC/USDT	2024-08-26 01:15:00+00:00	[0.25,0.50)	0.011584800741427249	0.011584800741427249	0.020543713314797516	0.0290392338585109
LTC/USDT	2024-08-27 01:15:00+00:00	[0.25,0.50)	0.006625650733554103	0.009780722511437094	0.022243256034074833	0.07840353368039121
LTC/USDT	2024-08-28 01:15:00+00:00	[0.75,1.00]	0.009682804674457519	0.02003338898163611	0.037896494156928265	0.04974958263772962
LTC/USDT	2024-08-29 01:15:00+00:00	[0.10,0.25)	0.008925673482635461	0.012495942875689647	0.02061019149626738	0.046575787082116155
LTC/USDT	2024-08-30 01:15:00+00:00	[0.50,0.75)	0.009043927648578733	0.009366925064599456	0.03488372093023262	0.07057493540051686
LTC/USDT	2024-08-31 01:15:00+00:00	[0.50,0.75)	0.007300380228136727	0.013840304182509453	0.020076045627376537	0.032091254752851704
LTC/USDT	2024-09-01 01:15:00+00:00	[0.25,0.50)	0.007137315748642481	0.008688906128782037	0.013498836307214965	0.0355314197051977
LTC/USDT	2024-09-02 01:15:00+00:00	[0.75,1.00]	0.006893310355632113	0.018329938900203582	0.030863230455898352	0.049819833933886885
LTC/USDT	2024-09-03 01:15:00+00:00	[0.10,0.25)	0.009732360097323608	0.011253041362530336	0.014294403892944002	0.06630170316301691
LTC/USDT	2024-09-04 01:15:00+00:00	[0.75,1.00]	0.023805770140312123	0.04035945136370795	0.044458458142834625	0.04887277313574021
LTC/USDT	2024-09-05 01:15:00+00:00	[0.25,0.50)	0.015646156160674083	0.03294719422295769	0.058823529411764656	0.06198284940574681
LTC/USDT	2024-09-06 01:15:00+00:00	[0.50,0.75)	0.0069224981188865005	0.01324303987960866	0.03130173062452969	0.0847253574115877
LTC/USDT	2024-09-07 01:15:00+00:00	[0.75,1.00]	0.008742648227626836	0.021141312986806524	0.021141312986806524	0.04005722460658077
LTC/USDT	2024-09-08 01:15:00+00:00	[0.05,0.10)	0.006612903225806511	0.010161290322580686	0.024999999999999953	0.03919354838709677
LTC/USDT	2024-09-09 01:15:00+00:00	[0.50,0.75)	0.00711331679073614	0.011745244003308532	0.017369727047146472	0.03589743589743592
LTC/USDT	2024-09-10 01:15:00+00:00	[0.50,0.75)	0.0075657894736842245	0.007730263157894718	0.018421052631578907	0.023355263157894764
LTC/USDT	2024-09-11 01:15:00+00:00	[0.10,0.25)	0.012254901960784314	0.0160130718954249	0.02385620915032681	0.037418300653594756
LTC/USDT	2024-09-12 01:15:00+00:00	[0.10,0.25)	0.008685861347916988	0.011581148463889317	0.016245777706289176	0.025735885475309542
LTC/USDT	2024-09-13 01:15:00+00:00	[0.10,0.25)	0.004957620342235763	0.006077083000159964	0.02542779465856383	0.04557812250119945
LTC/USDT	2024-09-14 01:15:00+00:00	[0.25,0.50)	0.006439742410303614	0.007819687212511578	0.018245936829193465	0.028978840846366153
LTC/USDT	2024-09-15 01:15:00+00:00	[0.05,0.10)	0.004538577912254118	0.01603630862329807	0.02738275340393347	0.0556732223903177
LTC/USDT	2024-09-16 01:15:00+00:00	[0.75,1.00]	0.009516256938937375	0.011260904044409213	0.021411578112609065	0.028865979381443304
LTC/USDT	2024-09-17 01:15:00+00:00	[0.25,0.50)	0.006749156355455596	0.019122609673790855	0.020890245862124446	0.030049815201671295
LTC/USDT	2024-09-18 01:15:00+00:00	[0.10,0.25)	0.007545983335953417	0.01399151076874695	0.019965414243043485	0.0485772677252005
LTC/USDT	2024-09-19 01:15:00+00:00	[0.75,1.00]	0.005700200277307111	0.010321984285934397	0.01910337390232644	0.021106146972731544
LTC/USDT	2024-09-20 01:15:00+00:00	[0.25,0.50)	0.006297035785593777	0.02442021194900942	0.024573798187682516	0.03256028259867923
LTC/USDT	2024-09-21 01:15:00+00:00	[0.00,0.05)	0.00796812749003978	0.009806926141587504	0.017928286852589667	0.038768004903463084
LTC/USDT	2024-09-22 01:15:00+00:00	[0.25,0.50)	0.008628384409401939	0.013835168104730625	0.01517405534067236	0.035108598631359705
LTC/USDT	2024-09-23 01:15:00+00:00	[0.75,1.00]	0.009898107714701494	0.020378457059679642	0.03813682678311485	0.04395924308588058
LTC/USDT	2024-09-24 01:15:00+00:00	[0.25,0.50)	0.006632499246307083	0.00783840820018104	0.01462164606572202	0.02215857702743441
LTC/USDT	2024-09-25 01:15:00+00:00	[0.25,0.50)	0.007164179104477459	0.009999999999999813	0.019402985074626823	0.031194029850746107
LTC/USDT	2024-09-26 01:15:00+00:00	[0.75,1.00]	0.012577663282315478	0.021215335656917803	0.03424761327473868	0.04849219578724054
LTC/USDT	2024-09-27 01:15:00+00:00	[0.75,1.00]	0.007706848916678801	0.018176530463865057	0.03329940380980067	0.0463865057437836
LTC/USDT	2024-09-28 01:15:00+00:00	[0.25,0.50)	0.006477960850584336	0.010139416983523431	0.035347134206449665	0.035347134206449665
LTC/USDT	2024-09-29 01:15:00+00:00	[0.10,0.25)	0.007324429125376863	0.011632916846187022	0.01996265977308632	0.026281775096940952
LTC/USDT	2024-09-30 01:15:00+00:00	[0.75,1.00]	0.010619726505673612	0.01905731742798956	0.033168460867035225	0.036805353505964526
LTC/USDT	2024-10-01 01:15:00+00:00	[0.50,0.75)	0.007253886010362619	0.012731310140636557	0.018504811250925242	0.09755736491487792
LTC/USDT	2024-10-02 01:15:00+00:00	[0.50,0.75)	0.005158668125683999	0.008128810379865611	0.028294513052993516	0.03970611224011254
LTC/USDT	2024-10-03 01:15:00+00:00	[0.50,0.75)	0.006601697579377582	0.008645080163470563	0.0322225715183904	0.034580320653882474
LTC/USDT	2024-10-04 01:15:00+00:00	[0.25,0.50)	0.007497656982192905	0.011090284286160478	0.012808497344579712	0.026241799437675614
LTC/USDT	2024-10-05 01:15:00+00:00	[0.25,0.50)	0.005971520440973825	0.012249272699433426	0.018680140866636025	0.0303169499310979
LTC/USDT	2024-10-06 01:15:00+00:00	[0.75,1.00]	0.004053445428614476	0.006305359555622304	0.02026722714307174	0.02161837561927635
LTC/USDT	2024-10-07 01:15:00+00:00	[0.25,0.50)	0.00458037825059105	0.009456264775413718	0.03486997635933805	0.05171394799054373
LTC/USDT	2024-10-08 01:15:00+00:00	[0.75,1.00]	0.007836508912108254	0.008912108174554586	0.01720958819913959	0.02519975414874002
LTC/USDT	2024-10-09 01:15:00+00:00	[0.25,0.50)	0.004402611203886322	0.008653408228328422	0.017762258994990156	0.028237437376650968
LTC/USDT	2024-10-10 01:15:00+00:00	[0.25,0.50)	0.0034003091190108014	0.00494590417310676	0.018701700154559516	0.028902627511592033
LTC/USDT	2024-10-11 01:15:00+00:00	[0.25,0.50)	0.006048387096774202	0.01194168734491331	0.014423076923077028	0.023418114143920674
LTC/USDT	2024-10-12 01:15:00+00:00	[0.00,0.05)	0.005028188328508278	0.010208746000304766	0.023007770836507773	0.0240743562395248
LTC/USDT	2024-10-13 01:15:00+00:00	[0.25,0.50)	0.004104591061112739	0.006536941319550119	0.013073882639100021	0.02553967771359086
LTC/USDT	2024-10-14 01:15:00+00:00	[0.25,0.50)	0.010204081632653007	0.027210884353741353	0.030303030303030203	0.05766852195423607
LTC/USDT	2024-10-15 01:15:00+00:00	[0.75,1.00]	0.005485544848035649	0.013046701260192667	0.02713120830244623	0.11564121571534465
LTC/USDT	2024-10-16 01:15:00+00:00	[0.75,1.00]	0.017852200387489508	0.02477165790202037	0.03279822861887634	0.04857459175200671
LTC/USDT	2024-10-17 01:15:00+00:00	[0.25,0.50)	0.006519274376417145	0.00992063492063496	0.023242630385487534	0.05272108843537413
LTC/USDT	2024-10-18 01:15:00+00:00	[0.75,1.00]	0.02069434989788986	0.03362831858407078	0.04057181756296806	0.04057181756296806
LTC/USDT	2024-10-19 01:15:00+00:00	[0.25,0.50)	0.007052760070527546	0.009087210090872124	0.036077580360775754	0.036077580360775754
LTC/USDT	2024-10-20 01:15:00+00:00	[0.10,0.25)	0.005862758161225819	0.012791472351765407	0.01825449700199873	0.030379746835443054
LTC/USDT	2024-10-21 01:15:00+00:00	[0.25,0.50)	0.005781901304289265	0.011832728250638637	0.030523060373806588	0.05714669893774371
LTC/USDT	2024-10-22 01:15:00+00:00	[0.10,0.25)	0.005074711023400048	0.012968705948689057	0.024668734141528054	0.0359458697490839
LTC/USDT	2024-10-23 01:15:00+00:00	[0.50,0.75)	0.008513708513708564	0.010101010101010142	0.016738816738816897	0.03737373737373743
LTC/USDT	2024-10-24 01:15:00+00:00	[0.50,0.75)	0.0076944998575091475	0.011256768310059732	0.0183813052151609	0.029068110572812653
LTC/USDT	2024-10-25 01:15:00+00:00	[0.10,0.25)	0.00589390962671908	0.011086163345495257	0.01908504069604265	0.07704181869211331
LTC/USDT	2024-10-26 01:15:00+00:00	[0.75,1.00]	0.014676258992805698	0.016834532374100743	0.016834532374100743	0.02402877697841729
LTC/USDT	2024-10-27 01:15:00+00:00	[0.25,0.50)	0.0057235104197241055	0.015262694452597685	0.03889051951863818	0.04901673026122694
LTC/USDT	2024-10-28 01:15:00+00:00	[0.50,0.75)	0.006457046603031917	0.016142616507579893	0.018809657495788733	0.027653003930376178
LTC/USDT	2024-10-29 01:15:00+00:00	[0.50,0.75)	0.01584852734922855	0.016269284712482422	0.021178120617110673	0.043338008415147115
LTC/USDT	2024-10-30 01:15:00+00:00	[0.75,1.00]	0.005160239000543122	0.011950027159152573	0.03014665942422595	0.03014665942422595
LTC/USDT	2024-10-31 01:15:00+00:00	[0.25,0.50)	0.011728567439262823	0.011728567439262823	0.021781625244345185	0.05152192125104716
LTC/USDT	2024-11-01 01:15:00+00:00	[0.25,0.50)	0.01906687852087256	0.01906687852087256	0.03582262025133618	0.04896721074678608
LTC/USDT	2024-11-02 01:15:00+00:00	[0.50,0.75)	0.006353240152477804	0.01905972045743321	0.020753917831427347	0.03501341239587751
LTC/USDT	2024-11-03 01:15:00+00:00	[0.25,0.50)	0.012628828567281033	0.027725359268398846	0.027725359268398846	0.05269269850486276
LTC/USDT	2024-11-04 01:15:00+00:00	[0.50,0.75)	0.0065320665083135054	0.0139548693586698	0.02508907363420424	0.0488420427553443
LTC/USDT	2024-11-05 01:15:00+00:00	[0.75,1.00]	0.011583600060966395	0.019509221155311708	0.030178326474622832	0.03932327389117532
LTC/USDT	2024-11-06 01:15:00+00:00	[0.75,1.00]	0.021495745633676636	0.0531422600388118	0.060755336617405696	0.07657859381997306
LTC/USDT	2024-11-07 01:15:00+00:00	[0.75,1.00]	0.018351174753232412	0.02432920895314889	0.033365772278604273	0.038370638120394894
LTC/USDT	2024-11-08 01:15:00+00:00	[0.75,1.00]	0.018113938053097377	0.02253871681415923	0.02378318584070795	0.033324115044247746
LTC/USDT	2024-11-09 01:15:00+00:00	[0.50,0.75)	0.013496763531194104	0.014736262222834423	0.02327503098746726	0.043933342514805095
LTC/USDT	2024-11-10 01:15:00+00:00	[0.75,1.00]	0.01132533369286759	0.0471888903869489	0.056896319266549804	0.06404206552514494
LTC/USDT	2024-11-11 01:15:00+00:00	[0.75,1.00]	0.007884192839601905	0.03334625823962774	0.04381543233811555	0.07496445650769046
LTC/USDT	2024-11-12 01:15:00+00:00	[0.75,1.00]	0.007881021990593677	0.1450362272785051	0.18787339519511886	0.18787339519511886
LTC/USDT	2024-11-13 01:15:00+00:00	[0.75,1.00]	0.02387862796833776	0.05567282321899735	0.05633245382585747	0.08007915567282332
LTC/USDT	2024-11-14 01:15:00+00:00	[0.75,1.00]	0.01894906598575456	0.14554495363526407	0.14554495363526407	0.14554495363526407
LTC/USDT	2024-11-15 01:15:00+00:00	[0.75,1.00]	0.0346211741093829	0.04540893125940781	0.1069994982438535	0.1069994982438535
LTC/USDT	2024-11-16 01:15:00+00:00	[0.50,0.75)	0.009586933364895281	0.04237187832879629	0.08829447271866486	0.17931116108415188
LTC/USDT	2024-11-17 01:15:00+00:00	[0.75,1.00]	0.058000212066588896	0.058000212066588896	0.08047927049093419	0.10274626232637045
LTC/USDT	2024-11-18 01:15:00+00:00	[0.50,0.75)	0.028258166610150334	0.07347123318639087	0.07347123318639087	0.0974341584717984
LTC/USDT	2024-11-19 01:15:00+00:00	[0.50,0.75)	0.011455525606469117	0.018867924528301803	0.03470350404312672	0.057389937106918386
LTC/USDT	2024-11-20 01:15:00+00:00	[0.50,0.75)	0.011962003049137986	0.035886009147414126	0.04913803213322402	0.06450099683358743
LTC/USDT	2024-11-21 01:15:00+00:00	[0.25,0.50)	0.030406599882144943	0.07354154390100172	0.13506187389510896	0.13506187389510896
LTC/USDT	2024-11-22 01:15:00+00:00	[0.50,0.75)	0.021106420795378868	0.02410575427682739	0.05387691624083531	0.109642301710731
LTC/USDT	2024-11-23 01:15:00+00:00	[0.75,1.00]	0.06416065911431518	0.0848609680741503	0.08496395468589084	0.10442842430484038
LTC/USDT	2024-11-24 01:15:00+00:00	[0.50,0.75)	0.015180077388629835	0.031253100506002635	0.11558686377616832	0.11558686377616832
LTC/USDT	2024-11-25 01:15:00+00:00	[0.50,0.75)	0.020747327193818228	0.037895628241769855	0.05483222186937659	0.08796443315338205
LTC/USDT	2024-11-26 01:15:00+00:00	[0.75,1.00]	0.009868421052631651	0.021965195246180045	0.07809847198641766	0.07809847198641766
LTC/USDT	2024-11-27 01:15:00+00:00	[0.50,0.75)	0.014583558388246825	0.026358431457275705	0.04267041158042566	0.07183752835691916
LTC/USDT	2024-11-28 01:15:00+00:00	[0.25,0.50)	0.010754890914677837	0.030216122093618795	0.04363412885383597	0.047628802622144896
LTC/USDT	2024-11-29 01:15:00+00:00	[0.25,0.50)	0.01733264141152037	0.01733264141152037	0.038713025428126664	0.10586403736377793
LTC/USDT	2024-11-30 01:15:00+00:00	[0.50,0.75)	0.013208100968594016	0.022013501614323455	0.04392916544369431	0.04490754329321974
LTC/USDT	2024-12-01 01:15:00+00:00	[0.25,0.50)	0.021797021402505258	0.032251701351218166	0.032251701351218166	0.30012821777295595
LTC/USDT	2024-12-02 01:15:00+00:00	[0.75,1.00]	0.05842433697347901	0.08829953198127932	0.1105304212168488	0.19586583463338547
LTC/USDT	2024-12-03 01:15:00+00:00	[0.75,1.00]	0.02807709819395976	0.02982243132493555	0.05023524055243602	0.10426468356351491
LTC/USDT	2024-12-04 01:15:00+00:00	[0.50,0.75)	0.038750678136867396	0.03975819576842591	0.05029838022165384	0.10695187165775388
LTC/USDT	2024-12-05 01:15:00+00:00	[0.75,1.00]	0.033502699269609394	0.06089234677675443	0.14814226738647188	0.1724356938710702
LTC/USDT	2024-12-06 01:15:00+00:00	[0.50,0.75)	0.018188458728999126	0.02059897735573406	0.06157779401022628	0.06157779401022628
LTC/USDT	2024-12-07 01:15:00+00:00	[0.10,0.25)	0.018529455189723834	0.025099660416358905	0.03248191347999393	0.05101136866971797
LTC/USDT	2024-12-08 01:15:00+00:00	[0.05,0.10)	0.010874422761805513	0.03038879785490827	0.03739013853716656	0.04334872635185456
LTC/USDT	2024-12-09 01:15:00+00:00	[0.25,0.50)	0.017041170260895938	0.03559040868647262	0.09289699894435234	0.24332679837128646
LTC/USDT	2024-12-10 01:15:00+00:00	[0.75,1.00]	0.028370075894470548	0.07209974701843141	0.08881460065052402	0.12296711239609684
LTC/USDT	2024-12-11 01:15:00+00:00	[0.50,0.75)	0.02144267845387004	0.04627104297940376	0.08012790369604059	0.11915734035549705
LTC/USDT	2024-12-12 01:15:00+00:00	[0.00,0.05)	0.014453324264580876	0.05228702601598372	0.06376466587315083	0.07235164087740184
LTC/USDT	2024-12-13 01:15:00+00:00	[0.25,0.50)	0.01497490002552532	0.03939419722624007	0.04143622904790258	0.06687654215944865
LTC/USDT	2024-12-14 01:15:00+00:00	[0.25,0.50)	0.0138978668390433	0.01599870717517768	0.05009696186166765	0.06989334195216541
LTC/USDT	2024-12-15 01:15:00+00:00	[0.25,0.50)	0.014760458839406208	0.02521929824561411	0.04967948717948718	0.08240553306342777
LTC/USDT	2024-12-16 01:15:00+00:00	[0.75,1.00]	0.016409423233143868	0.032087733549959405	0.06807473598700252	0.06807473598700252
LTC/USDT	2024-12-17 01:15:00+00:00	[0.50,0.75)	0.010821404226312168	0.018575323790047654	0.033912747102931184	0.14579072937968632
LTC/USDT	2024-12-18 01:15:00+00:00	[0.50,0.75)	0.022010848203757656	0.062416476692084055	0.09873437622828407	0.1755365144249667
LTC/USDT	2024-12-19 01:15:00+00:00	[0.50,0.75)	0.050975340449024714	0.05594405594405592	0.07784320942215686	0.15706661759293344
LTC/USDT	2024-12-20 01:15:00+00:00	[0.50,0.75)	0.0244800477659468	0.035028361030948314	0.16529007861478753	0.16529007861478753
LTC/USDT	2024-12-21 01:15:00+00:00	[0.50,0.75)	0.012711864406779723	0.03626330311391414	0.07607410327158073	0.08178951517540413
LTC/USDT	2024-12-22 01:15:00+00:00	[0.25,0.50)	0.013989483083639216	0.042960611171743206	0.07252703641234251	0.07252703641234251
LTC/USDT	2024-12-23 01:15:00+00:00	[0.10,0.25)	0.021902943836029264	0.07475133125690744	0.07475133125690744	0.09173113634080172
LTC/USDT	2024-12-24 01:15:00+00:00	[0.25,0.50)	0.018878610534264678	0.029828204644138295	0.03955068906928461	0.06484802718519922
LTC/USDT	2024-12-25 01:15:00+00:00	[0.00,0.05)	0.00804959289415239	0.012120651369356054	0.03016284233900819	0.03469652109548483
LTC/USDT	2024-12-26 01:15:00+00:00	[0.10,0.25)	0.01083363936834367	0.021300036724201186	0.060962174072713926	0.07592728608152768
LTC/USDT	2024-12-27 01:15:00+00:00	[0.05,0.10)	0.012473202104852865	0.0184174624829468	0.046969401676086604	0.06977197427402076
LTC/USDT	2024-12-28 01:15:00+00:00	[0.50,0.75)	0.009428284854563668	0.011133400200601799	0.020862587763289853	0.03139418254764288
LTC/USDT	2024-12-29 01:15:00+00:00	[0.10,0.25)	0.00672016048144435	0.0134403209628887	0.014643931795386096	0.04844533600802405
LTC/USDT	2024-12-30 01:15:00+00:00	[0.25,0.50)	0.016127426580388158	0.016127426580388158	0.0316575410652065	0.05664509706321551
LTC/USDT	2024-12-31 01:15:00+00:00	[0.50,0.75)	0.008227526663280731	0.016150330116810597	0.06957846622651086	0.07546978161503308
AVAX/USDT	2023-01-01 00:00:00+00:00	[0.50,0.75)	0.006439742410303614	0.009199632014719543	0.02299908003679853	0.027598896044158137
AVAX/USDT	2023-01-02 00:00:00+00:00	[0.25,0.50)	0.012915129151291565	0.023985239852398667	0.05258302583025833	0.05258302583025833
AVAX/USDT	2023-01-03 00:00:00+00:00	[0.10,0.25)	0.008071748878923753	0.012556053811659085	0.027802690582959526	0.04484304932735426
AVAX/USDT	2023-01-04 00:00:00+00:00	[0.25,0.50)	0.012313104661389672	0.046613896218117803	0.058047493403693945	0.08443271767810034
AVAX/USDT	2023-01-05 00:00:00+00:00	[0.50,0.75)	0.015676567656765637	0.015676567656765637	0.03135313531353142	0.041254125412541254
AVAX/USDT	2023-01-06 00:00:00+00:00	[0.50,0.75)	0.011101622544833541	0.011955593509820714	0.037574722459436334	0.03928266438941083
AVAX/USDT	2023-01-07 00:00:00+00:00	[0.50,0.75)	0.009361702127659527	0.010212765957446742	0.014468085106382972	0.018723404255319053
AVAX/USDT	2023-01-08 00:00:00+00:00	[0.10,0.25)	0.013628620102214663	0.013628620102214663	0.02470187393526398	0.05536626916524705
AVAX/USDT	2023-01-09 00:00:00+00:00	[0.75,1.00]	0.026294165981922784	0.041084634346754315	0.041084634346754315	0.046836483155299945
AVAX/USDT	2023-01-10 00:00:00+00:00	[0.75,1.00]	0.015484922575387083	0.03259983700081503	0.04482477587612068	0.07579462102689484
AVAX/USDT	2023-01-11 00:00:00+00:00	[0.25,0.50)	0.007086614173228336	0.02992125984251961	0.02992125984251961	0.3346456692913386
AVAX/USDT	2023-01-12 00:00:00+00:00	[0.75,1.00]	0.0483476132190943	0.0483476132190943	0.0801713586291311	0.10403916768665858
AVAX/USDT	2023-01-13 00:00:00+00:00	[0.50,0.75)	0.032658393207054215	0.03461789679947754	0.09274983670803408	0.10777269758327904
AVAX/USDT	2023-01-14 00:00:00+00:00	[0.75,1.00]	0.05590062111801244	0.08260869565217391	0.17080745341614906	0.17080745341614906
AVAX/USDT	2023-01-15 00:00:00+00:00	[0.75,1.00]	0.049674748669426366	0.049674748669426366	0.05913660555884092	0.07096392667060906
AVAX/USDT	2023-01-16 00:00:00+00:00	[0.25,0.50)	0.02965599051008304	0.0474495848161329	0.07473309608540935	0.07591933570581265
AVAX/USDT	2023-01-17 00:00:00+00:00	[0.50,0.75)	0.05029585798816577	0.05029585798816577	0.05029585798816577	0.09467455621301785
AVAX/USDT	2023-01-18 00:00:00+00:00	[0.75,1.00]	0.015882352941176445	0.023529411764706007	0.03764705882352944	0.1123529411764706
AVAX/USDT	2023-01-19 00:00:00+00:00	[0.75,1.00]	0.012610340479192893	0.018284993694829818	0.03720050441361916	0.0378310214375789
AVAX/USDT	2023-01-20 00:00:00+00:00	[0.25,0.50)	0.011786600496277994	0.016749379652605433	0.026674937965260527	0.10732009925558314
AVAX/USDT	2023-01-21 00:00:00+00:00	[0.75,1.00]	0.01674364896073898	0.02251732101616611	0.052540415704388	0.05369515011547363
AVAX/USDT	2023-01-22 00:00:00+00:00	[0.75,1.00]	0.007647058823529353	0.017058823529411713	0.0452941176470588	0.09764705882352942
AVAX/USDT	2023-01-23 00:00:00+00:00	[0.75,1.00]	0.024769585253456204	0.04147465437788012	0.04262672811059899	0.06394009216589859
AVAX/USDT	2023-01-24 00:00:00+00:00	[0.75,1.00]	0.04464285714285718	0.06305803571428566	0.06305803571428566	0.12388392857142849
AVAX/USDT	2023-01-25 00:00:00+00:00	[0.75,1.00]	0.018901358535144522	0.030714707619610135	0.06261075014766679	0.10336680448907265
AVAX/USDT	2023-01-26 00:00:00+00:00	[0.75,1.00]	0.016219239373601743	0.016219239373601743	0.037472035794183345	0.05704697986577179
AVAX/USDT	2023-01-27 00:00:00+00:00	[0.25,0.50)	0.021475770925110164	0.040748898678414205	0.040748898678414205	0.2323788546255508
AVAX/USDT	2023-01-28 00:00:00+00:00	[0.75,1.00]	0.056061332055582086	0.06420699568758984	0.07570675610924764	0.08433157642549104
AVAX/USDT	2023-01-29 00:00:00+00:00	[0.50,0.75)	0.027080256031511606	0.03889709502708039	0.03889709502708039	0.053668143771541284
AVAX/USDT	2023-01-30 00:00:00+00:00	[0.25,0.50)	0.014768937589328361	0.03144354454502145	0.07670319199618864	0.09814197236779414
AVAX/USDT	2023-01-31 00:00:00+00:00	[0.75,1.00]	0.012748597654258032	0.0224375318714942	0.027027027027027088	0.0448750637429884
AVAX/USDT	2023-02-01 00:00:00+00:00	[0.50,0.75)	0.011639676113360345	0.017206477732793515	0.04402834008097171	0.13157894736842093
AVAX/USDT	2023-02-02 00:00:00+00:00	[0.75,1.00]	0.026836158192090412	0.05790960451977403	0.05790960451977403	0.09274952919020711
AVAX/USDT	2023-02-03 00:00:00+00:00	[0.75,1.00]	0.021146616541353348	0.02302631578947361	0.02396616541353374	0.060150375939849676
AVAX/USDT	2023-02-04 00:00:00+00:00	[0.05,0.10)	0.012229539040451457	0.01740357478833478	0.02445907808090308	0.03998118532455321
AVAX/USDT	2023-02-05 00:00:00+00:00	[0.25,0.50)	0.016121384542437167	0.016121384542437167	0.016121384542437167	0.06543385490753907
AVAX/USDT	2023-02-06 00:00:00+00:00	[0.50,0.75)	0.0059523809523810015	0.01984126984126977	0.03323412698412707	0.05009920634920625
AVAX/USDT	2023-02-07 00:00:00+00:00	[0.75,1.00]	0.008625063419583873	0.02029426686960926	0.03196347031963465	0.06900050735667171
AVAX/USDT	2023-02-08 00:00:00+00:00	[0.75,1.00]	0.008133971291865941	0.01674641148325349	0.030143540669856413	0.06698564593301429
AVAX/USDT	2023-02-09 00:00:00+00:00	[0.25,0.50)	0.012468827930174562	0.056857855361595856	0.056857855361595856	0.13965087281795496
AVAX/USDT	2023-02-10 00:00:00+00:00	[0.75,1.00]	0.014492753623188293	0.02006688963210699	0.04180602006688963	0.04180602006688963
AVAX/USDT	2023-02-11 00:00:00+00:00	[0.50,0.75)	0.009044657998869225	0.013566986998304038	0.013566986998304038	0.025438100621820194
AVAX/USDT	2023-02-12 00:00:00+00:00	[0.25,0.50)	0.006107717934480812	0.012215435868961821	0.028317601332592892	0.05385896724042192
AVAX/USDT	2023-02-13 00:00:00+00:00	[0.75,1.00]	0.016338028169014036	0.04000000000000005	0.052957746478873115	0.05746478873239434
AVAX/USDT	2023-02-14 00:00:00+00:00	[0.50,0.75)	0.009090909090909097	0.019886363636363515	0.02045454545454542	0.06704545454545452
AVAX/USDT	2023-02-15 00:00:00+00:00	[0.00,0.05)	0.006637168141592976	0.010508849557522196	0.03318584070796468	0.12776548672566365
AVAX/USDT	2023-02-16 00:00:00+00:00	[0.75,1.00]	0.031219028741328	0.031219028741328	0.04013875123885046	0.09464816650148662
AVAX/USDT	2023-02-17 00:00:00+00:00	[0.75,1.00]	0.01604278074866295	0.022459893048128243	0.02620320855614965	0.05133689839572178
AVAX/USDT	2023-02-18 00:00:00+00:00	[0.50,0.75)	0.0081841432225064	0.033759590792838884	0.035294117647058705	0.041943734015345284
AVAX/USDT	2023-02-19 00:00:00+00:00	[0.25,0.50)	0.009216589861751136	0.011264720942140238	0.023041474654377843	0.059395801331285206
AVAX/USDT	2023-02-20 00:00:00+00:00	[0.50,0.75)	0.04185577407967717	0.044377206253151745	0.09783156833081197	0.11901159858799797
AVAX/USDT	2023-02-21 00:00:00+00:00	[0.10,0.25)	0.01152184349495929	0.020163226116178674	0.0475276044167066	0.08449351896303417
AVAX/USDT	2023-02-22 00:00:00+00:00	[0.50,0.75)	0.026836158192090412	0.059322033898304996	0.07580037664783425	0.09322033898305088
AVAX/USDT	2023-02-23 00:00:00+00:00	[0.50,0.75)	0.010324483775811251	0.02310717797443473	0.049164208456243856	0.05948869223205511
AVAX/USDT	2023-02-24 00:00:00+00:00	[0.25,0.50)	0.012690355329949238	0.013705583756345157	0.030456852791878247	0.09086294416243651
AVAX/USDT	2023-02-25 00:00:00+00:00	[0.25,0.50)	0.007072905331882427	0.015233949945593099	0.027747551686615975	0.06420021762785635
AVAX/USDT	2023-02-26 00:00:00+00:00	[0.50,0.75)	0.005599104143337146	0.015117581187010055	0.021836506159014592	0.041993281075028
AVAX/USDT	2023-02-27 00:00:00+00:00	[0.25,0.50)	0.005991285403050078	0.009259259259259158	0.023965141612200314	0.0511982570806099
AVAX/USDT	2023-02-28 00:00:00+00:00	[0.00,0.05)	0.008943543879262165	0.014533258803800894	0.03465623253214092	0.05589714924538848
AVAX/USDT	2023-03-01 00:00:00+00:00	[0.25,0.50)	0.011130638547158832	0.03339191564147629	0.049794961921499584	0.05038078500292908
AVAX/USDT	2023-03-02 00:00:00+00:00	[0.50,0.75)	0.01296505073280724	0.02593010146561448	0.04058624577226601	0.04227733934611049
AVAX/USDT	2023-03-03 00:00:00+00:00	[0.00,0.05)	0.00631458094144658	0.09414466130884033	0.09414466130884033	0.09414466130884033
AVAX/USDT	2023-03-04 00:00:00+00:00	[0.25,0.50)	0.012582384661473774	0.012582384661473774	0.01917315757938887	0.0695026962252845
AVAX/USDT	2023-03-05 00:00:00+00:00	[0.75,1.00]	0.0123992560446375	0.028518288902665896	0.028518288902665896	0.028518288902665896
AVAX/USDT	2023-03-06 00:00:00+00:00	[0.50,0.75)	0.011173184357541882	0.022967101179391745	0.023587833643699506	0.05462445685909367
AVAX/USDT	2023-03-07 00:00:00+00:00	[0.25,0.50)	0.012135922330097044	0.021237864077669987	0.03398058252427177	0.05339805825242723
AVAX/USDT	2023-03-08 00:00:00+00:00	[0.25,0.50)	0.0049382716049381666	0.012962962962963016	0.026543209876543305	0.07777777777777788
AVAX/USDT	2023-03-09 00:00:00+00:00	[0.75,1.00]	0.009240924092409277	0.02112211221122114	0.026402640264026424	0.09834983498349836
AVAX/USDT	2023-03-10 00:00:00+00:00	[0.75,1.00]	0.014705882352941112	0.028011204481792742	0.0469187675070028	0.09803921568627441
AVAX/USDT	2023-03-11 00:00:00+00:00	[0.50,0.75)	0.011470985155195677	0.04858299595141693	0.07894736842105263	0.08502024291497974
AVAX/USDT	2023-03-12 00:00:00+00:00	[0.50,0.75)	0.009027777777777832	0.01319444444444441	0.020138888888888828	0.14513888888888887
AVAX/USDT	2023-03-13 00:00:00+00:00	[0.75,1.00]	0.019826517967781926	0.028500619578686544	0.0613382899628254	0.08240396530359367
AVAX/USDT	2023-03-14 00:00:00+00:00	[0.25,0.50)	0.012789281364190063	0.012789281364190063	0.03532277710109612	0.11205846528623628
AVAX/USDT	2023-03-15 00:00:00+00:00	[0.50,0.75)	0.017564402810304493	0.02517564402810303	0.05386416861826709	0.12236533957845444
AVAX/USDT	2023-03-16 00:00:00+00:00	[0.50,0.75)	0.021208226221079696	0.030848329048843215	0.04177377892030851	0.054627249357326456
AVAX/USDT	2023-03-17 00:00:00+00:00	[0.50,0.75)	0.013915243516761471	0.04048070841239714	0.08222643896268178	0.1353573687539531
AVAX/USDT	2023-03-18 00:00:00+00:00	[0.75,1.00]	0.04960091220068421	0.04960091220068421	0.04960091220068421	0.07981755986316982
AVAX/USDT	2023-03-19 00:00:00+00:00	[0.75,1.00]	0.012835472578763267	0.01750291715285885	0.0350058343057177	0.060676779463243825
AVAX/USDT	2023-03-20 00:00:00+00:00	[0.50,0.75)	0.01591813530415015	0.044343376918703874	0.044343376918703874	0.07163160886867548
AVAX/USDT	2023-03-21 00:00:00+00:00	[0.50,0.75)	0.020420420420420627	0.028228228228228375	0.041441441441441525	0.07327327327327343
AVAX/USDT	2023-03-22 00:00:00+00:00	[0.25,0.50)	0.016685845799769804	0.023014959723820404	0.028768699654775607	0.09608745684695041
AVAX/USDT	2023-03-23 00:00:00+00:00	[0.50,0.75)	0.012522361359570501	0.01967799642218237	0.055456171735241484	0.07930828861061409
AVAX/USDT	2023-03-24 00:00:00+00:00	[0.05,0.10)	0.010250569476081989	0.013097949886104606	0.036446469248291403	0.05637813211845094
AVAX/USDT	2023-03-25 01:15:00+00:00	[0.25,0.50)	0.012360211889346726	0.012948793407886927	0.028840494408475484	0.04532077692760445
AVAX/USDT	2023-03-26 01:15:00+00:00	[0.75,1.00]	0.005892751915144248	0.011196228638774175	0.01708898055391863	0.023571007660577407
AVAX/USDT	2023-03-27 01:15:00+00:00	[0.25,0.50)	0.008249852681202156	0.008249852681202156	0.017678255745432952	0.05715969357690035
AVAX/USDT	2023-03-28 01:15:00+00:00	[0.05,0.10)	0.011564211807668976	0.012781497261107782	0.020693852708460126	0.031040779062690295
AVAX/USDT	2023-03-29 01:15:00+00:00	[0.00,0.05)	0.005366726296958847	0.01729278473464515	0.041144901610017756	0.041741204531902165
AVAX/USDT	2023-03-30 01:15:00+00:00	[0.10,0.25)	0.01686046511627902	0.038372093023255824	0.038372093023255824	0.038372093023255824
AVAX/USDT	2023-03-31 01:15:00+00:00	[0.10,0.25)	0.008111239860950206	0.018539976825028982	0.024913093858632863	0.04519119351100817
AVAX/USDT	2023-04-01 01:15:00+00:00	[0.10,0.25)	0.009009009009009016	0.01126126126126122	0.019144144144144136	0.019707207207207287
AVAX/USDT	2023-04-02 01:15:00+00:00	[0.10,0.25)	0.005096262740656844	0.010192525481313688	0.018686296715741894	0.041902604756512
AVAX/USDT	2023-04-03 01:15:00+00:00	[0.10,0.25)	0.020408163265306208	0.020408163265306208	0.034402332361516026	0.046647230320699756
AVAX/USDT	2023-04-04 01:15:00+00:00	[0.50,0.75)	0.00527859237536656	0.008797653958944406	0.02639296187683301	0.06392961876832844
AVAX/USDT	2023-04-05 01:15:00+00:00	[0.75,1.00]	0.008361204013377846	0.015050167224080242	0.027313266443701138	0.04013377926421398
AVAX/USDT	2023-04-06 01:15:00+00:00	[0.25,0.50)	0.015185601799775003	0.016310461192351106	0.02587176602924639	0.04049493813273354
AVAX/USDT	2023-04-07 01:15:00+00:00	[0.25,0.50)	0.0060840707964601465	0.011615044247787462	0.03926991150442463	0.03926991150442463
AVAX/USDT	2023-04-08 01:15:00+00:00	[0.10,0.25)	0.004004576659038917	0.010297482837528588	0.014874141876430092	0.023455377574370717
AVAX/USDT	2023-04-09 01:15:00+00:00	[0.10,0.25)	0.003418803418803346	0.0051282051282051195	0.01766381766381759	0.02279202279202271
AVAX/USDT	2023-04-10 01:15:00+00:00	[0.10,0.25)	0.004581901489118089	0.008018327605956504	0.013745704467354064	0.03780068728522337
AVAX/USDT	2023-04-11 01:15:00+00:00	[0.50,0.75)	0.011738401341531628	0.022917831190609285	0.03186137506987145	0.041363890441587586
AVAX/USDT	2023-04-12 01:15:00+00:00	[0.05,0.10)	0.025938189845474746	0.02704194260485662	0.04028697571743931	0.08443708609271529
AVAX/USDT	2023-04-13 01:15:00+00:00	[0.10,0.25)	0.009356081452944507	0.025316455696202576	0.04567969179966988	0.059438635112823435
AVAX/USDT	2023-04-14 01:15:00+00:00	[0.75,1.00]	0.00886339937434837	0.01511991657977055	0.02711157455683001	0.04483837330552656
AVAX/USDT	2023-04-15 01:15:00+00:00	[0.50,0.75)	0.006289308176100681	0.008385744234800846	0.02777777777777784	0.035639412997903554
AVAX/USDT	2023-04-16 01:15:00+00:00	[0.25,0.50)	0.009493670886075934	0.015822784810126618	0.026371308016877634	0.0854430379746836
AVAX/USDT	2023-04-17 01:15:00+00:00	[0.75,1.00]	0.017369727047146472	0.04665012406947897	0.04665012406947897	0.05607940446650137
AVAX/USDT	2023-04-18 01:15:00+00:00	[0.50,0.75)	0.017106549364613775	0.0249266862170087	0.05376344086021495	0.05376344086021495
AVAX/USDT	2023-04-19 01:15:00+00:00	[0.05,0.10)	0.007088846880907473	0.01134215500945189	0.11767485822306248	0.12476370510396978
AVAX/USDT	2023-04-20 01:15:00+00:00	[0.75,1.00]	0.007882291119285264	0.021019442984760828	0.0352075669994746	0.06831318970047297
AVAX/USDT	2023-04-21 01:15:00+00:00	[0.50,0.75)	0.009224091155724262	0.011937059142702055	0.042864894194248465	0.09495387954422138
AVAX/USDT	2023-04-22 01:15:00+00:00	[0.25,0.50)	0.007100591715976391	0.018934911242603568	0.020710059171597718	0.02958579881656805
AVAX/USDT	2023-04-23 01:15:00+00:00	[0.50,0.75)	0.00701754385964918	0.00877192982456132	0.0157894736842105	0.04444444444444453
AVAX/USDT	2023-04-24 01:15:00+00:00	[0.75,1.00]	0.009450679267572365	0.014766686355581808	0.03662138216184294	0.04252805670407575
AVAX/USDT	2023-04-25 01:15:00+00:00	[0.10,0.25)	0.00886524822695027	0.014184397163120473	0.027186761229314467	0.06028368794326238
AVAX/USDT	2023-04-26 01:15:00+00:00	[0.50,0.75)	0.005116543490619662	0.010233086981239325	0.04661739624786792	0.11199545196134161
AVAX/USDT	2023-04-27 01:15:00+00:00	[0.75,1.00]	0.009174311926605512	0.01490825688073383	0.025802752293577938	0.04357798165137603
AVAX/USDT	2023-04-28 01:15:00+00:00	[0.50,0.75)	0.00680272108843543	0.009070294784580506	0.02494331065759624	0.03401360544217675
AVAX/USDT	2023-04-29 01:15:00+00:00	[0.05,0.10)	0.0028587764436821448	0.0074328187535736175	0.01086335048599207	0.023441966838193263
AVAX/USDT	2023-04-30 01:15:00+00:00	[0.25,0.50)	0.005767012687427789	0.007497116493656229	0.0138408304498269	0.04498269896193778
AVAX/USDT	2023-05-01 01:15:00+00:00	[0.10,0.25)	0.029120559114735	0.029120559114735	0.029120559114735	0.039603960396039584
AVAX/USDT	2023-05-02 01:15:00+00:00	[0.10,0.25)	0.007237635705669542	0.007840772014475427	0.015078407720144755	0.028950542822677953
AVAX/USDT	2023-05-03 01:15:00+00:00	[0.25,0.50)	0.008971291866028623	0.008971291866028623	0.02452153110047848	0.05861244019138759
AVAX/USDT	2023-05-04 01:15:00+00:00	[0.50,0.75)	0.006410256410256377	0.011655011655011614	0.023892773892773903	0.028554778554778462
AVAX/USDT	2023-05-05 01:15:00+00:00	[0.10,0.25)	0.015948021264028327	0.015948021264028327	0.02776137034849373	0.05906674542232723
AVAX/USDT	2023-05-06 01:15:00+00:00	[0.10,0.25)	0.0069484655471915135	0.00926462072958889	0.03126809496236243	0.0509554140127388
AVAX/USDT	2023-05-07 01:15:00+00:00	[0.10,0.25)	0.013205282112845069	0.013205282112845069	0.014405762304921875	0.02701080432172865
AVAX/USDT	2023-05-08 01:15:00+00:00	[0.50,0.75)	0.04592774035517453	0.04592774035517453	0.05021432945499084	0.09859154929577463
AVAX/USDT	2023-05-09 01:15:00+00:00	[0.50,0.75)	0.011627906976744167	0.014211886304909601	0.015503875968992262	0.023901808785529666
AVAX/USDT	2023-05-10 01:15:00+00:00	[0.25,0.50)	0.008447043534762883	0.013645224171540016	0.04288499025341131	0.07017543859649122
AVAX/USDT	2023-05-11 01:15:00+00:00	[0.50,0.75)	0.005813953488372083	0.012273901808785497	0.023255813953488334	0.047157622739018114
AVAX/USDT	2023-05-12 01:15:00+00:00	[0.10,0.25)	0.008069939475454	0.024209818426361884	0.03496973772696714	0.04707464694014802
AVAX/USDT	2023-05-13 01:15:00+00:00	[0.50,0.75)	0.005928853754940702	0.00922266139657436	0.011857707509881405	0.027009222661396583
AVAX/USDT	2023-05-14 01:15:00+00:00	[0.10,0.25)	0.003362474781439187	0.010087424344317442	0.014122394082044323	0.02286482851378614
AVAX/USDT	2023-05-15 01:15:00+00:00	[0.25,0.50)	0.013306719893546193	0.013306719893546193	0.0232867598137059	0.032601463739188305
AVAX/USDT	2023-05-16 01:15:00+00:00	[0.50,0.75)	0.007387508394895865	0.010745466756212232	0.016118200134318347	0.022162525184687715
AVAX/USDT	2023-05-17 01:15:00+00:00	[0.25,0.50)	0.007357859531772538	0.008026755852842876	0.024080267558528393	0.04615384615384624
AVAX/USDT	2023-05-18 01:15:00+00:00	[0.25,0.50)	0.005944517833553491	0.007926023778071282	0.021136063408190242	0.050858652575957695
AVAX/USDT	2023-05-19 01:15:00+00:00	[0.50,0.75)	0.004787961696306449	0.009575923392612899	0.012995896032831704	0.020519835841313318
AVAX/USDT	2023-05-20 01:15:00+00:00	[0.25,0.50)	0.0020505809979494967	0.006151742993848247	0.007518796992481285	0.012303485987696615
AVAX/USDT	2023-05-21 01:15:00+00:00	[0.00,0.05)	0.004098360655737739	0.004098360655737739	0.015027322404371627	0.03961748633879782
AVAX/USDT	2023-05-22 01:15:00+00:00	[0.50,0.75)	0.006324666198172864	0.009838369641602288	0.030920590302178586	0.04216444132115247
AVAX/USDT	2023-05-23 01:15:00+00:00	[0.10,0.25)	0.006793478260869541	0.017663043478260854	0.017663043478260854	0.025135869565217458
AVAX/USDT	2023-05-24 01:15:00+00:00	[0.10,0.25)	0.0041039671682626885	0.022571819425444603	0.023939808481532123	0.06429548563611488
AVAX/USDT	2023-05-25 01:15:00+00:00	[0.75,1.00]	0.013768115942028949	0.025362318840579684	0.03260869565217386	0.03260869565217386
AVAX/USDT	2023-05-26 01:15:00+00:00	[0.05,0.10)	0.0056980056980057035	0.00925925925925919	0.016381766381766288	0.03490028490028479
AVAX/USDT	2023-05-27 01:15:00+00:00	[0.10,0.25)	0.00277585010409432	0.007633587786259626	0.015267175572519128	0.035392088827203315
AVAX/USDT	2023-05-28 01:15:00+00:00	[0.75,1.00]	0.004739336492890894	0.010832769126608	0.03926878808395397	0.055517941773865966
AVAX/USDT	2023-05-29 01:15:00+00:00	[0.75,1.00]	0.010046885465505598	0.020093770931011317	0.02210314802411253	0.04018754186202275
AVAX/USDT	2023-05-30 01:15:00+00:00	[0.25,0.50)	0.005532503457814543	0.011065006915629332	0.022130013831258663	0.025587828492392876
AVAX/USDT	2023-05-31 01:15:00+00:00	[0.50,0.75)	0.01666666666666668	0.02430555555555553	0.02638888888888894	0.03124999999999995
AVAX/USDT	2023-06-01 01:15:00+00:00	[0.25,0.50)	0.0056737588652482325	0.01985815602836875	0.027659574468085146	0.03333333333333338
AVAX/USDT	2023-06-02 01:15:00+00:00	[0.25,0.50)	0.0042283298097251934	0.010570824524312922	0.021846370683580023	0.026779422128259393
AVAX/USDT	2023-06-03 01:15:00+00:00	[0.25,0.50)	0.009702009702009618	0.011088011088011098	0.013167013167013132	0.01455301455301449
AVAX/USDT	2023-06-04 01:15:00+00:00	[0.10,0.25)	0.0020562028786839863	0.004797806716929423	0.01302261823166549	0.023303632625085665
AVAX/USDT	2023-06-05 01:15:00+00:00	[0.50,0.75)	0.006761325219743046	0.01757944557133209	0.01757944557133209	0.09601081812035159
AVAX/USDT	2023-06-06 01:15:00+00:00	[0.10,0.25)	0.007947976878612676	0.024566473988439298	0.026011560693641578	0.06430635838150281
AVAX/USDT	2023-06-07 01:15:00+00:00	[0.25,0.50)	0.004807692307692327	0.013049450549450515	0.027472527472527496	0.04876373626373632
AVAX/USDT	2023-06-08 01:15:00+00:00	[0.50,0.75)	0.004978662873399735	0.018492176386913212	0.021337126600284546	0.022759601706970146
AVAX/USDT	2023-06-09 01:15:00+00:00	[0.50,0.75)	0.016558675305975424	0.016558675305975424	0.03815694744420441	0.05903527717782579
AVAX/USDT	2023-06-10 01:15:00+00:00	[0.75,1.00]	0.020679468242245286	0.2636632200886263	0.2636632200886263	0.2636632200886263
AVAX/USDT	2023-06-11 01:15:00+00:00	[0.50,0.75)	0.0068906115417743385	0.01894918173987947	0.019810508182601244	0.03445305770887169
AVAX/USDT	2023-06-12 01:15:00+00:00	[0.75,1.00]	0.03211805555555549	0.03211805555555549	0.03732638888888887	0.03906249999999994
AVAX/USDT	2023-06-13 01:15:00+00:00	[0.25,0.50)	0.00951557093425616	0.02249134948096884	0.052768166089965346	0.052768166089965346
AVAX/USDT	2023-06-14 01:15:00+00:00	[0.50,0.75)	0.00763358778625953	0.010178117048346142	0.014418999151823575	0.06785411365564044
AVAX/USDT	2023-06-15 01:15:00+00:00	[0.50,0.75)	0.007887817703768611	0.02015775635407541	0.04820333041191943	0.04820333041191943
AVAX/USDT	2023-06-16 01:15:00+00:00	[0.50,0.75)	0.004382120946538031	0.01051709027169143	0.021034180543383015	0.04469763365468885
AVAX/USDT	2023-06-17 01:15:00+00:00	[0.25,0.50)	0.0069264069264069325	0.012121212121212015	0.03290043290043281	0.03549783549783551
AVAX/USDT	2023-06-18 01:15:00+00:00	[0.75,1.00]	0.007846556233652996	0.013949433304272025	0.013949433304272025	0.03138622493461198
AVAX/USDT	2023-06-19 01:15:00+00:00	[0.50,0.75)	0.004409171075837649	0.006172839506172864	0.00970017636684314	0.03703703703703703
AVAX/USDT	2023-06-20 01:15:00+00:00	[0.50,0.75)	0.010380622837370174	0.011245674740484496	0.019896193771626335	0.10467128027681667
AVAX/USDT	2023-06-21 01:15:00+00:00	[0.75,1.00]	0.010577705451586575	0.010577705451586575	0.020341741253051264	0.08218063466232708
AVAX/USDT	2023-06-22 01:15:00+00:00	[0.75,1.00]	0.010662604722010706	0.01751713632901755	0.05026656511805028	0.05026656511805028
AVAX/USDT	2023-06-23 01:15:00+00:00	[0.50,0.75)	0.008634222919937162	0.013343799058084766	0.01648351648351641	0.06985871271585561
AVAX/USDT	2023-06-24 01:15:00+00:00	[0.75,1.00]	0.009848484848484773	0.01969696969696968	0.02954545454545459	0.05075757575757576
AVAX/USDT	2023-06-25 01:15:00+00:00	[0.50,0.75)	0.003058103975535103	0.037461773700305824	0.046636085626911274	0.046636085626911274
AVAX/USDT	2023-06-26 01:15:00+00:00	[0.75,1.00]	0.010542168674698838	0.015060240963855503	0.03539156626506029	0.05496987951807219
AVAX/USDT	2023-06-27 01:15:00+00:00	[0.25,0.50)	0.007575757575757549	0.012121212121212133	0.01969696969696968	0.03484848484848491
AVAX/USDT	2023-06-28 01:15:00+00:00	[0.50,0.75)	0.006125574272588061	0.01531393568147022	0.0306278713629403	0.0750382848392037
AVAX/USDT	2023-06-29 01:15:00+00:00	[0.25,0.50)	0.008084074373484207	0.009700889248181164	0.05578011317704134	0.05578011317704134
AVAX/USDT	2023-06-30 01:15:00+00:00	[0.10,0.25)	0.018138801261829547	0.04968454258675071	0.055205047318611936	0.09621451104100952
AVAX/USDT	2023-07-01 01:15:00+00:00	[0.25,0.50)	0.009961685823754849	0.025287356321839084	0.025287356321839084	0.025287356321839084
AVAX/USDT	2023-07-02 01:15:00+00:00	[0.05,0.10)	0.013942680092951179	0.016266460108442994	0.027885360185902357	0.03950426026336172
AVAX/USDT	2023-07-03 01:15:00+00:00	[0.50,0.75)	0.007575757575757549	0.023484848484848525	0.02727272727272723	0.03030303030303033
AVAX/USDT	2023-07-04 01:15:00+00:00	[0.10,0.25)	0.009056603773584847	0.015849056603773514	0.019622641509433946	0.03471698113207554
AVAX/USDT	2023-07-05 01:15:00+00:00	[0.25,0.50)	0.006130268199233722	0.009195402298850651	0.05057471264367817	0.05057471264367817
AVAX/USDT	2023-07-06 01:15:00+00:00	[0.10,0.25)	0.011119936457506002	0.011119936457506002	0.04289118347895148	0.06989674344718022
AVAX/USDT	2023-07-07 01:15:00+00:00	[0.75,1.00]	0.009592326139088666	0.011990407673860799	0.019984012789768187	0.041566746602717794
AVAX/USDT	2023-07-08 01:15:00+00:00	[0.75,1.00]	0.006933744221879804	0.06163328197226508	0.06933744221879817	0.08012326656394446
AVAX/USDT	2023-07-09 01:15:00+00:00	[0.50,0.75)	0.010101010101010142	0.03030303030303043	0.03030303030303043	0.06854256854256863
AVAX/USDT	2023-07-10 01:15:00+00:00	[0.75,1.00]	0.009002250562640602	0.014253563390847674	0.018754688672168042	0.05176294073518376
AVAX/USDT	2023-07-11 01:15:00+00:00	[0.75,1.00]	0.005143277002204283	0.008082292432035227	0.02792064658339449	0.03967670830271853
AVAX/USDT	2023-07-12 01:15:00+00:00	[0.10,0.25)	0.006787330316742071	0.012820512820512815	0.01885369532428356	0.03996983408748123
AVAX/USDT	2023-07-13 01:15:00+00:00	[0.10,0.25)	0.00850734725444698	0.00928074245939669	0.027842227378190212	0.14617169373549874
AVAX/USDT	2023-07-14 01:15:00+00:00	[0.75,1.00]	0.02178352620830499	0.023825731790333537	0.10074880871341052	0.13274336283185847
AVAX/USDT	2023-07-15 01:15:00+00:00	[0.50,0.75)	0.010330578512396719	0.014462809917355308	0.04545454545454546	0.06473829201101926
AVAX/USDT	2023-07-16 01:15:00+00:00	[0.50,0.75)	0.03154362416107387	0.03154362416107387	0.034228187919463075	0.050335570469798654
AVAX/USDT	2023-07-17 01:15:00+00:00	[0.25,0.50)	0.004871259568545601	0.011830201809324979	0.057063326374390995	0.057063326374390995
AVAX/USDT	2023-07-18 01:15:00+00:00	[0.75,1.00]	0.008947006194081144	0.025464556090846472	0.06056434962147275	0.0674466620784584
AVAX/USDT	2023-07-19 01:15:00+00:00	[0.75,1.00]	0.0071479628305932555	0.010007147962830507	0.023588277340957833	0.03502501786990709
AVAX/USDT	2023-07-20 01:15:00+00:00	[0.25,0.50)	0.005669737774627929	0.00921332388377043	0.027639971651311167	0.05244507441530831
AVAX/USDT	2023-07-21 01:15:00+00:00	[0.25,0.50)	0.011519078473722112	0.012958963282937344	0.01511879049676032	0.016558675305975552
AVAX/USDT	2023-07-22 01:15:00+00:00	[0.05,0.10)	0.005710206995003574	0.007851534618129867	0.0292648108493933	0.052105638829407594
AVAX/USDT	2023-07-23 01:15:00+00:00	[0.75,1.00]	0.005912786400591284	0.013303769401330356	0.013303769401330356	0.021433850702143323
AVAX/USDT	2023-07-24 01:15:00+00:00	[0.25,0.50)	0.013363028953229376	0.01930215293244245	0.05419450631031926	0.05419450631031926
AVAX/USDT	2023-07-25 01:15:00+00:00	[0.05,0.10)	0.0060975609756097615	0.01371951219512193	0.018292682926829285	0.03658536585365857
AVAX/USDT	2023-07-26 01:15:00+00:00	[0.25,0.50)	0.008327024981075034	0.018168054504163526	0.018168054504163526	0.02952308856926575
AVAX/USDT	2023-07-27 01:15:00+00:00	[0.50,0.75)	0.006019563581640337	0.008276899924755414	0.016553799849510827	0.03085026335590671
AVAX/USDT	2023-07-28 01:15:00+00:00	[0.10,0.25)	0.004548900682335005	0.006823351023502778	0.015163002274450423	0.021986353297953065
AVAX/USDT	2023-07-29 01:15:00+00:00	[0.00,0.05)	0.004521477015825207	0.005275056518462719	0.01130369253956295	0.01130369253956295
AVAX/USDT	2023-07-30 01:15:00+00:00	[0.00,0.05)	0.00452830188679249	0.008301886792452787	0.010566037735848965	0.03698113207547171
AVAX/USDT	2023-07-31 01:15:00+00:00	[0.50,0.75)	0.004545454545454583	0.012878787878787873	0.015151515151515098	0.05530303030303034
AVAX/USDT	2023-08-01 01:15:00+00:00	[0.05,0.10)	0.0350740452065471	0.0350740452065471	0.0350740452065471	0.04286827747466866
AVAX/USDT	2023-08-02 01:15:00+00:00	[0.75,1.00]	0.010046367851622936	0.016228748068006248	0.021638330757341666	0.0417310664605874
AVAX/USDT	2023-08-03 01:15:00+00:00	[0.05,0.10)	0.0055865921787709725	0.011173184357541945	0.01835594573024744	0.02234636871508389
AVAX/USDT	2023-08-04 01:15:00+00:00	[0.25,0.50)	0.006420545746388448	0.007223113964686986	0.01123595505617982	0.028892455858747945
AVAX/USDT	2023-08-05 01:15:00+00:00	[0.05,0.10)	0.006456820016142056	0.008071025020177534	0.008878127522195417	0.01614205004035521
AVAX/USDT	2023-08-06 01:15:00+00:00	[0.25,0.50)	0.010433386837881281	0.014446227929374115	0.017656500802568267	0.02327447833065818
AVAX/USDT	2023-08-07 01:15:00+00:00	[0.25,0.50)	0.0062893081761006345	0.0070754716981131964	0.014937106918238954	0.044811320754717
AVAX/USDT	2023-08-08 01:15:00+00:00	[0.10,0.25)	0.006441223832528186	0.011272141706924218	0.021739130434782573	0.03462157809983895
AVAX/USDT	2023-08-09 01:15:00+00:00	[0.00,0.05)	0.010220125786163582	0.011792452830188706	0.017295597484276778	0.024371069182389973
AVAX/USDT	2023-08-10 01:15:00+00:00	[0.25,0.50)	0.004750593824228068	0.011876484560570099	0.015835312747426705	0.015835312747426705
AVAX/USDT	2023-08-11 01:15:00+00:00	[0.00,0.05)	0.004006410256410313	0.00721153846153845	0.00721153846153845	0.01602564102564111
AVAX/USDT	2023-08-12 01:15:00+00:00	[0.00,0.05)	0.0032154340836013607	0.0048231511254019695	0.0056270096463022735	0.016881028938906823
AVAX/USDT	2023-08-13 01:15:00+00:00	[0.25,0.50)	0.0024311183144245835	0.004862236628849167	0.006482982171799033	0.01863857374392224
AVAX/USDT	2023-08-14 01:15:00+00:00	[0.50,0.75)	0.012214983713355079	0.01791530944625398	0.019543973941368097	0.025244299674267143
AVAX/USDT	2023-08-15 01:15:00+00:00	[0.05,0.10)	0.0024311183144245835	0.006482982171799033	0.008103727714748757	0.08670988654781202
AVAX/USDT	2023-08-16 01:15:00+00:00	[0.10,0.25)	0.0033812341504648475	0.00929839391377848	0.032967032967032864	0.06593406593406588
AVAX/USDT	2023-08-17 01:15:00+00:00	[0.75,1.00]	0.0052770448548813105	0.008795074758135414	0.014072119613016723	0.13368513632365872
AVAX/USDT	2023-08-18 01:15:00+00:00	[0.75,1.00]	0.010299625468164741	0.014981273408239714	0.039325842696629205	0.039325842696629205
AVAX/USDT	2023-08-19 01:15:00+00:00	[0.25,0.50)	0.006481481481481507	0.00833333333333332	0.02222222222222224	0.025925925925925866
AVAX/USDT	2023-08-20 01:15:00+00:00	[0.25,0.50)	0.0037105751391466536	0.004638218923933276	0.014842300556586285	0.01762523191094615
AVAX/USDT	2023-08-21 01:15:00+00:00	[0.50,0.75)	0.0027675276752766936	0.009225092250922476	0.0378228782287823	0.06273062730627303
AVAX/USDT	2023-08-22 01:15:00+00:00	[0.25,0.50)	0.0048402710551789865	0.017424975798644698	0.02032913843175209	0.06389157792836384
AVAX/USDT	2023-08-23 01:15:00+00:00	[0.75,1.00]	0.003952569169960566	0.008893280632411054	0.0207509881422924	0.04051383399209488
AVAX/USDT	2023-08-24 01:15:00+00:00	[0.50,0.75)	0.006782945736434136	0.007751937984496131	0.010658914728682115	0.036821705426356495
AVAX/USDT	2023-08-25 01:15:00+00:00	[0.25,0.50)	0.005958291956305732	0.022840119165839168	0.022840119165839168	0.023833167825223458
AVAX/USDT	2023-08-26 01:15:00+00:00	[0.50,0.75)	0.0029850746268657844	0.005970149253731393	0.00796019900497513	0.012935323383084655
AVAX/USDT	2023-08-27 01:15:00+00:00	[0.50,0.75)	0.0029644268774704683	0.005928853754940761	0.01679841897233201	0.021739130434782497
AVAX/USDT	2023-08-28 01:15:00+00:00	[0.75,1.00]	0.004950495049504845	0.009900990099009866	0.03366336633663365	0.06930693069306924
AVAX/USDT	2023-08-29 01:15:00+00:00	[0.75,1.00]	0.0179754020813623	0.01892147587511819	0.027436140018921393	0.08325449385052042
AVAX/USDT	2023-08-30 01:15:00+00:00	[0.75,1.00]	0.006566604127579764	0.011257035647279643	0.02251407129455912	0.03564727954971865
AVAX/USDT	2023-08-31 01:15:00+00:00	[0.25,0.50)	0.005791505791505668	0.01351351351351357	0.02702702702702714	0.0704633204633205
AVAX/USDT	2023-09-01 01:15:00+00:00	[0.25,0.50)	0.003999999999999915	0.00799999999999983	0.010999999999999944	0.03200000000000003
AVAX/USDT	2023-09-02 01:15:00+00:00	[0.25,0.50)	0.0060422960725074245	0.007049345417925328	0.015105740181268739	0.019133937562940535
AVAX/USDT	2023-09-03 01:15:00+00:00	[0.25,0.50)	0.004032258064516043	0.007056451612903254	0.013104838709677498	0.01612903225806453
AVAX/USDT	2023-09-04 01:15:00+00:00	[0.25,0.50)	0.006066734074822924	0.01718907987866531	0.022244691607684594	0.037411526794742266
AVAX/USDT	2023-09-05 01:15:00+00:00	[0.50,0.75)	0.006147540983606426	0.01331967213114744	0.025614754098360656	0.033811475409836075
AVAX/USDT	2023-09-06 01:15:00+00:00	[0.25,0.50)	0.005025125628140776	0.016080402010050267	0.016080402010050267	0.029145728643216174
AVAX/USDT	2023-09-07 01:15:00+00:00	[0.10,0.25)	0.0030150753768845365	0.008040201005025133	0.019095477386934626	0.032160804020100534
AVAX/USDT	2023-09-08 01:15:00+00:00	[0.50,0.75)	0.003972194637537331	0.008937437934458774	0.02681231380337632	0.02681231380337632
AVAX/USDT	2023-09-09 01:15:00+00:00	[0.10,0.25)	0.0030303030303029657	0.0040404040404039545	0.006060606060606111	0.03434343434343433
AVAX/USDT	2023-09-10 01:15:00+00:00	[0.75,1.00]	0.008247422680412378	0.04948453608247409	0.04948453608247409	0.0505154639175258
AVAX/USDT	2023-09-11 01:15:00+00:00	[0.75,1.00]	0.007438894792773675	0.011689691817215856	0.04888416578108386	0.04888416578108386
AVAX/USDT	2023-09-12 01:15:00+00:00	[0.50,0.75)	0.0032537960954448085	0.037960954446854815	0.04338394793926251	0.045553145336225585
AVAX/USDT	2023-09-13 01:15:00+00:00	[0.25,0.50)	0.0043243243243242325	0.012972972972972889	0.03891891891891905	0.04108108108108117
AVAX/USDT	2023-09-14 01:15:00+00:00	[0.75,1.00]	0.010649627263045755	0.015974440894568728	0.019169329073482396	0.02129925452609151
AVAX/USDT	2023-09-15 01:15:00+00:00	[0.25,0.50)	0.009544008483563082	0.012725344644750712	0.027571580063626703	0.03605514316012724
AVAX/USDT	2023-09-16 01:15:00+00:00	[0.75,1.00]	0.019128586609989343	0.022316684378320836	0.022316684378320836	0.04250797024442068
AVAX/USDT	2023-09-17 01:15:00+00:00	[0.75,1.00]	0.005399568034557121	0.00755939524838016	0.01511879049676032	0.05399568034557235
AVAX/USDT	2023-09-18 01:15:00+00:00	[0.75,1.00]	0.021396396396396337	0.03265765765765776	0.05180180180180189	0.05180180180180189
AVAX/USDT	2023-09-19 01:15:00+00:00	[0.50,0.75)	0.005494505494505573	0.009890109890109874	0.025274725274725324	0.025274725274725324
AVAX/USDT	2023-09-20 01:15:00+00:00	[0.50,0.75)	0.00873362445414848	0.016375545851528422	0.026200873362445438	0.038209606986899715
AVAX/USDT	2023-09-21 01:15:00+00:00	[0.50,0.75)	0.011111111111111072	0.011111111111111072	0.03555555555555559	0.04111111111111102
AVAX/USDT	2023-09-22 01:15:00+00:00	[0.25,0.50)	0.006741573033707921	0.007865168539325874	0.010112359550561782	0.0168539325842697
AVAX/USDT	2023-09-23 01:15:00+00:00	[0.50,0.75)	0.007882882882882913	0.007882882882882913	0.018018018018018032	0.018018018018018032
AVAX/USDT	2023-09-24 01:15:00+00:00	[0.10,0.25)	0.005617977528089768	0.006741573033707721	0.02022471910112376	0.04943820224719115
AVAX/USDT	2023-09-25 01:15:00+00:00	[0.75,1.00]	0.009101251422070543	0.010238907849829336	0.018202502844141086	0.029579067121729218
AVAX/USDT	2023-09-26 01:15:00+00:00	[0.25,0.50)	0.008908685968819607	0.013363028953229508	0.014476614699331935	0.02672605790645882
AVAX/USDT	2023-09-27 01:15:00+00:00	[0.75,1.00]	0.005518763796909571	0.006622516556291445	0.02428256070640164	0.04194260485651203
AVAX/USDT	2023-09-28 01:15:00+00:00	[0.25,0.50)	0.006674082313681924	0.011123470522803075	0.028921023359288072	0.04783092324805336
AVAX/USDT	2023-09-29 01:15:00+00:00	[0.50,0.75)	0.007543103448275894	0.00969827586206895	0.02047413793103443	0.032327586206896436
AVAX/USDT	2023-09-30 01:15:00+00:00	[0.25,0.50)	0.004381161007667132	0.006571741511500601	0.010952902519167734	0.02081051478641854
AVAX/USDT	2023-10-01 01:15:00+00:00	[0.25,0.50)	0.004301075268817303	0.01182795698924725	0.04731182795698919	0.061290322580645186
AVAX/USDT	2023-10-02 01:15:00+00:00	[0.75,1.00]	0.00617283950617289	0.014403292181070016	0.020576131687242726	0.0709876543209876
AVAX/USDT	2023-10-03 01:15:00+00:00	[0.25,0.50)	0.005376344086021581	0.0075268817204301374	0.01935483870967739	0.039784946236559246
AVAX/USDT	2023-10-04 01:15:00+00:00	[0.75,1.00]	0.014038876889848896	0.026997840172786176	0.06911447084233267	0.11879049676025934
AVAX/USDT	2023-10-05 01:15:00+00:00	[0.75,1.00]	0.011834319526627316	0.022682445759368876	0.048323471400394495	0.053254437869822396
AVAX/USDT	2023-10-06 01:15:00+00:00	[0.25,0.50)	0.030511811023622097	0.03346456692913384	0.06397637795275594	0.06988188976377943
AVAX/USDT	2023-10-07 01:15:00+00:00	[0.75,1.00]	0.010138248847926214	0.04976958525345614	0.14930875576036876	0.15115207373271894
AVAX/USDT	2023-10-08 01:15:00+00:00	[0.25,0.50)	0.011571841851494622	0.02025072324011563	0.054966248794599666	0.06171648987463827
AVAX/USDT	2023-10-09 01:15:00+00:00	[0.75,1.00]	0.008048289738430591	0.008048289738430591	0.04325955734406436	0.07344064386317913
AVAX/USDT	2023-10-10 01:15:00+00:00	[0.50,0.75)	0.005257623554153411	0.01682439537329129	0.03995793901156667	0.04626708727655095
AVAX/USDT	2023-10-11 01:15:00+00:00	[0.25,0.50)	0.007376185458377269	0.022128556375131808	0.02528977871443627	0.0337197049525817
AVAX/USDT	2023-10-12 01:15:00+00:00	[0.25,0.50)	0.008686210640608042	0.009771986970684023	0.03148751357220422	0.03691639522258413
AVAX/USDT	2023-10-13 01:15:00+00:00	[0.25,0.50)	0.003275109170305607	0.0076419213973799435	0.01091703056768555	0.03820960698689952
AVAX/USDT	2023-10-14 01:15:00+00:00	[0.50,0.75)	0.007650273224043746	0.009836065573770475	0.012021857923497204	0.015300546448087492
AVAX/USDT	2023-10-15 01:15:00+00:00	[0.05,0.10)	0.009803921568627435	0.015250544662309237	0.02069716775599123	0.021786492374727594
AVAX/USDT	2023-10-16 01:15:00+00:00	[0.25,0.50)	0.009729729729729714	0.029189189189189144	0.05621621621621617	0.06162162162162165
AVAX/USDT	2023-10-17 01:15:00+00:00	[0.50,0.75)	0.009625668449197846	0.010695187165775364	0.026737967914438502	0.04385026737967916
AVAX/USDT	2023-10-18 01:15:00+00:00	[0.25,0.50)	0.0055248618784531165	0.01878453038674032	0.019889502762431104	0.04088397790055259
AVAX/USDT	2023-10-19 01:15:00+00:00	[0.25,0.50)	0.0237020316027087	0.03047404063205413	0.04401805869074479	0.053047404063205295
AVAX/USDT	2023-10-20 01:15:00+00:00	[0.10,0.25)	0.011025358324145496	0.02315325248070552	0.03528114663726574	0.038588754134509524
AVAX/USDT	2023-10-21 01:15:00+00:00	[0.05,0.10)	0.004329004329004429	0.007575757575757606	0.04329004329004333	0.06926406926406932
AVAX/USDT	2023-10-22 01:15:00+00:00	[0.25,0.50)	0.012474012474012579	0.022869022869022936	0.05613305613305623	0.06444906444906456
AVAX/USDT	2023-10-23 01:15:00+00:00	[0.75,1.00]	0.01679841897233201	0.03162055335968383	0.0523715415019764	0.08102766798418976
AVAX/USDT	2023-10-24 01:15:00+00:00	[0.75,1.00]	0.016190476190476182	0.03142857142857144	0.04952380952380965	0.0704761904761905
AVAX/USDT	2023-10-25 01:15:00+00:00	[0.75,1.00]	0.017094017094017068	0.018993352326685763	0.03798670465337135	0.044634377967711365
AVAX/USDT	2023-10-26 01:15:00+00:00	[0.75,1.00]	0.014111006585136438	0.06585136406396999	0.08748824082784586	0.1034807149576671
AVAX/USDT	2023-10-27 01:15:00+00:00	[0.75,1.00]	0.027906976744186112	0.027906976744186112	0.027906976744186112	0.04744186046511626
AVAX/USDT	2023-10-28 01:15:00+00:00	[0.10,0.25)	0.008530805687203777	0.030331753554502225	0.05118483412322267	0.05497630331753555
AVAX/USDT	2023-10-29 01:15:00+00:00	[0.25,0.50)	0.01467889908256882	0.025688073394495515	0.026605504587156048	0.0623853211009174
AVAX/USDT	2023-10-30 01:15:00+00:00	[0.25,0.50)	0.012334801762114432	0.022026431718061675	0.05110132158590309	0.05550660792951533
AVAX/USDT	2023-10-31 01:15:00+00:00	[0.25,0.50)	0.01206896551724143	0.02499999999999993	0.03965517241379302	0.06551724137931032
AVAX/USDT	2023-11-01 01:15:00+00:00	[0.25,0.50)	0.008865248226950324	0.023049645390070903	0.03634751773049647	0.13386524822695034
AVAX/USDT	2023-11-02 01:15:00+00:00	[0.50,0.75)	0.012234910277324661	0.04975530179445361	0.05954323001631325	0.09135399673735735
AVAX/USDT	2023-11-03 01:15:00+00:00	[0.75,1.00]	0.013828867761452044	0.023336214347450264	0.03630077787381158	0.05963699222126184
AVAX/USDT	2023-11-04 01:15:00+00:00	[0.10,0.25)	0.014876033057851217	0.018181818181818236	0.022314049586776824	0.03388429752066117
AVAX/USDT	2023-11-05 01:15:00+00:00	[0.50,0.75)	0.013104013104013115	0.023751023751023826	0.0466830466830467	0.0466830466830467
AVAX/USDT	2023-11-06 01:15:00+00:00	[0.75,1.00]	0.014342629482071831	0.033466135458167325	0.07410358565737049	0.07410358565737049
AVAX/USDT	2023-11-07 01:15:00+00:00	[0.25,0.50)	0.02006172839506171	0.029320987654321045	0.03703703703703707	0.06095679012345686
AVAX/USDT	2023-11-08 01:15:00+00:00	[0.50,0.75)	0.0039032006245121554	0.009367681498828979	0.016393442622950886	0.03590944574551139
AVAX/USDT	2023-11-09 01:15:00+00:00	[0.25,0.50)	0.016079632465543572	0.022970903522205124	0.054364471669218914	0.15773353751914246
AVAX/USDT	2023-11-10 01:15:00+00:00	[0.75,1.00]	0.02040816326530609	0.02796674225245648	0.04308390022675739	0.1489040060468631
AVAX/USDT	2023-11-11 01:15:00+00:00	[0.75,1.00]	0.020562028786840228	0.04318026045236457	0.04318026045236457	0.20699108978752578
AVAX/USDT	2023-11-12 01:15:00+00:00	[0.75,1.00]	0.026731470230862774	0.04009720534629405	0.17922235722964758	0.22053462940461718
AVAX/USDT	2023-11-13 01:15:00+00:00	[0.75,1.00]	0.029457364341085285	0.07958656330749349	0.11472868217054256	0.1979328165374677
AVAX/USDT	2023-11-14 01:15:00+00:00	[0.75,1.00]	0.014067278287461581	0.03180428134556572	0.08134556574923536	0.11559633027522938
AVAX/USDT	2023-11-15 01:15:00+00:00	[0.50,0.75)	0.0214866434378628	0.051103368176538856	0.1602787456445992	0.22241579558652722
AVAX/USDT	2023-11-16 01:15:00+00:00	[0.50,0.75)	0.04855321235899943	0.12653261402648347	0.18685630210887683	0.18685630210887683
AVAX/USDT	2023-11-17 01:15:00+00:00	[0.75,1.00]	0.08588957055214727	0.08895705521472398	0.14592462751971963	0.2055214723926381
AVAX/USDT	2023-11-18 01:15:00+00:00	[0.75,1.00]	0.023234200743494426	0.04646840148698885	0.07202602230483258	0.11710037174721188
AVAX/USDT	2023-11-19 01:15:00+00:00	[0.75,1.00]	0.020813623462629976	0.028855250709555316	0.0671712393566699	0.11825922421948912
AVAX/USDT	2023-11-20 01:15:00+00:00	[0.75,1.00]	0.02591792656587464	0.040172786177105825	0.06609071274298046	0.11576673866090713
AVAX/USDT	2023-11-21 01:15:00+00:00	[0.50,0.75)	0.027250608272506194	0.03357664233576649	0.07347931873479326	0.16496350364963505
AVAX/USDT	2023-11-22 01:15:00+00:00	[0.75,1.00]	0.012201321809862655	0.04168784951703102	0.04982206405693952	0.0889679715302491
AVAX/USDT	2023-11-23 01:15:00+00:00	[0.25,0.50)	0.011374407582938314	0.022748815165876797	0.041232227488151536	0.05071090047393349
AVAX/USDT	2023-11-24 01:15:00+00:00	[0.10,0.25)	0.013982642237222717	0.01735776277724202	0.048698167791706756	0.06846673095467687
AVAX/USDT	2023-11-25 01:15:00+00:00	[0.25,0.50)	0.023355576739752238	0.024308865586272713	0.04051477597712114	0.04051477597712114
AVAX/USDT	2023-11-26 01:15:00+00:00	[0.05,0.10)	0.010900473933649308	0.01658767772511855	0.029383886255924217	0.06729857819905204
AVAX/USDT	2023-11-27 01:15:00+00:00	[0.10,0.25)	0.013718070009460697	0.030274361400189242	0.042573320719016185	0.062440870387890264
AVAX/USDT	2023-11-28 01:15:00+00:00	[0.25,0.50)	0.01084812623274156	0.0310650887573964	0.04388560157790929	0.07396449704142011
AVAX/USDT	2023-11-29 01:15:00+00:00	[0.25,0.50)	0.01242236024844711	0.01242236024844711	0.04156712852365014	0.04156712852365014
AVAX/USDT	2023-11-30 01:15:00+00:00	[0.10,0.25)	0.010511227902532366	0.029622551361681845	0.0305781175346393	0.05590062111801251
AVAX/USDT	2023-12-01 01:15:00+00:00	[0.25,0.50)	0.016408386508659955	0.039197812215132154	0.039197812215132154	0.04102096627165005
AVAX/USDT	2023-12-02 01:15:00+00:00	[0.00,0.05)	0.010036496350365073	0.011405109489051095	0.018248175182481848	0.044251824817518194
AVAX/USDT	2023-12-03 01:15:00+00:00	[0.25,0.50)	0.007572383073496577	0.018708240534521078	0.03474387527839633	0.044097995545656944
AVAX/USDT	2023-12-04 01:15:00+00:00	[0.25,0.50)	0.013888888888888831	0.017025089605734723	0.11827956989247314	0.11827956989247314
AVAX/USDT	2023-12-05 01:15:00+00:00	[0.75,1.00]	0.021276595744680937	0.030829353017802902	0.06035605731654366	0.2236213634389927
AVAX/USDT	2023-12-06 01:15:00+00:00	[0.75,1.00]	0.026136363636363687	0.03712121212121214	0.06098484848484847	0.09545454545454544
AVAX/USDT	2023-12-07 01:15:00+00:00	[0.50,0.75)	0.021137586471944685	0.040353574173712554	0.07647963105303607	0.07724827056110677
AVAX/USDT	2023-12-08 01:15:00+00:00	[0.25,0.50)	0.012481089258698876	0.049546142208774534	0.06543116490166416	0.22125567322239023
AVAX/USDT	2023-12-09 01:15:00+00:00	[0.75,1.00]	0.050318471337579565	0.0509554140127389	0.11624203821656047	0.11624203821656047
AVAX/USDT	2023-12-10 01:15:00+00:00	[0.50,0.75)	0.02396117682741884	0.05671822869275091	0.08280254777070065	0.19623900515620268
AVAX/USDT	2023-12-11 01:15:00+00:00	[0.50,0.75)	0.129830414234084	0.16068946344175705	0.16068946344175705	0.25743675284959683
AVAX/USDT	2023-12-12 01:15:00+00:00	[0.75,1.00]	0.05147058823529416	0.061029411764705936	0.08284313725490203	0.19485294117647067
AVAX/USDT	2023-12-13 01:15:00+00:00	[0.75,1.00]	0.029621190544004534	0.029621190544004534	0.1463970378809454	0.21219025918541715
AVAX/USDT	2023-12-14 01:15:00+00:00	[0.75,1.00]	0.01180698151950721	0.03336755646817259	0.04979466119096503	0.09830595482546214
AVAX/USDT	2023-12-15 01:15:00+00:00	[0.50,0.75)	0.014095335725269019	0.033572526909277346	0.07124551512045108	0.0966171194259355
AVAX/USDT	2023-12-16 01:15:00+00:00	[0.75,1.00]	0.02757442654953625	0.054660810151293364	0.09687652513421179	0.12933138116154216
AVAX/USDT	2023-12-17 01:15:00+00:00	[0.25,0.50)	0.022721948934176596	0.04802061372686822	0.06465214335910062	0.08854532677442027
AVAX/USDT	2023-12-18 01:15:00+00:00	[0.50,0.75)	0.04142156862745093	0.04485294117647055	0.10612745098039213	0.12083333333333333
AVAX/USDT	2023-12-19 01:15:00+00:00	[0.25,0.50)	0.030391441769997567	0.0444930707512764	0.0444930707512764	0.08363724775103343
AVAX/USDT	2023-12-20 01:15:00+00:00	[0.25,0.50)	0.01792929292929295	0.04520202020202018	0.10151515151515159	0.1366161616161617
AVAX/USDT	2023-12-21 01:15:00+00:00	[0.50,0.75)	0.02273760800363802	0.031605275125056856	0.05616189176898588	0.0911778080945884
AVAX/USDT	2023-12-22 01:15:00+00:00	[0.75,1.00]	0.03507289245721538	0.03507289245721538	0.11028945700401449	0.11028945700401449
AVAX/USDT	2023-12-23 01:15:00+00:00	[0.50,0.75)	0.021620391442876554	0.025034137460172835	0.061219845243513836	0.11492944924897582
AVAX/USDT	2023-12-24 01:15:00+00:00	[0.75,1.00]	0.017894736842105144	0.06863157894736838	0.07663157894736844	0.07663157894736844
AVAX/USDT	2023-12-25 01:15:00+00:00	[0.50,0.75)	0.01748841129372099	0.022545301306363258	0.040665823851664555	0.06236831015592079
AVAX/USDT	2023-12-26 01:15:00+00:00	[0.25,0.50)	0.010716537087623408	0.018911536036982528	0.0506408909434756	0.14856062197940742
AVAX/USDT	2023-12-27 01:15:00+00:00	[0.25,0.50)	0.023945267958950904	0.037856328392246376	0.056328392246294316	0.07023945267958963
AVAX/USDT	2023-12-28 01:15:00+00:00	[0.25,0.50)	0.015595463137996306	0.02670132325141766	0.0505671077504726	0.09806238185255195
AVAX/USDT	2023-12-29 01:15:00+00:00	[0.25,0.50)	0.031145431145431165	0.06743886743886737	0.08571428571428567	0.08571428571428567
AVAX/USDT	2023-12-30 01:15:00+00:00	[0.00,0.05)	0.011439940313354907	0.02113902014424276	0.054961452375031104	0.054961452375031104
AVAX/USDT	2023-12-31 01:15:00+00:00	[0.05,0.10)	0.0076667518527982915	0.026066956299514516	0.050345003833375895	0.07768975210835673
AVAX/USDT	2024-01-01 01:15:00+00:00	[0.50,0.75)	0.015333503705596763	0.04216713519039097	0.04830053667262971	0.12317914643496039
AVAX/USDT	2024-01-02 01:15:00+00:00	[0.50,0.75)	0.018951801591015328	0.0257370145063173	0.04000935891436595	0.07323350491342993
AVAX/USDT	2024-01-03 01:15:00+00:00	[0.00,0.05)	0.012318305001231829	0.012318305001231829	0.20620842572062076	0.20620842572062076
AVAX/USDT	2024-01-04 01:15:00+00:00	[0.25,0.50)	0.02007700770076999	0.02695269526952687	0.03657865786578653	0.09295929592959302
AVAX/USDT	2024-01-05 01:15:00+00:00	[0.05,0.10)	0.04740701938187539	0.04740701938187539	0.056574122577265684	0.08669460450497649
AVAX/USDT	2024-01-06 01:15:00+00:00	[0.05,0.10)	0.013422818791946222	0.04865771812080523	0.07242729306487686	0.07242729306487686
AVAX/USDT	2024-01-07 01:15:00+00:00	[0.50,0.75)	0.009153318077803212	0.025457665903890175	0.04433638443935939	0.0778032036613272
AVAX/USDT	2024-01-08 01:15:00+00:00	[0.75,1.00]	0.032796660703637494	0.07394156231365535	0.10107334525939168	0.1615980918306499
AVAX/USDT	2024-01-09 01:15:00+00:00	[0.25,0.50)	0.017721518987341846	0.07201125175808727	0.08832630098452886	0.10745428973277076
AVAX/USDT	2024-01-10 01:15:00+00:00	[0.50,0.75)	0.016336056009334746	0.016336056009334746	0.05688448074679121	0.18173862310385056
AVAX/USDT	2024-01-11 01:15:00+00:00	[0.75,1.00]	0.012720664589823334	0.029854620976116263	0.07892004153686394	0.11188992731048811
AVAX/USDT	2024-01-12 01:15:00+00:00	[0.10,0.25)	0.0174161684429426	0.01975565375617359	0.03457239407330383	0.13049129191577843
AVAX/USDT	2024-01-13 01:15:00+00:00	[0.75,1.00]	0.01480637813211854	0.023633257403189018	0.03075170842824597	0.04527334851936229
AVAX/USDT	2024-01-14 01:15:00+00:00	[0.05,0.10)	0.011888305225324846	0.01714127730163131	0.039535526679568694	0.07298866463920377
AVAX/USDT	2024-01-15 01:15:00+00:00	[0.25,0.50)	0.012885154061624673	0.022969187675070033	0.02436974789915979	0.04621848739495814
AVAX/USDT	2024-01-16 01:15:00+00:00	[0.10,0.25)	0.009171762090050179	0.016953863257365386	0.028904947192884913	0.05002779321845462
AVAX/USDT	2024-01-17 01:15:00+00:00	[0.10,0.25)	0.013256006628003227	0.020988677161005193	0.03314001657000817	0.03479701739850864
AVAX/USDT	2024-01-18 01:15:00+00:00	[0.10,0.25)	0.01142697881828307	0.013099219620958719	0.03205128205128201	0.09057971014492754
AVAX/USDT	2024-01-19 01:15:00+00:00	[0.10,0.25)	0.011490777139401347	0.024795887511339376	0.03507710916238272	0.07771394012700333
AVAX/USDT	2024-01-20 01:15:00+00:00	[0.00,0.05)	0.011280487804878189	0.01219512195121947	0.02926829268292686	0.02926829268292686
AVAX/USDT	2024-01-21 01:15:00+00:00	[0.05,0.10)	0.009503372164316223	0.02207234825260573	0.02912323727774359	0.04322501532801952
AVAX/USDT	2024-01-22 01:15:00+00:00	[0.25,0.50)	0.009023024268823869	0.024579962663347825	0.053827006845052795	0.09614187927815805
AVAX/USDT	2024-01-23 01:15:00+00:00	[0.50,0.75)	0.024226110363391617	0.02725437415881557	0.0942126514131898	0.12247644683714673
AVAX/USDT	2024-01-24 01:15:00+00:00	[0.75,1.00]	0.010996334555148226	0.019993335554815108	0.08063978673775414	0.08063978673775414
AVAX/USDT	2024-01-25 01:15:00+00:00	[0.75,1.00]	0.013196009011908597	0.028966849050531013	0.0482780817508851	0.0482780817508851
AVAX/USDT	2024-01-26 01:15:00+00:00	[0.05,0.10)	0.013513513513513518	0.02010547132498362	0.06822676334871458	0.09162821357943313
AVAX/USDT	2024-01-27 01:15:00+00:00	[0.05,0.10)	0.010739490641301055	0.01411475912856707	0.03191162933415155	0.07486959189935555
AVAX/USDT	2024-01-28 01:15:00+00:00	[0.75,1.00]	0.01953922426363376	0.06532516768737247	0.08311461067366584	0.08311461067366584
AVAX/USDT	2024-01-29 01:15:00+00:00	[0.25,0.50)	0.018607273752466777	0.02340005638567819	0.03636876233436725	0.06230617423174496
AVAX/USDT	2024-01-30 01:15:00+00:00	[0.05,0.10)	0.015465341066003732	0.02181717757525543	0.045567522783761354	0.06876553438276725
AVAX/USDT	2024-01-31 01:15:00+00:00	[0.75,1.00]	0.009480034472852578	0.013501867279517346	0.03361103131284118	0.09164033323757534
AVAX/USDT	2024-02-01 01:15:00+00:00	[0.75,1.00]	0.015620214395099698	0.02848392036753445	0.03828483920367535	0.06401225114854528
AVAX/USDT	2024-02-02 01:15:00+00:00	[0.25,0.50)	0.009351256575102287	0.017533606078316815	0.07568673290473417	0.1081239041496202
AVAX/USDT	2024-02-03 01:15:00+00:00	[0.75,1.00]	0.0191632928475034	0.03130904183535773	0.04048582995951417	0.044804318488529116
AVAX/USDT	2024-02-04 01:15:00+00:00	[0.05,0.10)	0.00660974938033605	0.02423574772789872	0.030845497108234768	0.060864775543927316
AVAX/USDT	2024-02-05 01:15:00+00:00	[0.50,0.75)	0.011229484595450636	0.01439677512237259	0.03253671177656213	0.05211632594298884
AVAX/USDT	2024-02-06 01:15:00+00:00	[0.00,0.05)	0.008980301274623266	0.020567786790266534	0.02983777520278103	0.02983777520278103
AVAX/USDT	2024-02-07 01:15:00+00:00	[0.00,0.05)	0.006415864683581186	0.02158063575386416	0.023622047244094554	0.05540974044911049
AVAX/USDT	2024-02-08 01:15:00+00:00	[0.00,0.05)	0.007070135746606335	0.01640271493212665	0.018947963800905025	0.03026018099547512
AVAX/USDT	2024-02-09 01:15:00+00:00	[0.00,0.05)	0.010659186535764248	0.019074333800841507	0.04572230014025233	0.09621318373071529
AVAX/USDT	2024-02-10 01:15:00+00:00	[0.50,0.75)	0.006421782686873876	0.025687130747495505	0.04187002311841755	0.0788594913948112
AVAX/USDT	2024-02-11 01:15:00+00:00	[0.75,1.00]	0.006693108577094596	0.013634110064452086	0.029003470500743717	0.04635597421913744
AVAX/USDT	2024-02-12 01:15:00+00:00	[0.25,0.50)	0.01764557600201671	0.02722460297453991	0.03277035543231654	0.0836904461809932
AVAX/USDT	2024-02-13 01:15:00+00:00	[0.75,1.00]	0.012065637065637066	0.027268339768339662	0.02775096525096522	0.06684362934362925
AVAX/USDT	2024-02-14 01:15:00+00:00	[0.50,0.75)	0.007639419404125214	0.013750954927425493	0.07104660045836514	0.09243697478991585
AVAX/USDT	2024-02-15 01:15:00+00:00	[0.50,0.75)	0.019167061050638957	0.019167061050638957	0.052058684335068696	0.06530998580217695
AVAX/USDT	2024-02-16 01:15:00+00:00	[0.25,0.50)	0.006962785114045598	0.00840336134453785	0.04417767106842745	0.05762304921968801
AVAX/USDT	2024-02-17 01:15:00+00:00	[0.10,0.25)	0.010534236267870445	0.019563581640331104	0.034110860295961866	0.05242036619011779
AVAX/USDT	2024-02-18 01:15:00+00:00	[0.05,0.10)	0.018668012108980878	0.027245206861755758	0.041876892028254384	0.04490413723511607
AVAX/USDT	2024-02-19 01:15:00+00:00	[0.25,0.50)	0.006482174021440987	0.015208177511842419	0.024682124158564	0.04961356270256799
AVAX/USDT	2024-02-20 01:15:00+00:00	[0.50,0.75)	0.012125902992776029	0.021929824561403546	0.038957688338493245	0.0743034055727553
AVAX/USDT	2024-02-21 01:15:00+00:00	[0.10,0.25)	0.008370389746272569	0.017787078210829185	0.049699189118493484	0.06303949777661533
AVAX/USDT	2024-02-22 01:15:00+00:00	[0.50,0.75)	0.021930997592939296	0.021930997592939296	0.04332709280556291	0.04546670232682524
AVAX/USDT	2024-02-23 01:15:00+00:00	[0.50,0.75)	0.008698015765153583	0.0239195433541724	0.0239195433541724	0.04838271269366679
AVAX/USDT	2024-02-24 01:15:00+00:00	[0.50,0.75)	0.01654051023268843	0.02775441547518909	0.044014578076815254	0.049060835435940565
AVAX/USDT	2024-02-25 01:15:00+00:00	[0.00,0.05)	0.010057080728458751	0.01685240554498498	0.022288665398206044	0.030714868170698437
AVAX/USDT	2024-02-26 01:15:00+00:00	[0.25,0.50)	0.011185086551265027	0.019174434087882795	0.03355525965379489	0.08974700399467371
AVAX/USDT	2024-02-27 01:15:00+00:00	[0.25,0.50)	0.01619843077701849	0.021766641356618564	0.023538344722854966	0.04125537838521882
AVAX/USDT	2024-02-28 01:15:00+00:00	[0.00,0.05)	0.005850928516916735	0.012973798015772017	0.04044772322564223	0.13711523785296362
AVAX/USDT	2024-02-29 01:15:00+00:00	[0.75,1.00]	0.015746124031007717	0.02204457364341077	0.09108527131782941	0.12257751937984485
AVAX/USDT	2024-03-01 01:15:00+00:00	[0.75,1.00]	0.02917264466762329	0.04519368723098997	0.04519368723098997	0.0485413677666187
AVAX/USDT	2024-03-02 01:15:00+00:00	[0.75,1.00]	0.02857142857142859	0.03282172373081465	0.04108618654073204	0.06894923258559627
AVAX/USDT	2024-03-03 01:15:00+00:00	[0.75,1.00]	0.015674693321217577	0.019082235347569202	0.0847342117219445	0.0847342117219445
AVAX/USDT	2024-03-04 01:15:00+00:00	[0.50,0.75)	0.021592755978639418	0.029254701648479174	0.04620385419085215	0.05967030415602508
AVAX/USDT	2024-03-05 01:15:00+00:00	[0.50,0.75)	0.015090780476302773	0.043150200424428166	0.05163876444234845	0.24404621551520872
AVAX/USDT	2024-03-06 01:15:00+00:00	[0.75,1.00]	0.016826300802485077	0.06419880921563562	0.09836914315299	0.14004659590991467
AVAX/USDT	2024-03-07 01:15:00+00:00	[0.75,1.00]	0.02078042022627582	0.03671207573308712	0.05172015700761953	0.06603555760794272
AVAX/USDT	2024-03-08 01:15:00+00:00	[0.25,0.50)	0.0069124423963134625	0.01589861751152085	0.022811059907833983	0.06612903225806446
AVAX/USDT	2024-03-09 01:15:00+00:00	[0.10,0.25)	0.011448598130841169	0.013317757009345801	0.023598130841121615	0.0282710280373832
AVAX/USDT	2024-03-10 01:15:00+00:00	[0.05,0.10)	0.006059193661151201	0.013283616872523895	0.0431134933581916	0.09135399673735731
AVAX/USDT	2024-03-11 01:15:00+00:00	[0.75,1.00]	0.017342452369320978	0.03517342452369315	0.17000488519785054	0.22300928187591604
AVAX/USDT	2024-03-12 01:15:00+00:00	[0.50,0.75)	0.03925536220153779	0.06596519627681097	0.09287737757992708	0.2229866450829623
AVAX/USDT	2024-03-13 01:15:00+00:00	[0.50,0.75)	0.014238165680473432	0.03180473372781063	0.044933431952662715	0.10650887573964493
AVAX/USDT	2024-03-14 01:15:00+00:00	[0.75,1.00]	0.02969265497482203	0.06789373155061648	0.07518666435144987	0.15315158881750304
AVAX/USDT	2024-03-15 01:15:00+00:00	[0.75,1.00]	0.040057224606580864	0.11570100143061526	0.1559370529327612	0.19134477825464954
AVAX/USDT	2024-03-16 01:15:00+00:00	[0.75,1.00]	0.029319371727748688	0.05497382198952877	0.10977312390924955	0.16509598603839443
AVAX/USDT	2024-03-17 01:15:00+00:00	[0.50,0.75)	0.023498199734697783	0.03145726738677272	0.12848209209778286	0.16012886109531935
AVAX/USDT	2024-03-18 01:15:00+00:00	[0.75,1.00]	0.053780617678381146	0.1041888533901313	0.14678736244231458	0.16187433439829602
AVAX/USDT	2024-03-19 01:15:00+00:00	[0.75,1.00]	0.03365962562253123	0.05856087927185294	0.10561566202988149	0.17327837884252098
AVAX/USDT	2024-03-20 01:15:00+00:00	[0.75,1.00]	0.022213783937725357	0.05714828175431931	0.08315929371558753	0.1467628631099297
AVAX/USDT	2024-03-21 01:15:00+00:00	[0.50,0.75)	0.016390584132519575	0.06364428945074103	0.06364428945074103	0.08073234524847432
AVAX/USDT	2024-03-22 01:15:00+00:00	[0.25,0.50)	0.035155531014172715	0.06497331124608874	0.09423891036259889	0.1135652494018037
AVAX/USDT	2024-03-23 01:15:00+00:00	[0.50,0.75)	0.018801191362621095	0.0344378257632167	0.0510052122114669	0.06291883842144444
AVAX/USDT	2024-03-24 01:15:00+00:00	[0.10,0.25)	0.007222222222222233	0.01833333333333337	0.025185185185185175	0.06555555555555553
AVAX/USDT	2024-03-25 01:15:00+00:00	[0.25,0.50)	0.012698980504382059	0.019137900196744776	0.04864961545340724	0.06474691468431404
AVAX/USDT	2024-03-26 01:15:00+00:00	[0.25,0.50)	0.011309115832762229	0.01285126799177519	0.04797806716929399	0.08002056202878687
AVAX/USDT	2024-03-27 01:15:00+00:00	[0.10,0.25)	0.012052463665366886	0.017192484934420396	0.04661467564693376	0.07408720311946118
AVAX/USDT	2024-03-28 01:15:00+00:00	[0.10,0.25)	0.011030099083940854	0.01813423069732658	0.03495980557113474	0.03495980557113474
AVAX/USDT	2024-03-29 01:15:00+00:00	[0.10,0.25)	0.014673514306676527	0.015223771093176915	0.029163609684519504	0.03796771826852532
AVAX/USDT	2024-03-30 01:15:00+00:00	[0.25,0.50)	0.00762081784386624	0.022490706319702486	0.026579925650557615	0.034758364312267746
AVAX/USDT	2024-03-31 01:15:00+00:00	[0.05,0.10)	0.008831266441187502	0.015783540022547844	0.022735813603908323	0.022923712889890997
AVAX/USDT	2024-04-01 01:15:00+00:00	[0.10,0.25)	0.00840493089279049	0.01755696675382887	0.06499813223757946	0.07246918192005981
AVAX/USDT	2024-04-02 01:15:00+00:00	[0.25,0.50)	0.03301047637873086	0.07511365882585486	0.08756671278908874	0.11187981814587855
AVAX/USDT	2024-04-03 01:15:00+00:00	[0.50,0.75)	0.026411853124329053	0.026411853124329053	0.04079879750912602	0.07193472192398542
AVAX/USDT	2024-04-04 01:15:00+00:00	[0.50,0.75)	0.016698779704559925	0.028045386426889213	0.05287946906444014	0.0586598158852493
AVAX/USDT	2024-04-05 01:15:00+00:00	[0.05,0.10)	0.014301191765980579	0.03575297941495137	0.05417118093174431	0.05417118093174431
AVAX/USDT	2024-04-06 01:15:00+00:00	[0.25,0.50)	0.011324041811846758	0.03310104529616716	0.04442508710801392	0.07447735191637618
AVAX/USDT	2024-04-07 01:15:00+00:00	[0.10,0.25)	0.008608321377331455	0.010452961672473827	0.016601762656281927	0.033203525312564
AVAX/USDT	2024-04-08 01:15:00+00:00	[0.25,0.50)	0.015456579214968435	0.021354484441732706	0.052064266829367545	0.052064266829367545
AVAX/USDT	2024-04-09 01:15:00+00:00	[0.25,0.50)	0.008699170544203919	0.01982601658911586	0.04288893384584255	0.07202103985433937
AVAX/USDT	2024-04-10 01:15:00+00:00	[0.25,0.50)	0.017849462365591363	0.041075268817204226	0.060860215053763406	0.06322580645161285
AVAX/USDT	2024-04-11 01:15:00+00:00	[0.25,0.50)	0.006622516556291439	0.01174962614825901	0.036530655842768656	0.04080324716940817
AVAX/USDT	2024-04-12 01:15:00+00:00	[0.10,0.25)	0.009291270527225576	0.014044943820224842	0.050777873811581706	0.23509075194468457
AVAX/USDT	2024-04-13 01:15:00+00:00	[0.25,0.50)	0.027568270481144217	0.04057217165149532	0.042912873862158606	0.25565669700910276
AVAX/USDT	2024-04-14 01:15:00+00:00	[0.75,1.00]	0.021830143540669977	0.07954545454545445	0.13726076555023914	0.1575956937799042
AVAX/USDT	2024-04-15 01:15:00+00:00	[0.75,1.00]	0.017208413001912115	0.03441682600382423	0.08467631794591646	0.1234635345534006
AVAX/USDT	2024-04-16 01:15:00+00:00	[0.50,0.75)	0.028132992327365786	0.0520034100596762	0.0639386189258312	0.09121909633418568
AVAX/USDT	2024-04-17 01:15:00+00:00	[0.50,0.75)	0.022336769759450203	0.033505154639175305	0.05956471935853374	0.08963344788087063
AVAX/USDT	2024-04-18 01:15:00+00:00	[0.50,0.75)	0.017946454839658704	0.030891438658429072	0.0738452486025301	0.0782583112680199
AVAX/USDT	2024-04-19 01:15:00+00:00	[0.75,1.00]	0.05177030645641184	0.07229991074085093	0.12555786968164234	0.12555786968164234
AVAX/USDT	2024-04-20 01:15:00+00:00	[0.50,0.75)	0.016801853997682657	0.042294322132097356	0.043453070683661645	0.11616454229432227
AVAX/USDT	2024-04-21 01:15:00+00:00	[0.25,0.50)	0.014412997903564054	0.022536687631027428	0.044811320754717006	0.06341719077568139
AVAX/USDT	2024-04-22 01:15:00+00:00	[0.10,0.25)	0.013978494623655998	0.052150537634408536	0.07876344086021504	0.08521505376344089
AVAX/USDT	2024-04-23 01:15:00+00:00	[0.10,0.25)	0.007086813464945612	0.024044545684636695	0.038724373576309826	0.038724373576309826
AVAX/USDT	2024-04-24 01:15:00+00:00	[0.50,0.75)	0.01498222447943127	0.03174200101574403	0.03580497714575936	0.09700355510411376
AVAX/USDT	2024-04-25 01:15:00+00:00	[0.50,0.75)	0.027573027573027518	0.044226044226044155	0.05405405405405397	0.0546000546000546
AVAX/USDT	2024-04-26 01:15:00+00:00	[0.50,0.75)	0.026563838903170517	0.026563838903170517	0.031133961725221263	0.07997714938588987
AVAX/USDT	2024-04-27 01:15:00+00:00	[0.75,1.00]	0.02545672356993116	0.035339922132374954	0.035339922132374954	0.05420784666067692
AVAX/USDT	2024-04-28 01:15:00+00:00	[0.25,0.50)	0.006323656223052773	0.017533774073009673	0.026731819488358715	0.045702788157516626
AVAX/USDT	2024-04-29 01:15:00+00:00	[0.75,1.00]	0.008499413833528698	0.032239155920281405	0.04337631887456029	0.0890973036342321
AVAX/USDT	2024-04-30 01:15:00+00:00	[0.75,1.00]	0.029436739315029697	0.029436739315029697	0.08151712425700525	0.09878290404755151
AVAX/USDT	2024-05-01 01:15:00+00:00	[0.25,0.50)	0.016600061481709165	0.0169074700276669	0.07715954503535202	0.11497079618813398
AVAX/USDT	2024-05-02 01:15:00+00:00	[0.25,0.50)	0.01555352241537048	0.01860323269289416	0.053674900884416135	0.05580969807868269
AVAX/USDT	2024-05-03 01:15:00+00:00	[0.25,0.50)	0.011453744493392088	0.015271659324522645	0.04757709251101335	0.08311306901615288
AVAX/USDT	2024-05-04 01:15:00+00:00	[0.00,0.05)	0.01456174740968925	0.017922150658078985	0.03696443573228788	0.07252870344441342
AVAX/USDT	2024-05-05 01:15:00+00:00	[0.25,0.50)	0.02159244264507415	0.032388663967611225	0.03805668016194323	0.03805668016194323
AVAX/USDT	2024-05-06 01:15:00+00:00	[0.10,0.25)	0.007727151612043675	0.02051691979749523	0.0767386091127097	0.08233413269384482
AVAX/USDT	2024-05-07 01:15:00+00:00	[0.25,0.50)	0.013739224137930982	0.033674568965517244	0.033674568965517244	0.07219827586206896
AVAX/USDT	2024-05-08 01:15:00+00:00	[0.50,0.75)	0.005383961462170522	0.02351941059790304	0.039954661377160576	0.0532728818362143
AVAX/USDT	2024-05-09 01:15:00+00:00	[0.25,0.50)	0.007577965607694491	0.016030311862430903	0.027397260273972743	0.048090935587292494
AVAX/USDT	2024-05-10 01:15:00+00:00	[0.50,0.75)	0.011641113003975119	0.021010789324247645	0.028676888131743274	0.08205565019875073
AVAX/USDT	2024-05-11 01:15:00+00:00	[0.25,0.50)	0.012123004139562289	0.01774098166765232	0.022767593140153638	0.02749852158486102
AVAX/USDT	2024-05-12 01:15:00+00:00	[0.00,0.05)	0.004171632896305142	0.007747318235995384	0.02413587604290829	0.036352800953516055
AVAX/USDT	2024-05-13 01:15:00+00:00	[0.10,0.25)	0.0175864160097028	0.03183747725894473	0.05730745906610069	0.05730745906610069
AVAX/USDT	2024-05-14 01:15:00+00:00	[0.25,0.50)	0.014537581193937376	0.017939993813795296	0.05381998144138577	0.06155273739560786
AVAX/USDT	2024-05-15 01:15:00+00:00	[0.10,0.25)	0.007883948281299274	0.02491327656890568	0.07947019867549657	0.09933774834437081
AVAX/USDT	2024-05-16 01:15:00+00:00	[0.00,0.05)	0.007198387561186295	0.013245033112582807	0.028217679239850187	0.03627987330837887
AVAX/USDT	2024-05-17 01:15:00+00:00	[0.10,0.25)	0.009024745269286613	0.017176128093158553	0.09432314410480355	0.09432314410480355
AVAX/USDT	2024-05-18 01:15:00+00:00	[0.05,0.10)	0.0177111716621253	0.02779291553133504	0.02779291553133504	0.02779291553133504
AVAX/USDT	2024-05-19 01:15:00+00:00	[0.05,0.10)	0.00933831376734262	0.016808964781216528	0.047758804695837764	0.06563500533617933
AVAX/USDT	2024-05-20 01:15:00+00:00	[0.10,0.25)	0.022592487997740874	0.04207850889579221	0.04207850889579221	0.165489974583451
AVAX/USDT	2024-05-21 01:15:00+00:00	[0.75,1.00]	0.010317060895822941	0.03220936084549575	0.03850025163563163	0.04504277805737308
AVAX/USDT	2024-05-22 01:15:00+00:00	[0.25,0.50)	0.007023492371034128	0.02736740130782278	0.06321143133930733	0.06321143133930733
AVAX/USDT	2024-05-23 01:15:00+00:00	[0.25,0.50)	0.005982053838484596	0.01570289132602182	0.042622133599202416	0.10219341974077771
AVAX/USDT	2024-05-24 01:15:00+00:00	[0.75,1.00]	0.01118626430801248	0.022892819979188413	0.054370447450572415	0.054370447450572415
AVAX/USDT	2024-05-25 01:15:00+00:00	[0.00,0.05)	0.008432147562582351	0.019235836627141078	0.022661396574440038	0.02661396574440047
AVAX/USDT	2024-05-26 01:15:00+00:00	[0.10,0.25)	0.016749542004710825	0.01805809997382878	0.03166710285265639	0.04710808688824907
AVAX/USDT	2024-05-27 01:15:00+00:00	[0.10,0.25)	0.008923742563547818	0.02001081665765284	0.02893455922120066	0.06219578150351553
AVAX/USDT	2024-05-28 01:15:00+00:00	[0.05,0.10)	0.02911093627065301	0.04904274849200098	0.04904274849200098	0.04904274849200098
AVAX/USDT	2024-05-29 01:15:00+00:00	[0.10,0.25)	0.00815660685154987	0.019032082653616174	0.03045133224578568	0.04105492115280038
AVAX/USDT	2024-05-30 01:15:00+00:00	[0.25,0.50)	0.013535911602209998	0.025966850828729217	0.04834254143646408	0.04944751381215486
AVAX/USDT	2024-05-31 01:15:00+00:00	[0.10,0.25)	0.011366786803437666	0.018020515663986655	0.030773495980038798	0.04408095370113658
AVAX/USDT	2024-06-01 01:15:00+00:00	[0.25,0.50)	0.0038910505836576036	0.006392440244580236	0.007782101167315207	0.01445247359644236
AVAX/USDT	2024-06-02 01:15:00+00:00	[0.10,0.25)	0.004165509580672194	0.011941127464593162	0.02277145237434047	0.04498750347125791
AVAX/USDT	2024-06-03 01:15:00+00:00	[0.10,0.25)	0.009672830725462402	0.017638691322901776	0.039544807965860615	0.04495021337126616
AVAX/USDT	2024-06-04 01:15:00+00:00	[0.75,1.00]	0.005433228481555757	0.012296253931941656	0.02230483271375468	0.053760366028024094
AVAX/USDT	2024-06-05 01:15:00+00:00	[0.25,0.50)	0.008561170947252204	0.013532173432753437	0.014084507042253662	0.02706434686550668
AVAX/USDT	2024-06-06 01:15:00+00:00	[0.10,0.25)	0.003825136612021873	0.013114754098360569	0.024316939890710397	0.040437158469945465
AVAX/USDT	2024-06-07 01:15:00+00:00	[0.10,0.25)	0.005019520356943662	0.014500836586726046	0.03179029559397659	0.1670384829894033
AVAX/USDT	2024-06-08 01:15:00+00:00	[0.05,0.10)	0.009546539379474948	0.010143198090692014	0.04653937947494018	0.05399761336515498
AVAX/USDT	2024-06-09 01:15:00+00:00	[0.10,0.25)	0.010503552672227258	0.01451961692925545	0.01853568118628364	0.03490886623416752
AVAX/USDT	2024-06-10 01:15:00+00:00	[0.10,0.25)	0.01025331724969832	0.02261761158021713	0.04372738238841966	0.04372738238841966
AVAX/USDT	2024-06-11 01:15:00+00:00	[0.10,0.25)	0.02545793231915555	0.02545793231915555	0.02638932008692957	0.05557280347718108
AVAX/USDT	2024-06-12 01:15:00+00:00	[0.25,0.50)	0.021921341070277232	0.04126370083816896	0.09090909090909093	0.1031592520954224
AVAX/USDT	2024-06-13 01:15:00+00:00	[0.05,0.10)	0.01566736968966566	0.0313347393793311	0.045796926785176245	0.07020186803253999
AVAX/USDT	2024-06-14 01:15:00+00:00	[0.25,0.50)	0.015444015444015344	0.01962676962676961	0.04150579150579148	0.09395109395109401
AVAX/USDT	2024-06-15 01:15:00+00:00	[0.75,1.00]	0.007267922035018132	0.010901883052527315	0.022134126197555275	0.026098447307565217
AVAX/USDT	2024-06-16 01:15:00+00:00	[0.05,0.10)	0.005982053838484655	0.01429046194749097	0.02160186108341649	0.02725157859754072
AVAX/USDT	2024-06-17 01:15:00+00:00	[0.25,0.50)	0.01372155287817939	0.0187416331994646	0.051204819277108474	0.09370816599732265
AVAX/USDT	2024-06-18 01:15:00+00:00	[0.75,1.00]	0.08784773060029277	0.08784773060029277	0.08784773060029277	0.08784773060029277
AVAX/USDT	2024-06-19 01:15:00+00:00	[0.50,0.75)	0.022642910170749923	0.02524127691165552	0.03563474387527843	0.041202672605790754
AVAX/USDT	2024-06-20 01:15:00+00:00	[0.25,0.50)	0.023102310231023066	0.030436376971030375	0.08140814081408136	0.08140814081408136
AVAX/USDT	2024-06-21 01:15:00+00:00	[0.25,0.50)	0.007950849295265718	0.016624503071919077	0.029996385977593125	0.0397542464763282
AVAX/USDT	2024-06-22 01:15:00+00:00	[0.50,0.75)	0.006612784717119755	0.0742101396032329	0.10874357090374728	0.10874357090374728
AVAX/USDT	2024-06-23 01:15:00+00:00	[0.05,0.10)	0.007358636715724294	0.011231603408210793	0.056158017041053554	0.07862122385747473
AVAX/USDT	2024-06-24 01:15:00+00:00	[0.50,0.75)	0.015879317189360802	0.040095275903136225	0.06669313219531559	0.06907502977371967
AVAX/USDT	2024-06-25 01:15:00+00:00	[0.75,1.00]	0.012903225806451623	0.029838709677419435	0.029838709677419435	0.04475806451612901
AVAX/USDT	2024-06-26 01:15:00+00:00	[0.10,0.25)	0.016110019646365287	0.020432220039292716	0.03614931237721029	0.05304518664047157
AVAX/USDT	2024-06-27 01:15:00+00:00	[0.75,1.00]	0.008630835621812431	0.02000784621420171	0.0792467634366418	0.11847783444488033
AVAX/USDT	2024-06-28 01:15:00+00:00	[0.10,0.25)	0.01220825852782777	0.01220825852782777	0.04165170556552963	0.04560143626570914
AVAX/USDT	2024-06-29 01:15:00+00:00	[0.25,0.50)	0.006378454996456404	0.010276399716513082	0.032600992204110495	0.04110559886605245
AVAX/USDT	2024-06-30 01:15:00+00:00	[0.10,0.25)	0.011183261183261265	0.01911976911976916	0.050144300144300165	0.08766233766233765
AVAX/USDT	2024-07-01 01:15:00+00:00	[0.75,1.00]	0.007731092436974805	0.014453781512605032	0.018823529411764784	0.05008403361344545
AVAX/USDT	2024-07-02 01:15:00+00:00	[0.75,1.00]	0.006265227984684988	0.009745910198398926	0.023668639053254427	0.030630003480682177
AVAX/USDT	2024-07-03 01:15:00+00:00	[0.50,0.75)	0.02018795683954049	0.03411068569439612	0.068917507831535	0.09815523842673164
AVAX/USDT	2024-07-04 01:15:00+00:00	[0.50,0.75)	0.031999999999999994	0.032380952380952434	0.05371428571428572	0.11085714285714286
AVAX/USDT	2024-07-05 01:15:00+00:00	[0.75,1.00]	0.027426160337552682	0.09071729957805902	0.13502109704641346	0.16666666666666663
AVAX/USDT	2024-07-06 01:15:00+00:00	[0.50,0.75)	0.009952229299363057	0.015525477707006392	0.04020700636942681	0.10668789808917196
AVAX/USDT	2024-07-07 01:15:00+00:00	[0.50,0.75)	0.012364181341326408	0.019482952416635425	0.05657549644061452	0.09179467965530158
AVAX/USDT	2024-07-08 01:15:00+00:00	[0.75,1.00]	0.03493975903614462	0.051807228915662765	0.10361445783132538	0.10361445783132538
AVAX/USDT	2024-07-09 01:15:00+00:00	[0.50,0.75)	0.016739736946990758	0.03347947389398166	0.05460342766042238	0.07134316460741327
AVAX/USDT	2024-07-10 01:15:00+00:00	[0.10,0.25)	0.014404852160727922	0.04814253222137995	0.04814253222137995	0.07960576194086434
AVAX/USDT	2024-07-11 01:15:00+00:00	[0.25,0.50)	0.019261006289308113	0.028694968553459134	0.0483490566037736	0.06132075471698108
AVAX/USDT	2024-07-12 01:15:00+00:00	[0.10,0.25)	0.024038461538461595	0.026842948717948786	0.030849358974358955	0.0500801282051282
AVAX/USDT	2024-07-13 01:15:00+00:00	[0.25,0.50)	0.00809560524286819	0.015805705474171167	0.028912875867386275	0.031225905936777126
AVAX/USDT	2024-07-14 01:15:00+00:00	[0.25,0.50)	0.015349194167306162	0.017651573292402047	0.03146584804297776	0.05103607060629311
AVAX/USDT	2024-07-15 01:15:00+00:00	[0.75,1.00]	0.01348314606741571	0.020973782771535533	0.02996254681647943	0.05468164794007494
AVAX/USDT	2024-07-16 01:15:00+00:00	[0.50,0.75)	0.008291276135544355	0.02883922134102382	0.0591204037490988	0.10021629416005773
AVAX/USDT	2024-07-17 01:15:00+00:00	[0.75,1.00]	0.012521739130434762	0.02191304347826096	0.036173913043478355	0.06330434782608696
AVAX/USDT	2024-07-18 01:15:00+00:00	[0.50,0.75)	0.013371882905673921	0.013371882905673921	0.022045536682327536	0.04878930249367551
AVAX/USDT	2024-07-19 01:15:00+00:00	[0.25,0.50)	0.010756676557863469	0.018545994065281898	0.031899109792284976	0.06528189910979235
AVAX/USDT	2024-07-20 01:15:00+00:00	[0.05,0.10)	0.0067447639332623805	0.01668441604543837	0.025204117855874945	0.05111821086261972
AVAX/USDT	2024-07-21 01:15:00+00:00	[0.25,0.50)	0.012741046831955835	0.020661157024793438	0.03443526170798898	0.15358126721763088
AVAX/USDT	2024-07-22 01:15:00+00:00	[0.25,0.50)	0.015970515970515846	0.022113022113022077	0.036547911547911587	0.046990171990172025
AVAX/USDT	2024-07-23 01:15:00+00:00	[0.25,0.50)	0.010009383797309987	0.05817954332186434	0.0785111041601502	0.10853925555208016
AVAX/USDT	2024-07-24 01:15:00+00:00	[0.75,1.00]	0.01948051948051949	0.02836637047163357	0.07416267942583737	0.1107313738892687
AVAX/USDT	2024-07-25 01:15:00+00:00	[0.75,1.00]	0.02137681159420289	0.025362318840579684	0.034057971014492795	0.05579710144927533
AVAX/USDT	2024-07-26 01:15:00+00:00	[0.50,0.75)	0.02158010241404535	0.04462326261887353	0.04462326261887353	0.062545720555962
AVAX/USDT	2024-07-27 01:15:00+00:00	[0.25,0.50)	0.006271777003484311	0.012195121951219438	0.024738675958188183	0.06724738675958188
AVAX/USDT	2024-07-28 01:15:00+00:00	[0.50,0.75)	0.006773618538324466	0.032085561497326276	0.032085561497326276	0.03814616755793227
AVAX/USDT	2024-07-29 01:15:00+00:00	[0.50,0.75)	0.019085343896290876	0.03204897371263956	0.0471732084983795	0.07598127475693192
AVAX/USDT	2024-07-30 01:15:00+00:00	[0.25,0.50)	0.014343508642883434	0.01728576682603907	0.019492460463405706	0.047443913203383564
AVAX/USDT	2024-07-31 01:15:00+00:00	[0.10,0.25)	0.010964083175803371	0.030245746691871484	0.030245746691871484	0.054064272211720214
AVAX/USDT	2024-08-01 01:15:00+00:00	[0.10,0.25)	0.01973684210526308	0.037151702786377604	0.037151702786377604	0.07352941176470583
AVAX/USDT	2024-08-02 01:15:00+00:00	[0.50,0.75)	0.017674783974862503	0.020424194815396684	0.03849175176747841	0.10172820109976433
AVAX/USDT	2024-08-03 01:15:00+00:00	[0.50,0.75)	0.013622818220519231	0.015325670498084268	0.031077054065559682	0.08301404853128988
AVAX/USDT	2024-08-04 01:15:00+00:00	[0.10,0.25)	0.018125552608311234	0.02122015915119365	0.027851458885941757	0.21308576480990274
AVAX/USDT	2024-08-05 01:15:00+00:00	[0.75,1.00]	0.0515088449531737	0.064516129032258	0.1170655567117586	0.18522372528616038
AVAX/USDT	2024-08-06 01:15:00+00:00	[0.75,1.00]	0.013513513513513398	0.021235521235521127	0.04971042471042477	0.069015444015444
AVAX/USDT	2024-08-07 01:15:00+00:00	[0.50,0.75)	0.031930333817126275	0.04983067247218196	0.05128205128205122	0.1054668601838413
AVAX/USDT	2024-08-08 01:15:00+00:00	[0.50,0.75)	0.04685942173479568	0.04685942173479568	0.05682951146560322	0.13958125623130613
AVAX/USDT	2024-08-09 01:15:00+00:00	[0.75,1.00]	0.014146772767462434	0.04553492484526957	0.05128205128205129	0.06012378426171527
AVAX/USDT	2024-08-10 01:15:00+00:00	[0.25,0.50)	0.009704251386321501	0.01571164510166358	0.019408502772643332	0.02310536044362292
AVAX/USDT	2024-08-11 01:15:00+00:00	[0.05,0.10)	0.0074211502782931425	0.028756957328385947	0.04452690166975885	0.09601113172541746
AVAX/USDT	2024-08-12 01:15:00+00:00	[0.10,0.25)	0.007770762506070915	0.013113161728994637	0.05633802816901409	0.06119475473530848
AVAX/USDT	2024-08-13 01:15:00+00:00	[0.50,0.75)	0.013176470588235348	0.029647058823529533	0.03529411764705882	0.04799999999999998
AVAX/USDT	2024-08-14 01:15:00+00:00	[0.10,0.25)	0.008478568064060278	0.014130946773433854	0.033443240697126744	0.05181347150259074
AVAX/USDT	2024-08-15 01:15:00+00:00	[0.00,0.05)	0.014319809069212444	0.015274463007159919	0.029116945107398543	0.06252983293556097
AVAX/USDT	2024-08-16 01:15:00+00:00	[0.10,0.25)	0.008470353761833667	0.022919780767314442	0.038863976083707084	0.046836073741903225
AVAX/USDT	2024-08-17 01:15:00+00:00	[0.25,0.50)	0.006353861192570821	0.010752688172042954	0.01368523949169116	0.026881720430107562
AVAX/USDT	2024-08-18 01:15:00+00:00	[0.25,0.50)	0.006292352371732769	0.015004840271055118	0.04114230396902216	0.04646660212971931
AVAX/USDT	2024-08-19 01:15:00+00:00	[0.75,1.00]	0.010115606936416225	0.015895953757225523	0.02263969171483634	0.06310211946050107
AVAX/USDT	2024-08-20 01:15:00+00:00	[0.75,1.00]	0.008337193144974513	0.020842982862436445	0.027790643816581816	0.061139416396479865
AVAX/USDT	2024-08-21 01:15:00+00:00	[0.10,0.25)	0.016042780748663076	0.04857397504456327	0.05392156862745102	0.06327985739750452
AVAX/USDT	2024-08-22 01:15:00+00:00	[0.00,0.05)	0.008936170212765994	0.021702127659574383	0.09787234042553195	0.1319148936170212
AVAX/USDT	2024-08-23 01:15:00+00:00	[0.75,1.00]	0.020785219399538073	0.03079291762894537	0.03772132409545806	0.05234795996920719
AVAX/USDT	2024-08-24 01:15:00+00:00	[0.50,0.75)	0.010638297872340333	0.010638297872340333	0.061170212765957424	0.06876899696048627
AVAX/USDT	2024-08-25 01:15:00+00:00	[0.25,0.50)	0.016375139560848576	0.022329735764793503	0.03609973948641616	0.057685150725716436
AVAX/USDT	2024-08-26 01:15:00+00:00	[0.75,1.00]	0.015338570894126454	0.028058361391694726	0.029554807332585212	0.04601571268237936
AVAX/USDT	2024-08-27 01:15:00+00:00	[0.25,0.50)	0.009111617312072834	0.020880789673500405	0.050113895216400924	0.11958997722095667
AVAX/USDT	2024-08-28 01:15:00+00:00	[0.75,1.00]	0.013063632532659027	0.02865571007163926	0.05773282764433211	0.06953223767383053
AVAX/USDT	2024-08-29 01:15:00+00:00	[0.50,0.75)	0.008126603934987072	0.01539777587681777	0.0303678357570572	0.08169375534644997
AVAX/USDT	2024-08-30 01:15:00+00:00	[0.25,0.50)	0.009154315605928547	0.013077593722755044	0.0331299040976461	0.0636442894507411
AVAX/USDT	2024-08-31 01:15:00+00:00	[0.05,0.10)	0.0072992700729926216	0.009016745384285138	0.024903392013739884	0.037784456848432915
AVAX/USDT	2024-09-01 01:15:00+00:00	[0.00,0.05)	0.02199736031676199	0.022877254729432448	0.03739551253849544	0.07303123625164981
AVAX/USDT	2024-09-02 01:15:00+00:00	[0.75,1.00]	0.009178522257916443	0.0160624139513539	0.03854979348324919	0.04818724185406153
AVAX/USDT	2024-09-03 01:15:00+00:00	[0.05,0.10)	0.015138023152270697	0.017364203027604656	0.026268922528940333	0.10017809439002671
AVAX/USDT	2024-09-04 01:15:00+00:00	[0.75,1.00]	0.012345679012345585	0.0223171889838556	0.036562203228869876	0.06125356125356122
AVAX/USDT	2024-09-05 01:15:00+00:00	[0.05,0.10)	0.010884353741496688	0.024943310657596404	0.029478458049886715	0.04353741496598643
AVAX/USDT	2024-09-06 01:15:00+00:00	[0.00,0.05)	0.011676786548341896	0.01588042970574497	0.039234002802428766	0.07986921999065862
AVAX/USDT	2024-09-07 01:15:00+00:00	[0.50,0.75)	0.008514664143803204	0.022705771050141932	0.03263954588457889	0.04493850520340583
AVAX/USDT	2024-09-08 01:15:00+00:00	[0.10,0.25)	0.014155251141552454	0.03150684931506839	0.06255707762557067	0.076255707762557
AVAX/USDT	2024-09-09 01:15:00+00:00	[0.50,0.75)	0.009012875536480723	0.018454935622317585	0.05107296137339061	0.05407725321888419
AVAX/USDT	2024-09-10 01:15:00+00:00	[0.50,0.75)	0.005485232067510506	0.008860759493670923	0.023206751054852353	0.04303797468354429
AVAX/USDT	2024-09-11 01:15:00+00:00	[0.05,0.10)	0.015245158632056078	0.04120313143798929	0.04120313143798929	0.057684384013184944
AVAX/USDT	2024-09-12 01:15:00+00:00	[0.10,0.25)	0.024121878967414318	0.024968260685569187	0.027930596699111306	0.028353787558188816
AVAX/USDT	2024-09-13 01:15:00+00:00	[0.25,0.50)	0.007127882599580784	0.013836477987421311	0.024737945492662467	0.06037735849056609
AVAX/USDT	2024-09-14 01:15:00+00:00	[0.10,0.25)	0.004011231448054467	0.009225832330525489	0.01965503409546739	0.042117930204572836
AVAX/USDT	2024-09-15 01:15:00+00:00	[0.10,0.25)	0.004782781984854563	0.013551215623754479	0.02510960542048621	0.06416899163013151
AVAX/USDT	2024-09-16 01:15:00+00:00	[0.50,0.75)	0.010956595027391554	0.01854193004635488	0.038769490096923646	0.04551201011377995
AVAX/USDT	2024-09-17 01:15:00+00:00	[0.25,0.50)	0.009047824213701027	0.025850926324860034	0.037914691943127916	0.057302886686772865
AVAX/USDT	2024-09-18 01:15:00+00:00	[0.25,0.50)	0.0054829185997469	0.013496415014761716	0.0350063264445381	0.14382117250105442
AVAX/USDT	2024-09-19 01:15:00+00:00	[0.75,1.00]	0.015092879256965966	0.01780185758513935	0.036764705882352915	0.05417956656346744
AVAX/USDT	2024-09-20 01:15:00+00:00	[0.75,1.00]	0.01016183665788495	0.06097101994730903	0.08355287918705316	0.08355287918705316
AVAX/USDT	2024-09-21 01:15:00+00:00	[0.25,0.50)	0.01597096188747736	0.02141560798548094	0.022867513611615337	0.041379310344827606
AVAX/USDT	2024-09-22 01:15:00+00:00	[0.50,0.75)	0.011636363636363646	0.014909090909090914	0.024363636363636424	0.038181818181818206
AVAX/USDT	2024-09-23 01:15:00+00:00	[0.75,1.00]	0.008064516129032216	0.03372434017595301	0.03445747800586515	0.04655425219941347
AVAX/USDT	2024-09-24 01:15:00+00:00	[0.25,0.50)	0.01002599331600444	0.01745265503156327	0.036019309320460415	0.06349795766802825
AVAX/USDT	2024-09-25 01:15:00+00:00	[0.75,1.00]	0.013503909026297051	0.022032693674484627	0.03091684434968008	0.04335465529495376
AVAX/USDT	2024-09-26 01:15:00+00:00	[0.50,0.75)	0.01734957548911033	0.02583979328165372	0.06939830195644145	0.09080841638981177
AVAX/USDT	2024-09-27 01:15:00+00:00	[0.25,0.50)	0.009965635738831585	0.020274914089347073	0.0429553264604811	0.06597938144329903
AVAX/USDT	2024-09-28 01:15:00+00:00	[0.25,0.50)	0.0068852459016393724	0.02459016393442623	0.055409836065573696	0.055409836065573696
AVAX/USDT	2024-09-29 01:15:00+00:00	[0.05,0.10)	0.00926561427590951	0.0137268359643103	0.03809196980096098	0.041180507892930776
AVAX/USDT	2024-09-30 01:15:00+00:00	[0.50,0.75)	0.0201598887730274	0.025026068821689222	0.03649635036496353	0.050399721932568746
AVAX/USDT	2024-10-01 01:15:00+00:00	[0.50,0.75)	0.013839602555003569	0.026614620298083747	0.03832505322924066	0.13804116394606106
AVAX/USDT	2024-10-02 01:15:00+00:00	[0.25,0.50)	0.009177820267686501	0.017208413001912018	0.045889101338432235	0.06692160611854685
AVAX/USDT	2024-10-03 01:15:00+00:00	[0.25,0.50)	0.012900703674745969	0.014855355746677193	0.06528537920250202	0.06919468334636447
AVAX/USDT	2024-10-04 01:15:00+00:00	[0.25,0.50)	0.010032102728731942	0.015650080256821852	0.04935794542536117	0.07022471910112359
AVAX/USDT	2024-10-05 01:15:00+00:00	[0.05,0.10)	0.009916094584286864	0.018688024408848147	0.02135774218154076	0.04652936689549958
AVAX/USDT	2024-10-06 01:15:00+00:00	[0.50,0.75)	0.0062087698874660514	0.013193636010865342	0.04772991850989525	0.06558013193636016
AVAX/USDT	2024-10-07 01:15:00+00:00	[0.50,0.75)	0.011730205278592386	0.015762463343108494	0.03409090909090908	0.045087976539589326
AVAX/USDT	2024-10-08 01:15:00+00:00	[0.50,0.75)	0.00967621883141042	0.025307033866765898	0.038704875325642076	0.04317082247860067
AVAX/USDT	2024-10-09 01:15:00+00:00	[0.25,0.50)	0.011269722013523692	0.019534184823441006	0.033809166040570944	0.043576258452291516
AVAX/USDT	2024-10-10 01:15:00+00:00	[0.25,0.50)	0.006573859242072765	0.008894044856921903	0.0270688321732405	0.050657385924207356
AVAX/USDT	2024-10-11 01:15:00+00:00	[0.25,0.50)	0.014329976762199884	0.015491866769945723	0.0336948102246321	0.08481797056545319
AVAX/USDT	2024-10-12 01:15:00+00:00	[0.50,0.75)	0.041248206599713004	0.041248206599713004	0.041248206599713004	0.05451936872309898
AVAX/USDT	2024-10-13 01:15:00+00:00	[0.05,0.10)	0.013291360615599825	0.021336131514515546	0.029380902413431265	0.037075900664567986
AVAX/USDT	2024-10-14 01:15:00+00:00	[0.75,1.00]	0.011297500855871218	0.0338925025676139	0.0338925025676139	0.0369736391646697
AVAX/USDT	2024-10-15 01:15:00+00:00	[0.50,0.75)	0.011095700416088776	0.013176144244105376	0.03918169209431354	0.075242718446602
AVAX/USDT	2024-10-16 01:15:00+00:00	[0.25,0.50)	0.011756323477021671	0.025650160313501917	0.03455646597791232	0.03455646597791232
AVAX/USDT	2024-10-17 01:15:00+00:00	[0.05,0.10)	0.011768901569186816	0.01961483594864482	0.03887303851640513	0.05171184022824534
AVAX/USDT	2024-10-18 01:15:00+00:00	[0.10,0.25)	0.013124316441852095	0.014218009478673006	0.01713452424352907	0.03171709806780901
AVAX/USDT	2024-10-19 01:15:00+00:00	[0.25,0.50)	0.007446808510638329	0.013829787234042573	0.026595744680851064	0.026595744680851064
AVAX/USDT	2024-10-20 01:15:00+00:00	[0.05,0.10)	0.005005362888809332	0.008223096174472538	0.015016088666428251	0.055774043618162274
AVAX/USDT	2024-10-21 01:15:00+00:00	[0.75,1.00]	0.012332990750256918	0.02261048304213772	0.0479616306954436	0.0640630352860569
AVAX/USDT	2024-10-22 01:15:00+00:00	[0.25,0.50)	0.012535816618911098	0.012535816618911098	0.035458452722063105	0.035458452722063105
AVAX/USDT	2024-10-23 01:15:00+00:00	[0.10,0.25)	0.009447674418604708	0.014171511627906998	0.036700581395348895	0.059593023255813976
AVAX/USDT	2024-10-24 01:15:00+00:00	[0.50,0.75)	0.00702143385070206	0.01034737620103465	0.031042128603104208	0.031781226903178104
AVAX/USDT	2024-10-25 01:15:00+00:00	[0.50,0.75)	0.01013133208255158	0.02251407129455902	0.025140712945590928	0.10356472795497179
AVAX/USDT	2024-10-26 01:15:00+00:00	[0.75,1.00]	0.010761259465922662	0.025508170585890815	0.03347947389398166	0.03347947389398166
AVAX/USDT	2024-10-27 01:15:00+00:00	[0.05,0.10)	0.00870597546497819	0.014246141669964362	0.019786307874950535	0.02730510486743179
AVAX/USDT	2024-10-28 01:15:00+00:00	[0.10,0.25)	0.005058365758754825	0.023735408560311262	0.049416342412451346	0.057976653696497994
AVAX/USDT	2024-10-29 01:15:00+00:00	[0.50,0.75)	0.02279635258358668	0.027355623100303907	0.027355623100303907	0.03457446808510639
AVAX/USDT	2024-10-30 01:15:00+00:00	[0.25,0.50)	0.007164404223227667	0.007541478129713397	0.027903469079939743	0.02828054298642534
AVAX/USDT	2024-10-31 01:15:00+00:00	[0.10,0.25)	0.009174311926605444	0.010321100917431176	0.024847094801223324	0.05848623853211014
AVAX/USDT	2024-11-01 01:15:00+00:00	[0.10,0.25)	0.017310789049919475	0.018115942028985622	0.04106280193236728	0.052737520128824565
AVAX/USDT	2024-11-02 01:15:00+00:00	[0.25,0.50)	0.006827309236947718	0.010441767068273013	0.036144578313252955	0.04257028112449794
AVAX/USDT	2024-11-03 01:15:00+00:00	[0.25,0.50)	0.012884455527846997	0.03574397339983373	0.04322527015793846	0.060681629260182765
AVAX/USDT	2024-11-04 01:15:00+00:00	[0.25,0.50)	0.008016877637130706	0.016877637130801777	0.02995780590717303	0.0670886075949367
AVAX/USDT	2024-11-05 01:15:00+00:00	[0.50,0.75)	0.014556682840758792	0.022496691662990804	0.03881782090868985	0.1014556682840759
AVAX/USDT	2024-11-06 01:15:00+00:00	[0.75,1.00]	0.0267314702308627	0.07735925475901174	0.07897934386391248	0.12434183880113407
AVAX/USDT	2024-11-07 01:15:00+00:00	[0.75,1.00]	0.015568428674873269	0.032585083272990534	0.049239681390296865	0.05394641564083991
AVAX/USDT	2024-11-08 01:15:00+00:00	[0.75,1.00]	0.021162123385939736	0.02797704447632703	0.04878048780487803	0.09146341463414624
AVAX/USDT	2024-11-09 01:15:00+00:00	[0.75,1.00]	0.017869415807560244	0.01924398625429561	0.04158075601374573	0.0725085910652922
AVAX/USDT	2024-11-10 01:15:00+00:00	[0.75,1.00]	0.030547163477677077	0.07519301779120505	0.09466263846928488	0.11849613964417582
AVAX/USDT	2024-11-11 01:15:00+00:00	[0.75,1.00]	0.02026184538653362	0.0464463840399002	0.05953865336658355	0.16365336658354127
AVAX/USDT	2024-11-12 01:15:00+00:00	[0.75,1.00]	0.022509848058525527	0.03742262239729877	0.13421496904895902	0.14096792346651674
AVAX/USDT	2024-11-13 01:15:00+00:00	[0.75,1.00]	0.03118503118503131	0.07781407781407784	0.08197208197208201	0.11434511434511428
AVAX/USDT	2024-11-14 01:15:00+00:00	[0.75,1.00]	0.018728891618053623	0.0423702793982193	0.08044212465459004	0.1240405280933374
AVAX/USDT	2024-11-15 01:15:00+00:00	[0.75,1.00]	0.014776742691937066	0.03662062319306138	0.06778027626084172	0.08705428846771594
AVAX/USDT	2024-11-16 01:15:00+00:00	[0.25,0.50)	0.009930785434848193	0.055973517905507274	0.0722238940716222	0.07764068612699385
AVAX/USDT	2024-11-17 01:15:00+00:00	[0.25,0.50)	0.06741889985895629	0.09619181946403395	0.11819464033850506	0.11819464033850506
AVAX/USDT	2024-11-18 01:15:00+00:00	[0.50,0.75)	0.012517780938833708	0.024466571834992873	0.05661450924608805	0.059743954480796425
AVAX/USDT	2024-11-19 01:15:00+00:00	[0.25,0.50)	0.013932328689223826	0.01762866079044633	0.0383849872050043	0.059994313335228866
AVAX/USDT	2024-11-20 01:15:00+00:00	[0.25,0.50)	0.015124555160142501	0.026393831553973922	0.08066429418742582	0.08837485172004736
AVAX/USDT	2024-11-21 01:15:00+00:00	[0.25,0.50)	0.03840472673559835	0.06410635155095995	0.10664697193500737	0.11491875923190548
AVAX/USDT	2024-11-22 01:15:00+00:00	[0.25,0.50)	0.019431146156012328	0.04364967614756399	0.11855815263306115	0.28132920304139686
AVAX/USDT	2024-11-23 01:15:00+00:00	[0.75,1.00]	0.029165724621297743	0.048609541035496244	0.07031426633506668	0.09744517295952979
AVAX/USDT	2024-11-24 01:15:00+00:00	[0.50,0.75)	0.015158692562766475	0.029843675982946426	0.1144007579346281	0.1144007579346281
AVAX/USDT	2024-11-25 01:15:00+00:00	[0.75,1.00]	0.019714144898965114	0.052488910793494395	0.18531296205027115	0.18531296205027115
AVAX/USDT	2024-11-26 01:15:00+00:00	[0.50,0.75)	0.022559962004274417	0.04132035146046058	0.10638803134647346	0.12301116124436
AVAX/USDT	2024-11-27 01:15:00+00:00	[0.50,0.75)	0.025803424818203174	0.034951911799202484	0.05348346235045745	0.05348346235045745
AVAX/USDT	2024-11-28 01:15:00+00:00	[0.25,0.50)	0.01755185776156818	0.03715523136539783	0.057214497378618764	0.06222931388192396
AVAX/USDT	2024-11-29 01:15:00+00:00	[0.25,0.50)	0.019958226966813795	0.02506381991181261	0.032954281735901474	0.05662566720816889
AVAX/USDT	2024-11-30 01:15:00+00:00	[0.25,0.50)	0.012587098224319963	0.013710946280063082	0.04675207911890324	0.05282085861991462
AVAX/USDT	2024-12-01 01:15:00+00:00	[0.25,0.50)	0.01858486341244974	0.02754142409314832	0.030676220331392848	0.056202418271383746
AVAX/USDT	2024-12-02 01:15:00+00:00	[0.50,0.75)	0.023639123834309335	0.08653220559531559	0.08783344176968114	0.16026892214270225
AVAX/USDT	2024-12-03 01:15:00+00:00	[0.75,1.00]	0.035755478662053045	0.0378700499807766	0.06978085351787779	0.11822376009227231
AVAX/USDT	2024-12-04 01:15:00+00:00	[0.10,0.25)	0.02577519379844958	0.0426356589147286	0.08042635658914726	0.11744186046511632
AVAX/USDT	2024-12-05 01:15:00+00:00	[0.75,1.00]	0.023496614894464495	0.04241338112305859	0.06710473914774999	0.0967741935483871
AVAX/USDT	2024-12-06 01:15:00+00:00	[0.50,0.75)	0.014884979702300467	0.02841677943166439	0.07597138990914364	0.07597138990914364
AVAX/USDT	2024-12-07 01:15:00+00:00	[0.10,0.25)	0.01062391346339587	0.012169209967162498	0.02279312343055823	0.036314467838516426
AVAX/USDT	2024-12-08 01:15:00+00:00	[0.00,0.05)	0.00868893608804794	0.021818883954431406	0.03533500675806137	0.07800733732380767
AVAX/USDT	2024-12-09 01:15:00+00:00	[0.25,0.50)	0.018305340630307716	0.0398188337422155	0.07963766748443113	0.24023400641630502
AVAX/USDT	2024-12-10 01:15:00+00:00	[0.75,1.00]	0.024535809018567625	0.07714412024756856	0.09350132625994703	0.11427939876215741
AVAX/USDT	2024-12-11 01:15:00+00:00	[0.50,0.75)	0.0225528946756568	0.043013252731922844	0.07858637526156698	0.15066263659614038
AVAX/USDT	2024-12-12 01:15:00+00:00	[0.25,0.50)	0.016296598085149668	0.04888979425544914	0.0912609492768384	0.14442860052963935
AVAX/USDT	2024-12-13 01:15:00+00:00	[0.25,0.50)	0.013619796662190556	0.031843468252445745	0.04968348359869563	0.05985037406483799
AVAX/USDT	2024-12-14 01:15:00+00:00	[0.75,1.00]	0.012844378257632258	0.03145941921072235	0.056031273268801286	0.08339538346984371
AVAX/USDT	2024-12-15 01:15:00+00:00	[0.00,0.05)	0.03525641025641036	0.041866987179487246	0.06870993589743589	0.07912660256410248
AVAX/USDT	2024-12-16 01:15:00+00:00	[0.75,1.00]	0.029571984435797588	0.038910505836575876	0.0616731517509728	0.0640077821011673
AVAX/USDT	2024-12-17 01:15:00+00:00	[0.50,0.75)	0.010778930242017513	0.01789709172259513	0.048810250152532	0.07504575960951809
AVAX/USDT	2024-12-18 01:15:00+00:00	[0.50,0.75)	0.019857859531772486	0.039924749163879523	0.043269230769230775	0.11872909698996655
AVAX/USDT	2024-12-19 01:15:00+00:00	[0.75,1.00]	0.05908558030480647	0.06682297772567396	0.0799531066822977	0.14419695193434934
AVAX/USDT	2024-12-20 01:15:00+00:00	[0.25,0.50)	0.023712391636919933	0.03799082100968899	0.17312595614482404	0.17312595614482404
AVAX/USDT	2024-12-21 01:15:00+00:00	[0.75,1.00]	0.011027568922305886	0.027318295739348457	0.10776942355889718	0.13609022556390976
AVAX/USDT	2024-12-22 01:15:00+00:00	[0.10,0.25)	0.016292735042735217	0.04139957264957258	0.06330128205128199	0.08066239316239306
AVAX/USDT	2024-12-23 01:15:00+00:00	[0.25,0.50)	0.02928985907709299	0.0643824260845537	0.0643824260845537	0.11246200607902737
AVAX/USDT	2024-12-24 01:15:00+00:00	[0.50,0.75)	0.02407455345586331	0.03417033393735439	0.05513849339891264	0.1128656484597463
AVAX/USDT	2024-12-25 01:15:00+00:00	[0.10,0.25)	0.009454545454545469	0.021333333333333395	0.038060606060606066	0.05018181818181819
AVAX/USDT	2024-12-26 01:15:00+00:00	[0.05,0.10)	0.013256628314157108	0.02901450725362691	0.06653326663331675	0.08079039519759891
AVAX/USDT	2024-12-27 01:15:00+00:00	[0.05,0.10)	0.016644295302013355	0.01906040268456378	0.059328859060402514	0.07355704697986563
AVAX/USDT	2024-12-28 01:15:00+00:00	[0.10,0.25)	0.012369433754810217	0.017866959868059334	0.019791094007696505	0.051126992853216036
AVAX/USDT	2024-12-29 01:15:00+00:00	[0.25,0.50)	0.005096566523605089	0.010193133047210179	0.027628755364806707	0.05901287553648057
AVAX/USDT	2024-12-30 01:15:00+00:00	[0.25,0.50)	0.01686615886833527	0.026659412404787922	0.029923830250272076	0.0631120783460283
AVAX/USDT	2024-12-31 01:15:00+00:00	[0.50,0.75)	0.0070921985815602835	0.016170212765957453	0.05957446808510642	0.06666666666666671
