half_band_pct	grid_count	policy	path	leverage	horizon_d	maint_rate	fee_rate	n	net_mean	net_p5	net_p25	net_median	net_p75	net_p95	net_ci_lo	net_ci_hi	liq_rate	pnl_grid_mean	pnl_inv_mean	pnl_fee_mean	scenario
1.5	40	close	reverse	3	1	0.02	0.00011	12470	-0.000464026	-0.00633832	-0.00451874	-0.00205347	0.0020679	0.0104891	-0.000636035	-0.000282328	0			-0.0027564	main
1.5	40	close	reverse	3	7	0.02	0.00011	12470	-0.000602249	-0.00633973	-0.00453316	-0.00217169	0.00158716	0.0104641	-0.000770999	-0.00041598	0			-0.00295473	main
1.5	40	close	reverse	3	30	0.02	0.00011	12470	-0.000602249	-0.00633973	-0.00453316	-0.00217169	0.00158716	0.0104641	-0.000770999	-0.00041598	0			-0.00295473	main
1.5	40	close	reverse	5	1	0.02	0.00011	12470	-0.000773377	-0.0105639	-0.00753123	-0.00342246	0.00344651	0.0174819	-0.00106006	-0.000470546	0			-0.004594	main
1.5	40	close	reverse	5	7	0.02	0.00011	12470	-0.00100375	-0.0105662	-0.00755526	-0.00361948	0.00264526	0.0174401	-0.001285	-0.0006933	0			-0.00492455	main
1.5	40	close	reverse	5	30	0.02	0.00011	12470	-0.00100375	-0.0105662	-0.00755526	-0.00361948	0.00264526	0.0174401	-0.001285	-0.0006933	0			-0.00492455	main
1.5	40	close	reverse	10	1	0.02	0.00011	12470	-0.00154675	-0.0211277	-0.0150625	-0.00684491	0.00689301	0.0349637	-0.00212012	-0.000941092	0			-0.009188	main
1.5	40	close	reverse	10	7	0.02	0.00011	12470	-0.0020075	-0.0211324	-0.0151105	-0.00723896	0.00529053	0.0348803	-0.00257	-0.0013866	0			-0.00984909	main
1.5	40	close	reverse	10	30	0.02	0.00011	12470	-0.0020075	-0.0211324	-0.0151105	-0.00723896	0.00529053	0.0348803	-0.00257	-0.0013866	0			-0.00984909	main
1.5	40	close	reverse	15	1	0.02	0.00011	12470	-0.00232013	-0.0316916	-0.0225937	-0.0102674	0.0103395	0.0524456	-0.00318017	-0.00141164	0			-0.013782	main
1.5	40	close	reverse	15	7	0.02	0.00011	12470	-0.00301124	-0.0316986	-0.0226658	-0.0108584	0.00793579	0.0523204	-0.003855	-0.0020799	0			-0.0147736	main
1.5	40	close	reverse	15	30	0.02	0.00011	12470	-0.00301124	-0.0316986	-0.0226658	-0.0108584	0.00793579	0.0523204	-0.003855	-0.0020799	0			-0.0147736	main
1.5	40	close	reverse	30	1	0.02	0.00011	12470	-0.00464026	-0.0633832	-0.0451874	-0.0205347	0.020679	0.104891	-0.00636035	-0.00282328	0			-0.027564	main
1.5	40	close	reverse	30	7	0.02	0.00011	12470	-0.00602249	-0.0633973	-0.0453316	-0.0217169	0.0158716	0.104641	-0.00770999	-0.0041598	0			-0.0295473	main
1.5	40	close	reverse	30	30	0.02	0.00011	12470	-0.00602249	-0.0633973	-0.0453316	-0.0217169	0.0158716	0.104641	-0.00770999	-0.0041598	0			-0.0295473	main
1.5	40	hold	reverse	3	1	0.02	0.00011	12470	-0.00451754	-0.0645911	-0.0163843	0.00285425	0.0143183	0.035017	-0.00581737	-0.00325244	0	0.0244391	-0.0216993	-0.00725736	main
1.5	40	hold	reverse	3	7	0.02	0.00011	12470	-0.0164519	-0.183404	-0.0617747	-0.00246519	0.0446804	0.113399	-0.0233782	-0.00951077	0.00136327	0.0771661	-0.0695344	-0.0227272	main
1.5	40	hold	reverse	3	30	0.02	0.00011	12470	-0.0479573	-0.413081	-0.153127	-0.0180207	0.0971969	0.254723	-0.0703365	-0.0267817	0.0218123	0.169408	-0.146331	-0.0493078	main
1.5	40	hold	reverse	5	1	0.02	0.00011	12470	-0.0076428	-0.107652	-0.0273071	0.00475708	0.0238638	0.0583616	-0.00988574	-0.00551322	0.00032077	0.0407398	-0.0359663	-0.0120954	main
1.5	40	hold	reverse	5	7	0.02	0.00011	12470	-0.0280282	-0.307165	-0.102958	-0.00410866	0.0744673	0.188998	-0.039319	-0.016612	0.00705694	0.128936	-0.112059	-0.0378779	main
1.5	40	hold	reverse	5	30	0.02	0.00011	12470	-0.0747501	-1	-0.258081	-0.0306006	0.161901	0.424433	-0.107798	-0.0435625	0.0573376	0.28727	-0.22129	-0.0821286	main
1.5	40	hold	reverse	10	1	0.02	0.00011	12470	-0.0154826	-0.215304	-0.0546143	0.00951417	0.0477276	0.116723	-0.0200435	-0.0110982	0.00264635	0.0815581	-0.0702098	-0.0241908	main
1.5	40	hold	reverse	10	7	0.02	0.00011	12470	-0.0583982	-0.761906	-0.207063	-0.00836701	0.148864	0.377997	-0.080799	-0.0356456	0.047073	0.262546	-0.197068	-0.0757255	main
1.5	40	hold	reverse	10	30	0.02	0.00011	12470	-0.157523	-1	-1	-0.0973781	0.31019	0.841453	-0.211964	-0.102638	0.256295	0.647787	-0.324595	-0.161368	main
1.5	40	hold	reverse	15	1	0.02	0.00011	12470	-0.0248224	-0.326331	-0.0821256	0.0142394	0.0715643	0.175051	-0.0317516	-0.0181703	0.0115477	0.122748	-0.0997306	-0.0362722	main
1.5	40	hold	reverse	15	7	0.02	0.00011	12470	-0.0971575	-1	-0.333495	-0.0179372	0.220181	0.563558	-0.128786	-0.0638247	0.13352	0.410633	-0.247698	-0.11261	main
1.5	40	hold	reverse	15	30	0.02	0.00011	12470	-0.24327	-1	-1	-0.393966	0.394317	1.22018	-0.308534	-0.176823	0.451403	1.08602	-0.387523	-0.22671	main
1.5	40	hold	reverse	30	1	0.02	0.00011	12470	-0.0553014	-1	-0.169353	0.0275315	0.142475	0.348928	-0.0683939	-0.0419935	0.0684844	0.249639	-0.161395	-0.0721731	main
1.5	40	hold	reverse	30	7	0.02	0.00011	12470	-0.214723	-1	-1	-0.200401	0.377389	1.08014	-0.261341	-0.165627	0.408661	0.938688	-0.334389	-0.20991	main
1.5	40	hold	reverse	30	30	0.02	0.00011	12470	-0.417053	-1	-1	-1	-0.30238	2.11707	-0.490186	-0.341728	0.740417	2.56562	-0.566312	-0.353134	main
1.5	40	recover	reverse	3	1	0.02	0.00011	12470	-0.00184804	-0.0384291	-0.00257099	0.00351051	0.00713334	0.0151364	-0.00268554	-0.00105928	0			-0.00272832	main
1.5	40	recover	reverse	3	7	0.02	0.00011	12470	-0.00314942	-0.0703208	0.00268116	0.00513346	0.00904899	0.0180027	-0.00480118	-0.00145415	0.000160385			-0.00294358	main
1.5	40	recover	reverse	3	30	0.02	0.00011	12470	-0.00521678	-0.0767149	0.00331936	0.00571797	0.00967444	0.0186581	-0.00872963	-0.00211089	0.00160385			-0.00294923	main
1.5	40	recover	reverse	5	1	0.02	0.00011	12470	-0.00307095	-0.0640485	-0.00428498	0.00585086	0.0118889	0.0252274	-0.00445099	-0.00177243	0.000160385			-0.00454721	main
1.5	40	recover	reverse	5	7	0.02	0.00011	12470	-0.00536809	-0.117201	0.0044686	0.00855577	0.0150817	0.0300045	-0.00818243	-0.0025113	0.000882117			-0.00490597	main
1.5	40	recover	reverse	5	30	0.02	0.00011	12470	-0.00816564	-0.129359	0.0055277	0.0095251	0.0161226	0.0310969	-0.0135951	-0.00335737	0.00368885			-0.00491536	main
1.5	40	recover	reverse	10	1	0.02	0.00011	12470	-0.00611487	-0.128097	-0.00856997	0.0117017	0.0237778	0.0504547	-0.00879997	-0.0035397	0.000721732			-0.00909441	main
1.5	40	recover	reverse	10	7	0.02	0.00011	12470	-0.0113767	-0.234753	0.0089345	0.0170988	0.0301613	0.060009	-0.017105	-0.00534288	0.00705694			-0.00981188	main
1.5	40	recover	reverse	10	30	0.02	0.00011	12470	-0.0173211	-0.286537	0.0110027	0.0189562	0.0321599	0.0620659	-0.0271374	-0.00811267	0.0238974			-0.00982984	main
1.5	40	recover	reverse	15	1	0.02	0.00011	12470	-0.00978918	-0.192648	-0.0129403	0.0175447	0.0356653	0.0756821	-0.0140397	-0.00573889	0.00408982			-0.0136415	main
1.5	40	recover	reverse	15	7	0.02	0.00011	12470	-0.0191129	-0.369024	0.0132879	0.0255738	0.0452243	0.0900135	-0.0282492	-0.00968037	0.0219727			-0.0147168	main
1.5	40	recover	reverse	15	30	0.02	0.00011	12470	-0.0256022	-0.686932	0.0161628	0.0281381	0.0479617	0.0929486	-0.0382826	-0.0134954	0.0476343			-0.0147407	main
1.5	40	recover	reverse	30	1	0.02	0.00011	12470	-0.0206218	-0.394568	-0.0263744	0.0350311	0.0713247	0.151364	-0.0283485	-0.0130654	0.0245389			-0.0272822	main
1.5	40	recover	reverse	30	7	0.02	0.00011	12470	-0.0403096	-1	0.025361	0.05022	0.0899642	0.17964	-0.0549853	-0.0257548	0.0841219			-0.0294188	main
1.5	40	recover	reverse	30	30	0.02	0.00011	12470	-0.0484535	-1	0.0293762	0.0535449	0.0933387	0.184491	-0.0654159	-0.0319251	0.110826			-0.029445	main
1.5	80	close	reverse	3	1	0.02	0.00011	12470	-0.00391355	-0.0072376	-0.00624107	-0.00497387	-0.00275158	0.00343616	-0.00404791	-0.00377901	0			-0.00429161	main
1.5	80	close	reverse	3	7	0.02	0.00011	12470	-0.00425022	-0.0072376	-0.00624781	-0.00501425	-0.00306578	0.00125527	-0.00435123	-0.00414718	0			-0.0046636	main
1.5	80	close	reverse	3	30	0.02	0.00011	12470	-0.00425022	-0.0072376	-0.00624781	-0.00501425	-0.00306578	0.00125527	-0.00435123	-0.00414718	0			-0.0046636	main
1.5	80	close	reverse	5	1	0.02	0.00011	12470	-0.00652258	-0.0120627	-0.0104018	-0.00828979	-0.00458597	0.00572693	-0.00674652	-0.00629836	0			-0.00715268	main
1.5	80	close	reverse	5	7	0.02	0.00011	12470	-0.0070837	-0.0120627	-0.010413	-0.00835708	-0.00510964	0.00209211	-0.00725205	-0.00691196	0			-0.00777267	main
1.5	80	close	reverse	5	30	0.02	0.00011	12470	-0.0070837	-0.0120627	-0.010413	-0.00835708	-0.00510964	0.00209211	-0.00725205	-0.00691196	0			-0.00777267	main
1.5	80	close	reverse	10	1	0.02	0.00011	12470	-0.0130452	-0.0241253	-0.0208036	-0.0165796	-0.00917193	0.0114539	-0.013493	-0.0125967	0			-0.0143054	main
1.5	80	close	reverse	10	7	0.02	0.00011	12470	-0.0141674	-0.0241253	-0.020826	-0.0167142	-0.0102193	0.00418422	-0.0145041	-0.0138239	0			-0.0155453	main
1.5	80	close	reverse	10	30	0.02	0.00011	12470	-0.0141674	-0.0241253	-0.020826	-0.0167142	-0.0102193	0.00418422	-0.0145041	-0.0138239	0			-0.0155453	main
1.5	80	close	reverse	15	1	0.02	0.00011	12470	-0.0195677	-0.036188	-0.0312054	-0.0248694	-0.0137579	0.0171808	-0.0202396	-0.0188951	0			-0.021458	main
1.5	80	close	reverse	15	7	0.02	0.00011	12470	-0.0212511	-0.036188	-0.031239	-0.0250712	-0.0153289	0.00627633	-0.0217561	-0.0207359	0			-0.023318	main
1.5	80	close	reverse	15	30	0.02	0.00011	12470	-0.0212511	-0.036188	-0.031239	-0.0250712	-0.0153289	0.00627633	-0.0217561	-0.0207359	0			-0.023318	main
1.5	80	close	reverse	30	1	0.02	0.00011	12470	-0.0391355	-0.072376	-0.0624107	-0.0497387	-0.0275158	0.0343616	-0.0404791	-0.0377901	0			-0.0429161	main
1.5	80	close	reverse	30	7	0.02	0.00011	12470	-0.0425022	-0.072376	-0.0624781	-0.0501425	-0.0306578	0.0125527	-0.0435123	-0.0414718	0			-0.046636	main
1.5	80	close	reverse	30	30	0.02	0.00011	12470	-0.0425022	-0.072376	-0.0624781	-0.0501425	-0.0306578	0.0125527	-0.0435123	-0.0414718	0			-0.046636	main
1.5	80	hold	reverse	3	1	0.02	0.00011	12470	-0.0144616	-0.0721777	-0.0235854	-0.00405966	0.00463109	0.0126743	-0.0159824	-0.0130688	0	0.0180956	-0.0218526	-0.0107046	main
1.5	80	hold	reverse	3	7	0.02	0.00011	12470	-0.0473553	-0.199614	-0.0805155	-0.0261911	0.010972	0.0420504	-0.0541089	-0.0410673	0.00144346	0.0575827	-0.0696741	-0.0338621	main
1.5	80	hold	reverse	3	30	0.02	0.00011	12470	-0.11467	-0.450885	-0.188491	-0.0694359	0.0175553	0.0963801	-0.134545	-0.0963859	0.0236568	0.126187	-0.145265	-0.0733382	main
1.5	80	hold	reverse	5	1	0.02	0.00011	12470	-0.0242139	-0.120296	-0.039309	-0.0067661	0.00771848	0.0211238	-0.0267849	-0.0218233	0.00032077	0.0301655	-0.0362217	-0.0178408	main
1.5	80	hold	reverse	5	7	0.02	0.00011	12470	-0.079729	-0.334541	-0.134193	-0.0436518	0.0182866	0.0700839	-0.0904899	-0.0690788	0.00801925	0.096251	-0.111898	-0.056436	main
1.5	80	hold	reverse	5	30	0.02	0.00011	12470	-0.187181	-1	-0.320116	-0.11643	0.0290027	0.160556	-0.215425	-0.160013	0.0660786	0.214048	-0.217961	-0.122148	main
1.5	80	hold	reverse	10	1	0.02	0.00011	12470	-0.0486128	-0.240592	-0.078618	-0.0135322	0.015437	0.0422477	-0.0537473	-0.0437072	0.00280674	0.0604046	-0.0706074	-0.0356815	main
1.5	80	hold	reverse	10	7	0.02	0.00011	12470	-0.162163	-1	-0.269709	-0.0876872	0.0365403	0.140168	-0.183438	-0.141258	0.0565357	0.196208	-0.19271	-0.11279	main
1.5	80	hold	reverse	10	30	0.02	0.00011	12470	-0.377254	-1	-1	-0.284976	0.0488587	0.316796	-0.420406	-0.333833	0.315076	0.489894	-0.292921	-0.239362	main
1.5	80	hold	reverse	15	1	0.02	0.00011	12470	-0.0744291	-0.362623	-0.118188	-0.0203628	0.0231432	0.0633216	-0.0825508	-0.0669942	0.0123496	0.0909864	-0.100023	-0.0535067	main
1.5	80	hold	reverse	15	7	0.02	0.00011	12470	-0.252468	-1	-0.44439	-0.13921	0.052373	0.208688	-0.283067	-0.221462	0.161668	0.307617	-0.234948	-0.167497	main
1.5	80	hold	reverse	15	30	0.02	0.00011	12470	-0.545686	-1	-1	-1	-0.0193943	0.452238	-0.589932	-0.499498	0.556055	0.824117	-0.316773	-0.329173	main
1.5	80	hold	reverse	30	1	0.02	0.00011	12470	-0.15696	-1	-0.245503	-0.0423933	0.0460242	0.126258	-0.172421	-0.142092	0.0841219	0.185855	-0.155489	-0.106427	main
1.5	80	hold	reverse	30	7	0.02	0.00011	12470	-0.502685	-1	-1	-1	0.0297037	0.390821	-0.540042	-0.464234	0.51251	0.710582	-0.27262	-0.305128	main
1.5	80	hold	reverse	30	30	0.02	0.00011	12470	-0.800622	-1	-1	-1	-1	0.593095	-0.832714	-0.766669	0.861347	1.9881	-0.382906	-0.466003	main
1.5	80	recover	reverse	3	1	0.02	0.00011	12470	-0.00524744	-0.0411135	-0.00538132	0.00175004	0.00347372	0.0070205	-0.0060609	-0.00447896	0			-0.00426378	main
1.5	80	recover	reverse	3	7	0.02	0.00011	12470	-0.00672865	-0.072601	0.00150011	0.00277809	0.00467677	0.009287	-0.0083431	-0.00505602	0.000160385			-0.00465256	main
1.5	80	recover	reverse	3	30	0.02	0.00011	12470	-0.00873703	-0.0795468	0.00188382	0.00307658	0.00503155	0.00977535	-0.0121771	-0.00568922	0.00152366			-0.00465816	main
1.5	80	recover	reverse	5	1	0.02	0.00011	12470	-0.00873611	-0.0685224	-0.00896887	0.00291674	0.00578954	0.0117008	-0.0100889	-0.00745844	0.000160385			-0.0071063	main
1.5	80	recover	reverse	5	7	0.02	0.00011	12470	-0.0112901	-0.121002	0.00250019	0.00463016	0.00779462	0.0154783	-0.0139861	-0.00851056	0.000801925			-0.00775427	main
1.5	80	recover	reverse	5	30	0.02	0.00011	12470	-0.0140352	-0.13314	0.00313756	0.00512546	0.00838373	0.0162867	-0.0192841	-0.00926259	0.00360866			-0.00776356	main
1.5	80	recover	reverse	10	1	0.02	0.00011	12470	-0.0174625	-0.137045	-0.0179377	0.00583347	0.0115791	0.0234017	-0.0201295	-0.0149306	0.000801925			-0.0142126	main
1.5	80	recover	reverse	10	7	0.02	0.00011	12470	-0.0231996	-0.242785	0.00499967	0.00925236	0.0155861	0.03095	-0.0287598	-0.0173571	0.00697674			-0.0155085	main
1.5	80	recover	reverse	10	30	0.02	0.00011	12470	-0.0288646	-0.290437	0.00623761	0.0102089	0.0167221	0.0323944	-0.0383935	-0.0198382	0.0234964			-0.0155263	main
1.5	80	recover	reverse	15	1	0.02	0.00011	12470	-0.0267404	-0.206037	-0.027028	0.00874792	0.0173686	0.0351025	-0.0308802	-0.0228229	0.00408982			-0.0213188	main
1.5	80	recover	reverse	15	7	0.02	0.00011	12470	-0.0370382	-0.381302	0.00744003	0.0138551	0.0233518	0.0464055	-0.045919	-0.027838	0.0226143			-0.0232616	main
1.5	80	recover	reverse	15	30	0.02	0.00011	12470	-0.0430121	-0.707716	0.0091818	0.015174	0.0249305	0.0484183	-0.0553209	-0.0312464	0.0480353			-0.0232853	main
1.5	80	recover	reverse	30	1	0.02	0.00011	12470	-0.0546133	-0.426616	-0.0544554	0.0174587	0.0346965	0.0702013	-0.0619709	-0.0475469	0.0256616			-0.0426364	main
1.5	80	recover	reverse	30	7	0.02	0.00011	12470	-0.0767342	-1	0.014053	0.0271446	0.0461071	0.0918015	-0.0906827	-0.062807	0.0878107			-0.0465068	main
1.5	80	recover	reverse	30	30	0.02	0.00011	12470	-0.0840746	-1	0.0165046	0.0290195	0.0481583	0.0945749	-0.099754	-0.0681724	0.113873			-0.0465319	main
3	40	close	reverse	3	1	0.02	0.00011	12470	0.000686731	-0.0120451	-0.0077483	-9.68912e-05	0.00642347	0.019242	0.000392205	0.00100455	0			-0.00193185	main
3	40	close	reverse	3	7	0.02	0.00011	12470	0.000301916	-0.0121121	-0.00839611	-0.0032524	0.00531824	0.0243194	-0.000114462	0.000735889	0			-0.0027193	main
3	40	close	reverse	3	30	0.02	0.00011	12470	0.000228401	-0.0121121	-0.00839611	-0.00325706	0.00523095	0.0241224	-0.000189062	0.000665975	0			-0.00274223	main
3	40	close	reverse	5	1	0.02	0.00011	12470	0.00114455	-0.0200751	-0.0129138	-0.000161485	0.0107058	0.03207	0.000653676	0.00167424	0			-0.00321974	main
3	40	close	reverse	5	7	0.02	0.00011	12470	0.000503193	-0.0201869	-0.0139935	-0.00542067	0.00886374	0.0405323	-0.00019077	0.00122648	0			-0.00453216	main
3	40	close	reverse	5	30	0.02	0.00011	12470	0.000380669	-0.0201869	-0.0139935	-0.00542844	0.00871825	0.0402039	-0.000315104	0.00110996	0			-0.00457039	main
3	40	close	reverse	10	1	0.02	0.00011	12470	0.0022891	-0.0401502	-0.0258277	-0.000322971	0.0214116	0.0641399	0.00130735	0.00334849	0			-0.00643948	main
3	40	close	reverse	10	7	0.02	0.00011	12470	0.00100639	-0.0403738	-0.027987	-0.0108413	0.0177275	0.0810645	-0.000381539	0.00245296	0			-0.00906433	main
3	40	close	reverse	10	30	0.02	0.00011	12470	0.000761337	-0.0403738	-0.027987	-0.0108569	0.0174365	0.0804079	-0.000630208	0.00221992	0			-0.00914078	main
3	40	close	reverse	15	1	0.02	0.00011	12470	0.00343366	-0.0602254	-0.0387415	-0.000484456	0.0321173	0.0962099	0.00196103	0.00502273	0			-0.00965923	main
3	40	close	reverse	15	7	0.02	0.00011	12470	0.00150958	-0.0605607	-0.0419805	-0.016262	0.0265912	0.121597	-0.000572309	0.00367944	0			-0.0135965	main
3	40	close	reverse	15	30	0.02	0.00011	12470	0.00114201	-0.0605607	-0.0419805	-0.0162853	0.0261548	0.120612	-0.000945312	0.00332988	0			-0.0137112	main
3	40	close	reverse	30	1	0.02	0.00011	12470	0.00686731	-0.120451	-0.077483	-0.000968912	0.0642347	0.19242	0.00392205	0.0100455	0			-0.0193185	main
3	40	close	reverse	30	7	0.02	0.00011	12470	0.00301916	-0.121121	-0.0839611	-0.032524	0.0531824	0.243194	-0.00114462	0.00735889	0			-0.027193	main
3	40	close	reverse	30	30	0.02	0.00011	12470	0.00228401	-0.121121	-0.0839611	-0.0325706	0.0523095	0.241224	-0.00189062	0.00665975	0			-0.0274223	main
3	40	hold	reverse	3	1	0.02	0.00011	12470	0.00062988	-0.0528842	-0.00595419	0.00470613	0.0143002	0.0390336	-0.000445249	0.00176733	0	0.0206155	-0.0168934	-0.00309228	main
3	40	hold	reverse	3	7	0.02	0.00011	12470	-0.000886988	-0.16939	-0.0472273	0.0128738	0.0559093	0.137947	-0.00777821	0.00617257	0.00136327	0.0741031	-0.0626611	-0.0109608	main
3	40	hold	reverse	3	30	0.02	0.00011	12470	-0.014224	-0.397519	-0.131261	0.0119928	0.132472	0.326737	-0.0374815	0.00755382	0.0209302	0.171455	-0.13935	-0.0250204	main
3	40	hold	reverse	5	1	0.02	0.00011	12470	0.000931029	-0.0881403	-0.00992364	0.00784354	0.0238337	0.0650559	-0.000884919	0.0029005	0.00032077	0.0343651	-0.0279582	-0.00515362	main
3	40	hold	reverse	5	7	0.02	0.00011	12470	-0.00201797	-0.28483	-0.0787824	0.0214563	0.0931821	0.229911	-0.0131526	0.00951441	0.00649559	0.123787	-0.100964	-0.0182677	main
3	40	hold	reverse	5	30	0.02	0.00011	12470	-0.0181163	-1	-0.220603	0.0197158	0.220719	0.544266	-0.0533339	0.0148257	0.052927	0.290276	-0.210766	-0.0416779	main
3	40	hold	reverse	10	1	0.02	0.00011	12470	0.0016552	-0.176281	-0.0198473	0.0156871	0.0476674	0.130112	-0.00214508	0.00557363	0.00232558	0.0687774	-0.0544715	-0.0103072	main
3	40	hold	reverse	10	7	0.02	0.00011	12470	-0.00663899	-0.656512	-0.158604	0.0427978	0.186364	0.459823	-0.0290045	0.0161607	0.0420209	0.251443	-0.177314	-0.0365193	main
3	40	hold	reverse	10	30	0.02	0.00011	12470	-0.0453201	-1	-0.625947	0.00486556	0.428574	1.06774	-0.104422	0.0127212	0.226143	0.644549	-0.316004	-0.0818411	main
3	40	hold	reverse	15	1	0.02	0.00011	12470	0.000889842	-0.268265	-0.0298655	0.0235141	0.0714538	0.194945	-0.00496831	0.00681936	0.00994387	0.103243	-0.0768169	-0.015451	main
3	40	hold	reverse	15	7	0.02	0.00011	12470	-0.0193186	-1	-0.259255	0.0588506	0.275934	0.682437	-0.0516246	0.0133942	0.114194	0.389212	-0.224556	-0.0542318	main
3	40	hold	reverse	15	30	0.02	0.00011	12470	-0.0903933	-1	-1	-0.1728	0.578182	1.52796	-0.164013	-0.0157437	0.405774	1.06721	-0.379436	-0.115541	main
3	40	hold	reverse	30	1	0.02	0.00011	12470	-0.00163093	-1	-0.062351	0.0463885	0.141775	0.388295	-0.0117101	0.00881151	0.0506816	0.207003	-0.124312	-0.0307644	main
3	40	hold	reverse	30	7	0.02	0.00011	12470	-0.0696536	-1	-1	0.010883	0.489915	1.30472	-0.119952	-0.0160822	0.349318	0.857261	-0.300872	-0.101572	main
3	40	hold	reverse	30	30	0.02	0.00011	12470	-0.190705	-1	-1	-1	0.532334	2.72376	-0.285619	-0.0929459	0.677306	2.44153	-0.574565	-0.184973	main
3	40	recover	reverse	3	1	0.02	0.00011	12470	-0.000157956	-0.0385448	-0.00339653	0.00443225	0.0102669	0.0234974	-0.000976463	0.00069099	0			-0.00190069	main
3	40	recover	reverse	3	7	0.02	0.00011	12470	-0.00334946	-0.0981002	0.00262028	0.0094552	0.0177406	0.0366863	-0.00623524	-0.000444818	0.000240577			-0.00269845	main
3	40	recover	reverse	3	30	0.02	0.00011	12470	-0.00800468	-0.158543	0.00599341	0.0113343	0.0200699	0.0391911	-0.0147502	-0.00200181	0.00344828			-0.002732	main
3	40	recover	reverse	5	1	0.02	0.00011	12470	-0.000344188	-0.0642624	-0.00566877	0.00738483	0.0171057	0.0391522	-0.0017392	0.00108853	0.000240577			-0.0031678	main
3	40	recover	reverse	5	7	0.02	0.00011	12470	-0.00561125	-0.163552	0.00436117	0.015756	0.0295584	0.061109	-0.0104474	-0.000753825	0.002085			-0.0044974	main
3	40	recover	reverse	5	30	0.02	0.00011	12470	-0.0120929	-0.265636	0.00998629	0.018886	0.0334488	0.065263	-0.0220939	-0.00275791	0.00825982			-0.00455329	main
3	40	recover	reverse	10	1	0.02	0.00011	12470	-0.000780098	-0.128525	-0.0113375	0.0147697	0.0342114	0.0783044	-0.00362531	0.00209571	0.00152366			-0.0063356	main
3	40	recover	reverse	10	7	0.02	0.00011	12470	-0.0114573	-0.331209	0.0086883	0.0315071	0.0591063	0.122218	-0.0209467	-0.00189729	0.0115477			-0.00899469	main
3	40	recover	reverse	10	30	0.02	0.00011	12470	-0.0243039	-0.664891	0.0197656	0.0375219	0.0666429	0.130372	-0.0406752	-0.00750498	0.044587			-0.00910526	main
3	40	recover	reverse	15	1	0.02	0.00011	12470	-0.00171936	-0.192995	-0.0170664	0.0221427	0.051317	0.117457	-0.00600363	0.00269446	0.00521251			-0.00950336	main
3	40	recover	reverse	15	7	0.02	0.00011	12470	-0.0199896	-0.566265	0.0122439	0.0471876	0.0886039	0.183327	-0.0343874	-0.00568275	0.0370489			-0.0134912	main
3	40	recover	reverse	15	30	0.02	0.00011	12470	-0.034522	-1	0.0284022	0.05525	0.0989953	0.194961	-0.055117	-0.0136196	0.0845229			-0.0136512	main
3	40	recover	reverse	30	1	0.02	0.00011	12470	-0.00471855	-0.409191	-0.0349843	0.044183	0.102427	0.234203	-0.0128959	0.00348491	0.0273456			-0.0190057	main
3	40	recover	reverse	30	7	0.02	0.00011	12470	-0.0418685	-1	-0.0215088	0.0916096	0.175604	0.365134	-0.0652205	-0.0191917	0.130553			-0.0269601	main
3	40	recover	reverse	30	30	0.02	0.00011	12470	-0.0585609	-1	0.0431774	0.102646	0.191193	0.385125	-0.084295	-0.0317856	0.182759			-0.0272451	main
3	80	close	reverse	3	1	0.02	0.00011	12470	-0.0015403	-0.012969	-0.00931914	-0.00277348	0.00458385	0.0147157	-0.00183067	-0.00122607	0			-0.00364679	main
3	80	close	reverse	3	7	0.02	0.00011	12470	-0.00248528	-0.0130133	-0.00978454	-0.005451	0.00164043	0.0178627	-0.00285867	-0.00208278	0			-0.00525806	main
3	80	close	reverse	3	30	0.02	0.00011	12470	-0.00257025	-0.0130133	-0.00978454	-0.00545501	0.00158193	0.0173781	-0.00293158	-0.00217987	0			-0.0053063	main
3	80	close	reverse	5	1	0.02	0.00011	12470	-0.00256717	-0.021615	-0.0155319	-0.00462247	0.00763975	0.0245262	-0.00305111	-0.00204345	0			-0.00607799	main
3	80	close	reverse	5	7	0.02	0.00011	12470	-0.00414213	-0.0216888	-0.0163076	-0.00908499	0.00273404	0.0297712	-0.00476445	-0.00347129	0			-0.00876344	main
3	80	close	reverse	5	30	0.02	0.00011	12470	-0.00428375	-0.0216888	-0.0163076	-0.00909168	0.00263654	0.0289635	-0.00488597	-0.00363312	0			-0.00884384	main
3	80	close	reverse	10	1	0.02	0.00011	12470	-0.00513434	-0.04323	-0.0310638	-0.00924493	0.0152795	0.0490523	-0.00610223	-0.00408691	0			-0.012156	main
3	80	close	reverse	10	7	0.02	0.00011	12470	-0.00828425	-0.0433776	-0.0326151	-0.01817	0.00546809	0.0595425	-0.00952891	-0.00694259	0			-0.0175269	main
3	80	close	reverse	10	30	0.02	0.00011	12470	-0.00856751	-0.0433776	-0.0326151	-0.0181834	0.00527309	0.0579269	-0.00977194	-0.00726625	0			-0.0176877	main
3	80	close	reverse	15	1	0.02	0.00011	12470	-0.00770151	-0.064845	-0.0465957	-0.0138674	0.0229192	0.0735785	-0.00915334	-0.00613036	0			-0.018234	main
3	80	close	reverse	15	7	0.02	0.00011	12470	-0.0124264	-0.0650664	-0.0489227	-0.027255	0.00820213	0.0893137	-0.0142934	-0.0104139	0			-0.0262903	main
3	80	close	reverse	15	30	0.02	0.00011	12470	-0.0128513	-0.0650664	-0.0489227	-0.027275	0.00790963	0.0868904	-0.0146579	-0.0108994	0			-0.0265315	main
3	80	close	reverse	30	1	0.02	0.00011	12470	-0.015403	-0.12969	-0.0931914	-0.0277348	0.0458385	0.147157	-0.0183067	-0.0122607	0			-0.0364679	main
3	80	close	reverse	30	7	0.02	0.00011	12470	-0.0248528	-0.130133	-0.0978454	-0.05451	0.0164043	0.178627	-0.0285867	-0.0208278	0			-0.0525806	main
3	80	close	reverse	30	30	0.02	0.00011	12470	-0.0257025	-0.130133	-0.0978454	-0.0545501	0.0158193	0.173781	-0.0293158	-0.0217987	0			-0.053063	main
3	80	hold	reverse	3	1	0.02	0.00011	12470	-0.00373729	-0.0572876	-0.00911078	0.00336214	0.0109601	0.0263033	-0.00486882	-0.00266471	0	0.0190548	-0.0171343	-0.0056578	main
3	80	hold	reverse	3	7	0.02	0.00011	12470	-0.0153916	-0.177892	-0.0558912	0.00340001	0.0419119	0.0993046	-0.0221373	-0.00875968	0.00136327	0.0693966	-0.062992	-0.0204409	main
3	80	hold	reverse	3	30	0.02	0.00011	12470	-0.0469592	-0.410499	-0.14717	-0.0133589	0.0968601	0.235352	-0.0692383	-0.0261953	0.0214916	0.1605	-0.139339	-0.0467198	main
3	80	hold	reverse	5	1	0.02	0.00011	12470	-0.00634546	-0.0954793	-0.0151846	0.00560356	0.0182669	0.0438388	-0.00829818	-0.00454993	0.00032077	0.0317646	-0.0283597	-0.00942947	main
3	80	hold	reverse	5	7	0.02	0.00011	12470	-0.0262931	-0.298183	-0.093152	0.00566669	0.0698532	0.165508	-0.0374181	-0.0153007	0.00705694	0.115951	-0.101153	-0.0340674	main
3	80	hold	reverse	5	30	0.02	0.00011	12470	-0.0728096	-1	-0.247834	-0.0229945	0.161361	0.392146	-0.105744	-0.0421415	0.0559743	0.271834	-0.209752	-0.0778166	main
3	80	hold	reverse	10	1	0.02	0.00011	12470	-0.0128676	-0.190959	-0.0303693	0.0112071	0.0365338	0.0876775	-0.0167983	-0.00909896	0.00232558	0.0635864	-0.0552733	-0.0188589	main
3	80	hold	reverse	10	7	0.02	0.00011	12470	-0.0547437	-0.708853	-0.186791	0.0112398	0.139706	0.331015	-0.0767247	-0.0326934	0.0453087	0.235733	-0.176155	-0.0681131	main
3	80	hold	reverse	10	30	0.02	0.00011	12470	-0.15278	-1	-0.794215	-0.0770361	0.312444	0.775511	-0.20659	-0.0988789	0.246351	0.607752	-0.304986	-0.152976	main
3	80	hold	reverse	15	1	0.02	0.00011	12470	-0.0209261	-0.289328	-0.0456398	0.0167662	0.0547093	0.131396	-0.026987	-0.0151463	0.0106656	0.0955908	-0.0775827	-0.0282762	main
3	80	hold	reverse	15	7	0.02	0.00011	12470	-0.0919635	-1	-0.304213	0.0109358	0.20662	0.490443	-0.122957	-0.0596657	0.125421	0.365848	-0.219822	-0.101198	main
3	80	hold	reverse	15	30	0.02	0.00011	12470	-0.241138	-1	-1	-0.356323	0.408019	1.13763	-0.305236	-0.174819	0.442261	1.01055	-0.353043	-0.215053	main
3	80	hold	reverse	30	1	0.02	0.00011	12470	-0.0454472	-1	-0.0933778	0.0331952	0.108683	0.261951	-0.0567058	-0.0340347	0.0570168	0.192152	-0.122865	-0.0562596	main
3	80	hold	reverse	30	7	0.02	0.00011	12470	-0.201506	-1	-1	-0.107224	0.360788	0.94456	-0.247586	-0.152405	0.381315	0.809419	-0.280561	-0.189011	main
3	80	hold	reverse	30	30	0.02	0.00011	12470	-0.406599	-1	-1	-1	-0.0150249	1.99441	-0.484236	-0.325223	0.723978	2.3262	-0.493186	-0.337909	main
3	80	recover	reverse	3	1	0.02	0.00011	12470	-0.00237321	-0.0406628	-0.00497097	0.00338695	0.00818537	0.0177703	-0.00319496	-0.0015542	0			-0.00361588	main
3	80	recover	reverse	3	7	0.02	0.00011	12470	-0.00609408	-0.0994964	0.000811221	0.00756996	0.0145326	0.0297224	-0.00888994	-0.00323751	0.000240577			-0.0052374	main
3	80	recover	reverse	3	30	0.02	0.00011	12470	-0.0106838	-0.159656	0.00475153	0.00928908	0.0165545	0.0325394	-0.0172861	-0.00476749	0.00328789			-0.00529615	main
3	80	recover	reverse	5	1	0.02	0.00011	12470	-0.00403532	-0.067881	-0.00829525	0.00564418	0.0136382	0.0296046	-0.00544532	-0.00264508	0.000240577			-0.00602644	main
3	80	recover	reverse	5	7	0.02	0.00011	12470	-0.0102308	-0.16588	0.00133323	0.0126121	0.0242089	0.049507	-0.0149787	-0.00553297	0.0021652			-0.00872899	main
3	80	recover	reverse	5	30	0.02	0.00011	12470	-0.0166548	-0.266359	0.00791573	0.015481	0.0275893	0.0542236	-0.0265215	-0.0074955	0.00809944			-0.00882688	main
3	80	recover	reverse	10	1	0.02	0.00011	12470	-0.00818583	-0.135762	-0.0165905	0.0112884	0.0272763	0.0592092	-0.0111038	-0.00537553	0.00168404			-0.0120529	main
3	80	recover	reverse	10	7	0.02	0.00011	12470	-0.02064	-0.336045	0.00253528	0.0252173	0.0484132	0.0990139	-0.0300054	-0.0111943	0.0117081			-0.0174579	main
3	80	recover	reverse	10	30	0.02	0.00011	12470	-0.0336724	-0.669549	0.0155874	0.0307898	0.0550508	0.108361	-0.0499316	-0.017099	0.0448276			-0.0176523	main
3	80	recover	reverse	15	1	0.02	0.00011	12470	-0.0129225	-0.204117	-0.0249019	0.0169259	0.0409145	0.0888138	-0.0173977	-0.00865218	0.00561347			-0.0180793	main
3	80	recover	reverse	15	7	0.02	0.00011	12470	-0.0336548	-0.572673	0.00219749	0.0377527	0.0726037	0.148521	-0.0478653	-0.0197244	0.0371291			-0.0261858	main
3	80	recover	reverse	15	30	0.02	0.00011	12470	-0.0481825	-1	0.0222238	0.0453986	0.0815428	0.161756	-0.0685398	-0.0274825	0.0847634			-0.0264717	main
3	80	recover	reverse	30	1	0.02	0.00011	12470	-0.0268806	-0.429863	-0.0508001	0.0337126	0.0817276	0.177368	-0.0350023	-0.0185362	0.0289495			-0.0361573	main
3	80	recover	reverse	30	7	0.02	0.00011	12470	-0.0702057	-1	-0.0395942	0.0728484	0.142925	0.296561	-0.0928718	-0.0482254	0.134804			-0.0523479	main
3	80	recover	reverse	30	30	0.02	0.00011	12470	-0.0861602	-1	0.0326936	0.0834111	0.156164	0.317583	-0.111074	-0.0602912	0.185405			-0.0528844	main
4.6	40	close	reverse	3	1	0.02	0.00011	12470	0.000757355	-0.0180631	-0.00880998	0.0019016	0.00727069	0.0205241	0.00035968	0.00116081	0			-0.00122959	main
4.6	40	close	reverse	3	7	0.02	0.00011	12470	-0.000236111	-0.0184917	-0.0132056	-0.00551002	0.0077635	0.035562	-0.000962194	0.000550981	0			-0.00238382	main
4.6	40	close	reverse	3	30	0.02	0.00011	12470	-0.000687709	-0.0184917	-0.0132108	-0.00573872	0.00648859	0.0341478	-0.00141118	9.78835e-05	0			-0.00250852	main
4.6	40	close	reverse	5	1	0.02	0.00011	12470	0.00126226	-0.0301052	-0.0146833	0.00316934	0.0121178	0.0342068	0.000599466	0.00193468	0			-0.00204931	main
4.6	40	close	reverse	5	7	0.02	0.00011	12470	-0.000393518	-0.0308196	-0.0220094	-0.00918337	0.0129392	0.05927	-0.00160366	0.000918301	0			-0.00397304	main
4.6	40	close	reverse	5	30	0.02	0.00011	12470	-0.00114618	-0.0308196	-0.022018	-0.00956453	0.0108143	0.056913	-0.00235196	0.000163139	0			-0.00418087	main
4.6	40	close	reverse	10	1	0.02	0.00011	12470	0.00252452	-0.0602104	-0.0293666	0.00633868	0.0242356	0.0684136	0.00119893	0.00386936	0			-0.00409863	main
4.6	40	close	reverse	10	7	0.02	0.00011	12470	-0.000787037	-0.0616391	-0.0440188	-0.0183667	0.0258783	0.11854	-0.00320731	0.0018366	0			-0.00794608	main
4.6	40	close	reverse	10	30	0.02	0.00011	12470	-0.00229236	-0.0616391	-0.044036	-0.0191291	0.0216286	0.113826	-0.00470392	0.000326278	0			-0.00836173	main
4.6	40	close	reverse	15	1	0.02	0.00011	12470	0.00378677	-0.0903155	-0.0440499	0.00950802	0.0363534	0.10262	0.0017984	0.00580404	0			-0.00614794	main
4.6	40	close	reverse	15	7	0.02	0.00011	12470	-0.00118055	-0.0924587	-0.0660282	-0.0275501	0.0388175	0.17781	-0.00481097	0.0027549	0			-0.0119191	main
4.6	40	close	reverse	15	30	0.02	0.00011	12470	-0.00343854	-0.0924587	-0.066054	-0.0286936	0.0324429	0.170739	-0.00705588	0.000489418	0			-0.0125426	main
4.6	40	close	reverse	30	1	0.02	0.00011	12470	0.00757355	-0.180631	-0.0880998	0.019016	0.0727069	0.205241	0.0035968	0.0116081	0			-0.0122959	main
4.6	40	close	reverse	30	7	0.02	0.00011	12470	-0.00236111	-0.184917	-0.132056	-0.0551002	0.077635	0.35562	-0.00962194	0.00550981	0			-0.0238382	main
4.6	40	close	reverse	30	30	0.02	0.00011	12470	-0.00687709	-0.184917	-0.132108	-0.0573872	0.0648859	0.341478	-0.0141118	0.000978835	0			-0.0250852	main
4.6	40	hold	reverse	3	1	0.02	0.00011	12470	0.000964211	-0.0436918	-0.00164718	0.00379161	0.0107833	0.0325822	1.97947e-05	0.0019383	0	0.0158849	-0.0133469	-0.0015737	main
4.6	40	hold	reverse	3	7	0.02	0.00011	12470	0.000385713	-0.161765	-0.0391879	0.0157065	0.0507323	0.129084	-0.00606765	0.00704315	0.00128308	0.064198	-0.0562977	-0.00622816	main
4.6	40	hold	reverse	3	30	0.02	0.00011	12470	-0.011755	-0.390093	-0.123749	0.0191313	0.130855	0.309027	-0.0344666	0.00938093	0.0203689	0.155938	-0.132123	-0.0148852	main
4.6	40	hold	reverse	5	1	0.02	0.00011	12470	0.00148315	-0.0728196	-0.0027453	0.00631935	0.0179721	0.0543037	-0.000137186	0.00316222	0.00032077	0.0264779	-0.0220503	-0.00262265	main
4.6	40	hold	reverse	5	7	0.02	0.00011	12470	9.69675e-05	-0.271897	-0.0653131	0.0261774	0.0845539	0.215139	-0.0103381	0.0111205	0.00625501	0.107223	-0.0904277	-0.01038	main
4.6	40	hold	reverse	5	30	0.02	0.00011	12470	-0.0144698	-1	-0.208206	0.0313595	0.217938	0.515044	-0.048776	0.0175956	0.0522053	0.263808	-0.198585	-0.0247998	main
4.6	40	hold	reverse	10	1	0.02	0.00011	12470	0.00282299	-0.145639	-0.0054906	0.0126387	0.0359443	0.108607	-0.000467236	0.00626836	0.00200481	0.0529699	-0.0428852	-0.00524531	main
4.6	40	hold	reverse	10	7	0.02	0.00011	12470	-0.00205087	-0.618348	-0.131648	0.0523384	0.169078	0.430278	-0.0235143	0.0197833	0.0391339	0.217396	-0.157719	-0.0207484	main
4.6	40	hold	reverse	10	30	0.02	0.00011	12470	-0.0383677	-1	-0.576544	0.0381363	0.424301	1.00657	-0.0953598	0.0186279	0.218444	0.580033	-0.293813	-0.0486103	main
4.6	40	hold	reverse	15	1	0.02	0.00011	12470	0.00344827	-0.220303	-0.00825134	0.0189482	0.0538858	0.16284	-0.00145645	0.00857157	0.00761828	0.0793428	-0.0603332	-0.00786746	main
4.6	40	hold	reverse	15	7	0.02	0.00011	12470	-0.0114985	-1	-0.216137	0.0765827	0.25084	0.637376	-0.0416986	0.0201434	0.104731	0.334146	-0.197624	-0.0308289	main
4.6	40	hold	reverse	15	30	0.02	0.00011	12470	-0.0776996	-1	-1	-0.104443	0.58552	1.44888	-0.149428	-0.00544173	0.38733	0.94824	-0.351681	-0.0687421	main
4.6	40	hold	reverse	30	1	0.02	0.00011	12470	0.00265522	-0.516261	-0.0177119	0.0373465	0.107133	0.321727	-0.00617619	0.0118013	0.0413793	0.157428	-0.0959192	-0.0156526	main
4.6	40	hold	reverse	30	7	0.02	0.00011	12470	-0.0566665	-1	-1	0.0820314	0.455618	1.1843	-0.104742	-0.00734943	0.321492	0.713424	-0.254137	-0.0576725	main
4.6	40	hold	reverse	30	30	0.02	0.00011	12470	-0.179497	-1	-1	-1	0.639788	2.52886	-0.274254	-0.0864313	0.660545	2.12477	-0.503547	-0.1106	main
4.6	40	recover	reverse	3	1	0.02	0.00011	12470	0.000305575	-0.0362773	-0.00197983	0.00356168	0.0095148	0.023949	-0.000456327	0.00105267	0			-0.00120684	main
4.6	40	recover	reverse	3	7	0.02	0.00011	12470	-0.00362955	-0.109578	-0.00903776	0.0114867	0.0231392	0.0482152	-0.00718492	-1.90691e-05	8.01925e-05			-0.00235438	main
4.6	40	recover	reverse	3	30	0.02	0.00011	12470	-0.0106474	-0.197443	0.00698059	0.0152223	0.0278565	0.0561167	-0.0191097	-0.00304011	0.00417001			-0.00249306	main
4.6	40	recover	reverse	5	1	0.02	0.00011	12470	0.000451363	-0.0604622	-0.00329972	0.00593613	0.015858	0.039915	-0.000825726	0.00172048	0.000240577			-0.0020114	main
4.6	40	recover	reverse	5	7	0.02	0.00011	12470	-0.00628047	-0.182782	-0.0150629	0.0191446	0.0385654	0.0803587	-0.0121831	-0.000270775	0.0021652			-0.00392396	main
4.6	40	recover	reverse	5	30	0.02	0.00011	12470	-0.016338	-0.330609	0.0116269	0.0253617	0.0464276	0.0935278	-0.0291614	-0.00446389	0.0109062			-0.00415506	main
4.6	40	recover	reverse	10	1	0.02	0.00011	12470	0.00071172	-0.121136	-0.00660579	0.0118658	0.0317153	0.0798223	-0.00191839	0.00337329	0.00136327			-0.00402277	main
4.6	40	recover	reverse	10	7	0.02	0.00011	12470	-0.0135754	-0.372341	-0.0301994	0.0382755	0.0771205	0.160663	-0.025965	-0.00128144	0.0147554			-0.00784777	main
4.6	40	recover	reverse	10	30	0.02	0.00011	12470	-0.0330479	-1	0.0226399	0.0503674	0.0925345	0.186943	-0.0558325	-0.0113069	0.0587811			-0.00830839	main
4.6	40	recover	reverse	15	1	0.02	0.00011	12470	0.00106216	-0.18202	-0.00990869	0.0177986	0.047573	0.119733	-0.00280913	0.00502083	0.00417001			-0.00603415	main
4.6	40	recover	reverse	15	7	0.02	0.00011	12470	-0.0221726	-0.662666	-0.0463275	0.0572228	0.1156	0.240994	-0.0394477	-0.00404011	0.0433841			-0.011771	main
4.6	40	recover	reverse	15	30	0.02	0.00011	12470	-0.0486278	-1	0.0303457	0.0738554	0.137577	0.280225	-0.0771512	-0.0209269	0.114996			-0.0124541	main
4.6	40	recover	reverse	30	1	0.02	0.00011	12470	-0.00134236	-0.390281	-0.0204154	0.0353929	0.0949353	0.239309	-0.00908529	0.00647373	0.0279872			-0.0120668	main
4.6	40	recover	reverse	30	7	0.02	0.00011	12470	-0.0537172	-1	-0.175809	0.107921	0.227695	0.481189	-0.0836276	-0.0245781	0.167121			-0.0235131	main
4.6	40	recover	reverse	30	30	0.02	0.00011	12470	-0.0918067	-1	-1	0.13017	0.260098	0.552202	-0.127604	-0.056344	0.256135			-0.0248269	main
4.6	80	close	reverse	3	1	0.02	0.00011	12470	4.47281e-05	-0.0186943	-0.00987143	0.00164273	0.00694096	0.0189804	-0.000336949	0.00043262	0			-0.00253357	main
4.6	80	close	reverse	3	7	0.02	0.00011	12470	-0.00126353	-0.0190394	-0.0138205	-0.00642249	0.00623836	0.0343245	-0.00198986	-0.00048593	0			-0.00496282	main
4.6	80	close	reverse	3	30	0.02	0.00011	12470	-0.00176874	-0.0190394	-0.0138431	-0.00663747	0.00489249	0.0327289	-0.00250153	-0.00099808	0			-0.00521811	main
4.6	80	close	reverse	5	1	0.02	0.00011	12470	7.45468e-05	-0.0311572	-0.0164524	0.00273788	0.0115683	0.0316341	-0.000561582	0.000721033	0			-0.00422261	main
4.6	80	close	reverse	5	7	0.02	0.00011	12470	-0.00210589	-0.0317324	-0.0230342	-0.0107042	0.0103973	0.0572074	-0.00331644	-0.000809883	0			-0.00827137	main
4.6	80	close	reverse	5	30	0.02	0.00011	12470	-0.0029479	-0.0317324	-0.0230718	-0.0110624	0.00815415	0.0545482	-0.00416922	-0.00166347	0			-0.00869685	main
4.6	80	close	reverse	10	1	0.02	0.00011	12470	0.000149094	-0.0623144	-0.0329048	0.00547576	0.0231365	0.0632681	-0.00112316	0.00144207	0			-0.00844522	main
4.6	80	close	reverse	10	7	0.02	0.00011	12470	-0.00421177	-0.0634648	-0.0460684	-0.0214083	0.0207945	0.114415	-0.00663287	-0.00161977	0			-0.0165427	main
4.6	80	close	reverse	10	30	0.02	0.00011	12470	-0.0058958	-0.0634648	-0.0461436	-0.0221249	0.0163083	0.109096	-0.00833843	-0.00332693	0			-0.0173937	main
4.6	80	close	reverse	15	1	0.02	0.00011	12470	0.00022364	-0.0934717	-0.0493571	0.00821364	0.0347048	0.0949022	-0.00168474	0.0021631	0			-0.0126678	main
4.6	80	close	reverse	15	7	0.02	0.00011	12470	-0.00631766	-0.0951972	-0.0691026	-0.0321125	0.0311918	0.171622	-0.00994931	-0.00242965	0			-0.0248141	main
4.6	80	close	reverse	15	30	0.02	0.00011	12470	-0.0088437	-0.0951972	-0.0692155	-0.0331873	0.0244625	0.163645	-0.0125076	-0.0049904	0			-0.0260905	main
4.6	80	close	reverse	30	1	0.02	0.00011	12470	0.000447281	-0.186943	-0.0987143	0.0164273	0.0694096	0.189804	-0.00336949	0.0043262	0			-0.0253357	main
4.6	80	close	reverse	30	7	0.02	0.00011	12470	-0.0126353	-0.190394	-0.138205	-0.0642249	0.0623836	0.343245	-0.0198986	-0.0048593	0			-0.0496282	main
4.6	80	close	reverse	30	30	0.02	0.00011	12470	-0.0176874	-0.190394	-0.138431	-0.0663747	0.0489249	0.327289	-0.0250153	-0.0099808	0			-0.0521811	main
4.6	80	hold	reverse	3	1	0.02	0.00011	12470	-0.000316765	-0.0462247	-0.00199119	0.00363599	0.0105212	0.0282859	-0.00123332	0.000601357	0	0.0165419	-0.0136402	-0.0032185	main
4.6	80	hold	reverse	3	7	0.02	0.00011	12470	-0.00383891	-0.164929	-0.0417274	0.0139394	0.0482766	0.114722	-0.0102448	0.00266853	0.00128308	0.0671317	-0.0567591	-0.0129276	main
4.6	80	hold	reverse	3	30	0.02	0.00011	12470	-0.0218002	-0.395006	-0.129002	0.0122128	0.12049	0.283589	-0.0442292	-0.00079392	0.0205293	0.162479	-0.132583	-0.0309059	main
4.6	80	hold	reverse	5	1	0.02	0.00011	12470	-0.000649645	-0.0770411	-0.00331866	0.00605999	0.0175353	0.0471432	-0.00218031	0.000946313	0.00032077	0.027575	-0.0225388	-0.00536399	main
4.6	80	hold	reverse	5	7	0.02	0.00011	12470	-0.0069231	-0.275922	-0.0695457	0.0232323	0.0804609	0.191203	-0.0174652	0.00386947	0.0063352	0.112141	-0.0911314	-0.0215457	main
4.6	80	hold	reverse	5	30	0.02	0.00011	12470	-0.0310253	-1	-0.217039	0.0200286	0.20079	0.472325	-0.0645261	0.000334856	0.0527666	0.274891	-0.199172	-0.0514832	main
4.6	80	hold	reverse	10	1	0.02	0.00011	12470	-0.00145811	-0.154082	-0.00663732	0.01212	0.0350706	0.0942864	-0.00461466	0.00178586	0.002085	0.0551797	-0.043816	-0.010728	main
4.6	80	hold	reverse	10	7	0.02	0.00011	12470	-0.0164182	-0.629685	-0.140125	0.0463651	0.160812	0.382406	-0.0372815	0.00501564	0.0405774	0.22719	-0.158259	-0.0430637	main
4.6	80	hold	reverse	10	30	0.02	0.00011	12470	-0.0708387	-1	-0.604298	0.010713	0.390967	0.922473	-0.127045	-0.01521	0.224058	0.60593	-0.292224	-0.101085	main
4.6	80	hold	reverse	15	1	0.02	0.00011	12470	-0.0031646	-0.232083	-0.0102025	0.0181458	0.0525978	0.141068	-0.00789835	0.00152443	0.00825982	0.0827121	-0.0614842	-0.0160829	main
4.6	80	hold	reverse	15	7	0.02	0.00011	12470	-0.0328317	-1	-0.227196	0.0663833	0.238834	0.569842	-0.063354	-0.00158614	0.10842	0.350243	-0.198044	-0.0640148	main
4.6	80	hold	reverse	15	30	0.02	0.00011	12470	-0.12345	-1	-1	-0.156903	0.534342	1.33573	-0.192421	-0.051563	0.397995	0.993659	-0.347039	-0.143102	main
4.6	80	hold	reverse	30	1	0.02	0.00011	12470	-0.0103045	-0.568298	-0.0218373	0.035921	0.104627	0.280637	-0.0192252	-0.00109394	0.0441059	0.164665	-0.097294	-0.0319952	main
4.6	80	hold	reverse	30	7	0.02	0.00011	12470	-0.0918213	-1	-1	0.057992	0.42578	1.08314	-0.139066	-0.0437469	0.328789	0.749661	-0.252502	-0.119949	main
4.6	80	hold	reverse	30	30	0.02	0.00011	12470	-0.243176	-1	-1	-1	0.524694	2.37947	-0.333489	-0.151783	0.672895	2.23291	-0.491247	-0.229875	main
4.6	80	recover	reverse	3	1	0.02	0.00011	12470	-0.000401589	-0.0370878	-0.00225459	0.00343459	0.00915804	0.0217848	-0.00115279	0.000333768	0			-0.00251101	main
4.6	80	recover	reverse	3	7	0.02	0.00011	12470	-0.00465499	-0.109474	-0.00957338	0.0105682	0.021678	0.0459916	-0.00822536	-0.00102603	0.000160385			-0.0049337	main
4.6	80	recover	reverse	3	30	0.02	0.00011	12470	-0.011623	-0.195016	0.00609421	0.0143281	0.0263218	0.0541025	-0.0200658	-0.00407242	0.00417001			-0.00520283	main
4.6	80	recover	reverse	5	1	0.02	0.00011	12470	-0.000726394	-0.0618129	-0.00375766	0.00572432	0.0152634	0.036308	-0.00200784	0.000532527	0.000240577			-0.00418501	main
4.6	80	recover	reverse	5	7	0.02	0.00011	12470	-0.00793669	-0.18269	-0.0159556	0.0176137	0.03613	0.0766526	-0.0138052	-0.00195591	0.0021652			-0.00822282	main
4.6	80	recover	reverse	5	30	0.02	0.00011	12470	-0.0179707	-0.327325	0.0101536	0.0238737	0.0438697	0.0901709	-0.0305842	-0.00614087	0.0109062			-0.00867134	main
4.6	80	recover	reverse	10	1	0.02	0.00011	12470	-0.00163101	-0.123803	-0.00751995	0.0114404	0.0305103	0.0725784	-0.00423251	0.00097667	0.00136327			-0.00837	main
4.6	80	recover	reverse	10	7	0.02	0.00011	12470	-0.0169313	-0.372053	-0.0321155	0.0352199	0.0722313	0.153266	-0.0291665	-0.00491636	0.0146752			-0.0164455	main
4.6	80	recover	reverse	10	30	0.02	0.00011	12470	-0.0363653	-1	0.0196875	0.0473703	0.0873259	0.180342	-0.0589902	-0.0148205	0.0581395			-0.017341	main
4.6	80	recover	reverse	15	1	0.02	0.00011	12470	-0.0026287	-0.185821	-0.0112824	0.0171509	0.0457655	0.108868	-0.00649809	0.00121791	0.00449078			-0.0125549	main
4.6	80	recover	reverse	15	7	0.02	0.00011	12470	-0.0273743	-0.662684	-0.04945	0.0527587	0.108327	0.229899	-0.0448075	-0.00931703	0.0435445			-0.0246675	main
4.6	80	recover	reverse	15	30	0.02	0.00011	12470	-0.0539564	-1	0.0261308	0.0691465	0.129433	0.27021	-0.0826368	-0.0266074	0.114435			-0.0260028	main
4.6	80	recover	reverse	30	1	0.02	0.00011	12470	-0.00832871	-0.399222	-0.0231628	0.0341393	0.0912203	0.217565	-0.0162862	-0.000507859	0.0287089			-0.0251083	main
4.6	80	recover	reverse	30	7	0.02	0.00011	12470	-0.0631048	-1	-0.17721	0.0995619	0.213929	0.45961	-0.0922525	-0.034609	0.167041			-0.0493062	main
4.6	80	recover	reverse	30	30	0.02	0.00011	12470	-0.101053	-1	-1	0.120903	0.245888	0.531825	-0.136177	-0.0663593	0.255172			-0.0519246	main
7	40	close	reverse	3	1	0.02	0.00011	12470	0.000649807	-0.0265621	-0.00214339	0.00214888	0.0063766	0.018619	0.000231881	0.0010738	0			-0.000671726	main
7	40	close	reverse	3	7	0.02	0.00011	12470	-0.000351657	-0.0286257	-0.0205858	-0.0072194	0.014612	0.0476394	-0.00155104	0.000951198	0			-0.00195161	main
7	40	close	reverse	3	30	0.02	0.00011	12470	-0.00197799	-0.028668	-0.0208687	-0.00970661	0.00895479	0.0511984	-0.00328996	-0.000543446	0			-0.00234871	main
7	40	close	reverse	5	1	0.02	0.00011	12470	0.00108301	-0.0442701	-0.00357232	0.00358147	0.0106277	0.0310317	0.000386468	0.00178966	0			-0.00111954	main
7	40	close	reverse	5	7	0.02	0.00011	12470	-0.000586095	-0.0477095	-0.0343096	-0.0120323	0.0243534	0.079399	-0.00258507	0.00158533	0			-0.00325269	main
7	40	close	reverse	5	30	0.02	0.00011	12470	-0.00329665	-0.0477801	-0.0347812	-0.0161777	0.0149247	0.0853306	-0.00548327	-0.000905743	0			-0.00391451	main
7	40	close	reverse	10	1	0.02	0.00011	12470	0.00216602	-0.0885403	-0.00714464	0.00716295	0.0212553	0.0620634	0.000772937	0.00357932	0			-0.00223909	main
7	40	close	reverse	10	7	0.02	0.00011	12470	-0.00117219	-0.095419	-0.0686193	-0.0240647	0.0487068	0.158798	-0.00517014	0.00317066	0			-0.00650538	main
7	40	close	reverse	10	30	0.02	0.00011	12470	-0.0065933	-0.0955601	-0.0695624	-0.0323554	0.0298493	0.170661	-0.0109665	-0.00181149	0			-0.00782902	main
7	40	close	reverse	15	1	0.02	0.00011	12470	0.00324904	-0.13281	-0.010717	0.0107444	0.031883	0.0930951	0.00115941	0.00536898	0			-0.00335863	main
7	40	close	reverse	15	7	0.02	0.00011	12470	-0.00175828	-0.143128	-0.102929	-0.036097	0.0730601	0.238197	-0.00775522	0.00475599	0			-0.00975806	main
7	40	close	reverse	15	30	0.02	0.00011	12470	-0.00988995	-0.14334	-0.104344	-0.0485331	0.044774	0.255992	-0.0164498	-0.00271723	0			-0.0117435	main
7	40	close	reverse	30	1	0.02	0.00011	12470	0.00649807	-0.265621	-0.0214339	0.0214888	0.063766	0.18619	0.00231881	0.010738	0			-0.00671726	main
7	40	close	reverse	30	7	0.02	0.00011	12470	-0.00351657	-0.286257	-0.205858	-0.072194	0.14612	0.476394	-0.0155104	0.00951198	0			-0.0195161	main
7	40	close	reverse	30	30	0.02	0.00011	12470	-0.0197799	-0.28668	-0.208687	-0.0970661	0.0895479	0.511984	-0.0328996	-0.00543446	0			-0.0234871	main
7	40	hold	reverse	3	1	0.02	0.00011	12470	0.000671075	-0.0311847	-0.000602331	0.00265213	0.00739182	0.0233993	-0.000108951	0.00146647	0	0.0113047	-0.00988268	-0.000750964	main
7	40	hold	reverse	3	7	0.02	0.00011	12470	0.000185039	-0.15113	-0.0282418	0.0155375	0.0433073	0.107112	-0.00567465	0.00613425	0.0010425	0.0530463	-0.048404	-0.00341352	main
7	40	hold	reverse	3	30	0.02	0.00011	12470	-0.0127516	-0.379939	-0.113747	0.0296907	0.124258	0.276485	-0.0345316	0.00733614	0.0199679	0.138064	-0.121918	-0.00870515	main
7	40	hold	reverse	5	1	0.02	0.00011	12470	0.000986218	-0.0519744	-0.00100388	0.00442022	0.0123197	0.0389988	-0.000354018	0.00235197	0.00032077	0.0188407	-0.0162818	-0.00125146	main
7	40	hold	reverse	5	7	0.02	0.00011	12470	-0.000269967	-0.252356	-0.0470697	0.0258959	0.0721789	0.17852	-0.00973902	0.00954769	0.00601443	0.0885617	-0.0770845	-0.00568883	main
7	40	hold	reverse	5	30	0.02	0.00011	12470	-0.0162488	-1	-0.191571	0.04903	0.206985	0.460809	-0.0486127	0.0139265	0.0507618	0.233334	-0.182139	-0.0145002	main
7	40	hold	reverse	10	1	0.02	0.00011	12470	0.00188107	-0.103949	-0.00200777	0.00884043	0.0246394	0.0779975	-0.000759518	0.00461562	0.00168404	0.0376699	-0.0315967	-0.00250292	main
7	40	hold	reverse	10	7	0.02	0.00011	12470	-0.00250851	-0.561197	-0.0943226	0.0517348	0.14424	0.356965	-0.0215344	0.0168874	0.0353649	0.178796	-0.13324	-0.0113681	main
7	40	hold	reverse	10	30	0.02	0.00011	12470	-0.0419982	-1	-0.518796	0.072936	0.403338	0.897063	-0.0955316	0.0110605	0.207698	0.506031	-0.264772	-0.0283746	main
7	40	hold	reverse	15	1	0.02	0.00011	12470	0.00249247	-0.156343	-0.00303749	0.013256	0.0369584	0.116905	-0.00132197	0.00660489	0.00553328	0.0563696	-0.0445563	-0.00375371	main
7	40	hold	reverse	15	7	0.02	0.00011	12470	-0.00975796	-1	-0.152603	0.0760025	0.214217	0.530553	-0.0372416	0.0187075	0.0906175	0.272373	-0.165967	-0.0169101	main
7	40	hold	reverse	15	30	0.02	0.00011	12470	-0.0769843	-1	-1	-0.0158902	0.562781	1.2946	-0.145096	-0.00808508	0.367281	0.818629	-0.307917	-0.0403999	main
7	40	hold	reverse	30	1	0.02	0.00011	12470	-7.62924e-05	-0.348965	-0.00645685	0.0261619	0.0730135	0.230197	-0.00728462	0.00718404	0.0319968	0.109974	-0.0697085	-0.00743656	main
7	40	hold	reverse	30	7	0.02	0.00011	12470	-0.0536752	-1	-1	0.112973	0.390739	0.977817	-0.0983297	-0.00897658	0.282438	0.55736	-0.202894	-0.0315998	main
7	40	hold	reverse	30	30	0.02	0.00011	12470	-0.183956	-1	-1	-1	0.66197	2.22433	-0.273732	-0.095276	0.635204	1.77115	-0.422039	-0.0653345	main
7	40	recover	reverse	3	1	0.02	0.00011	12470	0.000425259	-0.0293977	-0.000758221	0.00255661	0.0071585	0.020698	-0.000237728	0.00108985	0			-0.000660231	main
7	40	recover	reverse	3	7	0.02	0.00011	12470	-0.00271674	-0.114011	-0.0148253	0.0127925	0.0272622	0.0582315	-0.00670757	0.00134737	8.01925e-05			-0.00191779	main
7	40	recover	reverse	3	30	0.02	0.00011	12470	-0.0135176	-0.222182	-0.00651292	0.019849	0.0384333	0.0769998	-0.0244238	-0.0038746	0.00649559			-0.00232615	main
7	40	recover	reverse	5	1	0.02	0.00011	12470	0.000709526	-0.0489962	-0.0012637	0.00426101	0.0119308	0.0344967	-0.000376622	0.0018067	0.000160385			-0.00110038	main
7	40	recover	reverse	5	7	0.02	0.00011	12470	-0.00481333	-0.190146	-0.0247089	0.0213209	0.045437	0.0970525	-0.0115528	0.00198367	0.00248597			-0.00319631	main
7	40	recover	reverse	5	30	0.02	0.00011	12470	-0.0201118	-0.372211	-0.0109775	0.0330754	0.0640385	0.128333	-0.035804	-0.00524006	0.0157979			-0.00387685	main
7	40	recover	reverse	10	1	0.02	0.00011	12470	0.00112089	-0.0982336	-0.00252881	0.00851786	0.0238507	0.0689641	-0.00110957	0.00344474	0.00128308			-0.00220074	main
7	40	recover	reverse	10	7	0.02	0.00011	12470	-0.0109923	-0.391491	-0.0495899	0.0426258	0.0908665	0.194074	-0.0244391	0.00212421	0.017482			-0.00639252	main
7	40	recover	reverse	10	30	0.02	0.00011	12470	-0.038815	-1	-0.03504	0.0654308	0.127266	0.25596	-0.0663089	-0.0129713	0.0711307			-0.00775166	main
7	40	recover	reverse	15	1	0.02	0.00011	12470	0.0015744	-0.147447	-0.00379321	0.0127768	0.0357761	0.103446	-0.00183457	0.00500392	0.00344828			-0.00330109	main
7	40	recover	reverse	15	7	0.02	0.00011	12470	-0.0189759	-0.798594	-0.0764161	0.0638034	0.136247	0.291112	-0.0383688	0.000631063	0.0489976			-0.00958773	main
7	40	recover	reverse	15	30	0.02	0.00011	12470	-0.059413	-1	-0.123334	0.0954563	0.189827	0.383561	-0.0951225	-0.0256864	0.145068			-0.0116178	main
7	40	recover	reverse	30	1	0.02	0.00011	12470	-0.0011737	-0.317333	-0.00806744	0.0253043	0.0712489	0.206023	-0.00783171	0.00548649	0.0246191			-0.00659999	main
7	40	recover	reverse	30	7	0.02	0.00011	12470	-0.0546226	-1	-0.267016	0.116803	0.268444	0.578939	-0.0878168	-0.0206939	0.184924			-0.0191412	main
7	40	recover	reverse	30	30	0.02	0.00011	12470	-0.122598	-1	-1	0.151856	0.354407	0.756785	-0.168981	-0.0768381	0.335044			-0.0231298	main
7	80	close	reverse	3	1	0.02	0.00011	12470	0.000858283	-0.0265834	-0.00198401	0.00225497	0.00678009	0.0197043	0.000454303	0.00127568	0			-0.0014513	main
7	80	close	reverse	3	7	0.02	0.00011	12470	0.000234278	-0.0287955	-0.0205262	-0.00691449	0.0152144	0.04961	-0.00102003	0.00156108	0			-0.0041731	main
7	80	close	reverse	3	30	0.02	0.00011	12470	-0.00146708	-0.0288275	-0.0208734	-0.00943795	0.00950715	0.0534561	-0.00284435	1.13542e-05	0			-0.00498317	main
7	80	close	reverse	5	1	0.02	0.00011	12470	0.00143047	-0.0443056	-0.00330668	0.00375829	0.0113001	0.0328405	0.000757172	0.00212613	0			-0.00241883	main
7	80	close	reverse	5	7	0.02	0.00011	12470	0.000390463	-0.0479926	-0.0342103	-0.0115242	0.0253573	0.0826834	-0.00170005	0.00260179	0			-0.00695516	main
7	80	close	reverse	5	30	0.02	0.00011	12470	-0.00244513	-0.0480458	-0.0347889	-0.0157299	0.0158452	0.0890934	-0.00474058	1.89236e-05	0			-0.00830528	main
7	80	close	reverse	10	1	0.02	0.00011	12470	0.00286094	-0.0886112	-0.00661336	0.00751658	0.0226003	0.0656809	0.00151434	0.00425226	0			-0.00483766	main
7	80	close	reverse	10	7	0.02	0.00011	12470	0.000780925	-0.0959851	-0.0684206	-0.0230483	0.0507147	0.165367	-0.0034001	0.00520359	0			-0.0139103	main
7	80	close	reverse	10	30	0.02	0.00011	12470	-0.00489025	-0.0960915	-0.0695779	-0.0314598	0.0316905	0.178187	-0.00948115	3.78473e-05	0			-0.0166106	main
7	80	close	reverse	15	1	0.02	0.00011	12470	0.00429142	-0.132917	-0.00992004	0.0112749	0.0339004	0.0985214	0.00227152	0.00637839	0			-0.00725649	main
7	80	close	reverse	15	7	0.02	0.00011	12470	0.00117139	-0.143978	-0.102631	-0.0345725	0.076072	0.24805	-0.00510016	0.00780538	0			-0.0208655	main
7	80	close	reverse	15	30	0.02	0.00011	12470	-0.00733538	-0.144137	-0.104367	-0.0471897	0.0475357	0.26728	-0.0142217	5.67709e-05	0			-0.0249158	main
7	80	close	reverse	30	1	0.02	0.00011	12470	0.00858283	-0.265834	-0.0198401	0.0225497	0.0678009	0.197043	0.00454303	0.0127568	0			-0.014513	main
7	80	close	reverse	30	7	0.02	0.00011	12470	0.00234278	-0.287955	-0.205262	-0.0691449	0.152144	0.4961	-0.0102003	0.0156108	0			-0.041731	main
7	80	close	reverse	30	30	0.02	0.00011	12470	-0.0146708	-0.288275	-0.208734	-0.0943795	0.0950715	0.534561	-0.0284435	0.000113542	0			-0.0498317	main
7	80	hold	reverse	3	1	0.02	0.00011	12470	0.000799198	-0.0311894	-0.000403651	0.00280779	0.00778169	0.0239329	4.44989e-05	0.00158032	0	0.0126446	-0.0102153	-0.00163004	main
7	80	hold	reverse	3	7	0.02	0.00011	12470	0.00105195	-0.1506	-0.0279015	0.0156992	0.0447475	0.110762	-0.0048637	0.00702677	0.0010425	0.0585561	-0.0490155	-0.00744392	main
7	80	hold	reverse	3	30	0.02	0.00011	12470	-0.0110844	-0.379742	-0.112688	0.0307241	0.124477	0.287409	-0.0329291	0.00937626	0.0198075	0.150791	-0.122819	-0.0189091	main
7	80	hold	reverse	5	1	0.02	0.00011	12470	0.00120264	-0.0519824	-0.000672752	0.00467965	0.0129695	0.0398882	-0.00011126	0.00255677	0.00032077	0.0210768	-0.0168359	-0.00271658	main
7	80	hold	reverse	5	7	0.02	0.00011	12470	0.00118949	-0.251777	-0.0465025	0.0261654	0.0745792	0.184604	-0.00833487	0.0109943	0.00601443	0.0977775	-0.0781011	-0.0124061	main
7	80	hold	reverse	5	30	0.02	0.00011	12470	-0.0135028	-1	-0.189701	0.0510086	0.207386	0.479014	-0.0463229	0.0173782	0.0506014	0.254811	-0.183515	-0.0315005	main
7	80	hold	reverse	10	1	0.02	0.00011	12470	0.00232848	-0.103965	-0.0013455	0.00935931	0.025939	0.0797764	-0.000194252	0.00499347	0.00168404	0.0421555	-0.0327023	-0.00543317	main
7	80	hold	reverse	10	7	0.02	0.00011	12470	0.00020459	-0.563594	-0.0936247	0.0522052	0.149105	0.369104	-0.0188217	0.0196884	0.0356856	0.197308	-0.135022	-0.0247899	main
7	80	hold	reverse	10	30	0.02	0.00011	12470	-0.0362483	-1	-0.517864	0.076581	0.404787	0.938368	-0.0914576	0.0189156	0.207779	0.553909	-0.267422	-0.0617683	main
7	80	hold	reverse	15	1	0.02	0.00011	12470	0.00296793	-0.156661	-0.00202741	0.0140304	0.0388951	0.119568	-0.000894397	0.00693374	0.00617482	0.06305	-0.0457249	-0.00814879	main
7	80	hold	reverse	15	7	0.02	0.00011	12470	-0.00507848	-1	-0.149161	0.0770676	0.222058	0.547059	-0.0328163	0.0234345	0.0902165	0.300809	-0.169035	-0.036907	main
7	80	hold	reverse	15	30	0.02	0.00011	12470	-0.0659747	-1	-1	-0.00664501	0.571257	1.36155	-0.134863	0.00580312	0.364715	0.897122	-0.313612	-0.088155	main
7	80	hold	reverse	30	1	0.02	0.00011	12470	0.00163776	-0.353388	-0.00468605	0.0277225	0.0769776	0.23645	-0.00542092	0.0088706	0.0323978	0.123726	-0.0726208	-0.016166	main
7	80	hold	reverse	30	7	0.02	0.00011	12470	-0.0418988	-1	-1	0.115164	0.401192	1.01151	-0.086089	0.0042337	0.27931	0.61754	-0.209867	-0.0691644	main
7	80	hold	reverse	30	30	0.02	0.00011	12470	-0.166512	-1	-1	-1	0.664487	2.36356	-0.259369	-0.0704641	0.6332	1.95035	-0.432034	-0.143302	main
7	80	recover	reverse	3	1	0.02	0.00011	12470	0.000627793	-0.0298158	-0.000578424	0.0026957	0.00751524	0.0215448	-4.31275e-05	0.00128585	0			-0.00143989	main
7	80	recover	reverse	3	7	0.02	0.00011	12470	-0.00215503	-0.111666	-0.0145825	0.0125652	0.0275129	0.0606407	-0.00614855	0.00193901	8.01925e-05			-0.00413967	main
7	80	recover	reverse	3	30	0.02	0.00011	12470	-0.0130166	-0.219716	-0.00644351	0.0194795	0.0386671	0.0795426	-0.0238925	-0.00339775	0.00649559			-0.00496089	main
7	80	recover	reverse	5	1	0.02	0.00011	12470	0.00104777	-0.049693	-0.00096404	0.00449283	0.0125254	0.035908	-6.36495e-05	0.00214299	0.000160385			-0.00239982	main
7	80	recover	reverse	5	7	0.02	0.00011	12470	-0.00380093	-0.186111	-0.0243042	0.020942	0.0458548	0.101068	-0.0105098	0.0029803	0.00240577			-0.00689944	main
7	80	recover	reverse	5	30	0.02	0.00011	12470	-0.0191472	-0.370362	-0.0108675	0.0324394	0.0644322	0.132571	-0.0347278	-0.00462906	0.0153168			-0.00826808	main
7	80	recover	reverse	10	1	0.02	0.00011	12470	0.00180646	-0.0996401	-0.00193523	0.00898204	0.0250477	0.0717394	-0.000377591	0.00410684	0.00128308			-0.00479962	main
7	80	recover	reverse	10	7	0.02	0.00011	12470	-0.00894007	-0.382879	-0.0487034	0.0418512	0.0917032	0.202136	-0.0223478	0.00418956	0.0168404			-0.0137988	main
7	80	recover	reverse	10	30	0.02	0.00011	12470	-0.0364406	-1	-0.0325311	0.0642021	0.12821	0.264484	-0.063599	-0.0105862	0.0692061			-0.0165342	main
7	80	recover	reverse	15	1	0.02	0.00011	12470	0.0026404	-0.149578	-0.00290284	0.0134731	0.0375715	0.107609	-0.000689954	0.00612315	0.00344828			-0.00719941	main
7	80	recover	reverse	15	7	0.02	0.00011	12470	-0.0161869	-0.761579	-0.0749316	0.0625986	0.13753	0.303204	-0.0358877	0.00371974	0.0483561			-0.020697	main
7	80	recover	reverse	15	30	0.02	0.00011	12470	-0.0571011	-1	-0.12019	0.0934958	0.190623	0.396479	-0.0926054	-0.0232021	0.143545			-0.0247916	main
7	80	recover	reverse	30	1	0.02	0.00011	12470	0.00119157	-0.31569	-0.0062925	0.0267259	0.0747244	0.213398	-0.00528569	0.00779453	0.0243785			-0.0143964	main
7	80	recover	reverse	30	7	0.02	0.00011	12470	-0.0488324	-1	-0.257784	0.114786	0.272306	0.604557	-0.0826651	-0.0142354	0.182678			-0.0413603	main
7	80	recover	reverse	30	30	0.02	0.00011	12470	-0.116483	-1	-1	0.150125	0.356011	0.783262	-0.162809	-0.069877	0.331435			-0.0494797	main
10	40	close	reverse	3	1	0.02	0.00011	12470	0.000442348	-0.0291787	-0.000616449	0.00175674	0.00495606	0.0150322	4.88215e-05	0.000844185	0			-0.000365693	main
10	40	close	reverse	3	7	0.02	0.00011	12470	-0.000247392	-0.0411111	-0.0286597	0.000287111	0.0204873	0.0517153	-0.00207575	0.0016662	0			-0.00145113	main
10	40	close	reverse	3	30	0.02	0.00011	12470	-0.0030653	-0.0412893	-0.0305475	-0.0148303	0.0132544	0.0743013	-0.00542811	-0.00067742	0			-0.00218888	main
10	40	close	reverse	5	1	0.02	0.00011	12470	0.000737246	-0.0486312	-0.00102742	0.00292789	0.0082601	0.0250537	8.13691e-05	0.00140697	0			-0.000609489	main
10	40	close	reverse	5	7	0.02	0.00011	12470	-0.000412321	-0.0685185	-0.0477661	0.000478518	0.0341456	0.0861922	-0.00345959	0.002777	0			-0.00241855	main
10	40	close	reverse	5	30	0.02	0.00011	12470	-0.00510883	-0.0688156	-0.0509126	-0.0247172	0.0220907	0.123836	-0.00904684	-0.00112903	0			-0.00364813	main
10	40	close	reverse	10	1	0.02	0.00011	12470	0.00147449	-0.0972624	-0.00205483	0.00585579	0.0165202	0.0501075	0.000162738	0.00281395	0			-0.00121898	main
10	40	close	reverse	10	7	0.02	0.00011	12470	-0.000824641	-0.137037	-0.0955323	0.000957037	0.0682911	0.172384	-0.00691918	0.00555401	0			-0.00483709	main
10	40	close	reverse	10	30	0.02	0.00011	12470	-0.0102177	-0.137631	-0.101825	-0.0494344	0.0441815	0.247671	-0.0180937	-0.00225807	0			-0.00729625	main
10	40	close	reverse	15	1	0.02	0.00011	12470	0.00221174	-0.145894	-0.00308225	0.00878368	0.0247803	0.0751612	0.000244107	0.00422092	0			-0.00182847	main
10	40	close	reverse	15	7	0.02	0.00011	12470	-0.00123696	-0.205555	-0.143298	0.00143556	0.102437	0.258577	-0.0103788	0.00833101	0			-0.00725564	main
10	40	close	reverse	15	30	0.02	0.00011	12470	-0.0153265	-0.206447	-0.152738	-0.0741516	0.0662722	0.371507	-0.0271405	-0.0033871	0			-0.0109444	main
10	40	close	reverse	30	1	0.02	0.00011	12470	0.00442348	-0.291787	-0.00616449	0.0175674	0.0495606	0.150322	0.000488215	0.00844185	0			-0.00365693	main
10	40	close	reverse	30	7	0.02	0.00011	12470	-0.00247392	-0.411111	-0.286597	0.00287111	0.204873	0.517153	-0.0207575	0.016662	0			-0.0145113	main
10	40	close	reverse	30	30	0.02	0.00011	12470	-0.030653	-0.412893	-0.305475	-0.148303	0.132544	0.743013	-0.0542811	-0.0067742	0			-0.0218888	main
10	40	hold	reverse	3	1	0.02	0.00011	12470	0.000401372	-0.0189667	-0.000341872	0.00186009	0.00520257	0.0163639	-0.000214989	0.00102141	0	0.00805288	-0.00726716	-0.00038434	main
10	40	hold	reverse	3	7	0.02	0.00011	12470	0.0001805	-0.135372	-0.0130436	0.0136764	0.034992	0.0885627	-0.00508631	0.005252	0.00096231	0.0435985	-0.0404679	-0.00198718	main
10	40	hold	reverse	3	30	0.02	0.00011	12470	-0.0128982	-0.367406	-0.0987661	0.0356172	0.111709	0.243525	-0.0335499	0.00600943	0.019567	0.122749	-0.110447	-0.00545501	main
10	40	hold	reverse	5	1	0.02	0.00011	12470	0.00059342	-0.0316112	-0.000569787	0.00310014	0.00867095	0.0272732	-0.000453888	0.00164462	0.000240577	0.0134185	-0.0119439	-0.000640441	main
10	40	hold	reverse	5	7	0.02	0.00011	12470	-0.000310478	-0.226874	-0.0217393	0.0227941	0.05832	0.147604	-0.00875129	0.00817111	0.00577386	0.0727603	-0.0639505	-0.00331152	main
10	40	hold	reverse	5	30	0.02	0.00011	12470	-0.0168354	-0.858346	-0.166455	0.0590446	0.186113	0.405623	-0.0472732	0.0116069	0.0495589	0.207141	-0.163437	-0.00908321	main
10	40	hold	reverse	10	1	0.02	0.00011	12470	0.000985526	-0.0632225	-0.00113957	0.00620029	0.0173419	0.0545464	-0.0011895	0.00320201	0.00136327	0.0267946	-0.023164	-0.00128084	main
10	40	hold	reverse	10	7	0.02	0.00011	12470	-0.00218395	-0.495474	-0.043793	0.0454945	0.11662	0.295119	-0.0183336	0.0142604	0.0313553	0.146131	-0.109367	-0.00661335	main
10	40	hold	reverse	10	30	0.02	0.00011	12470	-0.0412863	-1	-0.442694	0.104182	0.363861	0.788144	-0.0915273	0.00800353	0.190858	0.440759	-0.236224	-0.0177684	main
10	40	hold	reverse	15	1	0.02	0.00011	12470	0.0014251	-0.0949491	-0.00171112	0.00929802	0.025999	0.0818059	-0.00172054	0.00473653	0.00392943	0.0400086	-0.0327243	-0.0019202	main
10	40	hold	reverse	15	7	0.02	0.00011	12470	-0.00775055	-1	-0.0733793	0.0673868	0.173729	0.438897	-0.0316033	0.0166423	0.0773857	0.220554	-0.135061	-0.00985125	main
10	40	hold	reverse	15	30	0.02	0.00011	12470	-0.0732623	-1	-1	0.0735946	0.516598	1.13474	-0.134817	-0.00999745	0.338653	0.702246	-0.269653	-0.0254199	main
10	40	hold	reverse	30	1	0.02	0.00011	12470	-0.00231276	-0.207875	-0.00387687	0.0183877	0.0514891	0.161512	-0.00822419	0.00342084	0.0238172	0.0767493	-0.0510646	-0.00378631	main
10	40	hold	reverse	30	7	0.02	0.00011	12470	-0.0491811	-1	-0.457909	0.109174	0.313754	0.787104	-0.0875913	-0.0101865	0.236247	0.430024	-0.165652	-0.018269	main
10	40	hold	reverse	30	30	0.02	0.00011	12470	-0.200278	-1	-1	-1	0.64368	1.88994	-0.282064	-0.118593	0.606897	1.43852	-0.340154	-0.0409253	main
10	40	recover	reverse	3	1	0.02	0.00011	12470	0.000309481	-0.0196316	-0.000410914	0.00183043	0.00513608	0.0158144	-0.000254449	0.000860492	0			-0.000360567	main
10	40	recover	reverse	3	7	0.02	0.00011	12470	-0.00156264	-0.109431	-0.0116725	0.01213	0.0276686	0.0600459	-0.00561744	0.00250975	0.00032077			-0.00142129	main
10	40	recover	reverse	3	30	0.02	0.00011	12470	-0.0159363	-0.244378	-0.0320382	0.0235999	0.0481632	0.100143	-0.0286348	-0.00437798	0.00866079			-0.0021588	main
10	40	recover	reverse	5	1	0.02	0.00011	12470	0.000417048	-0.0327751	-0.000687711	0.00305054	0.00855948	0.0263469	-0.000535078	0.00136302	0.000240577			-0.00060093	main
10	40	recover	reverse	5	7	0.02	0.00011	12470	-0.00307216	-0.183069	-0.0195124	0.020176	0.0460993	0.100023	-0.00987336	0.00368341	0.00328789			-0.00236879	main
10	40	recover	reverse	5	30	0.02	0.00011	12470	-0.0240099	-0.416271	-0.0537301	0.0393178	0.0802031	0.166863	-0.0424504	-0.00677221	0.0211708			-0.00359789	main
10	40	recover	reverse	10	1	0.02	0.00011	12470	0.000799432	-0.0655502	-0.00137542	0.00610108	0.017119	0.0526938	-0.00113973	0.00276024	0.000882117			-0.00120186	main
10	40	recover	reverse	10	7	0.02	0.00011	12470	-0.00686395	-0.377555	-0.0394835	0.0403104	0.0921844	0.200047	-0.0203742	0.00661393	0.0177225			-0.0047374	main
10	40	recover	reverse	10	30	0.02	0.00011	12470	-0.0430155	-1	-0.120847	0.0779176	0.160049	0.333591	-0.0750152	-0.0124735	0.0843625			-0.0071934	main
10	40	recover	reverse	15	1	0.02	0.00011	12470	0.00113745	-0.0985812	-0.00206728	0.00915162	0.0256784	0.0790407	-0.00169388	0.00397086	0.00280674			-0.00180274	main
10	40	recover	reverse	15	7	0.02	0.00011	12470	-0.0131789	-0.761498	-0.0618137	0.0603136	0.138232	0.299857	-0.0332947	0.00618606	0.0488372			-0.00710488	main
10	40	recover	reverse	15	30	0.02	0.00011	12470	-0.0694792	-1	-0.282092	0.11077	0.237388	0.500131	-0.109987	-0.029651	0.17482			-0.0107778	main
10	40	recover	reverse	30	1	0.02	0.00011	12470	-0.00177448	-0.208159	-0.00435175	0.0182099	0.0510575	0.156434	-0.00733703	0.00380121	0.0202085			-0.00360281	main
10	40	recover	reverse	30	7	0.02	0.00011	12470	-0.048459	-1	-0.236702	0.10975	0.271124	0.595949	-0.0833017	-0.0137868	0.185084			-0.0141705	main
10	40	recover	reverse	30	30	0.02	0.00011	12470	-0.155758	-1	-1	0.126618	0.435992	0.987327	-0.213221	-0.100779	0.405132			-0.0214213	main
10	80	close	reverse	3	1	0.02	0.00011	12470	0.000787338	-0.0291626	-0.000462951	0.00185595	0.00520025	0.0162719	0.000376966	0.00120324	0			-0.000793669	main
10	80	close	reverse	3	7	0.02	0.00011	12470	0.000775397	-0.0414318	-0.0282037	0.00145709	0.021447	0.0556781	-0.00107652	0.002781	0			-0.00307797	main
10	80	close	reverse	3	30	0.02	0.00011	12470	-0.00200136	-0.041598	-0.0302064	-0.0143933	0.0146578	0.0777752	-0.00443055	0.000505357	0			-0.00457836	main
10	80	close	reverse	5	1	0.02	0.00011	12470	0.00131223	-0.0486044	-0.000771585	0.00309325	0.00866709	0.0271198	0.000628276	0.00200541	0			-0.00132278	main
10	80	close	reverse	5	7	0.02	0.00011	12470	0.00129233	-0.069053	-0.0470062	0.00242848	0.035745	0.0927968	-0.00179419	0.00463501	0			-0.00512995	main
10	80	close	reverse	5	30	0.02	0.00011	12470	-0.0033356	-0.06933	-0.0503441	-0.0239888	0.0244297	0.129625	-0.00738425	0.000842261	0			-0.0076306	main
10	80	close	reverse	10	1	0.02	0.00011	12470	0.00262446	-0.0972088	-0.00154317	0.0061865	0.0173342	0.0542396	0.00125655	0.00401081	0			-0.00264556	main
10	80	close	reverse	10	7	0.02	0.00011	12470	0.00258466	-0.138106	-0.0940125	0.00485695	0.0714899	0.185594	-0.00358838	0.00927002	0			-0.0102599	main
10	80	close	reverse	10	30	0.02	0.00011	12470	-0.00667121	-0.13866	-0.100688	-0.0479776	0.0488594	0.259251	-0.0147685	0.00168452	0			-0.0152612	main
10	80	close	reverse	15	1	0.02	0.00011	12470	0.00393669	-0.145813	-0.00231475	0.00927975	0.0260013	0.0813594	0.00188483	0.00601622	0			-0.00396834	main
10	80	close	reverse	15	7	0.02	0.00011	12470	0.00387699	-0.207159	-0.141019	0.00728543	0.107235	0.27839	-0.00538258	0.013905	0			-0.0153898	main
10	80	close	reverse	15	30	0.02	0.00011	12470	-0.0100068	-0.20799	-0.151032	-0.0719664	0.0732891	0.388876	-0.0221527	0.00252678	0			-0.0228918	main
10	80	close	reverse	30	1	0.02	0.00011	12470	0.00787338	-0.291626	-0.00462951	0.0185595	0.0520025	0.162719	0.00376966	0.0120324	0			-0.00793669	main
10	80	close	reverse	30	7	0.02	0.00011	12470	0.00775397	-0.414318	-0.282037	0.0145709	0.21447	0.556781	-0.0107652	0.02781	0			-0.0307797	main
10	80	close	reverse	30	30	0.02	0.00011	12470	-0.0200136	-0.41598	-0.302064	-0.143933	0.146578	0.777752	-0.0443055	0.00505357	0			-0.0457836	main
10	80	hold	reverse	3	1	0.02	0.00011	12470	0.000747619	-0.0185159	-0.000186143	0.00197661	0.00545568	0.0182111	0.000127614	0.00137094	0	0.00921167	-0.00762309	-0.000840959	main
10	80	hold	reverse	3	7	0.02	0.00011	12470	0.00181339	-0.134288	-0.0125054	0.0139531	0.0363588	0.0945008	-0.00344469	0.00701179	0.00096231	0.0483128	-0.0412085	-0.00432697	main
10	80	hold	reverse	3	30	0.02	0.00011	12470	-0.00950887	-0.36669	-0.0976094	0.0364857	0.114932	0.25645	-0.0302789	0.00975518	0.0192462	0.133454	-0.111665	-0.0117692	main
10	80	hold	reverse	5	1	0.02	0.00011	12470	0.00110732	-0.0308599	-0.000310238	0.00329435	0.0090928	0.0303519	1.12642e-05	0.00220646	0.00032077	0.0153529	-0.0125227	-0.00140147	main
10	80	hold	reverse	5	7	0.02	0.00011	12470	0.00235844	-0.224898	-0.0208423	0.0232551	0.060598	0.157501	-0.00611281	0.0108845	0.00577386	0.0806383	-0.0652395	-0.00721085	main
10	80	hold	reverse	5	30	0.02	0.00011	12470	-0.011265	-0.847254	-0.164338	0.0605713	0.191355	0.427308	-0.0420364	0.0175129	0.049158	0.225154	-0.165304	-0.0195983	main
10	80	hold	reverse	10	1	0.02	0.00011	12470	0.00212786	-0.0617197	-0.000620477	0.00658871	0.0181856	0.0607037	-6.99147e-05	0.00436025	0.00144346	0.0306699	-0.0242938	-0.00280283	main
10	80	hold	reverse	10	7	0.02	0.00011	12470	0.00340861	-0.48652	-0.0419246	0.0464871	0.121165	0.314896	-0.0128167	0.0200687	0.0310345	0.161937	-0.111905	-0.0144056	main
10	80	hold	reverse	10	30	0.02	0.00011	12470	-0.0305791	-1	-0.439073	0.108521	0.373491	0.830047	-0.0822435	0.0197537	0.189735	0.479271	-0.24035	-0.0383875	main
10	80	hold	reverse	15	1	0.02	0.00011	12470	0.00319178	-0.0927276	-0.000937017	0.00988003	0.0272734	0.0909647	-2.70971e-05	0.0064527	0.00400962	0.0458367	-0.0344229	-0.00420263	main
10	80	hold	reverse	15	7	0.02	0.00011	12470	0.000940748	-1	-0.0698479	0.0687469	0.180774	0.469197	-0.0231333	0.0254783	0.0759423	0.244337	-0.1393	-0.0214556	main
10	80	hold	reverse	15	30	0.02	0.00011	12470	-0.0561741	-1	-1	0.0875407	0.526241	1.20271	-0.120486	0.00898675	0.335686	0.764588	-0.276095	-0.0550068	main
10	80	hold	reverse	30	1	0.02	0.00011	12470	0.00144346	-0.202106	-0.00225442	0.0196096	0.054281	0.177773	-0.00439935	0.00731425	0.023737	0.0884052	-0.0545535	-0.00829707	main
10	80	hold	reverse	30	7	0.02	0.00011	12470	-0.0331238	-1	-0.418315	0.111126	0.327177	0.854854	-0.0724173	0.00647595	0.233681	0.477724	-0.173433	-0.0398931	main
10	80	hold	reverse	30	30	0.02	0.00011	12470	-0.169869	-1	-1	-1	0.66925	2.01981	-0.255173	-0.0838296	0.600722	1.57653	-0.357922	-0.0891259	main
10	80	recover	reverse	3	1	0.02	0.00011	12470	0.000654752	-0.0193141	-0.000245542	0.00195241	0.00539462	0.0173045	7.1223e-05	0.00122092	0			-0.000788594	main
10	80	recover	reverse	3	7	0.02	0.00011	12470	-0.000549175	-0.107991	-0.0114297	0.0121938	0.0283074	0.0637909	-0.00464503	0.00354856	0.00032077			-0.00304853	main
10	80	recover	reverse	3	30	0.02	0.00011	12470	-0.0147997	-0.241166	-0.0308105	0.0234578	0.0486061	0.10344	-0.0273953	-0.003197	0.00858059			-0.00454873	main
10	80	recover	reverse	5	1	0.02	0.00011	12470	0.000927507	-0.032263	-0.000409583	0.00325182	0.0089901	0.0288349	-8.60042e-05	0.00192915	0.00032077			-0.00131431	main
10	80	recover	reverse	5	7	0.02	0.00011	12470	-0.00152736	-0.180691	-0.0190979	0.0203118	0.0471766	0.106152	-0.00836897	0.00524016	0.00344828			-0.00508085	main
10	80	recover	reverse	5	30	0.02	0.00011	12470	-0.0221392	-0.408992	-0.0519603	0.0390463	0.08093	0.172349	-0.0404126	-0.00510665	0.0206897			-0.0075811	main
10	80	recover	reverse	10	1	0.02	0.00011	12470	0.00196368	-0.064526	-0.000819166	0.00650364	0.0179802	0.0576698	-4.83369e-06	0.00395761	0.000882117			-0.00262861	main
10	80	recover	reverse	10	7	0.02	0.00011	12470	-0.00360755	-0.371734	-0.0382321	0.0406198	0.0943458	0.212304	-0.0170349	0.00995944	0.0177225			-0.0101615	main
10	80	recover	reverse	10	30	0.02	0.00011	12470	-0.0394592	-1	-0.118348	0.0770873	0.16129	0.344698	-0.0713959	-0.00908965	0.0827586			-0.0151599	main
10	80	recover	reverse	15	1	0.02	0.00011	12470	0.00290031	-0.0970048	-0.00122875	0.00975547	0.0269703	0.0865047	7.59598e-05	0.0057984	0.00280674			-0.00394287	main
10	80	recover	reverse	15	7	0.02	0.00011	12470	-0.00810117	-0.715132	-0.0592322	0.0607369	0.141482	0.318218	-0.028271	0.0112893	0.0477145			-0.015241	main
10	80	recover	reverse	15	30	0.02	0.00011	12470	-0.0637631	-1	-0.268121	0.109971	0.239553	0.515162	-0.104888	-0.0238313	0.171852			-0.0227281	main
10	80	recover	reverse	30	1	0.02	0.00011	12470	0.00213142	-0.204034	-0.00260581	0.0194384	0.0537313	0.17138	-0.00342794	0.00758456	0.0196472			-0.00788308	main
10	80	recover	reverse	30	7	0.02	0.00011	12470	-0.0370759	-1	-0.224808	0.110616	0.277684	0.634497	-0.0720868	-0.0018855	0.181476			-0.0304447	main
10	80	recover	reverse	30	30	0.02	0.00011	12470	-0.141545	-1	-1	0.126596	0.44303	1.01893	-0.200374	-0.0839261	0.398236			-0.0453263	main
1.5	40	close	auto	3	1	0.02	0.00011	12470	-0.00301244								0				robustness
1.5	40	close	auto	3	7	0.02	0.00011	12470	-0.00329402								0				robustness
1.5	40	close	auto	3	30	0.02	0.00011	12470	-0.00329402								0				robustness
1.5	40	close	auto	5	1	0.02	0.00011	12470	-0.00502073								0				robustness
1.5	40	close	auto	5	7	0.02	0.00011	12470	-0.00549003								0				robustness
1.5	40	close	auto	5	30	0.02	0.00011	12470	-0.00549003								0				robustness
1.5	40	close	auto	10	1	0.02	0.00011	12470	-0.0100415								0				robustness
1.5	40	close	auto	10	7	0.02	0.00011	12470	-0.0109801								0				robustness
1.5	40	close	auto	10	30	0.02	0.00011	12470	-0.0109801								0				robustness
1.5	40	close	auto	15	1	0.02	0.00011	12470	-0.0150622								0				robustness
1.5	40	close	auto	15	7	0.02	0.00011	12470	-0.0164701								0				robustness
1.5	40	close	auto	15	30	0.02	0.00011	12470	-0.0164701								0				robustness
1.5	40	close	auto	30	1	0.02	0.00011	12470	-0.0301244								0				robustness
1.5	40	close	auto	30	7	0.02	0.00011	12470	-0.0329402								0				robustness
1.5	40	close	auto	30	30	0.02	0.00011	12470	-0.0329402								0				robustness
1.5	40	close	reverse	3	1	0.005	0	12470	0.00229237								0				robustness
1.5	40	close	reverse	3	1	0.005	0.00011	12470	-0.000464026								0				robustness
1.5	40	close	reverse	3	1	0.005	0.0005	12470	-0.0102367								0				robustness
1.5	40	close	reverse	3	1	0.02	0	12470	0.00229237								0				robustness
1.5	40	close	reverse	3	1	0.02	0.0005	12470	-0.0102367								0				robustness
1.5	40	close	reverse	3	7	0.005	0	12470	0.00235248								0				robustness
1.5	40	close	reverse	3	7	0.005	0.00011	12470	-0.000602249								0				robustness
1.5	40	close	reverse	3	7	0.005	0.0005	12470	-0.0110781								0				robustness
1.5	40	close	reverse	3	7	0.02	0	12470	0.00235248								0				robustness
1.5	40	close	reverse	3	7	0.02	0.0005	12470	-0.0110781								0				robustness
1.5	40	close	reverse	3	30	0.005	0	12470	0.00235248								0				robustness
1.5	40	close	reverse	3	30	0.005	0.00011	12470	-0.000602249								0				robustness
1.5	40	close	reverse	3	30	0.005	0.0005	12470	-0.0110781								0				robustness
1.5	40	close	reverse	3	30	0.02	0	12470	0.00235248								0				robustness
1.5	40	close	reverse	3	30	0.02	0.0005	12470	-0.0110781								0				robustness
1.5	40	close	reverse	5	1	0.005	0	12470	0.00382062								0				robustness
1.5	40	close	reverse	5	1	0.005	0.00011	12470	-0.000773377								0				robustness
1.5	40	close	reverse	5	1	0.005	0.0005	12470	-0.0170612								0				robustness
1.5	40	close	reverse	5	1	0.02	0	12470	0.00382062								0				robustness
1.5	40	close	reverse	5	1	0.02	0.0005	12470	-0.0170612								0				robustness
1.5	40	close	reverse	5	7	0.005	0	12470	0.0039208								0				robustness
1.5	40	close	reverse	5	7	0.005	0.00011	12470	-0.00100375								0				robustness
1.5	40	close	reverse	5	7	0.005	0.0005	12470	-0.0184635								0				robustness
1.5	40	close	reverse	5	7	0.02	0	12470	0.0039208								0				robustness
1.5	40	close	reverse	5	7	0.02	0.0005	12470	-0.0184635								0				robustness
1.5	40	close	reverse	5	30	0.005	0	12470	0.0039208								0				robustness
1.5	40	close	reverse	5	30	0.005	0.00011	12470	-0.00100375								0				robustness
1.5	40	close	reverse	5	30	0.005	0.0005	12470	-0.0184635								0				robustness
1.5	40	close	reverse	5	30	0.02	0	12470	0.0039208								0				robustness
1.5	40	close	reverse	5	30	0.02	0.0005	12470	-0.0184635								0				robustness
1.5	40	close	reverse	10	1	0.005	0	12470	0.00764124								0				robustness
1.5	40	close	reverse	10	1	0.005	0.00011	12470	-0.00154675								0				robustness
1.5	40	close	reverse	10	1	0.005	0.0005	12470	-0.0341224								0				robustness
1.5	40	close	reverse	10	1	0.02	0	12470	0.00764124								0				robustness
1.5	40	close	reverse	10	1	0.02	0.0005	12470	-0.0341224								0				robustness
1.5	40	close	reverse	10	7	0.005	0	12470	0.0078416								0				robustness
1.5	40	close	reverse	10	7	0.005	0.00011	12470	-0.0020075								0				robustness
1.5	40	close	reverse	10	7	0.005	0.0005	12470	-0.036927								0				robustness
1.5	40	close	reverse	10	7	0.02	0	12470	0.0078416								0				robustness
1.5	40	close	reverse	10	7	0.02	0.0005	12470	-0.036927								0				robustness
1.5	40	close	reverse	10	30	0.005	0	12470	0.0078416								0				robustness
1.5	40	close	reverse	10	30	0.005	0.00011	12470	-0.0020075								0				robustness
1.5	40	close	reverse	10	30	0.005	0.0005	12470	-0.036927								0				robustness
1.5	40	close	reverse	10	30	0.02	0	12470	0.0078416								0				robustness
1.5	40	close	reverse	10	30	0.02	0.0005	12470	-0.036927								0				robustness
1.5	40	close	reverse	15	1	0.005	0	12470	0.0114619								0				robustness
1.5	40	close	reverse	15	1	0.005	0.00011	12470	-0.00232013								0				robustness
1.5	40	close	reverse	15	1	0.005	0.0005	12470	-0.0511836								0				robustness
1.5	40	close	reverse	15	1	0.02	0	12470	0.0114619								0				robustness
1.5	40	close	reverse	15	1	0.02	0.0005	12470	-0.0511836								0				robustness
1.5	40	close	reverse	15	7	0.005	0	12470	0.0117624								0				robustness
1.5	40	close	reverse	15	7	0.005	0.00011	12470	-0.00301124								0				robustness
1.5	40	close	reverse	15	7	0.005	0.0005	12470	-0.0553905								0				robustness
1.5	40	close	reverse	15	7	0.02	0	12470	0.0117624								0				robustness
1.5	40	close	reverse	15	7	0.02	0.0005	12470	-0.0553905								0				robustness
1.5	40	close	reverse	15	30	0.005	0	12470	0.0117624								0				robustness
1.5	40	close	reverse	15	30	0.005	0.00011	12470	-0.00301124								0				robustness
1.5	40	close	reverse	15	30	0.005	0.0005	12470	-0.0553905								0				robustness
1.5	40	close	reverse	15	30	0.02	0	12470	0.0117624								0				robustness
1.5	40	close	reverse	15	30	0.02	0.0005	12470	-0.0553905								0				robustness
1.5	40	close	reverse	30	1	0.005	0	12470	0.0229237								0				robustness
1.5	40	close	reverse	30	1	0.005	0.00011	12470	-0.00464026								0				robustness
1.5	40	close	reverse	30	1	0.005	0.0005	12470	-0.102367								0				robustness
1.5	40	close	reverse	30	1	0.02	0	12470	0.0229237								0				robustness
1.5	40	close	reverse	30	1	0.02	0.0005	12470	-0.102367								0				robustness
1.5	40	close	reverse	30	7	0.005	0	12470	0.0235248								0				robustness
1.5	40	close	reverse	30	7	0.005	0.00011	12470	-0.00602249								0				robustness
1.5	40	close	reverse	30	7	0.005	0.0005	12470	-0.110781								0				robustness
1.5	40	close	reverse	30	7	0.02	0	12470	0.0235248								0				robustness
1.5	40	close	reverse	30	7	0.02	0.0005	12470	-0.110781								0				robustness
1.5	40	close	reverse	30	30	0.005	0	12470	0.0235248								0				robustness
1.5	40	close	reverse	30	30	0.005	0.00011	12470	-0.00602249								0				robustness
1.5	40	close	reverse	30	30	0.005	0.0005	12470	-0.110781								0				robustness
1.5	40	close	reverse	30	30	0.02	0	12470	0.0235248								0				robustness
1.5	40	close	reverse	30	30	0.02	0.0005	12470	-0.110781								0				robustness
1.5	40	hold	auto	3	1	0.02	0.00011	12470	-0.0118374								0				robustness
1.5	40	hold	auto	3	7	0.02	0.00011	12470	-0.0391348								0.00144346				robustness
1.5	40	hold	auto	3	30	0.02	0.00011	12470	-0.0967525								0.0230152				robustness
1.5	40	hold	auto	5	1	0.02	0.00011	12470	-0.0198409								0.00032077				robustness
1.5	40	hold	auto	5	7	0.02	0.00011	12470	-0.0660091								0.00785886				robustness
1.5	40	hold	auto	5	30	0.02	0.00011	12470	-0.157054								0.063352				robustness
1.5	40	hold	auto	10	1	0.02	0.00011	12470	-0.039853								0.00272654				robustness
1.5	40	hold	auto	10	7	0.02	0.00011	12470	-0.134558								0.0537289				robustness
1.5	40	hold	auto	10	30	0.02	0.00011	12470	-0.318072								0.295188				robustness
1.5	40	hold	auto	15	1	0.02	0.00011	12470	-0.0613577								0.0121091				robustness
1.5	40	hold	auto	15	7	0.02	0.00011	12470	-0.211902								0.153809				robustness
1.5	40	hold	auto	15	30	0.02	0.00011	12470	-0.467669								0.523978				robustness
1.5	40	hold	auto	30	1	0.02	0.00011	12470	-0.129748								0.0785886				robustness
1.5	40	hold	auto	30	7	0.02	0.00011	12470	-0.429338								0.480513				robustness
1.5	40	hold	auto	30	30	0.02	0.00011	12470	-0.717255								0.830072				robustness
1.5	40	hold	reverse	3	1	0.005	0	12470	0.00273982								0				robustness
1.5	40	hold	reverse	3	1	0.005	0.00011	12470	-0.00451754								0				robustness
1.5	40	hold	reverse	3	1	0.005	0.0005	12470	-0.0302482								0				robustness
1.5	40	hold	reverse	3	1	0.02	0	12470	0.00273982								0				robustness
1.5	40	hold	reverse	3	1	0.02	0.0005	12470	-0.030269								8.01925e-05				robustness
1.5	40	hold	reverse	3	7	0.005	0	12470	0.00634089								0.0010425				robustness
1.5	40	hold	reverse	3	7	0.005	0.00011	12470	-0.016372								0.0010425				robustness
1.5	40	hold	reverse	3	7	0.005	0.0005	12470	-0.0970379								0.00160385				robustness
1.5	40	hold	reverse	3	7	0.02	0	12470	0.00625806								0.00136327				robustness
1.5	40	hold	reverse	3	7	0.02	0.0005	12470	-0.0971007								0.00184443				robustness
1.5	40	hold	reverse	3	30	0.005	0	12470	0.00158294								0.0193264				robustness
1.5	40	hold	reverse	3	30	0.005	0.00011	12470	-0.047388								0.0201283				robustness
1.5	40	hold	reverse	3	30	0.005	0.0005	12470	-0.221506								0.0257418				robustness
1.5	40	hold	reverse	3	30	0.02	0	12470	0.00119684								0.0205293				robustness
1.5	40	hold	reverse	3	30	0.02	0.0005	12470	-0.222006								0.027506				robustness
1.5	40	hold	reverse	5	1	0.005	0	12470	0.00445123								0.00032077				robustness
1.5	40	hold	reverse	5	1	0.005	0.00011	12470	-0.0076428								0.00032077				robustness
1.5	40	hold	reverse	5	1	0.005	0.0005	12470	-0.0505216								0.00032077				robustness
1.5	40	hold	reverse	5	1	0.02	0	12470	0.00445123								0.00032077				robustness
1.5	40	hold	reverse	5	1	0.02	0.0005	12470	-0.0506852								0.000561347				robustness
1.5	40	hold	reverse	5	7	0.005	0	12470	0.0100197								0.00625501				robustness
1.5	40	hold	reverse	5	7	0.005	0.00011	12470	-0.0278362								0.00649559				robustness
1.5	40	hold	reverse	5	7	0.005	0.0005	12470	-0.162578								0.00922213				robustness
1.5	40	hold	reverse	5	7	0.02	0	12470	0.00977885								0.00681636				robustness
1.5	40	hold	reverse	5	7	0.02	0.0005	12470	-0.163053								0.0106656				robustness
1.5	40	hold	reverse	5	30	0.005	0	12470	0.0089044								0.0489174				robustness
1.5	40	hold	reverse	5	30	0.005	0.00011	12470	-0.0728316								0.0526864				robustness
1.5	40	hold	reverse	5	30	0.005	0.0005	12470	-0.364607								0.0825982				robustness
1.5	40	hold	reverse	5	30	0.02	0	12470	0.00717803								0.0530072				robustness
1.5	40	hold	reverse	5	30	0.02	0.0005	12470	-0.367193								0.089575				robustness
1.5	40	hold	reverse	10	1	0.005	0	12470	0.00879449								0.0021652				robustness
1.5	40	hold	reverse	10	1	0.005	0.00011	12470	-0.0153649								0.0021652				robustness
1.5	40	hold	reverse	10	1	0.005	0.0005	12470	-0.101146								0.00248597				robustness
1.5	40	hold	reverse	10	1	0.02	0	12470	0.00868034								0.00256616				robustness
1.5	40	hold	reverse	10	1	0.02	0.0005	12470	-0.101402								0.00328789				robustness
1.5	40	hold	reverse	10	7	0.005	0	12470	0.0195521								0.0374499				robustness
1.5	40	hold	reverse	10	7	0.005	0.00011	12470	-0.0563427								0.0418605				robustness
1.5	40	hold	reverse	10	7	0.005	0.0005	12470	-0.324889								0.0675221				robustness
1.5	40	hold	reverse	10	7	0.02	0	12470	0.0171228								0.0433841				robustness
1.5	40	hold	reverse	10	7	0.02	0.0005	12470	-0.328888								0.0792302				robustness
1.5	40	hold	reverse	10	30	0.005	0	12470	0.0176425								0.206335				robustness
1.5	40	hold	reverse	10	30	0.005	0.00011	12470	-0.144791								0.234723				robustness
1.5	40	hold	reverse	10	30	0.005	0.0005	12470	-0.695569								0.464074				robustness
1.5	40	hold	reverse	10	30	0.02	0	12470	0.00495546								0.226784				robustness
1.5	40	hold	reverse	10	30	0.02	0.0005	12470	-0.710833								0.502326				robustness
1.5	40	hold	reverse	15	1	0.005	0	12470	0.0129557								0.00785886				robustness
1.5	40	hold	reverse	15	1	0.005	0.00011	12470	-0.0235119								0.0085004				robustness
1.5	40	hold	reverse	15	1	0.005	0.0005	12470	-0.152373								0.0114675				robustness
1.5	40	hold	reverse	15	1	0.02	0	12470	0.0114613								0.010826				robustness
1.5	40	hold	reverse	15	1	0.02	0.0005	12470	-0.153444								0.0144346				robustness
1.5	40	hold	reverse	15	7	0.005	0	12470	0.02624								0.1				robustness
1.5	40	hold	reverse	15	7	0.005	0.00011	12470	-0.0869733								0.112029				robustness
1.5	40	hold	reverse	15	7	0.005	0.0005	12470	-0.481967								0.202646				robustness
1.5	40	hold	reverse	15	7	0.02	0	12470	0.0160628								0.118765				robustness
1.5	40	hold	reverse	15	7	0.02	0.0005	12470	-0.496661								0.24178				robustness
1.5	40	hold	reverse	15	30	0.005	0	12470	0.0185995								0.368164				robustness
1.5	40	hold	reverse	15	30	0.005	0.00011	12470	-0.212649								0.418123				robustness
1.5	40	hold	reverse	15	30	0.005	0.0005	12470	-0.876958								0.761668				robustness
1.5	40	hold	reverse	15	30	0.02	0	12470	-0.0152377								0.400642				robustness
1.5	40	hold	reverse	15	30	0.02	0.0005	12470	-0.896844								0.811147				robustness
1.5	40	hold	reverse	30	1	0.005	0	12470	0.026782								0.042502				robustness
1.5	40	hold	reverse	30	1	0.005	0.00011	12470	-0.0452225								0.046672				robustness
1.5	40	hold	reverse	30	1	0.005	0.0005	12470	-0.300663								0.0771451				robustness
1.5	40	hold	reverse	30	1	0.02	0	12470	0.0179463								0.0611067				robustness
1.5	40	hold	reverse	30	1	0.02	0.0005	12470	-0.320725								0.127105				robustness
1.5	40	hold	reverse	30	7	0.005	0	12470	0.0584235								0.297033				robustness
1.5	40	hold	reverse	30	7	0.005	0.00011	12470	-0.156434								0.33769				robustness
1.5	40	hold	reverse	30	7	0.005	0.0005	12470	-0.812385								0.671211				robustness
1.5	40	hold	reverse	30	7	0.02	0	12470	0.00353179								0.357338				robustness
1.5	40	hold	reverse	30	7	0.02	0.0005	12470	-0.859688								0.776183				robustness
1.5	40	hold	reverse	30	30	0.005	0	12470	0.0483266								0.614435				robustness
1.5	40	hold	reverse	30	30	0.005	0.00011	12470	-0.328245								0.689655				robustness
1.5	40	hold	reverse	30	30	0.005	0.0005	12470	-0.993934								0.986127				robustness
1.5	40	hold	reverse	30	30	0.02	0	12470	-0.0558373								0.665277				robustness
1.5	40	hold	reverse	30	30	0.02	0.0005	12470	-0.998096								0.996071				robustness
1.5	40	recover	auto	3	1	0.02	0.00011	12470	-0.00419374								0				robustness
1.5	40	recover	auto	3	7	0.02	0.00011	12470	-0.00554972								8.01925e-05				robustness
1.5	40	recover	auto	3	30	0.02	0.00011	12470	-0.00749553								0.00144346				robustness
1.5	40	recover	auto	5	1	0.02	0.00011	12470	-0.00698001								0.000160385				robustness
1.5	40	recover	auto	5	7	0.02	0.00011	12470	-0.00934617								0.000801925				robustness
1.5	40	recover	auto	5	30	0.02	0.00011	12470	-0.012058								0.00368885				robustness
1.5	40	recover	auto	10	1	0.02	0.00011	12470	-0.0139577								0.000801925				robustness
1.5	40	recover	auto	10	7	0.02	0.00011	12470	-0.019331								0.00689655				robustness
1.5	40	recover	auto	10	30	0.02	0.00011	12470	-0.0250989								0.0234964				robustness
1.5	40	recover	auto	15	1	0.02	0.00011	12470	-0.0214608								0.00408982				robustness
1.5	40	recover	auto	15	7	0.02	0.00011	12470	-0.031298								0.0221331				robustness
1.5	40	recover	auto	15	30	0.02	0.00011	12470	-0.0373311								0.0471532				robustness
1.5	40	recover	auto	30	1	0.02	0.00011	12470	-0.0438401								0.0249399				robustness
1.5	40	recover	auto	30	7	0.02	0.00011	12470	-0.0644873								0.0851644				robustness
1.5	40	recover	auto	30	30	0.02	0.00011	12470	-0.0716335								0.110666				robustness
1.5	40	recover	reverse	3	1	0.005	0	12470	0.000880287								0				robustness
1.5	40	recover	reverse	3	1	0.005	0.00011	12470	-0.00184804								0				robustness
1.5	40	recover	reverse	3	1	0.005	0.0005	12470	-0.0115212								0				robustness
1.5	40	recover	reverse	3	1	0.02	0	12470	0.000880287								0				robustness
1.5	40	recover	reverse	3	1	0.02	0.0005	12470	-0.011542								8.01925e-05				robustness
1.5	40	recover	reverse	3	7	0.005	0	12470	-0.000196648								8.01925e-05				robustness
1.5	40	recover	reverse	3	7	0.005	0.00011	12470	-0.00314016								8.01925e-05				robustness
1.5	40	recover	reverse	3	7	0.005	0.0005	12470	-0.0135851								0.000160385				robustness
1.5	40	recover	reverse	3	7	0.02	0	12470	-0.000206024								0.000160385				robustness
1.5	40	recover	reverse	3	7	0.02	0.0005	12470	-0.0136029								0.000240577				robustness
1.5	40	recover	reverse	3	30	0.005	0	12470	-0.00221018								0.00144346				robustness
1.5	40	recover	reverse	3	30	0.005	0.00011	12470	-0.00515581								0.00144346				robustness
1.5	40	recover	reverse	3	30	0.005	0.0005	12470	-0.0156368								0.00152366				robustness
1.5	40	recover	reverse	3	30	0.02	0	12470	-0.0022714								0.00160385				robustness
1.5	40	recover	reverse	3	30	0.02	0.0005	12470	-0.0157124								0.00168404				robustness
1.5	40	recover	reverse	5	1	0.005	0	12470	0.00147588								0.000160385				robustness
1.5	40	recover	reverse	5	1	0.005	0.00011	12470	-0.00307095								0.000160385				robustness
1.5	40	recover	reverse	5	1	0.005	0.0005	12470	-0.0191915								0.000160385				robustness
1.5	40	recover	reverse	5	1	0.02	0	12470	0.00147588								0.000160385				robustness
1.5	40	recover	reverse	5	1	0.02	0.0005	12470	-0.0191915								0.000160385				robustness
1.5	40	recover	reverse	5	7	0.005	0	12470	-0.000378358								0.000721732				robustness
1.5	40	recover	reverse	5	7	0.005	0.00011	12470	-0.00528025								0.000721732				robustness
1.5	40	recover	reverse	5	7	0.005	0.0005	12470	-0.0227426								0.000882117				robustness
1.5	40	recover	reverse	5	7	0.02	0	12470	-0.000466668								0.000882117				robustness
1.5	40	recover	reverse	5	7	0.02	0.0005	12470	-0.0228073								0.0010425				robustness
1.5	40	recover	reverse	5	30	0.005	0	12470	-0.00310323								0.00328789				robustness
1.5	40	recover	reverse	5	30	0.005	0.00011	12470	-0.00800285								0.00328789				robustness
1.5	40	recover	reverse	5	30	0.005	0.0005	12470	-0.0255387								0.00360866				robustness
1.5	40	recover	reverse	5	30	0.02	0	12470	-0.00325218								0.00360866				robustness
1.5	40	recover	reverse	5	30	0.02	0.0005	12470	-0.0256536								0.00384924				robustness
1.5	40	recover	reverse	10	1	0.005	0	12470	0.00297433								0.000721732				robustness
1.5	40	recover	reverse	10	1	0.005	0.00011	12470	-0.00611487								0.000721732				robustness
1.5	40	recover	reverse	10	1	0.005	0.0005	12470	-0.0383591								0.000801925				robustness
1.5	40	recover	reverse	10	1	0.02	0	12470	0.00297433								0.000721732				robustness
1.5	40	recover	reverse	10	1	0.02	0.0005	12470	-0.0383956								0.000882117				robustness
1.5	40	recover	reverse	10	7	0.005	0	12470	-0.00124377								0.00617482				robustness
1.5	40	recover	reverse	10	7	0.005	0.00011	12470	-0.0110422								0.00625501				robustness
1.5	40	recover	reverse	10	7	0.005	0.0005	12470	-0.0458127								0.00681636				robustness
1.5	40	recover	reverse	10	7	0.02	0	12470	-0.00154364								0.00681636				robustness
1.5	40	recover	reverse	10	7	0.02	0.0005	12470	-0.0461868								0.00761828				robustness
1.5	40	recover	reverse	10	30	0.005	0	12470	-0.00643842								0.0210906				robustness
1.5	40	recover	reverse	10	30	0.005	0.00011	12470	-0.0162095								0.0214916				robustness
1.5	40	recover	reverse	10	30	0.005	0.0005	12470	-0.0510392								0.0230954				robustness
1.5	40	recover	reverse	10	30	0.02	0	12470	-0.00738579								0.0232558				robustness
1.5	40	recover	reverse	10	30	0.02	0.0005	12470	-0.0520717								0.0251002				robustness
1.5	40	recover	reverse	15	1	0.005	0	12470	0.00449786								0.00280674				robustness
1.5	40	recover	reverse	15	1	0.005	0.00011	12470	-0.00913393								0.00288693				robustness
1.5	40	recover	reverse	15	1	0.005	0.0005	12470	-0.0577598								0.00352847				robustness
1.5	40	recover	reverse	15	1	0.02	0	12470	0.0038114								0.00408982				robustness
1.5	40	recover	reverse	15	1	0.02	0.0005	12470	-0.0581191								0.00441059				robustness
1.5	40	recover	reverse	15	7	0.005	0	12470	-0.00234515								0.017482				robustness
1.5	40	recover	reverse	15	7	0.005	0.00011	12470	-0.0171693								0.0181235				robustness
1.5	40	recover	reverse	15	7	0.005	0.0005	12470	-0.0698174								0.0207698				robustness
1.5	40	recover	reverse	15	7	0.02	0	12470	-0.00440144								0.0213312				robustness
1.5	40	recover	reverse	15	7	0.02	0.0005	12470	-0.0717441								0.0251002				robustness
1.5	40	recover	reverse	15	30	0.005	0	12470	-0.00787233								0.0429832				robustness
1.5	40	recover	reverse	15	30	0.005	0.00011	12470	-0.022643								0.0438653				robustness
1.5	40	recover	reverse	15	30	0.005	0.0005	12470	-0.0748447								0.047073				robustness
1.5	40	recover	reverse	15	30	0.02	0	12470	-0.0109131								0.0469126				robustness
1.5	40	recover	reverse	15	30	0.02	0.0005	12470	-0.0775936								0.050842				robustness
1.5	40	recover	reverse	30	1	0.005	0	12470	0.00953889								0.017081				robustness
1.5	40	recover	reverse	30	1	0.005	0.00011	12470	-0.0174992								0.0174018				robustness
1.5	40	recover	reverse	30	1	0.005	0.0005	12470	-0.113966								0.02085				robustness
1.5	40	recover	reverse	30	1	0.02	0	12470	0.00665756								0.0235766				robustness
1.5	40	recover	reverse	30	1	0.02	0.0005	12470	-0.118278								0.0306335				robustness
1.5	40	recover	reverse	30	7	0.005	0	12470	-0.00199616								0.0672013				robustness
1.5	40	recover	reverse	30	7	0.005	0.00011	12470	-0.0315469								0.0699278				robustness
1.5	40	recover	reverse	30	7	0.005	0.0005	12470	-0.134862								0.0806736				robustness
1.5	40	recover	reverse	30	7	0.02	0	12470	-0.0112626								0.0814755				robustness
1.5	40	recover	reverse	30	7	0.02	0.0005	12470	-0.146659								0.0987169				robustness
1.5	40	recover	reverse	30	30	0.005	0	12470	-0.00839086								0.0971933				robustness
1.5	40	recover	reverse	30	30	0.005	0.00011	12470	-0.0379669								0.1				robustness
1.5	40	recover	reverse	30	30	0.005	0.0005	12470	-0.140542								0.109623				robustness
1.5	40	recover	reverse	30	30	0.02	0	12470	-0.0195352								0.10818				robustness
1.5	40	recover	reverse	30	30	0.02	0.0005	12470	-0.153564								0.123817				robustness
1.5	80	close	auto	3	1	0.02	0.00011	12470	-0.00522706								0				robustness
1.5	80	close	auto	3	7	0.02	0.00011	12470	-0.00567029								0				robustness
1.5	80	close	auto	3	30	0.02	0.00011	12470	-0.00567029								0				robustness
1.5	80	close	auto	5	1	0.02	0.00011	12470	-0.00871177								0				robustness
1.5	80	close	auto	5	7	0.02	0.00011	12470	-0.00945049								0				robustness
1.5	80	close	auto	5	30	0.02	0.00011	12470	-0.00945049								0				robustness
1.5	80	close	auto	10	1	0.02	0.00011	12470	-0.0174235								0				robustness
1.5	80	close	auto	10	7	0.02	0.00011	12470	-0.018901								0				robustness
1.5	80	close	auto	10	30	0.02	0.00011	12470	-0.018901								0				robustness
1.5	80	close	auto	15	1	0.02	0.00011	12470	-0.0261353								0				robustness
1.5	80	close	auto	15	7	0.02	0.00011	12470	-0.0283515								0				robustness
1.5	80	close	auto	15	30	0.02	0.00011	12470	-0.0283515								0				robustness
1.5	80	close	auto	30	1	0.02	0.00011	12470	-0.0522706								0				robustness
1.5	80	close	auto	30	7	0.02	0.00011	12470	-0.0567029								0				robustness
1.5	80	close	auto	30	30	0.02	0.00011	12470	-0.0567029								0				robustness
1.5	80	close	reverse	3	1	0.005	0	12470	0.000378058								0				robustness
1.5	80	close	reverse	3	1	0.005	0.00011	12470	-0.00391355								0				robustness
1.5	80	close	reverse	3	1	0.005	0.0005	12470	-0.0191292								0				robustness
1.5	80	close	reverse	3	1	0.02	0	12470	0.000378058								0				robustness
1.5	80	close	reverse	3	1	0.02	0.0005	12470	-0.0191292								0				robustness
1.5	80	close	reverse	3	7	0.005	0	12470	0.000413387								0				robustness
1.5	80	close	reverse	3	7	0.005	0.00011	12470	-0.00425022								0				robustness
1.5	80	close	reverse	3	7	0.005	0.0005	12470	-0.0207848								0				robustness
1.5	80	close	reverse	3	7	0.02	0	12470	0.000413387								0				robustness
1.5	80	close	reverse	3	7	0.02	0.0005	12470	-0.0207848								0				robustness
1.5	80	close	reverse	3	30	0.005	0	12470	0.000413387								0				robustness
1.5	80	close	reverse	3	30	0.005	0.00011	12470	-0.00425022								0				robustness
1.5	80	close	reverse	3	30	0.005	0.0005	12470	-0.0207848								0				robustness
1.5	80	close	reverse	3	30	0.02	0	12470	0.000413387								0				robustness
1.5	80	close	reverse	3	30	0.02	0.0005	12470	-0.0207848								0				robustness
1.5	80	close	reverse	5	1	0.005	0	12470	0.000630096								0				robustness
1.5	80	close	reverse	5	1	0.005	0.00011	12470	-0.00652258								0				robustness
1.5	80	close	reverse	5	1	0.005	0.0005	12470	-0.0318821								0				robustness
1.5	80	close	reverse	5	1	0.02	0	12470	0.000630096								0				robustness
1.5	80	close	reverse	5	1	0.02	0.0005	12470	-0.0318821								0				robustness
1.5	80	close	reverse	5	7	0.005	0	12470	0.000688979								0				robustness
1.5	80	close	reverse	5	7	0.005	0.00011	12470	-0.0070837								0				robustness
1.5	80	close	reverse	5	7	0.005	0.0005	12470	-0.0346414								0				robustness
1.5	80	close	reverse	5	7	0.02	0	12470	0.000688979								0				robustness
1.5	80	close	reverse	5	7	0.02	0.0005	12470	-0.0346414								0				robustness
1.5	80	close	reverse	5	30	0.005	0	12470	0.000688979								0				robustness
1.5	80	close	reverse	5	30	0.005	0.00011	12470	-0.0070837								0				robustness
1.5	80	close	reverse	5	30	0.005	0.0005	12470	-0.0346414								0				robustness
1.5	80	close	reverse	5	30	0.02	0	12470	0.000688979								0				robustness
1.5	80	close	reverse	5	30	0.02	0.0005	12470	-0.0346414								0				robustness
1.5	80	close	reverse	10	1	0.005	0	12470	0.00126019								0				robustness
1.5	80	close	reverse	10	1	0.005	0.00011	12470	-0.0130452								0				robustness
1.5	80	close	reverse	10	1	0.005	0.0005	12470	-0.0637641								0				robustness
1.5	80	close	reverse	10	1	0.02	0	12470	0.00126019								0				robustness
1.5	80	close	reverse	10	1	0.02	0.0005	12470	-0.0637641								0				robustness
1.5	80	close	reverse	10	7	0.005	0	12470	0.00137796								0				robustness
1.5	80	close	reverse	10	7	0.005	0.00011	12470	-0.0141674								0				robustness
1.5	80	close	reverse	10	7	0.005	0.0005	12470	-0.0692827								0				robustness
1.5	80	close	reverse	10	7	0.02	0	12470	0.00137796								0				robustness
1.5	80	close	reverse	10	7	0.02	0.0005	12470	-0.0692827								0				robustness
1.5	80	close	reverse	10	30	0.005	0	12470	0.00137796								0				robustness
1.5	80	close	reverse	10	30	0.005	0.00011	12470	-0.0141674								0				robustness
1.5	80	close	reverse	10	30	0.005	0.0005	12470	-0.0692827								0				robustness
1.5	80	close	reverse	10	30	0.02	0	12470	0.00137796								0				robustness
1.5	80	close	reverse	10	30	0.02	0.0005	12470	-0.0692827								0				robustness
1.5	80	close	reverse	15	1	0.005	0	12470	0.00189029								0				robustness
1.5	80	close	reverse	15	1	0.005	0.00011	12470	-0.0195677								0				robustness
1.5	80	close	reverse	15	1	0.005	0.0005	12470	-0.0956462								0				robustness
1.5	80	close	reverse	15	1	0.02	0	12470	0.00189029								0				robustness
1.5	80	close	reverse	15	1	0.02	0.0005	12470	-0.0956462								0				robustness
1.5	80	close	reverse	15	7	0.005	0	12470	0.00206694								0				robustness
1.5	80	close	reverse	15	7	0.005	0.00011	12470	-0.0212511								0				robustness
1.5	80	close	reverse	15	7	0.005	0.0005	12470	-0.103924								0				robustness
1.5	80	close	reverse	15	7	0.02	0	12470	0.00206694								0				robustness
1.5	80	close	reverse	15	7	0.02	0.0005	12470	-0.103924								0				robustness
1.5	80	close	reverse	15	30	0.005	0	12470	0.00206694								0				robustness
1.5	80	close	reverse	15	30	0.005	0.00011	12470	-0.0212511								0				robustness
1.5	80	close	reverse	15	30	0.005	0.0005	12470	-0.103924								0				robustness
1.5	80	close	reverse	15	30	0.02	0	12470	0.00206694								0				robustness
1.5	80	close	reverse	15	30	0.02	0.0005	12470	-0.103924								0				robustness
1.5	80	close	reverse	30	1	0.005	0	12470	0.00378058								0				robustness
1.5	80	close	reverse	30	1	0.005	0.00011	12470	-0.0391355								0				robustness
1.5	80	close	reverse	30	1	0.005	0.0005	12470	-0.191292								0				robustness
1.5	80	close	reverse	30	1	0.02	0	12470	0.00378058								0				robustness
1.5	80	close	reverse	30	1	0.02	0.0005	12470	-0.191292								0				robustness
1.5	80	close	reverse	30	7	0.005	0	12470	0.00413387								0				robustness
1.5	80	close	reverse	30	7	0.005	0.00011	12470	-0.0425022								0				robustness
1.5	80	close	reverse	30	7	0.005	0.0005	12470	-0.207703								0.000801925				robustness
1.5	80	close	reverse	30	7	0.02	0	12470	0.00413387								0				robustness
1.5	80	close	reverse	30	7	0.02	0.0005	12470	-0.207814								0.00176423				robustness
1.5	80	close	reverse	30	30	0.005	0	12470	0.00413387								0				robustness
1.5	80	close	reverse	30	30	0.005	0.00011	12470	-0.0425022								0				robustness
1.5	80	close	reverse	30	30	0.005	0.0005	12470	-0.207703								0.000801925				robustness
1.5	80	close	reverse	30	30	0.02	0	12470	0.00413387								0				robustness
1.5	80	close	reverse	30	30	0.02	0.0005	12470	-0.207814								0.00176423				robustness
1.5	80	hold	auto	3	1	0.02	0.00011	12470	-0.0178536								0				robustness
1.5	80	hold	auto	3	7	0.02	0.00011	12470	-0.0580877								0.00160385				robustness
1.5	80	hold	auto	3	30	0.02	0.00011	12470	-0.137783								0.0245389				robustness
1.5	80	hold	auto	5	1	0.02	0.00011	12470	-0.0298666								0.00032077				robustness
1.5	80	hold	auto	5	7	0.02	0.00011	12470	-0.097616								0.00842021				robustness
1.5	80	hold	auto	5	30	0.02	0.00011	12470	-0.225581								0.0696071				robustness
1.5	80	hold	auto	10	1	0.02	0.00011	12470	-0.0600531								0.00296712				robustness
1.5	80	hold	auto	10	7	0.02	0.00011	12470	-0.197949								0.0598236				robustness
1.5	80	hold	auto	10	30	0.02	0.00011	12470	-0.453398								0.343144				robustness
1.5	80	hold	auto	15	1	0.02	0.00011	12470	-0.091355								0.0126704				robustness
1.5	80	hold	auto	15	7	0.02	0.00011	12470	-0.306087								0.174098				robustness
1.5	80	hold	auto	15	30	0.02	0.00011	12470	-0.641705								0.599599				robustness
1.5	80	hold	auto	30	1	0.02	0.00011	12470	-0.192042								0.0906977				robustness
1.5	80	hold	auto	30	7	0.02	0.00011	12470	-0.598635								0.561026				robustness
1.5	80	hold	auto	30	30	0.02	0.00011	12470	-0.894276								0.90842				robustness
1.5	80	hold	reverse	3	1	0.005	0	12470	-0.00375703								0				robustness
1.5	80	hold	reverse	3	1	0.005	0.00011	12470	-0.0144616								0				robustness
1.5	80	hold	reverse	3	1	0.005	0.0005	12470	-0.0524141								0				robustness
1.5	80	hold	reverse	3	1	0.02	0	12470	-0.00375703								0				robustness
1.5	80	hold	reverse	3	1	0.02	0.0005	12470	-0.0524344								8.01925e-05				robustness
1.5	80	hold	reverse	3	7	0.005	0	12470	-0.0133998								0.0010425				robustness
1.5	80	hold	reverse	3	7	0.005	0.00011	12470	-0.0472885								0.00120289				robustness
1.5	80	hold	reverse	3	7	0.005	0.0005	12470	-0.167431								0.00184443				robustness
1.5	80	hold	reverse	3	7	0.02	0	12470	-0.0134803								0.00136327				robustness
1.5	80	hold	reverse	3	7	0.02	0.0005	12470	-0.167521								0.00232558				robustness
1.5	80	hold	reverse	3	30	0.005	0	12470	-0.0412353								0.0203689				robustness
1.5	80	hold	reverse	3	30	0.005	0.00011	12470	-0.114293								0.0225341				robustness
1.5	80	hold	reverse	3	30	0.005	0.0005	12470	-0.372997								0.0359262				robustness
1.5	80	hold	reverse	3	30	0.02	0	12470	-0.041711								0.0218925				robustness
1.5	80	hold	reverse	3	30	0.02	0.0005	12470	-0.373841								0.0391339				robustness
1.5	80	hold	reverse	5	1	0.005	0	12470	-0.00637502								0.00032077				robustness
1.5	80	hold	reverse	5	1	0.005	0.00011	12470	-0.0242139								0.00032077				robustness
1.5	80	hold	reverse	5	1	0.005	0.0005	12470	-0.0876205								0.000561347				robustness
1.5	80	hold	reverse	5	1	0.02	0	12470	-0.00637502								0.00032077				robustness
1.5	80	hold	reverse	5	1	0.02	0.0005	12470	-0.0876205								0.000561347				robustness
1.5	80	hold	reverse	5	7	0.005	0	12470	-0.0229534								0.00673617				robustness
1.5	80	hold	reverse	5	7	0.005	0.00011	12470	-0.0794724								0.00729751				robustness
1.5	80	hold	reverse	5	7	0.005	0.0005	12470	-0.279976								0.0128308				robustness
1.5	80	hold	reverse	5	7	0.02	0	12470	-0.0231311								0.00713713				robustness
1.5	80	hold	reverse	5	7	0.02	0.0005	12470	-0.280305								0.0140337				robustness
1.5	80	hold	reverse	5	30	0.005	0	12470	-0.0626503								0.0525261				robustness
1.5	80	hold	reverse	5	30	0.005	0.00011	12470	-0.185334								0.0611067				robustness
1.5	80	hold	reverse	5	30	0.005	0.0005	12470	-0.604634								0.203689				robustness
1.5	80	hold	reverse	5	30	0.02	0	12470	-0.0645789								0.0572574				robustness
1.5	80	hold	reverse	5	30	0.02	0.0005	12470	-0.608723								0.221572				robustness
1.5	80	hold	reverse	10	1	0.005	0	12470	-0.0128217								0.0021652				robustness
1.5	80	hold	reverse	10	1	0.005	0.00011	12470	-0.0484972								0.00224539				robustness
1.5	80	hold	reverse	10	1	0.005	0.0005	12470	-0.175067								0.00288693				robustness
1.5	80	hold	reverse	10	1	0.02	0	12470	-0.0129384								0.00264635				robustness
1.5	80	hold	reverse	10	1	0.02	0.0005	12470	-0.175308								0.00376905				robustness
1.5	80	hold	reverse	10	7	0.005	0	12470	-0.0463393								0.0417803				robustness
1.5	80	hold	reverse	10	7	0.005	0.00011	12470	-0.158941								0.0484362				robustness
1.5	80	hold	reverse	10	7	0.005	0.0005	12470	-0.551326								0.156455				robustness
1.5	80	hold	reverse	10	7	0.02	0	12470	-0.0486804								0.0473937				robustness
1.5	80	hold	reverse	10	7	0.02	0.0005	12470	-0.558128								0.186688				robustness
1.5	80	hold	reverse	10	30	0.005	0	12470	-0.123985								0.232237				robustness
1.5	80	hold	reverse	10	30	0.005	0.00011	12470	-0.361981								0.28749				robustness
1.5	80	hold	reverse	10	30	0.005	0.0005	12470	-0.920433								0.801764				robustness
1.5	80	hold	reverse	10	30	0.02	0	12470	-0.136601								0.252847				robustness
1.5	80	hold	reverse	10	30	0.02	0.0005	12470	-0.928878								0.834643				robustness
1.5	80	hold	reverse	15	1	0.005	0	12470	-0.0196688								0.00858059				robustness
1.5	80	hold	reverse	15	1	0.005	0.00011	12470	-0.0734924								0.00986367				robustness
1.5	80	hold	reverse	15	1	0.005	0.0005	12470	-0.26316								0.0149158				robustness
1.5	80	hold	reverse	15	1	0.02	0	12470	-0.020992								0.0116279				robustness
1.5	80	hold	reverse	15	1	0.02	0.0005	12470	-0.265118								0.0210906				robustness
1.5	80	hold	reverse	15	7	0.005	0	12470	-0.0718548								0.111949				robustness
1.5	80	hold	reverse	15	7	0.005	0.00011	12470	-0.240416								0.136327				robustness
1.5	80	hold	reverse	15	7	0.005	0.0005	12470	-0.760619								0.471131				robustness
1.5	80	hold	reverse	15	7	0.02	0	12470	-0.0828384								0.134242				robustness
1.5	80	hold	reverse	15	7	0.02	0.0005	12470	-0.778699								0.545068				robustness
1.5	80	hold	reverse	15	30	0.005	0	12470	-0.18001								0.410024				robustness
1.5	80	hold	reverse	15	30	0.005	0.00011	12470	-0.51298								0.512751				robustness
1.5	80	hold	reverse	15	30	0.005	0.0005	12470	-0.984201								0.959503				robustness
1.5	80	hold	reverse	15	30	0.02	0	12470	-0.211623								0.444587				robustness
1.5	80	hold	reverse	15	30	0.02	0.0005	12470	-0.988028								0.972574				robustness
1.5	80	hold	reverse	30	1	0.005	0	12470	-0.0372758								0.0472334				robustness
1.5	80	hold	reverse	30	1	0.005	0.00011	12470	-0.143195								0.0542101				robustness
1.5	80	hold	reverse	30	1	0.005	0.0005	12470	-0.516898								0.165838				robustness
1.5	80	hold	reverse	30	1	0.02	0	12470	-0.0476519								0.0699278				robustness
1.5	80	hold	reverse	30	1	0.02	0.0005	12470	-0.546757								0.262229				robustness
1.5	80	hold	reverse	30	7	0.005	0	12470	-0.124347								0.333761				robustness
1.5	80	hold	reverse	30	7	0.005	0.00011	12470	-0.438323								0.422374				robustness
1.5	80	hold	reverse	30	7	0.005	0.0005	12470	-0.969301								0.922053				robustness
1.5	80	hold	reverse	30	7	0.02	0	12470	-0.179929								0.400642				robustness
1.5	80	hold	reverse	30	7	0.02	0.0005	12470	-0.981401								0.960225				robustness
1.5	80	hold	reverse	30	30	0.005	0	12470	-0.264597								0.67498				robustness
1.5	80	hold	reverse	30	30	0.005	0.00011	12470	-0.738531								0.809222				robustness
1.5	80	hold	reverse	30	30	0.005	0.0005	12470	-0.99994								0.999759				robustness
1.5	80	hold	reverse	30	30	0.02	0	12470	-0.352552								0.724539				robustness
1.5	80	hold	reverse	30	30	0.02	0.0005	12470	-1								1				robustness
1.5	80	recover	auto	3	1	0.02	0.00011	12470	-0.00641756								0				robustness
1.5	80	recover	auto	3	7	0.02	0.00011	12470	-0.00793202								8.01925e-05				robustness
1.5	80	recover	auto	3	30	0.02	0.00011	12470	-0.00986442								0.00144346				robustness
1.5	80	recover	auto	5	1	0.02	0.00011	12470	-0.0106861								0.000160385				robustness
1.5	80	recover	auto	5	7	0.02	0.00011	12470	-0.0133142								0.000801925				robustness
1.5	80	recover	auto	5	30	0.02	0.00011	12470	-0.0160528								0.00376905				robustness
1.5	80	recover	auto	10	1	0.02	0.00011	12470	-0.0213643								0.000801925				robustness
1.5	80	recover	auto	10	7	0.02	0.00011	12470	-0.0271827								0.00681636				robustness
1.5	80	recover	auto	10	30	0.02	0.00011	12470	-0.0327694								0.0232558				robustness
1.5	80	recover	auto	15	1	0.02	0.00011	12470	-0.0325212								0.00400962				robustness
1.5	80	recover	auto	15	7	0.02	0.00011	12470	-0.0430477								0.0224539				robustness
1.5	80	recover	auto	15	30	0.02	0.00011	12470	-0.0490455								0.0477947				robustness
1.5	80	recover	auto	30	1	0.02	0.00011	12470	-0.06642								0.0260626				robustness
1.5	80	recover	auto	30	7	0.02	0.00011	12470	-0.0889556								0.0878909				robustness
1.5	80	recover	auto	30	30	0.02	0.00011	12470	-0.0963113								0.114034				robustness
1.5	80	recover	reverse	3	1	0.005	0	12470	-0.000983656								0				robustness
1.5	80	recover	reverse	3	1	0.005	0.00011	12470	-0.00524744								0				robustness
1.5	80	recover	reverse	3	1	0.005	0.0005	12470	-0.0203645								0				robustness
1.5	80	recover	reverse	3	1	0.02	0	12470	-0.000983656								0				robustness
1.5	80	recover	reverse	3	1	0.02	0.0005	12470	-0.0203848								8.01925e-05				robustness
1.5	80	recover	reverse	3	7	0.005	0	12470	-0.00206712								8.01925e-05				robustness
1.5	80	recover	reverse	3	7	0.005	0.00011	12470	-0.0067196								8.01925e-05				robustness
1.5	80	recover	reverse	3	7	0.005	0.0005	12470	-0.0232233								0.000160385				robustness
1.5	80	recover	reverse	3	7	0.02	0	12470	-0.00207631								0.000160385				robustness
1.5	80	recover	reverse	3	7	0.02	0.0005	12470	-0.0232406								0.000240577				robustness
1.5	80	recover	reverse	3	30	0.005	0	12470	-0.00402171								0.00136327				robustness
1.5	80	recover	reverse	3	30	0.005	0.00011	12470	-0.0086749								0.00136327				robustness
1.5	80	recover	reverse	3	30	0.005	0.0005	12470	-0.025233								0.00152366				robustness
1.5	80	recover	reverse	3	30	0.02	0	12470	-0.00408433								0.00152366				robustness
1.5	80	recover	reverse	3	30	0.02	0.0005	12470	-0.0252854								0.00160385				robustness
1.5	80	recover	reverse	5	1	0.005	0	12470	-0.0016304								0.000160385				robustness
1.5	80	recover	reverse	5	1	0.005	0.00011	12470	-0.00873611								0.000160385				robustness
1.5	80	recover	reverse	5	1	0.005	0.0005	12470	-0.0339291								0.000160385				robustness
1.5	80	recover	reverse	5	1	0.02	0	12470	-0.0016304								0.000160385				robustness
1.5	80	recover	reverse	5	1	0.02	0.0005	12470	-0.0339291								0.000160385				robustness
1.5	80	recover	reverse	5	7	0.005	0	12470	-0.00349838								0.000721732				robustness
1.5	80	recover	reverse	5	7	0.005	0.00011	12470	-0.0112469								0.000721732				robustness
1.5	80	recover	reverse	5	7	0.005	0.0005	12470	-0.0388001								0.000882117				robustness
1.5	80	recover	reverse	5	7	0.02	0	12470	-0.00349838								0.000721732				robustness
1.5	80	recover	reverse	5	7	0.02	0.0005	12470	-0.0389016								0.0010425				robustness
1.5	80	recover	reverse	5	30	0.005	0	12470	-0.00616717								0.00328789				robustness
1.5	80	recover	reverse	5	30	0.005	0.00011	12470	-0.0139093								0.00336808				robustness
1.5	80	recover	reverse	5	30	0.005	0.0005	12470	-0.0414912								0.00368885				robustness
1.5	80	recover	reverse	5	30	0.02	0	12470	-0.00621436								0.00352847				robustness
1.5	80	recover	reverse	5	30	0.02	0.0005	12470	-0.0416616								0.00400962				robustness
1.5	80	recover	reverse	10	1	0.005	0	12470	-0.00323411								0.000721732				robustness
1.5	80	recover	reverse	10	1	0.005	0.00011	12470	-0.0174396								0.000721732				robustness
1.5	80	recover	reverse	10	1	0.005	0.0005	12470	-0.0678188								0.000801925				robustness
1.5	80	recover	reverse	10	1	0.02	0	12470	-0.00325949								0.000801925				robustness
1.5	80	recover	reverse	10	1	0.02	0.0005	12470	-0.0678544								0.000882117				robustness
1.5	80	recover	reverse	10	7	0.005	0	12470	-0.00750667								0.00625501				robustness
1.5	80	recover	reverse	10	7	0.005	0.00011	12470	-0.0230246								0.00657578				robustness
1.5	80	recover	reverse	10	7	0.005	0.0005	12470	-0.0777886								0.00713713				robustness
1.5	80	recover	reverse	10	7	0.02	0	12470	-0.00777252								0.00689655				robustness
1.5	80	recover	reverse	10	7	0.02	0.0005	12470	-0.078296								0.00834002				robustness
1.5	80	recover	reverse	10	30	0.005	0	12470	-0.0126073								0.0213312				robustness
1.5	80	recover	reverse	10	30	0.005	0.00011	12470	-0.0282464								0.0222133				robustness
1.5	80	recover	reverse	10	30	0.005	0.0005	12470	-0.0828866								0.0242983				robustness
1.5	80	recover	reverse	10	30	0.02	0	12470	-0.0135085								0.0230954				robustness
1.5	80	recover	reverse	10	30	0.02	0.0005	12470	-0.0838731								0.0267041				robustness
1.5	80	recover	reverse	15	1	0.005	0	12470	-0.00486294								0.00296712				robustness
1.5	80	recover	reverse	15	1	0.005	0.00011	12470	-0.0263539								0.00328789				robustness
1.5	80	recover	reverse	15	1	0.005	0.0005	12470	-0.101999								0.00384924				robustness
1.5	80	recover	reverse	15	1	0.02	0	12470	-0.00547726								0.00408982				robustness
1.5	80	recover	reverse	15	1	0.02	0.0005	12470	-0.102314								0.00457097				robustness
1.5	80	recover	reverse	15	7	0.005	0	12470	-0.0118116								0.0178829				robustness
1.5	80	recover	reverse	15	7	0.005	0.00011	12470	-0.0353646								0.0190056				robustness
1.5	80	recover	reverse	15	7	0.005	0.0005	12470	-0.118307								0.0242181				robustness
1.5	80	recover	reverse	15	7	0.02	0	12470	-0.013828								0.0218123				robustness
1.5	80	recover	reverse	15	7	0.02	0.0005	12470	-0.120091								0.0281476				robustness
1.5	80	recover	reverse	15	30	0.005	0	12470	-0.0172048								0.0433039				robustness
1.5	80	recover	reverse	15	30	0.005	0.00011	12470	-0.0405393								0.0446672				robustness
1.5	80	recover	reverse	15	30	0.005	0.0005	12470	-0.122553								0.0499599				robustness
1.5	80	recover	reverse	15	30	0.02	0	12470	-0.0200915								0.047073				robustness
1.5	80	recover	reverse	15	30	0.02	0.0005	12470	-0.125438								0.0542903				robustness
1.5	80	recover	reverse	30	1	0.005	0	12470	-0.00886627								0.0174018				robustness
1.5	80	recover	reverse	30	1	0.005	0.00011	12470	-0.0513037								0.0183641				robustness
1.5	80	recover	reverse	30	1	0.005	0.0005	12470	-0.202558								0.0260626				robustness
1.5	80	recover	reverse	30	1	0.02	0	12470	-0.0120153								0.0242983				robustness
1.5	80	recover	reverse	30	1	0.02	0.0005	12470	-0.208703								0.0412991				robustness
1.5	80	recover	reverse	30	7	0.005	0	12470	-0.0206354								0.0684844				robustness
1.5	80	recover	reverse	30	7	0.005	0.00011	12470	-0.0660632								0.0718524				robustness
1.5	80	recover	reverse	30	7	0.005	0.0005	12470	-0.23151								0.0993585				robustness
1.5	80	recover	reverse	30	7	0.02	0	12470	-0.0293806								0.0818765				robustness
1.5	80	recover	reverse	30	7	0.02	0.0005	12470	-0.246633								0.123176				robustness
1.5	80	recover	reverse	30	30	0.005	0	12470	-0.0268257								0.0977546				robustness
1.5	80	recover	reverse	30	30	0.005	0.00011	12470	-0.0721167								0.101363				robustness
1.5	80	recover	reverse	30	30	0.005	0.0005	12470	-0.236111								0.12502				robustness
1.5	80	recover	reverse	30	30	0.02	0	12470	-0.0375237								0.108661				robustness
1.5	80	recover	reverse	30	30	0.02	0.0005	12470	-0.251914								0.145309				robustness
3	40	close	auto	3	1	0.02	0.00011	12470	-0.00272785								0				robustness
3	40	close	auto	3	7	0.02	0.00011	12470	-0.00415241								0				robustness
3	40	close	auto	3	30	0.02	0.00011	12470	-0.00424706								0				robustness
3	40	close	auto	5	1	0.02	0.00011	12470	-0.00454641								0				robustness
3	40	close	auto	5	7	0.02	0.00011	12470	-0.00692068								0				robustness
3	40	close	auto	5	30	0.02	0.00011	12470	-0.00707843								0				robustness
3	40	close	auto	10	1	0.02	0.00011	12470	-0.00909282								0				robustness
3	40	close	auto	10	7	0.02	0.00011	12470	-0.0138414								0				robustness
3	40	close	auto	10	30	0.02	0.00011	12470	-0.0141569								0				robustness
3	40	close	auto	15	1	0.02	0.00011	12470	-0.0136392								0				robustness
3	40	close	auto	15	7	0.02	0.00011	12470	-0.0207621								0				robustness
3	40	close	auto	15	30	0.02	0.00011	12470	-0.0212353								0				robustness
3	40	close	auto	30	1	0.02	0.00011	12470	-0.0272785								0				robustness
3	40	close	auto	30	7	0.02	0.00011	12470	-0.0415241								0				robustness
3	40	close	auto	30	30	0.02	0.00011	12470	-0.0424706								0				robustness
3	40	close	reverse	3	1	0.005	0	12470	0.00261858								0				robustness
3	40	close	reverse	3	1	0.005	0.00011	12470	0.000686731								0				robustness
3	40	close	reverse	3	1	0.005	0.0005	12470	-0.00616254								0				robustness
3	40	close	reverse	3	1	0.02	0	12470	0.00261858								0				robustness
3	40	close	reverse	3	1	0.02	0.0005	12470	-0.00616254								0				robustness
3	40	close	reverse	3	7	0.005	0	12470	0.00302121								0				robustness
3	40	close	reverse	3	7	0.005	0.00011	12470	0.000301916								0				robustness
3	40	close	reverse	3	7	0.005	0.0005	12470	-0.00933923								0				robustness
3	40	close	reverse	3	7	0.02	0	12470	0.00302121								0				robustness
3	40	close	reverse	3	7	0.02	0.0005	12470	-0.00933923								0				robustness
3	40	close	reverse	3	30	0.005	0	12470	0.00297063								0				robustness
3	40	close	reverse	3	30	0.005	0.00011	12470	0.000228401								0				robustness
3	40	close	reverse	3	30	0.005	0.0005	12470	-0.00949406								0				robustness
3	40	close	reverse	3	30	0.02	0	12470	0.00297063								0				robustness
3	40	close	reverse	3	30	0.02	0.0005	12470	-0.00949406								0				robustness
3	40	close	reverse	5	1	0.005	0	12470	0.00436429								0				robustness
3	40	close	reverse	5	1	0.005	0.00011	12470	0.00114455								0				robustness
3	40	close	reverse	5	1	0.005	0.0005	12470	-0.0102709								0				robustness
3	40	close	reverse	5	1	0.02	0	12470	0.00436429								0				robustness
3	40	close	reverse	5	1	0.02	0.0005	12470	-0.0102709								0				robustness
3	40	close	reverse	5	7	0.005	0	12470	0.00503536								0				robustness
3	40	close	reverse	5	7	0.005	0.00011	12470	0.000503193								0				robustness
3	40	close	reverse	5	7	0.005	0.0005	12470	-0.0155654								0				robustness
3	40	close	reverse	5	7	0.02	0	12470	0.00503536								0				robustness
3	40	close	reverse	5	7	0.02	0.0005	12470	-0.0155654								0				robustness
3	40	close	reverse	5	30	0.005	0	12470	0.00495106								0				robustness
3	40	close	reverse	5	30	0.005	0.00011	12470	0.000380669								0				robustness
3	40	close	reverse	5	30	0.005	0.0005	12470	-0.0158234								0				robustness
3	40	close	reverse	5	30	0.02	0	12470	0.00495106								0				robustness
3	40	close	reverse	5	30	0.02	0.0005	12470	-0.0158234								0				robustness
3	40	close	reverse	10	1	0.005	0	12470	0.00872859								0				robustness
3	40	close	reverse	10	1	0.005	0.00011	12470	0.0022891								0				robustness
3	40	close	reverse	10	1	0.005	0.0005	12470	-0.0205418								0				robustness
3	40	close	reverse	10	1	0.02	0	12470	0.00872859								0				robustness
3	40	close	reverse	10	1	0.02	0.0005	12470	-0.0205418								0				robustness
3	40	close	reverse	10	7	0.005	0	12470	0.0100707								0				robustness
3	40	close	reverse	10	7	0.005	0.00011	12470	0.00100639								0				robustness
3	40	close	reverse	10	7	0.005	0.0005	12470	-0.0311308								0				robustness
3	40	close	reverse	10	7	0.02	0	12470	0.0100707								0				robustness
3	40	close	reverse	10	7	0.02	0.0005	12470	-0.0311308								0				robustness
3	40	close	reverse	10	30	0.005	0	12470	0.00990211								0				robustness
3	40	close	reverse	10	30	0.005	0.00011	12470	0.000761337								0				robustness
3	40	close	reverse	10	30	0.005	0.0005	12470	-0.0316469								0				robustness
3	40	close	reverse	10	30	0.02	0	12470	0.00990211								0				robustness
3	40	close	reverse	10	30	0.02	0.0005	12470	-0.0316469								0				robustness
3	40	close	reverse	15	1	0.005	0	12470	0.0130929								0				robustness
3	40	close	reverse	15	1	0.005	0.00011	12470	0.00343366								0				robustness
3	40	close	reverse	15	1	0.005	0.0005	12470	-0.0308127								0				robustness
3	40	close	reverse	15	1	0.02	0	12470	0.0130929								0				robustness
3	40	close	reverse	15	1	0.02	0.0005	12470	-0.0308127								0				robustness
3	40	close	reverse	15	7	0.005	0	12470	0.0151061								0				robustness
3	40	close	reverse	15	7	0.005	0.00011	12470	0.00150958								0				robustness
3	40	close	reverse	15	7	0.005	0.0005	12470	-0.0466962								0				robustness
3	40	close	reverse	15	7	0.02	0	12470	0.0151061								0				robustness
3	40	close	reverse	15	7	0.02	0.0005	12470	-0.0466962								0				robustness
3	40	close	reverse	15	30	0.005	0	12470	0.0148532								0				robustness
3	40	close	reverse	15	30	0.005	0.00011	12470	0.00114201								0				robustness
3	40	close	reverse	15	30	0.005	0.0005	12470	-0.0474703								0				robustness
3	40	close	reverse	15	30	0.02	0	12470	0.0148532								0				robustness
3	40	close	reverse	15	30	0.02	0.0005	12470	-0.0474703								0				robustness
3	40	close	reverse	30	1	0.005	0	12470	0.0261858								0				robustness
3	40	close	reverse	30	1	0.005	0.00011	12470	0.00686731								0				robustness
3	40	close	reverse	30	1	0.005	0.0005	12470	-0.0616254								0				robustness
3	40	close	reverse	30	1	0.02	0	12470	0.0261858								0				robustness
3	40	close	reverse	30	1	0.02	0.0005	12470	-0.0616254								0				robustness
3	40	close	reverse	30	7	0.005	0	12470	0.0302121								0				robustness
3	40	close	reverse	30	7	0.005	0.00011	12470	0.00301916								0				robustness
3	40	close	reverse	30	7	0.005	0.0005	12470	-0.0933923								0				robustness
3	40	close	reverse	30	7	0.02	0	12470	0.0302121								0				robustness
3	40	close	reverse	30	7	0.02	0.0005	12470	-0.0933923								0				robustness
3	40	close	reverse	30	30	0.005	0	12470	0.0297063								0				robustness
3	40	close	reverse	30	30	0.005	0.00011	12470	0.00228401								0				robustness
3	40	close	reverse	30	30	0.005	0.0005	12470	-0.0949406								0				robustness
3	40	close	reverse	30	30	0.02	0	12470	0.0297063								0				robustness
3	40	close	reverse	30	30	0.02	0.0005	12470	-0.0949406								0				robustness
3	40	hold	auto	3	1	0.02	0.00011	12470	-0.00550891								0				robustness
3	40	hold	auto	3	7	0.02	0.00011	12470	-0.0217486								0.00136327				robustness
3	40	hold	auto	3	30	0.02	0.00011	12470	-0.0612187								0.0220529				robustness
3	40	hold	auto	5	1	0.02	0.00011	12470	-0.00929822								0.00032077				robustness
3	40	hold	auto	5	7	0.02	0.00011	12470	-0.0369435								0.00721732				robustness
3	40	hold	auto	5	30	0.02	0.00011	12470	-0.0970762								0.0577386				robustness
3	40	hold	auto	10	1	0.02	0.00011	12470	-0.0187681								0.00232558				robustness
3	40	hold	auto	10	7	0.02	0.00011	12470	-0.0760509								0.0467522				robustness
3	40	hold	auto	10	30	0.02	0.00011	12470	-0.200082								0.255974				robustness
3	40	hold	auto	15	1	0.02	0.00011	12470	-0.0298113								0.010826				robustness
3	40	hold	auto	15	7	0.02	0.00011	12470	-0.123807								0.130072				robustness
3	40	hold	auto	15	30	0.02	0.00011	12470	-0.307535								0.460144				robustness
3	40	hold	auto	30	1	0.02	0.00011	12470	-0.063434								0.0587811				robustness
3	40	hold	auto	30	7	0.02	0.00011	12470	-0.265699								0.401123				robustness
3	40	hold	auto	30	30	0.02	0.00011	12470	-0.509761								0.750922				robustness
3	40	hold	reverse	3	1	0.005	0	12470	0.00372216								0				robustness
3	40	hold	reverse	3	1	0.005	0.00011	12470	0.00062988								0				robustness
3	40	hold	reverse	3	1	0.005	0.0005	12470	-0.0103337								0				robustness
3	40	hold	reverse	3	1	0.02	0	12470	0.00372216								0				robustness
3	40	hold	reverse	3	1	0.02	0.0005	12470	-0.0103337								0				robustness
3	40	hold	reverse	3	7	0.005	0	12470	0.0101466								0.0010425				robustness
3	40	hold	reverse	3	7	0.005	0.00011	12470	-0.000804697								0.0010425				robustness
3	40	hold	reverse	3	7	0.005	0.0005	12470	-0.0396773								0.00120289				robustness
3	40	hold	reverse	3	7	0.02	0	12470	0.0100947								0.00128308				robustness
3	40	hold	reverse	3	7	0.02	0.0005	12470	-0.0397451								0.00144346				robustness
3	40	hold	reverse	3	30	0.005	0	12470	0.0112418								0.0188452				robustness
3	40	hold	reverse	3	30	0.005	0.00011	12470	-0.0136698								0.0192462				robustness
3	40	hold	reverse	3	30	0.005	0.0005	12470	-0.10199								0.0214916				robustness
3	40	hold	reverse	3	30	0.02	0	12470	0.0108627								0.0199679				robustness
3	40	hold	reverse	3	30	0.02	0.0005	12470	-0.102451								0.0231756				robustness
3	40	hold	reverse	5	1	0.005	0	12470	0.00608402								0.00032077				robustness
3	40	hold	reverse	5	1	0.005	0.00011	12470	0.000931029								0.00032077				robustness
3	40	hold	reverse	5	1	0.005	0.0005	12470	-0.0173387								0.00032077				robustness
3	40	hold	reverse	5	1	0.02	0	12470	0.00608402								0.00032077				robustness
3	40	hold	reverse	5	1	0.02	0.0005	12470	-0.0173387								0.00032077				robustness
3	40	hold	reverse	5	7	0.005	0	12470	0.0164448								0.00585405				robustness
3	40	hold	reverse	5	7	0.005	0.00011	12470	-0.0018613								0.00609463				robustness
3	40	hold	reverse	5	7	0.005	0.0005	12470	-0.0666025								0.00657578				robustness
3	40	hold	reverse	5	7	0.02	0	12470	0.0162919								0.00625501				robustness
3	40	hold	reverse	5	7	0.02	0.0005	12470	-0.0670163								0.00777867				robustness
3	40	hold	reverse	5	30	0.005	0	12470	0.0248862								0.0471532				robustness
3	40	hold	reverse	5	30	0.005	0.00011	12470	-0.0169848								0.0497193				robustness
3	40	hold	reverse	5	30	0.005	0.0005	12470	-0.164682								0.0584603				robustness
3	40	hold	reverse	5	30	0.02	0	12470	0.0233205								0.0510826				robustness
3	40	hold	reverse	5	30	0.02	0.0005	12470	-0.166571								0.0629511				robustness
3	40	hold	reverse	10	1	0.005	0	12470	0.0120966								0.00184443				robustness
3	40	hold	reverse	10	1	0.005	0.00011	12470	0.00176489								0.00192462				robustness
3	40	hold	reverse	10	1	0.005	0.0005	12470	-0.0347596								0.002085				robustness
3	40	hold	reverse	10	1	0.02	0	12470	0.0119851								0.00224539				robustness
3	40	hold	reverse	10	1	0.02	0.0005	12470	-0.0348401								0.00240577				robustness
3	40	hold	reverse	10	7	0.005	0	12470	0.0324569								0.0347233				robustness
3	40	hold	reverse	10	7	0.005	0.00011	12470	-0.00384685								0.035846				robustness
3	40	hold	reverse	10	7	0.005	0.0005	12470	-0.133538								0.0443464				robustness
3	40	hold	reverse	10	7	0.02	0	12470	0.0300469								0.040016				robustness
3	40	hold	reverse	10	7	0.02	0.0005	12470	-0.136229								0.0511628				robustness
3	40	hold	reverse	10	30	0.005	0	12470	0.0491333								0.19599				robustness
3	40	hold	reverse	10	30	0.005	0.00011	12470	-0.0326718								0.208099				robustness
3	40	hold	reverse	10	30	0.005	0.0005	12470	-0.323461								0.266961				robustness
3	40	hold	reverse	10	30	0.02	0	12470	0.0373623								0.213392				robustness
3	40	hold	reverse	10	30	0.02	0.0005	12470	-0.33833								0.293585				robustness
3	40	hold	reverse	15	1	0.005	0	12470	0.0179108								0.00673617				robustness
3	40	hold	reverse	15	1	0.005	0.00011	12470	0.00236937								0.00705694				robustness
3	40	hold	reverse	15	1	0.005	0.0005	12470	-0.0525724								0.00809944				robustness
3	40	hold	reverse	15	1	0.02	0	12470	0.0164905								0.0096231				robustness
3	40	hold	reverse	15	1	0.02	0.0005	12470	-0.0539375								0.0112269				robustness
3	40	hold	reverse	15	7	0.005	0	12470	0.0458139								0.0904571				robustness
3	40	hold	reverse	15	7	0.005	0.00011	12470	-0.00890433								0.095429				robustness
3	40	hold	reverse	15	7	0.005	0.0005	12470	-0.202798								0.121331				robustness
3	40	hold	reverse	15	7	0.02	0	12470	0.0356183								0.107939				robustness
3	40	hold	reverse	15	7	0.02	0.0005	12470	-0.215111								0.14595				robustness
3	40	hold	reverse	15	30	0.005	0	12470	0.0624809								0.349078				robustness
3	40	hold	reverse	15	30	0.005	0.00011	12470	-0.056889								0.371451				robustness
3	40	hold	reverse	15	30	0.005	0.0005	12470	-0.464705								0.481636				robustness
3	40	hold	reverse	15	30	0.02	0	12470	0.029389								0.379791				robustness
3	40	hold	reverse	15	30	0.02	0.0005	12470	-0.500628								0.525902				robustness
3	40	hold	reverse	30	1	0.005	0	12470	0.0367819								0.033761				robustness
3	40	hold	reverse	30	1	0.005	0.00011	12470	0.00539696								0.0364876				robustness
3	40	hold	reverse	30	1	0.005	0.0005	12470	-0.10357								0.0450682				robustness
3	40	hold	reverse	30	1	0.02	0	12470	0.029498								0.0481155				robustness
3	40	hold	reverse	30	1	0.02	0.0005	12470	-0.112664								0.0647955				robustness
3	40	hold	reverse	30	7	0.005	0	12470	0.0878492								0.271532				robustness
3	40	hold	reverse	30	7	0.005	0.00011	12470	-0.0155025								0.288372				robustness
3	40	hold	reverse	30	7	0.005	0.0005	12470	-0.376334								0.378027				robustness
3	40	hold	reverse	30	7	0.02	0	12470	0.035995								0.326864				robustness
3	40	hold	reverse	30	7	0.02	0.0005	12470	-0.439772								0.463432				robustness
3	40	hold	reverse	30	30	0.005	0	12470	0.101712								0.593825				robustness
3	40	hold	reverse	30	30	0.005	0.00011	12470	-0.0925611								0.627025				robustness
3	40	hold	reverse	30	30	0.005	0.0005	12470	-0.69899								0.783561				robustness
3	40	hold	reverse	30	30	0.02	0	12470	0.00102733								0.643063				robustness
3	40	hold	reverse	30	30	0.02	0.0005	12470	-0.768124								0.840577				robustness
3	40	recover	auto	3	1	0.02	0.00011	12470	-0.00342808								0				robustness
3	40	recover	auto	3	7	0.02	0.00011	12470	-0.00750837								0.00032077				robustness
3	40	recover	auto	3	30	0.02	0.00011	12470	-0.0120034								0.00328789				robustness
3	40	recover	auto	5	1	0.02	0.00011	12470	-0.00579331								0.000240577				robustness
3	40	recover	auto	5	7	0.02	0.00011	12470	-0.012456								0.002085				robustness
3	40	recover	auto	5	30	0.02	0.00011	12470	-0.0187385								0.00793905				robustness
3	40	recover	auto	10	1	0.02	0.00011	12470	-0.0116941								0.00160385				robustness
3	40	recover	auto	10	7	0.02	0.00011	12470	-0.0250882								0.0114675				robustness
3	40	recover	auto	10	30	0.02	0.00011	12470	-0.0377392								0.0445068				robustness
3	40	recover	auto	15	1	0.02	0.00011	12470	-0.0182332								0.00577386				robustness
3	40	recover	auto	15	7	0.02	0.00011	12470	-0.0406903								0.037931				robustness
3	40	recover	auto	15	30	0.02	0.00011	12470	-0.0554097								0.0864475				robustness
3	40	recover	auto	30	1	0.02	0.00011	12470	-0.0376496								0.029591				robustness
3	40	recover	auto	30	7	0.02	0.00011	12470	-0.0840904								0.137209				robustness
3	40	recover	auto	30	30	0.02	0.00011	12470	-0.0999133								0.18741				robustness
3	40	recover	reverse	3	1	0.005	0	12470	0.00174274								0				robustness
3	40	recover	reverse	3	1	0.005	0.00011	12470	-0.000157956								0				robustness
3	40	recover	reverse	3	1	0.005	0.0005	12470	-0.00689677								0				robustness
3	40	recover	reverse	3	1	0.02	0	12470	0.00174274								0				robustness
3	40	recover	reverse	3	1	0.02	0.0005	12470	-0.00689677								0				robustness
3	40	recover	reverse	3	7	0.005	0	12470	-0.000620014								0.000160385				robustness
3	40	recover	reverse	3	7	0.005	0.00011	12470	-0.00331811								0.000160385				robustness
3	40	recover	reverse	3	7	0.005	0.0005	12470	-0.0128841								0.000160385				robustness
3	40	recover	reverse	3	7	0.02	0	12470	-0.000620014								0.000160385				robustness
3	40	recover	reverse	3	7	0.02	0.0005	12470	-0.0129495								0.00032077				robustness
3	40	recover	reverse	3	30	0.005	0	12470	-0.0052138								0.00328789				robustness
3	40	recover	reverse	3	30	0.005	0.00011	12470	-0.00793643								0.00328789				robustness
3	40	recover	reverse	3	30	0.005	0.0005	12470	-0.0175894								0.00328789				robustness
3	40	recover	reverse	3	30	0.02	0	12470	-0.00523091								0.00336808				robustness
3	40	recover	reverse	3	30	0.02	0.0005	12470	-0.0177097								0.00352847				robustness
3	40	recover	reverse	5	1	0.005	0	12470	0.00282321								0.000240577				robustness
3	40	recover	reverse	5	1	0.005	0.00011	12470	-0.000344188								0.000240577				robustness
3	40	recover	reverse	5	1	0.005	0.0005	12470	-0.011574								0.000240577				robustness
3	40	recover	reverse	5	1	0.02	0	12470	0.00282321								0.000240577				robustness
3	40	recover	reverse	5	1	0.02	0.0005	12470	-0.011574								0.000240577				robustness
3	40	recover	reverse	5	7	0.005	0	12470	-0.00104297								0.00184443				robustness
3	40	recover	reverse	5	7	0.005	0.00011	12470	-0.00556769								0.00192462				robustness
3	40	recover	reverse	5	7	0.005	0.0005	12470	-0.0214818								0.00192462				robustness
3	40	recover	reverse	5	7	0.02	0	12470	-0.00112316								0.002085				robustness
3	40	recover	reverse	5	7	0.02	0.0005	12470	-0.0215947								0.0021652				robustness
3	40	recover	reverse	5	30	0.005	0	12470	-0.00740575								0.00761828				robustness
3	40	recover	reverse	5	30	0.005	0.00011	12470	-0.011926								0.00761828				robustness
3	40	recover	reverse	5	30	0.005	0.0005	12470	-0.0280585								0.00793905				robustness
3	40	recover	reverse	5	30	0.02	0	12470	-0.00755294								0.00817963				robustness
3	40	recover	reverse	5	30	0.02	0.0005	12470	-0.0281758								0.00834002				robustness
3	40	recover	reverse	10	1	0.005	0	12470	0.00561058								0.00136327				robustness
3	40	recover	reverse	10	1	0.005	0.00011	12470	-0.000717233								0.00136327				robustness
3	40	recover	reverse	10	1	0.005	0.0005	12470	-0.0231522								0.00136327				robustness
3	40	recover	reverse	10	1	0.02	0	12470	0.00554727								0.00152366				robustness
3	40	recover	reverse	10	1	0.02	0.0005	12470	-0.0232833								0.00168404				robustness
3	40	recover	reverse	10	7	0.005	0	12470	-0.00198555								0.0101043				robustness
3	40	recover	reverse	10	7	0.005	0.00011	12470	-0.0109477								0.0102646				robustness
3	40	recover	reverse	10	7	0.005	0.0005	12470	-0.0427812								0.010826				robustness
3	40	recover	reverse	10	7	0.02	0	12470	-0.00245301								0.0113071				robustness
3	40	recover	reverse	10	7	0.02	0.0005	12470	-0.0434126								0.0123496				robustness
3	40	recover	reverse	10	30	0.005	0	12470	-0.0130155								0.0401764				robustness
3	40	recover	reverse	10	30	0.005	0.00011	12470	-0.0221626								0.0410585				robustness
3	40	recover	reverse	10	30	0.005	0.0005	12470	-0.0542489								0.0429832				robustness
3	40	recover	reverse	10	30	0.02	0	12470	-0.0149385								0.0437851				robustness
3	40	recover	reverse	10	30	0.02	0.0005	12470	-0.0569327								0.0475541				robustness
3	40	recover	reverse	15	1	0.005	0	12470	0.00847513								0.00368885				robustness
3	40	recover	reverse	15	1	0.005	0.00011	12470	-0.00100325								0.00368885				robustness
3	40	recover	reverse	15	1	0.005	0.0005	12470	-0.0348176								0.00408982				robustness
3	40	recover	reverse	15	1	0.02	0	12470	0.00790086								0.00497193				robustness
3	40	recover	reverse	15	1	0.02	0.0005	12470	-0.0356743								0.00601443				robustness
3	40	recover	reverse	15	7	0.005	0	12470	-0.00358482								0.0303929				robustness
3	40	recover	reverse	15	7	0.005	0.00011	12470	-0.0171372								0.0313553				robustness
3	40	recover	reverse	15	7	0.005	0.0005	12470	-0.0648318								0.0340818				robustness
3	40	recover	reverse	15	7	0.02	0	12470	-0.00624839								0.035846				robustness
3	40	recover	reverse	15	7	0.02	0.0005	12470	-0.0683294								0.0408982				robustness
3	40	recover	reverse	15	30	0.005	0	12470	-0.0158742								0.0761828				robustness
3	40	recover	reverse	15	30	0.005	0.00011	12470	-0.0293037								0.0775461				robustness
3	40	recover	reverse	15	30	0.005	0.0005	12470	-0.0774784								0.0821973				robustness
3	40	recover	reverse	15	30	0.02	0	12470	-0.0204452								0.0827586				robustness
3	40	recover	reverse	15	30	0.02	0.0005	12470	-0.0827886								0.0890136				robustness
3	40	recover	reverse	30	1	0.005	0	12470	0.0172822								0.0193264				robustness
3	40	recover	reverse	30	1	0.005	0.00011	12470	-0.00169941								0.0199679				robustness
3	40	recover	reverse	30	1	0.005	0.0005	12470	-0.0685937								0.0225341				robustness
3	40	recover	reverse	30	1	0.02	0	12470	0.0142088								0.0267041				robustness
3	40	recover	reverse	30	1	0.02	0.0005	12470	-0.0730392								0.0322374				robustness
3	40	recover	reverse	30	7	0.005	0	12470	-0.000319513								0.106656				robustness
3	40	recover	reverse	30	7	0.005	0.00011	12470	-0.0272247								0.110345				robustness
3	40	recover	reverse	30	7	0.005	0.0005	12470	-0.121943								0.123737				robustness
3	40	recover	reverse	30	7	0.02	0	12470	-0.0147583								0.126864				robustness
3	40	recover	reverse	30	7	0.02	0.0005	12470	-0.139359								0.147875				robustness
3	40	recover	reverse	30	30	0.005	0	12470	-0.0142726								0.16239				robustness
3	40	recover	reverse	30	30	0.005	0.00011	12470	-0.0406694								0.165357				robustness
3	40	recover	reverse	30	30	0.005	0.0005	12470	-0.134476								0.178348				robustness
3	40	recover	reverse	30	30	0.02	0	12470	-0.0312388								0.178669				robustness
3	40	recover	reverse	30	30	0.02	0.0005	12470	-0.154532								0.197995				robustness
3	80	close	auto	3	1	0.02	0.00011	12470	-0.00511639								0				robustness
3	80	close	auto	3	7	0.02	0.00011	12470	-0.00746325								0				robustness
3	80	close	auto	3	30	0.02	0.00011	12470	-0.00758387								0				robustness
3	80	close	auto	5	1	0.02	0.00011	12470	-0.00852731								0				robustness
3	80	close	auto	5	7	0.02	0.00011	12470	-0.0124387								0				robustness
3	80	close	auto	5	30	0.02	0.00011	12470	-0.0126398								0				robustness
3	80	close	auto	10	1	0.02	0.00011	12470	-0.0170546								0				robustness
3	80	close	auto	10	7	0.02	0.00011	12470	-0.0248775								0				robustness
3	80	close	auto	10	30	0.02	0.00011	12470	-0.0252796								0				robustness
3	80	close	auto	15	1	0.02	0.00011	12470	-0.0255819								0				robustness
3	80	close	auto	15	7	0.02	0.00011	12470	-0.0373162								0				robustness
3	80	close	auto	15	30	0.02	0.00011	12470	-0.0379194								0				robustness
3	80	close	auto	30	1	0.02	0.00011	12470	-0.0511639								0				robustness
3	80	close	auto	30	7	0.02	0.00011	12470	-0.0746325								0				robustness
3	80	close	auto	30	30	0.02	0.00011	12470	-0.0758387								0				robustness
3	80	close	reverse	3	1	0.005	0	12470	0.00210649								0				robustness
3	80	close	reverse	3	1	0.005	0.00011	12470	-0.0015403								0				robustness
3	80	close	reverse	3	1	0.005	0.0005	12470	-0.0144698								0				robustness
3	80	close	reverse	3	1	0.02	0	12470	0.00210649								0				robustness
3	80	close	reverse	3	1	0.02	0.0005	12470	-0.0144698								0				robustness
3	80	close	reverse	3	7	0.005	0	12470	0.00277279								0				robustness
3	80	close	reverse	3	7	0.005	0.00011	12470	-0.00248528								0				robustness
3	80	close	reverse	3	7	0.005	0.0005	12470	-0.0211275								0				robustness
3	80	close	reverse	3	7	0.02	0	12470	0.00277279								0				robustness
3	80	close	reverse	3	7	0.02	0.0005	12470	-0.0211275								0				robustness
3	80	close	reverse	3	30	0.005	0	12470	0.00273605								0				robustness
3	80	close	reverse	3	30	0.005	0.00011	12470	-0.00257025								0				robustness
3	80	close	reverse	3	30	0.005	0.0005	12470	-0.0213835								0				robustness
3	80	close	reverse	3	30	0.02	0	12470	0.00273605								0				robustness
3	80	close	reverse	3	30	0.02	0.0005	12470	-0.0213835								0				robustness
3	80	close	reverse	5	1	0.005	0	12470	0.00351082								0				robustness
3	80	close	reverse	5	1	0.005	0.00011	12470	-0.00256717								0				robustness
3	80	close	reverse	5	1	0.005	0.0005	12470	-0.0241164								0				robustness
3	80	close	reverse	5	1	0.02	0	12470	0.00351082								0				robustness
3	80	close	reverse	5	1	0.02	0.0005	12470	-0.0241164								0				robustness
3	80	close	reverse	5	7	0.005	0	12470	0.00462131								0				robustness
3	80	close	reverse	5	7	0.005	0.00011	12470	-0.00414213								0				robustness
3	80	close	reverse	5	7	0.005	0.0005	12470	-0.0352125								0				robustness
3	80	close	reverse	5	7	0.02	0	12470	0.00462131								0				robustness
3	80	close	reverse	5	7	0.02	0.0005	12470	-0.0352125								0				robustness
3	80	close	reverse	5	30	0.005	0	12470	0.00456008								0				robustness
3	80	close	reverse	5	30	0.005	0.00011	12470	-0.00428375								0				robustness
3	80	close	reverse	5	30	0.005	0.0005	12470	-0.0356392								0				robustness
3	80	close	reverse	5	30	0.02	0	12470	0.00456008								0				robustness
3	80	close	reverse	5	30	0.02	0.0005	12470	-0.0356392								0				robustness
3	80	close	reverse	10	1	0.005	0	12470	0.00702164								0				robustness
3	80	close	reverse	10	1	0.005	0.00011	12470	-0.00513434								0				robustness
3	80	close	reverse	10	1	0.005	0.0005	12470	-0.0482328								0				robustness
3	80	close	reverse	10	1	0.02	0	12470	0.00702164								0				robustness
3	80	close	reverse	10	1	0.02	0.0005	12470	-0.0482328								0				robustness
3	80	close	reverse	10	7	0.005	0	12470	0.00924263								0				robustness
3	80	close	reverse	10	7	0.005	0.00011	12470	-0.00828425								0				robustness
3	80	close	reverse	10	7	0.005	0.0005	12470	-0.070425								0				robustness
3	80	close	reverse	10	7	0.02	0	12470	0.00924263								0				robustness
3	80	close	reverse	10	7	0.02	0.0005	12470	-0.070425								0				robustness
3	80	close	reverse	10	30	0.005	0	12470	0.00912016								0				robustness
3	80	close	reverse	10	30	0.005	0.00011	12470	-0.00856751								0				robustness
3	80	close	reverse	10	30	0.005	0.0005	12470	-0.0712783								0				robustness
3	80	close	reverse	10	30	0.02	0	12470	0.00912016								0				robustness
3	80	close	reverse	10	30	0.02	0.0005	12470	-0.0712783								0				robustness
3	80	close	reverse	15	1	0.005	0	12470	0.0105325								0				robustness
3	80	close	reverse	15	1	0.005	0.00011	12470	-0.00770151								0				robustness
3	80	close	reverse	15	1	0.005	0.0005	12470	-0.0723492								0				robustness
3	80	close	reverse	15	1	0.02	0	12470	0.0105325								0				robustness
3	80	close	reverse	15	1	0.02	0.0005	12470	-0.0723492								0				robustness
3	80	close	reverse	15	7	0.005	0	12470	0.0138639								0				robustness
3	80	close	reverse	15	7	0.005	0.00011	12470	-0.0124264								0				robustness
3	80	close	reverse	15	7	0.005	0.0005	12470	-0.105638								0				robustness
3	80	close	reverse	15	7	0.02	0	12470	0.0138639								0				robustness
3	80	close	reverse	15	7	0.02	0.0005	12470	-0.105638								0				robustness
3	80	close	reverse	15	30	0.005	0	12470	0.0136802								0				robustness
3	80	close	reverse	15	30	0.005	0.00011	12470	-0.0128513								0				robustness
3	80	close	reverse	15	30	0.005	0.0005	12470	-0.106918								0				robustness
3	80	close	reverse	15	30	0.02	0	12470	0.0136802								0				robustness
3	80	close	reverse	15	30	0.02	0.0005	12470	-0.106918								0				robustness
3	80	close	reverse	30	1	0.005	0	12470	0.0210649								0				robustness
3	80	close	reverse	30	1	0.005	0.00011	12470	-0.015403								0				robustness
3	80	close	reverse	30	1	0.005	0.0005	12470	-0.144698								0				robustness
3	80	close	reverse	30	1	0.02	0	12470	0.0210649								0				robustness
3	80	close	reverse	30	1	0.02	0.0005	12470	-0.144698								0				robustness
3	80	close	reverse	30	7	0.005	0	12470	0.0277279								0				robustness
3	80	close	reverse	30	7	0.005	0.00011	12470	-0.0248528								0				robustness
3	80	close	reverse	30	7	0.005	0.0005	12470	-0.211275								0				robustness
3	80	close	reverse	30	7	0.02	0	12470	0.0277279								0				robustness
3	80	close	reverse	30	7	0.02	0.0005	12470	-0.211275								0				robustness
3	80	close	reverse	30	30	0.005	0	12470	0.0273605								0				robustness
3	80	close	reverse	30	30	0.005	0.00011	12470	-0.0257025								0				robustness
3	80	close	reverse	30	30	0.005	0.0005	12470	-0.213835								0				robustness
3	80	close	reverse	30	30	0.02	0	12470	0.0273605								0				robustness
3	80	close	reverse	30	30	0.02	0.0005	12470	-0.213835								0				robustness
3	80	hold	auto	3	1	0.02	0.00011	12470	-0.00953752								0				robustness
3	80	hold	auto	3	7	0.02	0.00011	12470	-0.0359832								0.00144346				robustness
3	80	hold	auto	3	30	0.02	0.00011	12470	-0.0935002								0.022935				robustness
3	80	hold	auto	5	1	0.02	0.00011	12470	-0.0160113								0.00032077				robustness
3	80	hold	auto	5	7	0.02	0.00011	12470	-0.0607211								0.00761828				robustness
3	80	hold	auto	5	30	0.02	0.00011	12470	-0.15152								0.062069				robustness
3	80	hold	auto	10	1	0.02	0.00011	12470	-0.0321815								0.00240577				robustness
3	80	hold	auto	10	7	0.02	0.00011	12470	-0.123781								0.0510024				robustness
3	80	hold	auto	10	30	0.02	0.00011	12470	-0.30712								0.284683				robustness
3	80	hold	auto	15	1	0.02	0.00011	12470	-0.0499354								0.0113873				robustness
3	80	hold	auto	15	7	0.02	0.00011	12470	-0.195622								0.143945				robustness
3	80	hold	auto	15	30	0.02	0.00011	12470	-0.452694								0.5085				robustness
3	80	hold	auto	30	1	0.02	0.00011	12470	-0.104445								0.0651163				robustness
3	80	hold	auto	30	7	0.02	0.00011	12470	-0.397797								0.448276				robustness
3	80	hold	auto	30	30	0.02	0.00011	12470	-0.701163								0.814194				robustness
3	80	hold	reverse	3	1	0.005	0	12470	0.0019205								0				robustness
3	80	hold	reverse	3	1	0.005	0.00011	12470	-0.00373729								0				robustness
3	80	hold	reverse	3	1	0.005	0.0005	12470	-0.0237967								0				robustness
3	80	hold	reverse	3	1	0.02	0	12470	0.0019205								0				robustness
3	80	hold	reverse	3	1	0.02	0.0005	12470	-0.0237967								0				robustness
3	80	hold	reverse	3	7	0.005	0	12470	0.00511599								0.0010425				robustness
3	80	hold	reverse	3	7	0.005	0.00011	12470	-0.0153105								0.0010425				robustness
3	80	hold	reverse	3	7	0.005	0.0005	12470	-0.0878067								0.00128308				robustness
3	80	hold	reverse	3	7	0.02	0	12470	0.00506444								0.00128308				robustness
3	80	hold	reverse	3	7	0.02	0.0005	12470	-0.0879238								0.00176423				robustness
3	80	hold	reverse	3	30	0.005	0	12470	-6.20249e-05								0.0193264				robustness
3	80	hold	reverse	3	30	0.005	0.00011	12470	-0.046616								0.0204491				robustness
3	80	hold	reverse	3	30	0.005	0.0005	12470	-0.211423								0.0253408				robustness
3	80	hold	reverse	3	30	0.02	0	12470	-0.000471315								0.0205293				robustness
3	80	hold	reverse	3	30	0.02	0.0005	12470	-0.211914								0.0267041				robustness
3	80	hold	reverse	5	1	0.005	0	12470	0.00308311								0.00032077				robustness
3	80	hold	reverse	5	1	0.005	0.00011	12470	-0.00634546								0.00032077				robustness
3	80	hold	reverse	5	1	0.005	0.0005	12470	-0.039774								0.00032077				robustness
3	80	hold	reverse	5	1	0.02	0	12470	0.00308311								0.00032077				robustness
3	80	hold	reverse	5	1	0.02	0.0005	12470	-0.039774								0.00032077				robustness
3	80	hold	reverse	5	7	0.005	0	12470	0.00802502								0.00601443				robustness
3	80	hold	reverse	5	7	0.005	0.00011	12470	-0.0260838								0.0063352				robustness
3	80	hold	reverse	5	7	0.005	0.0005	12470	-0.147339								0.00890136				robustness
3	80	hold	reverse	5	7	0.02	0	12470	0.00782542								0.00657578				robustness
3	80	hold	reverse	5	7	0.02	0.0005	12470	-0.147559								0.00970329				robustness
3	80	hold	reverse	5	30	0.005	0	12470	0.00623707								0.0481957				robustness
3	80	hold	reverse	5	30	0.005	0.00011	12470	-0.0714485								0.0526063				robustness
3	80	hold	reverse	5	30	0.005	0.0005	12470	-0.34781								0.0786688				robustness
3	80	hold	reverse	5	30	0.02	0	12470	0.00473218								0.0518845				robustness
3	80	hold	reverse	5	30	0.02	0.0005	12470	-0.349957								0.085405				robustness
3	80	hold	reverse	10	1	0.005	0	12470	0.00607196								0.00200481				robustness
3	80	hold	reverse	10	1	0.005	0.00011	12470	-0.0127915								0.002085				robustness
3	80	hold	reverse	10	1	0.005	0.0005	12470	-0.0796566								0.00232558				robustness
3	80	hold	reverse	10	1	0.02	0	12470	0.00596815								0.00232558				robustness
3	80	hold	reverse	10	1	0.02	0.0005	12470	-0.0798203								0.00288693				robustness
3	80	hold	reverse	10	7	0.005	0	12470	0.015512								0.0361668				robustness
3	80	hold	reverse	10	7	0.005	0.00011	12470	-0.0525513								0.0392141				robustness
3	80	hold	reverse	10	7	0.005	0.0005	12470	-0.294308								0.0621492				robustness
3	80	hold	reverse	10	7	0.02	0	12470	0.0132947								0.0412189				robustness
3	80	hold	reverse	10	7	0.02	0.0005	12470	-0.298065								0.0721732				robustness
3	80	hold	reverse	10	30	0.005	0	12470	0.0128649								0.200481				robustness
3	80	hold	reverse	10	30	0.005	0.00011	12470	-0.140708								0.226383				robustness
3	80	hold	reverse	10	30	0.005	0.0005	12470	-0.666745								0.433119				robustness
3	80	hold	reverse	10	30	0.02	0	12470	0.000919521								0.219407				robustness
3	80	hold	reverse	10	30	0.02	0.0005	12470	-0.683463								0.473777				robustness
3	80	hold	reverse	15	1	0.005	0	12470	0.00883605								0.00729751				robustness
3	80	hold	reverse	15	1	0.005	0.00011	12470	-0.0195184								0.00761828				robustness
3	80	hold	reverse	15	1	0.005	0.0005	12470	-0.11988								0.00994387				robustness
3	80	hold	reverse	15	1	0.02	0	12470	0.00738653								0.0101043				robustness
3	80	hold	reverse	15	1	0.02	0.0005	12470	-0.120978								0.0123496				robustness
3	80	hold	reverse	15	7	0.005	0	12470	0.0203308								0.0945469				robustness
3	80	hold	reverse	15	7	0.005	0.00011	12470	-0.0813572								0.104812				robustness
3	80	hold	reverse	15	7	0.005	0.0005	12470	-0.438361								0.179952				robustness
3	80	hold	reverse	15	7	0.02	0	12470	0.0103367								0.111949				robustness
3	80	hold	reverse	15	7	0.02	0.0005	12470	-0.451473								0.215237				robustness
3	80	hold	reverse	15	30	0.005	0	12470	0.0101356								0.359102				robustness
3	80	hold	reverse	15	30	0.005	0.00011	12470	-0.208658								0.406656				robustness
3	80	hold	reverse	15	30	0.005	0.0005	12470	-0.853533								0.727025				robustness
3	80	hold	reverse	15	30	0.02	0	12470	-0.0198936								0.389735				robustness
3	80	hold	reverse	15	30	0.02	0.0005	12470	-0.873145								0.775621				robustness
3	80	hold	reverse	30	1	0.005	0	12470	0.0184255								0.0375301				robustness
3	80	hold	reverse	30	1	0.005	0.00011	12470	-0.0373857								0.0401764				robustness
3	80	hold	reverse	30	1	0.005	0.0005	12470	-0.236604								0.0613472				robustness
3	80	hold	reverse	30	1	0.02	0	12470	0.0112343								0.0515638				robustness
3	80	hold	reverse	30	1	0.02	0.0005	12470	-0.251316								0.0959904				robustness
3	80	hold	reverse	30	7	0.005	0	12470	0.0454342								0.278669				robustness
3	80	hold	reverse	30	7	0.005	0.00011	12470	-0.148273								0.317241				robustness
3	80	hold	reverse	30	7	0.005	0.0005	12470	-0.756605								0.601604				robustness
3	80	hold	reverse	30	7	0.02	0	12470	-0.00443543								0.333601				robustness
3	80	hold	reverse	30	7	0.02	0.0005	12470	-0.804291								0.705694				robustness
3	80	hold	reverse	30	30	0.005	0	12470	0.0350274								0.602005				robustness
3	80	hold	reverse	30	30	0.005	0.00011	12470	-0.32485								0.675301				robustness
3	80	hold	reverse	30	30	0.005	0.0005	12470	-0.987092								0.972815				robustness
3	80	hold	reverse	30	30	0.02	0	12470	-0.0675503								0.652526				robustness
3	80	hold	reverse	30	30	0.02	0.0005	12470	-0.994179								0.988613				robustness
3	80	recover	auto	3	1	0.02	0.00011	12470	-0.00581734								0				robustness
3	80	recover	auto	3	7	0.02	0.00011	12470	-0.0108436								0.000400962				robustness
3	80	recover	auto	3	30	0.02	0.00011	12470	-0.0153807								0.00344828				robustness
3	80	recover	auto	5	1	0.02	0.00011	12470	-0.00977484								0.000240577				robustness
3	80	recover	auto	5	7	0.02	0.00011	12470	-0.0179618								0.002085				robustness
3	80	recover	auto	5	30	0.02	0.00011	12470	-0.0242047								0.00785886				robustness
3	80	recover	auto	10	1	0.02	0.00011	12470	-0.0196211								0.00160385				robustness
3	80	recover	auto	10	7	0.02	0.00011	12470	-0.0359693								0.0113071				robustness
3	80	recover	auto	10	30	0.02	0.00011	12470	-0.0488366								0.0452285				robustness
3	80	recover	auto	15	1	0.02	0.00011	12470	-0.0302209								0.00585405				robustness
3	80	recover	auto	15	7	0.02	0.00011	12470	-0.0574248								0.0386528				robustness
3	80	recover	auto	15	30	0.02	0.00011	12470	-0.0718185								0.0867682				robustness
3	80	recover	auto	30	1	0.02	0.00011	12470	-0.062162								0.0315156				robustness
3	80	recover	auto	30	7	0.02	0.00011	12470	-0.117312								0.14162				robustness
3	80	recover	auto	30	30	0.02	0.00011	12470	-0.131747								0.190217				robustness
3	80	recover	reverse	3	1	0.005	0	12470	0.00124267								0				robustness
3	80	recover	reverse	3	1	0.005	0.00011	12470	-0.00237321								0				robustness
3	80	recover	reverse	3	1	0.005	0.0005	12470	-0.0151931								0				robustness
3	80	recover	reverse	3	1	0.02	0	12470	0.00124267								0				robustness
3	80	recover	reverse	3	1	0.02	0.0005	12470	-0.0151931								0				robustness
3	80	recover	reverse	3	7	0.005	0	12470	-0.00082601								0.000160385				robustness
3	80	recover	reverse	3	7	0.005	0.00011	12470	-0.00606281								0.000160385				robustness
3	80	recover	reverse	3	7	0.005	0.0005	12470	-0.0246628								0.000240577				robustness
3	80	recover	reverse	3	7	0.02	0	12470	-0.00082601								0.000160385				robustness
3	80	recover	reverse	3	7	0.02	0.0005	12470	-0.0247484								0.000481155				robustness
3	80	recover	reverse	3	30	0.005	0	12470	-0.00533713								0.00312751				robustness
3	80	recover	reverse	3	30	0.005	0.00011	12470	-0.0106157								0.00312751				robustness
3	80	recover	reverse	3	30	0.005	0.0005	12470	-0.0293818								0.0032077				robustness
3	80	recover	reverse	3	30	0.02	0	12470	-0.00535421								0.0032077				robustness
3	80	recover	reverse	3	30	0.02	0.0005	12470	-0.0295911								0.00368885				robustness
3	80	recover	reverse	5	1	0.005	0	12470	0.00199054								0.000240577				robustness
3	80	recover	reverse	5	1	0.005	0.00011	12470	-0.00403532								0.000240577				robustness
3	80	recover	reverse	5	1	0.005	0.0005	12470	-0.0253997								0.000240577				robustness
3	80	recover	reverse	5	1	0.02	0	12470	0.00199054								0.000240577				robustness
3	80	recover	reverse	5	1	0.02	0.0005	12470	-0.0253997								0.000240577				robustness
3	80	recover	reverse	5	7	0.005	0	12470	-0.00138165								0.00184443				robustness
3	80	recover	reverse	5	7	0.005	0.00011	12470	-0.0100947								0.00184443				robustness
3	80	recover	reverse	5	7	0.005	0.0005	12470	-0.0410796								0.00200481				robustness
3	80	recover	reverse	5	7	0.02	0	12470	-0.00140815								0.00192462				robustness
3	80	recover	reverse	5	7	0.02	0.0005	12470	-0.0411842								0.00224539				robustness
3	80	recover	reverse	5	30	0.005	0	12470	-0.00767365								0.0074579				robustness
3	80	recover	reverse	5	30	0.005	0.00011	12470	-0.0164797								0.00769848				robustness
3	80	recover	reverse	5	30	0.005	0.0005	12470	-0.0476655								0.00801925				robustness
3	80	recover	reverse	5	30	0.02	0	12470	-0.00781623								0.00801925				robustness
3	80	recover	reverse	5	30	0.02	0.0005	12470	-0.0479187								0.00866079				robustness
3	80	recover	reverse	10	1	0.005	0	12470	0.00395947								0.00136327				robustness
3	80	recover	reverse	10	1	0.005	0.00011	12470	-0.00808135								0.00136327				robustness
3	80	recover	reverse	10	1	0.005	0.0005	12470	-0.0508001								0.00144346				robustness
3	80	recover	reverse	10	1	0.02	0	12470	0.00389666								0.00152366				robustness
3	80	recover	reverse	10	1	0.02	0.0005	12470	-0.0509068								0.00176423				robustness
3	80	recover	reverse	10	7	0.005	0	12470	-0.00248137								0.0096231				robustness
3	80	recover	reverse	10	7	0.005	0.00011	12470	-0.0199676								0.0101043				robustness
3	80	recover	reverse	10	7	0.005	0.0005	12470	-0.0820134								0.0120289				robustness
3	80	recover	reverse	10	7	0.02	0	12470	-0.00306534								0.0111468				robustness
3	80	recover	reverse	10	7	0.02	0.0005	12470	-0.0825902								0.0139535				robustness
3	80	recover	reverse	10	30	0.005	0	12470	-0.0134629								0.0391339				robustness
3	80	recover	reverse	10	30	0.005	0.00011	12470	-0.0313857								0.0411387				robustness
3	80	recover	reverse	10	30	0.005	0.0005	12470	-0.0939767								0.0459503				robustness
3	80	recover	reverse	10	30	0.02	0	12470	-0.0155873								0.0433841				robustness
3	80	recover	reverse	10	30	0.02	0.0005	12470	-0.0961934								0.0506014				robustness
3	80	recover	reverse	15	1	0.005	0	12470	0.00601365								0.00368885				robustness
3	80	recover	reverse	15	1	0.005	0.00011	12470	-0.0121043								0.00376905				robustness
3	80	recover	reverse	15	1	0.005	0.0005	12470	-0.0764491								0.00489174				robustness
3	80	recover	reverse	15	1	0.02	0	12470	0.0052016								0.00537289				robustness
3	80	recover	reverse	15	1	0.02	0.0005	12470	-0.0771208								0.0063352				robustness
3	80	recover	reverse	15	7	0.005	0	12470	-0.00465706								0.0302326				robustness
3	80	recover	reverse	15	7	0.005	0.00011	12470	-0.0307813								0.0318364				robustness
3	80	recover	reverse	15	7	0.005	0.0005	12470	-0.124247								0.0392943				robustness
3	80	recover	reverse	15	7	0.02	0	12470	-0.00730961								0.0356055				robustness
3	80	recover	reverse	15	7	0.02	0.0005	12470	-0.127537								0.0462711				robustness
3	80	recover	reverse	15	30	0.005	0	12470	-0.0169533								0.0758621				robustness
3	80	recover	reverse	15	30	0.005	0.00011	12470	-0.043155								0.0781075				robustness
3	80	recover	reverse	15	30	0.005	0.0005	12470	-0.136645								0.0883721				robustness
3	80	recover	reverse	15	30	0.02	0	12470	-0.0213172								0.0817161				robustness
3	80	recover	reverse	15	30	0.02	0.0005	12470	-0.14154								0.0961508				robustness
3	80	recover	reverse	30	1	0.005	0	12470	0.0122863								0.0200481				robustness
3	80	recover	reverse	30	1	0.005	0.00011	12470	-0.0237614								0.0215718				robustness
3	80	recover	reverse	30	1	0.005	0.0005	12470	-0.151354								0.0264635				robustness
3	80	recover	reverse	30	1	0.02	0	12470	0.00935085								0.0272654				robustness
3	80	recover	reverse	30	1	0.02	0.0005	12470	-0.156323								0.0380914				robustness
3	80	recover	reverse	30	7	0.005	0	12470	-0.00230377								0.105694				robustness
3	80	recover	reverse	30	7	0.005	0.00011	12470	-0.0549457								0.112991				robustness
3	80	recover	reverse	30	7	0.005	0.0005	12470	-0.238204								0.144988				robustness
3	80	recover	reverse	30	7	0.02	0	12470	-0.0172776								0.126544				robustness
3	80	recover	reverse	30	7	0.02	0.0005	12470	-0.260492								0.177947				robustness
3	80	recover	reverse	30	30	0.005	0	12470	-0.0162191								0.160786				robustness
3	80	recover	reverse	30	30	0.005	0.00011	12470	-0.0683211								0.167843				robustness
3	80	recover	reverse	30	30	0.005	0.0005	12470	-0.249254								0.197594				robustness
3	80	recover	reverse	30	30	0.02	0	12470	-0.0335958								0.177546				robustness
3	80	recover	reverse	30	30	0.02	0.0005	12470	-0.273901								0.224779				robustness
4.6	40	close	auto	3	1	0.02	0.00011	12470	-0.00203414								0				robustness
4.6	40	close	auto	3	7	0.02	0.00011	12470	-0.00492981								0				robustness
4.6	40	close	auto	3	30	0.02	0.00011	12470	-0.00554183								0				robustness
4.6	40	close	auto	5	1	0.02	0.00011	12470	-0.00339024								0				robustness
4.6	40	close	auto	5	7	0.02	0.00011	12470	-0.00821635								0				robustness
4.6	40	close	auto	5	30	0.02	0.00011	12470	-0.00923638								0				robustness
4.6	40	close	auto	10	1	0.02	0.00011	12470	-0.00678047								0				robustness
4.6	40	close	auto	10	7	0.02	0.00011	12470	-0.0164327								0				robustness
4.6	40	close	auto	10	30	0.02	0.00011	12470	-0.0184728								0				robustness
4.6	40	close	auto	15	1	0.02	0.00011	12470	-0.0101707								0				robustness
4.6	40	close	auto	15	7	0.02	0.00011	12470	-0.0246491								0				robustness
4.6	40	close	auto	15	30	0.02	0.00011	12470	-0.0277091								0				robustness
4.6	40	close	auto	30	1	0.02	0.00011	12470	-0.0203414								0				robustness
4.6	40	close	auto	30	7	0.02	0.00011	12470	-0.0492981								0				robustness
4.6	40	close	auto	30	30	0.02	0.00011	12470	-0.0554183								0				robustness
4.6	40	close	reverse	3	1	0.005	0	12470	0.00198694								0				robustness
4.6	40	close	reverse	3	1	0.005	0.00011	12470	0.000757355								0				robustness
4.6	40	close	reverse	3	1	0.005	0.0005	12470	-0.0036021								0				robustness
4.6	40	close	reverse	3	1	0.02	0	12470	0.00198694								0				robustness
4.6	40	close	reverse	3	1	0.02	0.0005	12470	-0.0036021								0				robustness
4.6	40	close	reverse	3	7	0.005	0	12470	0.00214771								0				robustness
4.6	40	close	reverse	3	7	0.005	0.00011	12470	-0.000236111								0				robustness
4.6	40	close	reverse	3	7	0.005	0.0005	12470	-0.00868785								0				robustness
4.6	40	close	reverse	3	7	0.02	0	12470	0.00214771								0				robustness
4.6	40	close	reverse	3	7	0.02	0.0005	12470	-0.00868785								0				robustness
4.6	40	close	reverse	3	30	0.005	0	12470	0.00182081								0				robustness
4.6	40	close	reverse	3	30	0.005	0.00011	12470	-0.000687709								0				robustness
4.6	40	close	reverse	3	30	0.005	0.0005	12470	-0.00958155								0				robustness
4.6	40	close	reverse	3	30	0.02	0	12470	0.00182081								0				robustness
4.6	40	close	reverse	3	30	0.02	0.0005	12470	-0.00958155								0				robustness
4.6	40	close	reverse	5	1	0.005	0	12470	0.00331157								0				robustness
4.6	40	close	reverse	5	1	0.005	0.00011	12470	0.00126226								0				robustness
4.6	40	close	reverse	5	1	0.005	0.0005	12470	-0.00600349								0				robustness
4.6	40	close	reverse	5	1	0.02	0	12470	0.00331157								0				robustness
4.6	40	close	reverse	5	1	0.02	0.0005	12470	-0.00600349								0				robustness
4.6	40	close	reverse	5	7	0.005	0	12470	0.00357952								0				robustness
4.6	40	close	reverse	5	7	0.005	0.00011	12470	-0.000393518								0				robustness
4.6	40	close	reverse	5	7	0.005	0.0005	12470	-0.0144798								0				robustness
4.6	40	close	reverse	5	7	0.02	0	12470	0.00357952								0				robustness
4.6	40	close	reverse	5	7	0.02	0.0005	12470	-0.0144798								0				robustness
4.6	40	close	reverse	5	30	0.005	0	12470	0.00303469								0				robustness
4.6	40	close	reverse	5	30	0.005	0.00011	12470	-0.00114618								0				robustness
4.6	40	close	reverse	5	30	0.005	0.0005	12470	-0.0159693								0				robustness
4.6	40	close	reverse	5	30	0.02	0	12470	0.00303469								0				robustness
4.6	40	close	reverse	5	30	0.02	0.0005	12470	-0.0159693								0				robustness
4.6	40	close	reverse	10	1	0.005	0	12470	0.00662314								0				robustness
4.6	40	close	reverse	10	1	0.005	0.00011	12470	0.00252452								0				robustness
4.6	40	close	reverse	10	1	0.005	0.0005	12470	-0.012007								0				robustness
4.6	40	close	reverse	10	1	0.02	0	12470	0.00662314								0				robustness
4.6	40	close	reverse	10	1	0.02	0.0005	12470	-0.012007								0				robustness
4.6	40	close	reverse	10	7	0.005	0	12470	0.00715904								0				robustness
4.6	40	close	reverse	10	7	0.005	0.00011	12470	-0.000787037								0				robustness
4.6	40	close	reverse	10	7	0.005	0.0005	12470	-0.0289595								0				robustness
4.6	40	close	reverse	10	7	0.02	0	12470	0.00715904								0				robustness
4.6	40	close	reverse	10	7	0.02	0.0005	12470	-0.0289595								0				robustness
4.6	40	close	reverse	10	30	0.005	0	12470	0.00606937								0				robustness
4.6	40	close	reverse	10	30	0.005	0.00011	12470	-0.00229236								0				robustness
4.6	40	close	reverse	10	30	0.005	0.0005	12470	-0.0319385								0				robustness
4.6	40	close	reverse	10	30	0.02	0	12470	0.00606937								0				robustness
4.6	40	close	reverse	10	30	0.02	0.0005	12470	-0.0319385								0				robustness
4.6	40	close	reverse	15	1	0.005	0	12470	0.00993472								0				robustness
4.6	40	close	reverse	15	1	0.005	0.00011	12470	0.00378677								0				robustness
4.6	40	close	reverse	15	1	0.005	0.0005	12470	-0.0180105								0				robustness
4.6	40	close	reverse	15	1	0.02	0	12470	0.00993472								0				robustness
4.6	40	close	reverse	15	1	0.02	0.0005	12470	-0.0180105								0				robustness
4.6	40	close	reverse	15	7	0.005	0	12470	0.0107386								0				robustness
4.6	40	close	reverse	15	7	0.005	0.00011	12470	-0.00118055								0				robustness
4.6	40	close	reverse	15	7	0.005	0.0005	12470	-0.0434393								0				robustness
4.6	40	close	reverse	15	7	0.02	0	12470	0.0107386								0				robustness
4.6	40	close	reverse	15	7	0.02	0.0005	12470	-0.0434393								0				robustness
4.6	40	close	reverse	15	30	0.005	0	12470	0.00910406								0				robustness
4.6	40	close	reverse	15	30	0.005	0.00011	12470	-0.00343854								0				robustness
4.6	40	close	reverse	15	30	0.005	0.0005	12470	-0.0479078								0				robustness
4.6	40	close	reverse	15	30	0.02	0	12470	0.00910406								0				robustness
4.6	40	close	reverse	15	30	0.02	0.0005	12470	-0.0479078								0				robustness
4.6	40	close	reverse	30	1	0.005	0	12470	0.0198694								0				robustness
4.6	40	close	reverse	30	1	0.005	0.00011	12470	0.00757355								0				robustness
4.6	40	close	reverse	30	1	0.005	0.0005	12470	-0.036021								0				robustness
4.6	40	close	reverse	30	1	0.02	0	12470	0.0198694								0				robustness
4.6	40	close	reverse	30	1	0.02	0.0005	12470	-0.036021								0				robustness
4.6	40	close	reverse	30	7	0.005	0	12470	0.0214771								0				robustness
4.6	40	close	reverse	30	7	0.005	0.00011	12470	-0.00236111								0				robustness
4.6	40	close	reverse	30	7	0.005	0.0005	12470	-0.0868785								0				robustness
4.6	40	close	reverse	30	7	0.02	0	12470	0.0214771								0				robustness
4.6	40	close	reverse	30	7	0.02	0.0005	12470	-0.0868785								0				robustness
4.6	40	close	reverse	30	30	0.005	0	12470	0.0182081								0				robustness
4.6	40	close	reverse	30	30	0.005	0.00011	12470	-0.00687709								0				robustness
4.6	40	close	reverse	30	30	0.005	0.0005	12470	-0.0958155								0				robustness
4.6	40	close	reverse	30	30	0.02	0	12470	0.0182081								0				robustness
4.6	40	close	reverse	30	30	0.02	0.0005	12470	-0.0958155								0				robustness
4.6	40	hold	auto	3	1	0.02	0.00011	12470	-0.00303988								0				robustness
4.6	40	hold	auto	3	7	0.02	0.00011	12470	-0.0143326								0.00136327				robustness
4.6	40	hold	auto	3	30	0.02	0.00011	12470	-0.0461672								0.0213312				robustness
4.6	40	hold	auto	5	1	0.02	0.00011	12470	-0.00518808								0.00032077				robustness
4.6	40	hold	auto	5	7	0.02	0.00011	12470	-0.0244775								0.00665597				robustness
4.6	40	hold	auto	5	30	0.02	0.00011	12470	-0.0714137								0.0547715				robustness
4.6	40	hold	auto	10	1	0.02	0.00011	12470	-0.0105246								0.002085				robustness
4.6	40	hold	auto	10	7	0.02	0.00011	12470	-0.051426								0.0430634				robustness
4.6	40	hold	auto	10	30	0.02	0.00011	12470	-0.150457								0.237931				robustness
4.6	40	hold	auto	15	1	0.02	0.00011	12470	-0.0169249								0.00874098				robustness
4.6	40	hold	auto	15	7	0.02	0.00011	12470	-0.0859958								0.11652				robustness
4.6	40	hold	auto	15	30	0.02	0.00011	12470	-0.240612								0.428869				robustness
4.6	40	hold	auto	30	1	0.02	0.00011	12470	-0.0375936								0.0467522				robustness
4.6	40	hold	auto	30	7	0.02	0.00011	12470	-0.192917								0.354451				robustness
4.6	40	hold	auto	30	30	0.02	0.00011	12470	-0.412965								0.710104				robustness
4.6	40	hold	reverse	3	1	0.005	0	12470	0.00253791								0				robustness
4.6	40	hold	reverse	3	1	0.005	0.00011	12470	0.000964211								0				robustness
4.6	40	hold	reverse	3	1	0.005	0.0005	12470	-0.00461526								0				robustness
4.6	40	hold	reverse	3	1	0.02	0	12470	0.00253791								0				robustness
4.6	40	hold	reverse	3	1	0.02	0.0005	12470	-0.00461526								0				robustness
4.6	40	hold	reverse	3	7	0.005	0	12470	0.00666549								0.00096231				robustness
4.6	40	hold	reverse	3	7	0.005	0.00011	12470	0.000443478								0.00096231				robustness
4.6	40	hold	reverse	3	7	0.005	0.0005	12470	-0.0216164								0.00096231				robustness
4.6	40	hold	reverse	3	7	0.02	0	12470	0.00660711								0.00128308				robustness
4.6	40	hold	reverse	3	7	0.02	0.0005	12470	-0.0217032								0.00136327				robustness
4.6	40	hold	reverse	3	30	0.005	0	12470	0.00349268								0.0186848				robustness
4.6	40	hold	reverse	3	30	0.005	0.00011	12470	-0.0114112								0.0192462				robustness
4.6	40	hold	reverse	3	30	0.005	0.0005	12470	-0.0639299								0.0203689				robustness
4.6	40	hold	reverse	3	30	0.02	0	12470	0.00308879								0.0199679				robustness
4.6	40	hold	reverse	3	30	0.02	0.0005	12470	-0.0642892								0.0214916				robustness
4.6	40	hold	reverse	5	1	0.005	0	12470	0.00410541								0.00032077				robustness
4.6	40	hold	reverse	5	1	0.005	0.00011	12470	0.00148315								0.00032077				robustness
4.6	40	hold	reverse	5	1	0.005	0.0005	12470	-0.00781396								0.00032077				robustness
4.6	40	hold	reverse	5	1	0.02	0	12470	0.00410541								0.00032077				robustness
4.6	40	hold	reverse	5	1	0.02	0.0005	12470	-0.00781396								0.00032077				robustness
4.6	40	hold	reverse	5	7	0.005	0	12470	0.0105789								0.00585405				robustness
4.6	40	hold	reverse	5	7	0.005	0.00011	12470	0.000237649								0.00585405				robustness
4.6	40	hold	reverse	5	7	0.005	0.0005	12470	-0.036644								0.0063352				robustness
4.6	40	hold	reverse	5	7	0.02	0	12470	0.0105013								0.00617482				robustness
4.6	40	hold	reverse	5	7	0.02	0.0005	12470	-0.036743								0.00665597				robustness
4.6	40	hold	reverse	5	30	0.005	0	12470	0.0113659								0.0478749				robustness
4.6	40	hold	reverse	5	30	0.005	0.00011	12470	-0.0132928								0.0486768				robustness
4.6	40	hold	reverse	5	30	0.005	0.0005	12470	-0.100526								0.052927				robustness
4.6	40	hold	reverse	5	30	0.02	0	12470	0.0100347								0.051243				robustness
4.6	40	hold	reverse	5	30	0.02	0.0005	12470	-0.10176								0.0563753				robustness
4.6	40	hold	reverse	10	1	0.005	0	12470	0.00820884								0.00160385				robustness
4.6	40	hold	reverse	10	1	0.005	0.00011	12470	0.00289887								0.00176423				robustness
4.6	40	hold	reverse	10	1	0.005	0.0005	12470	-0.0156737								0.00176423				robustness
4.6	40	hold	reverse	10	1	0.02	0	12470	0.0080709								0.00192462				robustness
4.6	40	hold	reverse	10	1	0.02	0.0005	12470	-0.0157775								0.002085				robustness
4.6	40	hold	reverse	10	7	0.005	0	12470	0.0212138								0.0325581				robustness
4.6	40	hold	reverse	10	7	0.005	0.00011	12470	0.000295849								0.033761				robustness
4.6	40	hold	reverse	10	7	0.005	0.0005	12470	-0.0734315								0.0380914				robustness
4.6	40	hold	reverse	10	7	0.02	0	12470	0.0188005								0.0380914				robustness
4.6	40	hold	reverse	10	7	0.02	0.0005	12470	-0.0761024								0.0445068				robustness
4.6	40	hold	reverse	10	30	0.005	0	12470	0.0228598								0.193344				robustness
4.6	40	hold	reverse	10	30	0.005	0.00011	12470	-0.0259704								0.200642				robustness
4.6	40	hold	reverse	10	30	0.005	0.0005	12470	-0.198006								0.228869				robustness
4.6	40	hold	reverse	10	30	0.02	0	12470	0.0108123								0.210826				robustness
4.6	40	hold	reverse	10	30	0.02	0.0005	12470	-0.211184								0.250521				robustness
4.6	40	hold	reverse	15	1	0.005	0	12470	0.0124283								0.00505213				robustness
4.6	40	hold	reverse	15	1	0.005	0.00011	12470	0.00445694								0.00537289				robustness
4.6	40	hold	reverse	15	1	0.005	0.0005	12470	-0.0237909								0.00649559				robustness
4.6	40	hold	reverse	15	1	0.02	0	12470	0.0113268								0.0074579				robustness
4.6	40	hold	reverse	15	1	0.02	0.0005	12470	-0.0247515								0.00858059				robustness
4.6	40	hold	reverse	15	7	0.005	0	12470	0.02987								0.0841219				robustness
4.6	40	hold	reverse	15	7	0.005	0.00011	12470	-0.00175512								0.087089				robustness
4.6	40	hold	reverse	15	7	0.005	0.0005	12470	-0.112312								0.0992783				robustness
4.6	40	hold	reverse	15	7	0.02	0	12470	0.0196239								0.100802				robustness
4.6	40	hold	reverse	15	7	0.02	0.0005	12470	-0.123173								0.12093				robustness
4.6	40	hold	reverse	15	30	0.005	0	12470	0.0283476								0.34186				robustness
4.6	40	hold	reverse	15	30	0.005	0.00011	12470	-0.0432757								0.354691				robustness
4.6	40	hold	reverse	15	30	0.005	0.0005	12470	-0.295902								0.417161				robustness
4.6	40	hold	reverse	15	30	0.02	0	12470	-0.00690987								0.373216				robustness
4.6	40	hold	reverse	15	30	0.02	0.0005	12470	-0.328452								0.454691				robustness
4.6	40	hold	reverse	30	1	0.005	0	12470	0.0239258								0.0291901				robustness
4.6	40	hold	reverse	30	1	0.005	0.00011	12470	0.00797855								0.0307939				robustness
4.6	40	hold	reverse	30	1	0.005	0.0005	12470	-0.0473625								0.0346431				robustness
4.6	40	hold	reverse	30	1	0.02	0	12470	0.0186266								0.0397755				robustness
4.6	40	hold	reverse	30	1	0.02	0.0005	12470	-0.0538866								0.0478749				robustness
4.6	40	hold	reverse	30	7	0.005	0	12470	0.0539578								0.255012				robustness
4.6	40	hold	reverse	30	7	0.005	0.00011	12470	-0.00677808								0.265517				robustness
4.6	40	hold	reverse	30	7	0.005	0.0005	12470	-0.212852								0.309703				robustness
4.6	40	hold	reverse	30	7	0.02	0	12470	0.00374609								0.3085				robustness
4.6	40	hold	reverse	30	7	0.02	0.0005	12470	-0.266577								0.374579				robustness
4.6	40	hold	reverse	30	30	0.005	0	12470	0.0302246								0.590537				robustness
4.6	40	hold	reverse	30	30	0.005	0.00011	12470	-0.0873465								0.611788				robustness
4.6	40	hold	reverse	30	30	0.005	0.0005	12470	-0.467093								0.695589				robustness
4.6	40	hold	reverse	30	30	0.02	0	12470	-0.06407								0.637851				robustness
4.6	40	hold	reverse	30	30	0.02	0.0005	12470	-0.552341								0.750441				robustness
4.6	40	recover	auto	3	1	0.02	0.00011	12470	-0.00239651								0				robustness
4.6	40	recover	auto	3	7	0.02	0.00011	12470	-0.00807595								0.000240577				robustness
4.6	40	recover	auto	3	30	0.02	0.00011	12470	-0.0150373								0.0042502				robustness
4.6	40	recover	auto	5	1	0.02	0.00011	12470	-0.00405092								0.000240577				robustness
4.6	40	recover	auto	5	7	0.02	0.00011	12470	-0.0136428								0.00232558				robustness
4.6	40	recover	auto	5	30	0.02	0.00011	12470	-0.0234936								0.010826				robustness
4.6	40	recover	auto	10	1	0.02	0.00011	12470	-0.00827119								0.00136327				robustness
4.6	40	recover	auto	10	7	0.02	0.00011	12470	-0.0282789								0.015397				robustness
4.6	40	recover	auto	10	30	0.02	0.00011	12470	-0.0475469								0.0594226				robustness
4.6	40	recover	auto	15	1	0.02	0.00011	12470	-0.0127068								0.00473136				robustness
4.6	40	recover	auto	15	7	0.02	0.00011	12470	-0.0444525								0.0454691				robustness
4.6	40	recover	auto	15	30	0.02	0.00011	12470	-0.0712771								0.117642				robustness
4.6	40	recover	auto	30	1	0.02	0.00011	12470	-0.0285388								0.0301524				robustness
4.6	40	recover	auto	30	7	0.02	0.00011	12470	-0.098635								0.175461				robustness
4.6	40	recover	auto	30	30	0.02	0.00011	12470	-0.13647								0.263512				robustness
4.6	40	recover	reverse	3	1	0.005	0	12470	0.00151241								0				robustness
4.6	40	recover	reverse	3	1	0.005	0.00011	12470	0.000305575								0				robustness
4.6	40	recover	reverse	3	1	0.005	0.0005	12470	-0.00397321								0				robustness
4.6	40	recover	reverse	3	1	0.02	0	12470	0.00151241								0				robustness
4.6	40	recover	reverse	3	1	0.02	0.0005	12470	-0.00397321								0				robustness
4.6	40	recover	reverse	3	7	0.005	0	12470	-0.00127545								8.01925e-05				robustness
4.6	40	recover	reverse	3	7	0.005	0.00011	12470	-0.00362955								8.01925e-05				robustness
4.6	40	recover	reverse	3	7	0.005	0.0005	12470	-0.0119759								8.01925e-05				robustness
4.6	40	recover	reverse	3	7	0.02	0	12470	-0.00127545								8.01925e-05				robustness
4.6	40	recover	reverse	3	7	0.02	0.0005	12470	-0.0120072								0.000160385				robustness
4.6	40	recover	reverse	3	30	0.005	0	12470	-0.008158								0.00408982				robustness
4.6	40	recover	reverse	3	30	0.005	0.00011	12470	-0.0106431								0.00408982				robustness
4.6	40	recover	reverse	3	30	0.005	0.0005	12470	-0.0194537								0.00408982				robustness
4.6	40	recover	reverse	3	30	0.02	0	12470	-0.0081625								0.00417001				robustness
4.6	40	recover	reverse	3	30	0.02	0.0005	12470	-0.0195087								0.0042502				robustness
4.6	40	recover	reverse	5	1	0.005	0	12470	0.00246251								0.000240577				robustness
4.6	40	recover	reverse	5	1	0.005	0.00011	12470	0.000451363								0.000240577				robustness
4.6	40	recover	reverse	5	1	0.005	0.0005	12470	-0.00667905								0.000240577				robustness
4.6	40	recover	reverse	5	1	0.02	0	12470	0.00246251								0.000240577				robustness
4.6	40	recover	reverse	5	1	0.02	0.0005	12470	-0.00667905								0.000240577				robustness
4.6	40	recover	reverse	5	7	0.005	0	12470	-0.00231788								0.00200481				robustness
4.6	40	recover	reverse	5	7	0.005	0.00011	12470	-0.00623618								0.00200481				robustness
4.6	40	recover	reverse	5	7	0.005	0.0005	12470	-0.0202363								0.00224539				robustness
4.6	40	recover	reverse	5	7	0.02	0	12470	-0.00236274								0.0021652				robustness
4.6	40	recover	reverse	5	7	0.02	0.0005	12470	-0.020243								0.00232558				robustness
4.6	40	recover	reverse	5	30	0.005	0	12470	-0.0121524								0.0103448				robustness
4.6	40	recover	reverse	5	30	0.005	0.00011	12470	-0.0162777								0.010425				robustness
4.6	40	recover	reverse	5	30	0.005	0.0005	12470	-0.0309511								0.0107458				robustness
4.6	40	recover	reverse	5	30	0.02	0	12470	-0.0122233								0.0109062				robustness
4.6	40	recover	reverse	5	30	0.02	0.0005	12470	-0.031003								0.0112269				robustness
4.6	40	recover	reverse	10	1	0.005	0	12470	0.00475677								0.00128308				robustness
4.6	40	recover	reverse	10	1	0.005	0.00011	12470	0.000739027								0.00128308				robustness
4.6	40	recover	reverse	10	1	0.005	0.0005	12470	-0.0135057								0.00128308				robustness
4.6	40	recover	reverse	10	1	0.02	0	12470	0.00472916								0.00136327				robustness
4.6	40	recover	reverse	10	1	0.02	0.0005	12470	-0.0135319								0.00136327				robustness
4.6	40	recover	reverse	10	7	0.005	0	12470	-0.00505433								0.0127506				robustness
4.6	40	recover	reverse	10	7	0.005	0.00011	12470	-0.0128289								0.0127506				robustness
4.6	40	recover	reverse	10	7	0.005	0.0005	12470	-0.0408342								0.0139535				robustness
4.6	40	recover	reverse	10	7	0.02	0	12470	-0.00578306								0.0146752				robustness
4.6	40	recover	reverse	10	7	0.02	0.0005	12470	-0.041651								0.0161187				robustness
4.6	40	recover	reverse	10	30	0.005	0	12470	-0.021702								0.0522053				robustness
4.6	40	recover	reverse	10	30	0.005	0.00011	12470	-0.0300423								0.052927				robustness
4.6	40	recover	reverse	10	30	0.005	0.0005	12470	-0.0599909								0.055814				robustness
4.6	40	recover	reverse	10	30	0.02	0	12470	-0.0247775								0.0580593				robustness
4.6	40	recover	reverse	10	30	0.02	0.0005	12470	-0.0626742								0.061668				robustness
4.6	40	recover	reverse	15	1	0.005	0	12470	0.00735825								0.00336808				robustness
4.6	40	recover	reverse	15	1	0.005	0.00011	12470	0.00132733								0.00352847				robustness
4.6	40	recover	reverse	15	1	0.005	0.0005	12470	-0.0200303								0.00360866				robustness
4.6	40	recover	reverse	15	1	0.02	0	12470	0.00707422								0.00417001				robustness
4.6	40	recover	reverse	15	1	0.02	0.0005	12470	-0.0205161								0.00457097				robustness
4.6	40	recover	reverse	15	7	0.005	0	12470	-0.00781107								0.0369687				robustness
4.6	40	recover	reverse	15	7	0.005	0.00011	12470	-0.0196895								0.037931				robustness
4.6	40	recover	reverse	15	7	0.005	0.0005	12470	-0.0612365								0.0404972				robustness
4.6	40	recover	reverse	15	7	0.02	0	12470	-0.0104382								0.042502				robustness
4.6	40	recover	reverse	15	7	0.02	0.0005	12470	-0.0644334								0.0472334				robustness
4.6	40	recover	reverse	15	30	0.005	0	12470	-0.0304751								0.105132				robustness
4.6	40	recover	reverse	15	30	0.005	0.00011	12470	-0.0429376								0.107137				robustness
4.6	40	recover	reverse	15	30	0.005	0.0005	12470	-0.0857962								0.111628				robustness
4.6	40	recover	reverse	15	30	0.02	0	12470	-0.0363329								0.113633				robustness
4.6	40	recover	reverse	15	30	0.02	0.0005	12470	-0.0937787								0.122534				robustness
4.6	40	recover	reverse	30	1	0.005	0	12470	0.0145952								0.019567				robustness
4.6	40	recover	reverse	30	1	0.005	0.00011	12470	0.0024284								0.0202887				robustness
4.6	40	recover	reverse	30	1	0.005	0.0005	12470	-0.0404615								0.0225341				robustness
4.6	40	recover	reverse	30	1	0.02	0	12470	0.0107162								0.0271852				robustness
4.6	40	recover	reverse	30	1	0.02	0.0005	12470	-0.0443359								0.0308741				robustness
4.6	40	recover	reverse	30	7	0.005	0	12470	-0.00992661								0.135926				robustness
4.6	40	recover	reverse	30	7	0.005	0.00011	12470	-0.0330136								0.138974				robustness
4.6	40	recover	reverse	30	7	0.005	0.0005	12470	-0.116768								0.153889				robustness
4.6	40	recover	reverse	30	7	0.02	0	12470	-0.0298443								0.163192				robustness
4.6	40	recover	reverse	30	7	0.02	0.0005	12470	-0.138005								0.1834				robustness
4.6	40	recover	reverse	30	30	0.005	0	12470	-0.0403919								0.225982				robustness
4.6	40	recover	reverse	30	30	0.005	0.00011	12470	-0.064445								0.229832				robustness
4.6	40	recover	reverse	30	30	0.005	0.0005	12470	-0.151125								0.247314				robustness
4.6	40	recover	reverse	30	30	0.02	0	12470	-0.0664025								0.250762				robustness
4.6	40	recover	reverse	30	30	0.02	0.0005	12470	-0.178862								0.274258				robustness
4.6	80	close	auto	3	1	0.02	0.00011	12470	-0.00394507								0				robustness
4.6	80	close	auto	3	7	0.02	0.00011	12470	-0.00851425								0				robustness
4.6	80	close	auto	3	30	0.02	0.00011	12470	-0.00929199								0				robustness
4.6	80	close	auto	5	1	0.02	0.00011	12470	-0.00657512								0				robustness
4.6	80	close	auto	5	7	0.02	0.00011	12470	-0.0141904								0				robustness
4.6	80	close	auto	5	30	0.02	0.00011	12470	-0.0154866								0				robustness
4.6	80	close	auto	10	1	0.02	0.00011	12470	-0.0131502								0				robustness
4.6	80	close	auto	10	7	0.02	0.00011	12470	-0.0283808								0				robustness
4.6	80	close	auto	10	30	0.02	0.00011	12470	-0.0309733								0				robustness
4.6	80	close	auto	15	1	0.02	0.00011	12470	-0.0197254								0				robustness
4.6	80	close	auto	15	7	0.02	0.00011	12470	-0.0425713								0				robustness
4.6	80	close	auto	15	30	0.02	0.00011	12470	-0.0464599								0				robustness
4.6	80	close	auto	30	1	0.02	0.00011	12470	-0.0394507								0				robustness
4.6	80	close	auto	30	7	0.02	0.00011	12470	-0.0851425								0				robustness
4.6	80	close	auto	30	30	0.02	0.00011	12470	-0.0929199								0				robustness
4.6	80	close	reverse	3	1	0.005	0	12470	0.00257829								0				robustness
4.6	80	close	reverse	3	1	0.005	0.00011	12470	4.47281e-05								0				robustness
4.6	80	close	reverse	3	1	0.005	0.0005	12470	-0.00893791								0				robustness
4.6	80	close	reverse	3	1	0.02	0	12470	0.00257829								0				robustness
4.6	80	close	reverse	3	1	0.02	0.0005	12470	-0.00893791								0				robustness
4.6	80	close	reverse	3	7	0.005	0	12470	0.00369929								0				robustness
4.6	80	close	reverse	3	7	0.005	0.00011	12470	-0.00126353								0				robustness
4.6	80	close	reverse	3	7	0.005	0.0005	12470	-0.018859								0				robustness
4.6	80	close	reverse	3	7	0.02	0	12470	0.00369929								0				robustness
4.6	80	close	reverse	3	7	0.02	0.0005	12470	-0.018859								0				robustness
4.6	80	close	reverse	3	30	0.005	0	12470	0.00344937								0				robustness
4.6	80	close	reverse	3	30	0.005	0.00011	12470	-0.00176874								0				robustness
4.6	80	close	reverse	3	30	0.005	0.0005	12470	-0.0202693								0				robustness
4.6	80	close	reverse	3	30	0.02	0	12470	0.00344937								0				robustness
4.6	80	close	reverse	3	30	0.02	0.0005	12470	-0.0202693								0				robustness
4.6	80	close	reverse	5	1	0.005	0	12470	0.00429716								0				robustness
4.6	80	close	reverse	5	1	0.005	0.00011	12470	7.45468e-05								0				robustness
4.6	80	close	reverse	5	1	0.005	0.0005	12470	-0.0148965								0				robustness
4.6	80	close	reverse	5	1	0.02	0	12470	0.00429716								0				robustness
4.6	80	close	reverse	5	1	0.02	0.0005	12470	-0.0148965								0				robustness
4.6	80	close	reverse	5	7	0.005	0	12470	0.00616548								0				robustness
4.6	80	close	reverse	5	7	0.005	0.00011	12470	-0.00210589								0				robustness
4.6	80	close	reverse	5	7	0.005	0.0005	12470	-0.0314317								0				robustness
4.6	80	close	reverse	5	7	0.02	0	12470	0.00616548								0				robustness
4.6	80	close	reverse	5	7	0.02	0.0005	12470	-0.0314317								0				robustness
4.6	80	close	reverse	5	30	0.005	0	12470	0.00574895								0				robustness
4.6	80	close	reverse	5	30	0.005	0.00011	12470	-0.0029479								0				robustness
4.6	80	close	reverse	5	30	0.005	0.0005	12470	-0.0337822								0				robustness
4.6	80	close	reverse	5	30	0.02	0	12470	0.00574895								0				robustness
4.6	80	close	reverse	5	30	0.02	0.0005	12470	-0.0337822								0				robustness
4.6	80	close	reverse	10	1	0.005	0	12470	0.00859431								0				robustness
4.6	80	close	reverse	10	1	0.005	0.00011	12470	0.000149094								0				robustness
4.6	80	close	reverse	10	1	0.005	0.0005	12470	-0.029793								0				robustness
4.6	80	close	reverse	10	1	0.02	0	12470	0.00859431								0				robustness
4.6	80	close	reverse	10	1	0.02	0.0005	12470	-0.029793								0				robustness
4.6	80	close	reverse	10	7	0.005	0	12470	0.012331								0				robustness
4.6	80	close	reverse	10	7	0.005	0.00011	12470	-0.00421177								0				robustness
4.6	80	close	reverse	10	7	0.005	0.0005	12470	-0.0628633								0				robustness
4.6	80	close	reverse	10	7	0.02	0	12470	0.012331								0				robustness
4.6	80	close	reverse	10	7	0.02	0.0005	12470	-0.0628633								0				robustness
4.6	80	close	reverse	10	30	0.005	0	12470	0.0114979								0				robustness
4.6	80	close	reverse	10	30	0.005	0.00011	12470	-0.0058958								0				robustness
4.6	80	close	reverse	10	30	0.005	0.0005	12470	-0.0675644								0				robustness
4.6	80	close	reverse	10	30	0.02	0	12470	0.0114979								0				robustness
4.6	80	close	reverse	10	30	0.02	0.0005	12470	-0.0675644								0				robustness
4.6	80	close	reverse	15	1	0.005	0	12470	0.0128915								0				robustness
4.6	80	close	reverse	15	1	0.005	0.00011	12470	0.00022364								0				robustness
4.6	80	close	reverse	15	1	0.005	0.0005	12470	-0.0446896								0				robustness
4.6	80	close	reverse	15	1	0.02	0	12470	0.0128915								0				robustness
4.6	80	close	reverse	15	1	0.02	0.0005	12470	-0.0446896								0				robustness
4.6	80	close	reverse	15	7	0.005	0	12470	0.0184965								0				robustness
4.6	80	close	reverse	15	7	0.005	0.00011	12470	-0.00631766								0				robustness
4.6	80	close	reverse	15	7	0.005	0.0005	12470	-0.094295								0				robustness
4.6	80	close	reverse	15	7	0.02	0	12470	0.0184965								0				robustness
4.6	80	close	reverse	15	7	0.02	0.0005	12470	-0.094295								0				robustness
4.6	80	close	reverse	15	30	0.005	0	12470	0.0172468								0				robustness
4.6	80	close	reverse	15	30	0.005	0.00011	12470	-0.0088437								0				robustness
4.6	80	close	reverse	15	30	0.005	0.0005	12470	-0.101347								0				robustness
4.6	80	close	reverse	15	30	0.02	0	12470	0.0172468								0				robustness
4.6	80	close	reverse	15	30	0.02	0.0005	12470	-0.101347								0				robustness
4.6	80	close	reverse	30	1	0.005	0	12470	0.0257829								0				robustness
4.6	80	close	reverse	30	1	0.005	0.00011	12470	0.000447281								0				robustness
4.6	80	close	reverse	30	1	0.005	0.0005	12470	-0.0893791								0				robustness
4.6	80	close	reverse	30	1	0.02	0	12470	0.0257829								0				robustness
4.6	80	close	reverse	30	1	0.02	0.0005	12470	-0.0893791								0				robustness
4.6	80	close	reverse	30	7	0.005	0	12470	0.0369929								0				robustness
4.6	80	close	reverse	30	7	0.005	0.00011	12470	-0.0126353								0				robustness
4.6	80	close	reverse	30	7	0.005	0.0005	12470	-0.18859								0				robustness
4.6	80	close	reverse	30	7	0.02	0	12470	0.0369929								0				robustness
4.6	80	close	reverse	30	7	0.02	0.0005	12470	-0.18859								0				robustness
4.6	80	close	reverse	30	30	0.005	0	12470	0.0344937								0				robustness
4.6	80	close	reverse	30	30	0.005	0.00011	12470	-0.0176874								0				robustness
4.6	80	close	reverse	30	30	0.005	0.0005	12470	-0.202693								0				robustness
4.6	80	close	reverse	30	30	0.02	0	12470	0.0344937								0				robustness
4.6	80	close	reverse	30	30	0.02	0.0005	12470	-0.202693								0				robustness
4.6	80	hold	auto	3	1	0.02	0.00011	12470	-0.0056216								0				robustness
4.6	80	hold	auto	3	7	0.02	0.00011	12470	-0.0243766								0.00136327				robustness
4.6	80	hold	auto	3	30	0.02	0.00011	12470	-0.0699708								0.0218925				robustness
4.6	80	hold	auto	5	1	0.02	0.00011	12470	-0.00948961								0.00032077				robustness
4.6	80	hold	auto	5	7	0.02	0.00011	12470	-0.0412238								0.00681636				robustness
4.6	80	hold	auto	5	30	0.02	0.00011	12470	-0.111596								0.0574178				robustness
4.6	80	hold	auto	10	1	0.02	0.00011	12470	-0.0191119								0.002085				robustness
4.6	80	hold	auto	10	7	0.02	0.00011	12470	-0.0847894								0.0455493				robustness
4.6	80	hold	auto	10	30	0.02	0.00011	12470	-0.228107								0.255092				robustness
4.6	80	hold	auto	15	1	0.02	0.00011	12470	-0.0300367								0.00938252				robustness
4.6	80	hold	auto	15	7	0.02	0.00011	12470	-0.137265								0.125902				robustness
4.6	80	hold	auto	15	30	0.02	0.00011	12470	-0.349338								0.461909				robustness
4.6	80	hold	auto	30	1	0.02	0.00011	12470	-0.0632786								0.0501203				robustness
4.6	80	hold	auto	30	7	0.02	0.00011	12470	-0.285341								0.381796				robustness
4.6	80	hold	auto	30	30	0.02	0.00011	12470	-0.568425								0.754691				robustness
4.6	80	hold	reverse	3	1	0.005	0	12470	0.00290173								0				robustness
4.6	80	hold	reverse	3	1	0.005	0.00011	12470	-0.000316765								0				robustness
4.6	80	hold	reverse	3	1	0.005	0.0005	12470	-0.0117278								0				robustness
4.6	80	hold	reverse	3	1	0.02	0	12470	0.00290173								0				robustness
4.6	80	hold	reverse	3	1	0.02	0.0005	12470	-0.0117278								0				robustness
4.6	80	hold	reverse	3	7	0.005	0	12470	0.00915495								0.000882117				robustness
4.6	80	hold	reverse	3	7	0.005	0.00011	12470	-0.00378145								0.00096231				robustness
4.6	80	hold	reverse	3	7	0.005	0.0005	12470	-0.0496257								0.00120289				robustness
4.6	80	hold	reverse	3	7	0.02	0	12470	0.00907614								0.00128308				robustness
4.6	80	hold	reverse	3	7	0.02	0.0005	12470	-0.0496943								0.00144346				robustness
4.6	80	hold	reverse	3	30	0.005	0	12470	0.00940636								0.0186047				robustness
4.6	80	hold	reverse	3	30	0.005	0.00011	12470	-0.0214366								0.0194066				robustness
4.6	80	hold	reverse	3	30	0.005	0.0005	12470	-0.130499								0.0225341				robustness
4.6	80	hold	reverse	3	30	0.02	0	12470	0.00892528								0.0200481				robustness
4.6	80	hold	reverse	3	30	0.02	0.0005	12470	-0.130833								0.0236568				robustness
4.6	80	hold	reverse	5	1	0.005	0	12470	0.00471376								0.00032077				robustness
4.6	80	hold	reverse	5	1	0.005	0.00011	12470	-0.000649645								0.00032077				robustness
4.6	80	hold	reverse	5	1	0.005	0.0005	12470	-0.0196654								0.00032077				robustness
4.6	80	hold	reverse	5	1	0.02	0	12470	0.00471376								0.00032077				robustness
4.6	80	hold	reverse	5	1	0.02	0.0005	12470	-0.0196654								0.00032077				robustness
4.6	80	hold	reverse	5	7	0.005	0	12470	0.0147954								0.00569366				robustness
4.6	80	hold	reverse	5	7	0.005	0.00011	12470	-0.00676963								0.00593424				robustness
4.6	80	hold	reverse	5	7	0.005	0.0005	12470	-0.0832275								0.00673617				robustness
4.6	80	hold	reverse	5	7	0.02	0	12470	0.0147005								0.00609463				robustness
4.6	80	hold	reverse	5	7	0.02	0.0005	12470	-0.0836993								0.00801925				robustness
4.6	80	hold	reverse	5	30	0.005	0	12470	0.0215143								0.047073				robustness
4.6	80	hold	reverse	5	30	0.005	0.00011	12470	-0.0298297								0.0496391				robustness
4.6	80	hold	reverse	5	30	0.005	0.0005	12470	-0.212036								0.0609463				robustness
4.6	80	hold	reverse	5	30	0.02	0	12470	0.0203249								0.0502005				robustness
4.6	80	hold	reverse	5	30	0.02	0.0005	12470	-0.214483								0.0670409				robustness
4.6	80	hold	reverse	10	1	0.005	0	12470	0.00939596								0.00168404				robustness
4.6	80	hold	reverse	10	1	0.005	0.00011	12470	-0.00135149								0.00176423				robustness
4.6	80	hold	reverse	10	1	0.005	0.0005	12470	-0.0393723								0.00192462				robustness
4.6	80	hold	reverse	10	1	0.02	0	12470	0.00929029								0.00200481				robustness
4.6	80	hold	reverse	10	1	0.02	0.0005	12470	-0.0394895								0.00232558				robustness
4.6	80	hold	reverse	10	7	0.005	0	12470	0.0294219								0.0326383				robustness
4.6	80	hold	reverse	10	7	0.005	0.00011	12470	-0.0141412								0.0352847				robustness
4.6	80	hold	reverse	10	7	0.005	0.0005	12470	-0.166819								0.0459503				robustness
4.6	80	hold	reverse	10	7	0.02	0	12470	0.0269545								0.0380112				robustness
4.6	80	hold	reverse	10	7	0.02	0.0005	12470	-0.169673								0.0530874				robustness
4.6	80	hold	reverse	10	30	0.005	0	12470	0.0427628								0.189976				robustness
4.6	80	hold	reverse	10	30	0.005	0.00011	12470	-0.0582956								0.205694				robustness
4.6	80	hold	reverse	10	30	0.005	0.0005	12470	-0.416349								0.292221				robustness
4.6	80	hold	reverse	10	30	0.02	0	12470	0.03163								0.206897				robustness
4.6	80	hold	reverse	10	30	0.02	0.0005	12470	-0.43041								0.319006				robustness
4.6	80	hold	reverse	15	1	0.005	0	12470	0.0139287								0.00593424				robustness
4.6	80	hold	reverse	15	1	0.005	0.00011	12470	-0.00224897								0.0064154				robustness
4.6	80	hold	reverse	15	1	0.005	0.0005	12470	-0.0593583								0.00737771				robustness
4.6	80	hold	reverse	15	1	0.02	0	12470	0.0131366								0.00777867				robustness
4.6	80	hold	reverse	15	1	0.02	0.0005	12470	-0.0604848								0.0101043				robustness
4.6	80	hold	reverse	15	7	0.005	0	12470	0.0419252								0.0837209				robustness
4.6	80	hold	reverse	15	7	0.005	0.00011	12470	-0.0234308								0.0905373				robustness
4.6	80	hold	reverse	15	7	0.005	0.0005	12470	-0.251823								0.12494				robustness
4.6	80	hold	reverse	15	7	0.02	0	12470	0.0318375								0.100481				robustness
4.6	80	hold	reverse	15	7	0.02	0.0005	12470	-0.263796								0.149399				robustness
4.6	80	hold	reverse	15	30	0.005	0	12470	0.0582336								0.335766				robustness
4.6	80	hold	reverse	15	30	0.005	0.00011	12470	-0.0886405								0.363913				robustness
4.6	80	hold	reverse	15	30	0.005	0.0005	12470	-0.586898								0.522213				robustness
4.6	80	hold	reverse	15	30	0.02	0	12470	0.023894								0.367763				robustness
4.6	80	hold	reverse	15	30	0.02	0.0005	12470	-0.618115								0.568966				robustness
4.6	80	hold	reverse	30	1	0.005	0	12470	0.0276214								0.0307137				robustness
4.6	80	hold	reverse	30	1	0.005	0.00011	12470	-0.00453216								0.0327185				robustness
4.6	80	hold	reverse	30	1	0.005	0.0005	12470	-0.117368								0.0410585				robustness
4.6	80	hold	reverse	30	1	0.02	0	12470	0.0222657								0.0413793				robustness
4.6	80	hold	reverse	30	1	0.02	0.0005	12470	-0.125139								0.0582197				robustness
4.6	80	hold	reverse	30	7	0.005	0	12470	0.0802933								0.251083				robustness
4.6	80	hold	reverse	30	7	0.005	0.00011	12470	-0.043822								0.273777				robustness
4.6	80	hold	reverse	30	7	0.005	0.0005	12470	-0.463249								0.39174				robustness
4.6	80	hold	reverse	30	7	0.02	0	12470	0.0332805								0.301844				robustness
4.6	80	hold	reverse	30	7	0.02	0.0005	12470	-0.520432								0.477145				robustness
4.6	80	hold	reverse	30	30	0.005	0	12470	0.093604								0.578589				robustness
4.6	80	hold	reverse	30	30	0.005	0.00011	12470	-0.149469								0.621732				robustness
4.6	80	hold	reverse	30	30	0.005	0.0005	12470	-0.832632								0.835365				robustness
4.6	80	hold	reverse	30	30	0.02	0	12470	-0.00342177								0.626063				robustness
4.6	80	hold	reverse	30	30	0.02	0.0005	12470	-0.883446								0.889334				robustness
4.6	80	recover	auto	3	1	0.02	0.00011	12470	-0.00430937								0				robustness
4.6	80	recover	auto	3	7	0.02	0.00011	12470	-0.0116349								0.000240577				robustness
4.6	80	recover	auto	3	30	0.02	0.00011	12470	-0.0187077								0.0042502				robustness
4.6	80	recover	auto	5	1	0.02	0.00011	12470	-0.0072386								0.000240577				robustness
4.6	80	recover	auto	5	7	0.02	0.00011	12470	-0.0195607								0.00224539				robustness
4.6	80	recover	auto	5	30	0.02	0.00011	12470	-0.0296419								0.010826				robustness
4.6	80	recover	auto	10	1	0.02	0.00011	12470	-0.0146365								0.00136327				robustness
4.6	80	recover	auto	10	7	0.02	0.00011	12470	-0.0402864								0.0157979				robustness
4.6	80	recover	auto	10	30	0.02	0.00011	12470	-0.0602851								0.0601443				robustness
4.6	80	recover	auto	15	1	0.02	0.00011	12470	-0.0221286								0.00465116				robustness
4.6	80	recover	auto	15	7	0.02	0.00011	12470	-0.0621635								0.0457097				robustness
4.6	80	recover	auto	15	30	0.02	0.00011	12470	-0.0895939								0.118524				robustness
4.6	80	recover	auto	30	1	0.02	0.00011	12470	-0.0477051								0.0310345				robustness
4.6	80	recover	auto	30	7	0.02	0.00011	12470	-0.133681								0.179551				robustness
4.6	80	recover	auto	30	30	0.02	0.00011	12470	-0.172025								0.268324				robustness
4.6	80	recover	reverse	3	1	0.005	0	12470	0.00210942								0				robustness
4.6	80	recover	reverse	3	1	0.005	0.00011	12470	-0.000401589								0				robustness
4.6	80	recover	reverse	3	1	0.005	0.0005	12470	-0.00930425								0				robustness
4.6	80	recover	reverse	3	1	0.02	0	12470	0.00210942								0				robustness
4.6	80	recover	reverse	3	1	0.02	0.0005	12470	-0.00930425								0				robustness
4.6	80	recover	reverse	3	7	0.005	0	12470	0.000300399								8.01925e-05				robustness
4.6	80	recover	reverse	3	7	0.005	0.00011	12470	-0.00463286								8.01925e-05				robustness
4.6	80	recover	reverse	3	7	0.005	0.0005	12470	-0.0221235								8.01925e-05				robustness
4.6	80	recover	reverse	3	7	0.02	0	12470	0.000278044								0.000160385				robustness
4.6	80	recover	reverse	3	7	0.02	0.0005	12470	-0.0222106								0.00032077				robustness
4.6	80	recover	reverse	3	30	0.005	0	12470	-0.00640559								0.00400962				robustness
4.6	80	recover	reverse	3	30	0.005	0.00011	12470	-0.0115914								0.00400962				robustness
4.6	80	recover	reverse	3	30	0.005	0.0005	12470	-0.0300027								0.00408982				robustness
4.6	80	recover	reverse	3	30	0.02	0	12470	-0.00643802								0.00417001				robustness
4.6	80	recover	reverse	3	30	0.02	0.0005	12470	-0.0301983								0.00449078				robustness
4.6	80	recover	reverse	5	1	0.005	0	12470	0.00345825								0.000240577				robustness
4.6	80	recover	reverse	5	1	0.005	0.00011	12470	-0.000726394								0.000240577				robustness
4.6	80	recover	reverse	5	1	0.005	0.0005	12470	-0.0155629								0.000240577				robustness
4.6	80	recover	reverse	5	1	0.02	0	12470	0.00345825								0.000240577				robustness
4.6	80	recover	reverse	5	1	0.02	0.0005	12470	-0.0155629								0.000240577				robustness
4.6	80	recover	reverse	5	7	0.005	0	12470	0.000339738								0.00192462				robustness
4.6	80	recover	reverse	5	7	0.005	0.00011	12470	-0.00787233								0.00192462				robustness
4.6	80	recover	reverse	5	7	0.005	0.0005	12470	-0.0370766								0.002085				robustness
4.6	80	recover	reverse	5	7	0.02	0	12470	0.000310636								0.00200481				robustness
4.6	80	recover	reverse	5	7	0.02	0.0005	12470	-0.0371928								0.00232558				robustness
4.6	80	recover	reverse	5	30	0.005	0	12470	-0.00926692								0.0103448				robustness
4.6	80	recover	reverse	5	30	0.005	0.00011	12470	-0.0179202								0.0105052				robustness
4.6	80	recover	reverse	5	30	0.005	0.0005	12470	-0.0484476								0.0109864				robustness
4.6	80	recover	reverse	5	30	0.02	0	12470	-0.00937147								0.010826				robustness
4.6	80	recover	reverse	5	30	0.02	0.0005	12470	-0.0486474								0.0113071				robustness
4.6	80	recover	reverse	10	1	0.005	0	12470	0.00679975								0.00120289				robustness
4.6	80	recover	reverse	10	1	0.005	0.00011	12470	-0.00156258								0.00120289				robustness
4.6	80	recover	reverse	10	1	0.005	0.0005	12470	-0.0312752								0.00136327				robustness
4.6	80	recover	reverse	10	1	0.02	0	12470	0.00673016								0.00136327				robustness
4.6	80	recover	reverse	10	1	0.02	0.0005	12470	-0.0313087								0.00144346				robustness
4.6	80	recover	reverse	10	7	0.005	0	12470	0.00032659								0.0124298				robustness
4.6	80	recover	reverse	10	7	0.005	0.00011	12470	-0.0160923								0.0127506				robustness
4.6	80	recover	reverse	10	7	0.005	0.0005	12470	-0.0747941								0.0151564				robustness
4.6	80	recover	reverse	10	7	0.02	0	12470	-0.000515648								0.0143545				robustness
4.6	80	recover	reverse	10	7	0.02	0.0005	12470	-0.0755443								0.0173216				robustness
4.6	80	recover	reverse	10	30	0.005	0	12470	-0.0162402								0.0514034				robustness
4.6	80	recover	reverse	10	30	0.005	0.00011	12470	-0.0334811								0.0526063				robustness
4.6	80	recover	reverse	10	30	0.005	0.0005	12470	-0.0955172								0.0593424				robustness
4.6	80	recover	reverse	10	30	0.02	0	12470	-0.0191783								0.0568565				robustness
4.6	80	recover	reverse	10	30	0.02	0.0005	12470	-0.0982624								0.0647955				robustness
4.6	80	recover	reverse	15	1	0.005	0	12470	0.0103596								0.00344828				robustness
4.6	80	recover	reverse	15	1	0.005	0.00011	12470	-0.00219313								0.00352847				robustness
4.6	80	recover	reverse	15	1	0.005	0.0005	12470	-0.0466862								0.00384924				robustness
4.6	80	recover	reverse	15	1	0.02	0	12470	0.0100286								0.0042502				robustness
4.6	80	recover	reverse	15	1	0.02	0.0005	12470	-0.0472562								0.00521251				robustness
4.6	80	recover	reverse	15	7	0.005	0	12470	-9.37783e-05								0.036247				robustness
4.6	80	recover	reverse	15	7	0.005	0.00011	12470	-0.0247377								0.0376905				robustness
4.6	80	recover	reverse	15	7	0.005	0.0005	12470	-0.11208								0.0440257				robustness
4.6	80	recover	reverse	15	7	0.02	0	12470	-0.00206846								0.040818				robustness
4.6	80	recover	reverse	15	7	0.02	0.0005	12470	-0.115457								0.0514034				robustness
4.6	80	recover	reverse	15	30	0.005	0	12470	-0.0217776								0.102807				robustness
4.6	80	recover	reverse	15	30	0.005	0.00011	12470	-0.0475474								0.105774				robustness
4.6	80	recover	reverse	15	30	0.005	0.0005	12470	-0.139263								0.118685				robustness
4.6	80	recover	reverse	15	30	0.02	0	12470	-0.0271733								0.110104				robustness
4.6	80	recover	reverse	15	30	0.02	0.0005	12470	-0.147227								0.130072				robustness
4.6	80	recover	reverse	30	1	0.005	0	12470	0.0206513								0.0196472				robustness
4.6	80	recover	reverse	30	1	0.005	0.00011	12470	-0.00448603								0.02085				robustness
4.6	80	recover	reverse	30	1	0.005	0.0005	12470	-0.0939417								0.0256616				robustness
4.6	80	recover	reverse	30	1	0.02	0	12470	0.0170817								0.0270249				robustness
4.6	80	recover	reverse	30	1	0.02	0.0005	12470	-0.0979351								0.0349639				robustness
4.6	80	recover	reverse	30	7	0.005	0	12470	0.00454609								0.133921				robustness
4.6	80	recover	reverse	30	7	0.005	0.00011	12470	-0.0430132								0.139535				robustness
4.6	80	recover	reverse	30	7	0.005	0.0005	12470	-0.217978								0.172574				robustness
4.6	80	recover	reverse	30	7	0.02	0	12470	-0.0126794								0.15854				robustness
4.6	80	recover	reverse	30	7	0.02	0.0005	12470	-0.240248								0.206335				robustness
4.6	80	recover	reverse	30	30	0.005	0	12470	-0.024942								0.222374				robustness
4.6	80	recover	reverse	30	30	0.005	0.00011	12470	-0.0754902								0.230874				robustness
4.6	80	recover	reverse	30	30	0.005	0.0005	12470	-0.255327								0.269126				robustness
4.6	80	recover	reverse	30	30	0.02	0	12470	-0.0489793								0.244667				robustness
4.6	80	recover	reverse	30	30	0.02	0.0005	12470	-0.283762								0.298877				robustness
7	40	close	auto	3	1	0.02	0.00011	12470	-0.00112709								0				robustness
7	40	close	auto	3	7	0.02	0.00011	12470	-0.00464646								0				robustness
7	40	close	auto	3	30	0.02	0.00011	12470	-0.00691777								0				robustness
7	40	close	auto	5	1	0.02	0.00011	12470	-0.00187848								0				robustness
7	40	close	auto	5	7	0.02	0.00011	12470	-0.0077441								0				robustness
7	40	close	auto	5	30	0.02	0.00011	12470	-0.0115296								0				robustness
7	40	close	auto	10	1	0.02	0.00011	12470	-0.00375696								0				robustness
7	40	close	auto	10	7	0.02	0.00011	12470	-0.0154882								0				robustness
7	40	close	auto	10	30	0.02	0.00011	12470	-0.0230592								0				robustness
7	40	close	auto	15	1	0.02	0.00011	12470	-0.00563544								0				robustness
7	40	close	auto	15	7	0.02	0.00011	12470	-0.0232323								0				robustness
7	40	close	auto	15	30	0.02	0.00011	12470	-0.0345888								0				robustness
7	40	close	auto	30	1	0.02	0.00011	12470	-0.0112709								0				robustness
7	40	close	auto	30	7	0.02	0.00011	12470	-0.0464646								0				robustness
7	40	close	auto	30	30	0.02	0.00011	12470	-0.0691777								0				robustness
7	40	close	reverse	3	1	0.005	0	12470	0.00132153								0				robustness
7	40	close	reverse	3	1	0.005	0.00011	12470	0.000649807								0				robustness
7	40	close	reverse	3	1	0.005	0.0005	12470	-0.00173177								0				robustness
7	40	close	reverse	3	1	0.02	0	12470	0.00132153								0				robustness
7	40	close	reverse	3	1	0.02	0.0005	12470	-0.00173177								0				robustness
7	40	close	reverse	3	7	0.005	0	12470	0.00159996								0				robustness
7	40	close	reverse	3	7	0.005	0.00011	12470	-0.000351657								0				robustness
7	40	close	reverse	3	7	0.005	0.0005	12470	-0.00727101								0				robustness
7	40	close	reverse	3	7	0.02	0	12470	0.00159996								0				robustness
7	40	close	reverse	3	7	0.02	0.0005	12470	-0.00727101								0				robustness
7	40	close	reverse	3	30	0.005	0	12470	0.000370718								0				robustness
7	40	close	reverse	3	30	0.005	0.00011	12470	-0.00197799								0				robustness
7	40	close	reverse	3	30	0.005	0.0005	12470	-0.0103052								0				robustness
7	40	close	reverse	3	30	0.02	0	12470	0.000370718								0				robustness
7	40	close	reverse	3	30	0.02	0.0005	12470	-0.0103052								0				robustness
7	40	close	reverse	5	1	0.005	0	12470	0.00220256								0				robustness
7	40	close	reverse	5	1	0.005	0.00011	12470	0.00108301								0				robustness
7	40	close	reverse	5	1	0.005	0.0005	12470	-0.00288628								0				robustness
7	40	close	reverse	5	1	0.02	0	12470	0.00220256								0				robustness
7	40	close	reverse	5	1	0.02	0.0005	12470	-0.00288628								0				robustness
7	40	close	reverse	5	7	0.005	0	12470	0.00266659								0				robustness
7	40	close	reverse	5	7	0.005	0.00011	12470	-0.000586095								0				robustness
7	40	close	reverse	5	7	0.005	0.0005	12470	-0.0121184								0				robustness
7	40	close	reverse	5	7	0.02	0	12470	0.00266659								0				robustness
7	40	close	reverse	5	7	0.02	0.0005	12470	-0.0121184								0				robustness
7	40	close	reverse	5	30	0.005	0	12470	0.000617863								0				robustness
7	40	close	reverse	5	30	0.005	0.00011	12470	-0.00329665								0				robustness
7	40	close	reverse	5	30	0.005	0.0005	12470	-0.0171754								0				robustness
7	40	close	reverse	5	30	0.02	0	12470	0.000617863								0				robustness
7	40	close	reverse	5	30	0.02	0.0005	12470	-0.0171754								0				robustness
7	40	close	reverse	10	1	0.005	0	12470	0.00440511								0				robustness
7	40	close	reverse	10	1	0.005	0.00011	12470	0.00216602								0				robustness
7	40	close	reverse	10	1	0.005	0.0005	12470	-0.00577256								0				robustness
7	40	close	reverse	10	1	0.02	0	12470	0.00440511								0				robustness
7	40	close	reverse	10	1	0.02	0.0005	12470	-0.00577256								0				robustness
7	40	close	reverse	10	7	0.005	0	12470	0.00533319								0				robustness
7	40	close	reverse	10	7	0.005	0.00011	12470	-0.00117219								0				robustness
7	40	close	reverse	10	7	0.005	0.0005	12470	-0.0242367								0				robustness
7	40	close	reverse	10	7	0.02	0	12470	0.00533319								0				robustness
7	40	close	reverse	10	7	0.02	0.0005	12470	-0.0242367								0				robustness
7	40	close	reverse	10	30	0.005	0	12470	0.00123573								0				robustness
7	40	close	reverse	10	30	0.005	0.00011	12470	-0.0065933								0				robustness
7	40	close	reverse	10	30	0.005	0.0005	12470	-0.0343507								0				robustness
7	40	close	reverse	10	30	0.02	0	12470	0.00123573								0				robustness
7	40	close	reverse	10	30	0.02	0.0005	12470	-0.0343507								0				robustness
7	40	close	reverse	15	1	0.005	0	12470	0.00660767								0				robustness
7	40	close	reverse	15	1	0.005	0.00011	12470	0.00324904								0				robustness
7	40	close	reverse	15	1	0.005	0.0005	12470	-0.00865884								0				robustness
7	40	close	reverse	15	1	0.02	0	12470	0.00660767								0				robustness
7	40	close	reverse	15	1	0.02	0.0005	12470	-0.00865884								0				robustness
7	40	close	reverse	15	7	0.005	0	12470	0.00799978								0				robustness
7	40	close	reverse	15	7	0.005	0.00011	12470	-0.00175828								0				robustness
7	40	close	reverse	15	7	0.005	0.0005	12470	-0.0363551								0				robustness
7	40	close	reverse	15	7	0.02	0	12470	0.00799978								0				robustness
7	40	close	reverse	15	7	0.02	0.0005	12470	-0.0363551								0				robustness
7	40	close	reverse	15	30	0.005	0	12470	0.00185359								0				robustness
7	40	close	reverse	15	30	0.005	0.00011	12470	-0.00988995								0				robustness
7	40	close	reverse	15	30	0.005	0.0005	12470	-0.0515261								0				robustness
7	40	close	reverse	15	30	0.02	0	12470	0.00185359								0				robustness
7	40	close	reverse	15	30	0.02	0.0005	12470	-0.0515261								0				robustness
7	40	close	reverse	30	1	0.005	0	12470	0.0132153								0				robustness
7	40	close	reverse	30	1	0.005	0.00011	12470	0.00649807								0				robustness
7	40	close	reverse	30	1	0.005	0.0005	12470	-0.0173177								0				robustness
7	40	close	reverse	30	1	0.02	0	12470	0.0132153								0				robustness
7	40	close	reverse	30	1	0.02	0.0005	12470	-0.0173177								0				robustness
7	40	close	reverse	30	7	0.005	0	12470	0.0159996								0				robustness
7	40	close	reverse	30	7	0.005	0.00011	12470	-0.00351657								0				robustness
7	40	close	reverse	30	7	0.005	0.0005	12470	-0.0727101								0				robustness
7	40	close	reverse	30	7	0.02	0	12470	0.0159996								0				robustness
7	40	close	reverse	30	7	0.02	0.0005	12470	-0.0727101								0				robustness
7	40	close	reverse	30	30	0.005	0	12470	0.00370718								0				robustness
7	40	close	reverse	30	30	0.005	0.00011	12470	-0.0197799								0				robustness
7	40	close	reverse	30	30	0.005	0.0005	12470	-0.103052								0				robustness
7	40	close	reverse	30	30	0.02	0	12470	0.00370718								0				robustness
7	40	close	reverse	30	30	0.02	0.0005	12470	-0.103052								0				robustness
7	40	hold	auto	3	1	0.02	0.00011	12470	-0.00152423								0				robustness
7	40	hold	auto	3	7	0.02	0.00011	12470	-0.00876189								0.00120289				robustness
7	40	hold	auto	3	30	0.02	0.00011	12470	-0.0348733								0.0207698				robustness
7	40	hold	auto	5	1	0.02	0.00011	12470	-0.00266956								0.00032077				robustness
7	40	hold	auto	5	7	0.02	0.00011	12470	-0.0151679								0.00625501				robustness
7	40	hold	auto	5	30	0.02	0.00011	12470	-0.0525662								0.0523657				robustness
7	40	hold	auto	10	1	0.02	0.00011	12470	-0.00541448								0.00176423				robustness
7	40	hold	auto	10	7	0.02	0.00011	12470	-0.0324647								0.0378508				robustness
7	40	hold	auto	10	30	0.02	0.00011	12470	-0.113257								0.219086				robustness
7	40	hold	auto	15	1	0.02	0.00011	12470	-0.00881385								0.00665597				robustness
7	40	hold	auto	15	7	0.02	0.00011	12470	-0.0549957								0.0969527				robustness
7	40	hold	auto	15	30	0.02	0.00011	12470	-0.181367								0.390938				robustness
7	40	hold	auto	30	1	0.02	0.00011	12470	-0.0222826								0.0357658				robustness
7	40	hold	auto	30	7	0.02	0.00011	12470	-0.135794								0.301604				robustness
7	40	hold	auto	30	30	0.02	0.00011	12470	-0.34376								0.671051				robustness
7	40	hold	reverse	3	1	0.005	0	12470	0.00142204								0				robustness
7	40	hold	reverse	3	1	0.005	0.00011	12470	0.000671075								0				robustness
7	40	hold	reverse	3	1	0.005	0.0005	12470	-0.00199143								0				robustness
7	40	hold	reverse	3	1	0.02	0	12470	0.00142204								0				robustness
7	40	hold	reverse	3	1	0.02	0.0005	12470	-0.00199143								0				robustness
7	40	hold	reverse	3	7	0.005	0	12470	0.0036125								0.00096231				robustness
7	40	hold	reverse	3	7	0.005	0.00011	12470	0.000202524								0.00096231				robustness
7	40	hold	reverse	3	7	0.005	0.0005	12470	-0.0118874								0.00096231				robustness
7	40	hold	reverse	3	7	0.02	0	12470	0.0035949								0.0010425				robustness
7	40	hold	reverse	3	7	0.02	0.0005	12470	-0.0119442								0.00120289				robustness
7	40	hold	reverse	3	30	0.005	0	12470	-0.00370717								0.0185245				robustness
7	40	hold	reverse	3	30	0.005	0.00011	12470	-0.0124332								0.0189254				robustness
7	40	hold	reverse	3	30	0.005	0.0005	12470	-0.0431444								0.0194868				robustness
7	40	hold	reverse	3	30	0.02	0	12470	-0.00408513								0.0198075				robustness
7	40	hold	reverse	3	30	0.02	0.0005	12470	-0.0434658								0.0206095				robustness
7	40	hold	reverse	5	1	0.005	0	12470	0.00223736								0.00032077				robustness
7	40	hold	reverse	5	1	0.005	0.00011	12470	0.000986218								0.00032077				robustness
7	40	hold	reverse	5	1	0.005	0.0005	12470	-0.00344965								0.00032077				robustness
7	40	hold	reverse	5	1	0.02	0	12470	0.00223736								0.00032077				robustness
7	40	hold	reverse	5	1	0.02	0.0005	12470	-0.00344965								0.00032077				robustness
7	40	hold	reverse	5	7	0.005	0	12470	0.00556144								0.00553328				robustness
7	40	hold	reverse	5	7	0.005	0.00011	12470	-0.000104473								0.00553328				robustness
7	40	hold	reverse	5	7	0.005	0.0005	12470	-0.0202711								0.00569366				robustness
7	40	hold	reverse	5	7	0.02	0	12470	0.00539373								0.00601443				robustness
7	40	hold	reverse	5	7	0.02	0.0005	12470	-0.0204599								0.00617482				robustness
7	40	hold	reverse	5	30	0.005	0	12470	-0.000766147								0.047073				robustness
7	40	hold	reverse	5	30	0.005	0.00011	12470	-0.0151982								0.0478749				robustness
7	40	hold	reverse	5	30	0.005	0.0005	12470	-0.0659813								0.0497995				robustness
7	40	hold	reverse	5	30	0.02	0	12470	-0.00202066								0.0503609				robustness
7	40	hold	reverse	5	30	0.02	0.0005	12470	-0.0670998								0.052927				robustness
7	40	hold	reverse	10	1	0.005	0	12470	0.00445196								0.00144346				robustness
7	40	hold	reverse	10	1	0.005	0.00011	12470	0.00195367								0.00144346				robustness
7	40	hold	reverse	10	1	0.005	0.0005	12470	-0.00690389								0.00144346				robustness
7	40	hold	reverse	10	1	0.02	0	12470	0.00437884								0.00168404				robustness
7	40	hold	reverse	10	1	0.02	0.0005	12470	-0.00697464								0.00168404				robustness
7	40	hold	reverse	10	7	0.005	0	12470	0.011195								0.029591				robustness
7	40	hold	reverse	10	7	0.005	0.00011	12470	-0.000284954								0.0304731				robustness
7	40	hold	reverse	10	7	0.005	0.0005	12470	-0.0404688								0.0324779				robustness
7	40	hold	reverse	10	7	0.02	0	12470	0.00896402								0.0347233				robustness
7	40	hold	reverse	10	7	0.02	0.0005	12470	-0.0431439								0.038332				robustness
7	40	hold	reverse	10	30	0.005	0	12470	-0.00138475								0.186047				robustness
7	40	hold	reverse	10	30	0.005	0.00011	12470	-0.0294761								0.189655				robustness
7	40	hold	reverse	10	30	0.005	0.0005	12470	-0.130643								0.205293				robustness
7	40	hold	reverse	10	30	0.02	0	12470	-0.0139092								0.203528				robustness
7	40	hold	reverse	10	30	0.02	0.0005	12470	-0.143472								0.225341				robustness
7	40	hold	reverse	15	1	0.005	0	12470	0.00702267								0.00352847				robustness
7	40	hold	reverse	15	1	0.005	0.00011	12470	0.00326319								0.00360866				robustness
7	40	hold	reverse	15	1	0.005	0.0005	12470	-0.0102173								0.00408982				robustness
7	40	hold	reverse	15	1	0.02	0	12470	0.00639338								0.00537289				robustness
7	40	hold	reverse	15	1	0.02	0.0005	12470	-0.0111712								0.00649559				robustness
7	40	hold	reverse	15	7	0.005	0	12470	0.0157341								0.0750601				robustness
7	40	hold	reverse	15	7	0.005	0.00011	12470	-0.00122268								0.0768244				robustness
7	40	hold	reverse	15	7	0.005	0.0005	12470	-0.0622163								0.0832398				robustness
7	40	hold	reverse	15	7	0.02	0	12470	0.00782649								0.0886929				robustness
7	40	hold	reverse	15	7	0.02	0.0005	12470	-0.0716802								0.0995188				robustness
7	40	hold	reverse	15	30	0.005	0	12470	-0.00267845								0.326383				robustness
7	40	hold	reverse	15	30	0.005	0.00011	12470	-0.0434295								0.334162				robustness
7	40	hold	reverse	15	30	0.005	0.0005	12470	-0.193227								0.369286				robustness
7	40	hold	reverse	15	30	0.02	0	12470	-0.0337759								0.357578				robustness
7	40	hold	reverse	15	30	0.02	0.0005	12470	-0.227553								0.404972				robustness
7	40	hold	reverse	30	1	0.005	0	12470	0.0124148								0.0225341				robustness
7	40	hold	reverse	30	1	0.005	0.00011	12470	0.00481933								0.0230954				robustness
7	40	hold	reverse	30	1	0.005	0.0005	12470	-0.021838								0.025822				robustness
7	40	hold	reverse	30	1	0.02	0	12470	0.00724513								0.0314354				robustness
7	40	hold	reverse	30	1	0.02	0.0005	12470	-0.026791								0.034563				robustness
7	40	hold	reverse	30	7	0.005	0	12470	0.0244716								0.226704				robustness
7	40	hold	reverse	30	7	0.005	0.00011	12470	-0.00808158								0.231596				robustness
7	40	hold	reverse	30	7	0.005	0.0005	12470	-0.123956								0.255333				robustness
7	40	hold	reverse	30	7	0.02	0	12470	-0.0193853								0.273857				robustness
7	40	hold	reverse	30	7	0.02	0.0005	12470	-0.170568								0.31235				robustness
7	40	hold	reverse	30	30	0.005	0	12470	-0.0295205								0.575541				robustness
7	40	hold	reverse	30	30	0.005	0.00011	12470	-0.0963712								0.587249				robustness
7	40	hold	reverse	30	30	0.005	0.0005	12470	-0.330308								0.637931				robustness
7	40	hold	reverse	30	30	0.02	0	12470	-0.114996								0.621171				robustness
7	40	hold	reverse	30	30	0.02	0.0005	12470	-0.412904								0.689415				robustness
7	40	recover	auto	3	1	0.02	0.00011	12470	-0.0013188								0				robustness
7	40	recover	auto	3	7	0.02	0.00011	12470	-0.00676125								8.01925e-05				robustness
7	40	recover	auto	3	30	0.02	0.00011	12470	-0.0179199								0.00665597				robustness
7	40	recover	auto	5	1	0.02	0.00011	12470	-0.00219634								0.000160385				robustness
7	40	recover	auto	5	7	0.02	0.00011	12470	-0.0115965								0.00248597				robustness
7	40	recover	auto	5	30	0.02	0.00011	12470	-0.0274044								0.0159583				robustness
7	40	recover	auto	10	1	0.02	0.00011	12470	-0.00471457								0.00136327				robustness
7	40	recover	auto	10	7	0.02	0.00011	12470	-0.0245772								0.0180433				robustness
7	40	recover	auto	10	30	0.02	0.00011	12470	-0.0536477								0.0728949				robustness
7	40	recover	auto	15	1	0.02	0.00011	12470	-0.00725728								0.00392943				robustness
7	40	recover	auto	15	7	0.02	0.00011	12470	-0.0391465								0.0502005				robustness
7	40	recover	auto	15	30	0.02	0.00011	12470	-0.0815981								0.148196				robustness
7	40	recover	auto	30	1	0.02	0.00011	12470	-0.018802								0.0267041				robustness
7	40	recover	auto	30	7	0.02	0.00011	12470	-0.0971115								0.195108				robustness
7	40	recover	auto	30	30	0.02	0.00011	12470	-0.170448								0.346672				robustness
7	40	recover	reverse	3	1	0.005	0	12470	0.00108549								0				robustness
7	40	recover	reverse	3	1	0.005	0.00011	12470	0.000425259								0				robustness
7	40	recover	reverse	3	1	0.005	0.0005	12470	-0.00191556								0				robustness
7	40	recover	reverse	3	1	0.02	0	12470	0.00108549								0				robustness
7	40	recover	reverse	3	1	0.02	0.0005	12470	-0.00191556								0				robustness
7	40	recover	reverse	3	7	0.005	0	12470	-0.000799194								8.01925e-05				robustness
7	40	recover	reverse	3	7	0.005	0.00011	12470	-0.00271674								8.01925e-05				robustness
7	40	recover	reverse	3	7	0.005	0.0005	12470	-0.0095153								8.01925e-05				robustness
7	40	recover	reverse	3	7	0.02	0	12470	-0.000799194								8.01925e-05				robustness
7	40	recover	reverse	3	7	0.02	0.0005	12470	-0.0095153								8.01925e-05				robustness
7	40	recover	reverse	3	30	0.005	0	12470	-0.0111242								0.00625501				robustness
7	40	recover	reverse	3	30	0.005	0.00011	12470	-0.0134391								0.00625501				robustness
7	40	recover	reverse	3	30	0.005	0.0005	12470	-0.0216713								0.0063352				robustness
7	40	recover	reverse	3	30	0.02	0	12470	-0.0111767								0.0064154				robustness
7	40	recover	reverse	3	30	0.02	0.0005	12470	-0.0217773								0.00673617				robustness
7	40	recover	reverse	5	1	0.005	0	12470	0.0018098								0.000160385				robustness
7	40	recover	reverse	5	1	0.005	0.00011	12470	0.000709526								0.000160385				robustness
7	40	recover	reverse	5	1	0.005	0.0005	12470	-0.00319145								0.000160385				robustness
7	40	recover	reverse	5	1	0.02	0	12470	0.0018098								0.000160385				robustness
7	40	recover	reverse	5	1	0.02	0.0005	12470	-0.00319145								0.000160385				robustness
7	40	recover	reverse	5	7	0.005	0	12470	-0.00154351								0.00240577				robustness
7	40	recover	reverse	5	7	0.005	0.00011	12470	-0.00473523								0.00240577				robustness
7	40	recover	reverse	5	7	0.005	0.0005	12470	-0.0161285								0.00248597				robustness
7	40	recover	reverse	5	7	0.02	0	12470	-0.00162187								0.00248597				robustness
7	40	recover	reverse	5	7	0.02	0.0005	12470	-0.0161952								0.00256616				robustness
7	40	recover	reverse	5	30	0.005	0	12470	-0.0157584								0.0143545				robustness
7	40	recover	reverse	5	30	0.005	0.00011	12470	-0.0195926								0.0144346				robustness
7	40	recover	reverse	5	30	0.005	0.0005	12470	-0.0334735								0.014996				robustness
7	40	recover	reverse	5	30	0.02	0	12470	-0.0162518								0.0157177				robustness
7	40	recover	reverse	5	30	0.02	0.0005	12470	-0.0338707								0.0162791				robustness
7	40	recover	reverse	10	1	0.005	0	12470	0.00337434								0.00112269				robustness
7	40	recover	reverse	10	1	0.005	0.00011	12470	0.00117612								0.00112269				robustness
7	40	recover	reverse	10	1	0.005	0.0005	12470	-0.00661759								0.00112269				robustness
7	40	recover	reverse	10	1	0.02	0	12470	0.00331879								0.00128308				robustness
7	40	recover	reverse	10	1	0.02	0.0005	12470	-0.00667164								0.00128308				robustness
7	40	recover	reverse	10	7	0.005	0	12470	-0.0036477								0.014996				robustness
7	40	recover	reverse	10	7	0.005	0.00011	12470	-0.0100822								0.0153168				robustness
7	40	recover	reverse	10	7	0.005	0.0005	12470	-0.0326721								0.0158781				robustness
7	40	recover	reverse	10	7	0.02	0	12470	-0.00455947								0.0172414				robustness
7	40	recover	reverse	10	7	0.02	0.0005	12470	-0.0338033								0.0184443				robustness
7	40	recover	reverse	10	30	0.005	0	12470	-0.027735								0.064154				robustness
7	40	recover	reverse	10	30	0.005	0.00011	12470	-0.035483								0.0648757				robustness
7	40	recover	reverse	10	30	0.005	0.0005	12470	-0.0625927								0.0676022				robustness
7	40	recover	reverse	10	30	0.02	0	12470	-0.0309074								0.0700882				robustness
7	40	recover	reverse	10	30	0.02	0.0005	12470	-0.0665613								0.0751403				robustness
7	40	recover	reverse	15	1	0.005	0	12470	0.00524702								0.00256616				robustness
7	40	recover	reverse	15	1	0.005	0.00011	12470	0.00195507								0.00256616				robustness
7	40	recover	reverse	15	1	0.005	0.0005	12470	-0.00974938								0.00264635				robustness
7	40	recover	reverse	15	1	0.02	0	12470	0.00492684								0.00336808				robustness
7	40	recover	reverse	15	1	0.02	0.0005	12470	-0.0101527								0.00360866				robustness
7	40	recover	reverse	15	7	0.005	0	12470	-0.00606968								0.0416199				robustness
7	40	recover	reverse	15	7	0.005	0.00011	12470	-0.0154947								0.0418605				robustness
7	40	recover	reverse	15	7	0.005	0.0005	12470	-0.0495986								0.044186				robustness
7	40	recover	reverse	15	7	0.02	0	12470	-0.00936575								0.0484362				robustness
7	40	recover	reverse	15	7	0.02	0.0005	12470	-0.0535286								0.0523657				robustness
7	40	recover	reverse	15	30	0.005	0	12470	-0.0405608								0.131756				robustness
7	40	recover	reverse	15	30	0.005	0.00011	12470	-0.0518958								0.133681				robustness
7	40	recover	reverse	15	30	0.005	0.0005	12470	-0.0925314								0.140176				robustness
7	40	recover	reverse	15	30	0.02	0	12470	-0.0479481								0.143384				robustness
7	40	recover	reverse	15	30	0.02	0.0005	12470	-0.101053								0.152446				robustness
7	40	recover	reverse	30	1	0.005	0	12470	0.00909239								0.017081				robustness
7	40	recover	reverse	30	1	0.005	0.00011	12470	0.00246453								0.0176423				robustness
7	40	recover	reverse	30	1	0.005	0.0005	12470	-0.0209051								0.0190056				robustness
7	40	recover	reverse	30	1	0.02	0	12470	0.00549464								0.0242181				robustness
7	40	recover	reverse	30	1	0.02	0.0005	12470	-0.0246991								0.0262229				robustness
7	40	recover	reverse	30	7	0.005	0	12470	-0.0130517								0.150361				robustness
7	40	recover	reverse	30	7	0.005	0.00011	12470	-0.0323855								0.153328				robustness
7	40	recover	reverse	30	7	0.005	0.0005	12470	-0.100455								0.165196				robustness
7	40	recover	reverse	30	7	0.02	0	12470	-0.0356435								0.181636				robustness
7	40	recover	reverse	30	7	0.02	0.0005	12470	-0.124232								0.20016				robustness
7	40	recover	reverse	30	30	0.005	0	12470	-0.0645094								0.297755				robustness
7	40	recover	reverse	30	30	0.005	0.00011	12470	-0.0873808								0.302326				robustness
7	40	recover	reverse	30	30	0.005	0.0005	12470	-0.168542								0.321411				robustness
7	40	recover	reverse	30	30	0.02	0	12470	-0.1002								0.330313				robustness
7	40	recover	reverse	30	30	0.02	0.0005	12470	-0.206552								0.356455				robustness
7	80	close	auto	3	1	0.02	0.00011	12470	-0.00237705								0				robustness
7	80	close	auto	3	7	0.02	0.00011	12470	-0.0080447								0				robustness
7	80	close	auto	3	30	0.02	0.00011	12470	-0.0109364								0				robustness
7	80	close	auto	5	1	0.02	0.00011	12470	-0.00396176								0				robustness
7	80	close	auto	5	7	0.02	0.00011	12470	-0.0134078								0				robustness
7	80	close	auto	5	30	0.02	0.00011	12470	-0.0182274								0				robustness
7	80	close	auto	10	1	0.02	0.00011	12470	-0.00792351								0				robustness
7	80	close	auto	10	7	0.02	0.00011	12470	-0.0268157								0				robustness
7	80	close	auto	10	30	0.02	0.00011	12470	-0.0364548								0				robustness
7	80	close	auto	15	1	0.02	0.00011	12470	-0.0118853								0				robustness
7	80	close	auto	15	7	0.02	0.00011	12470	-0.0402235								0				robustness
7	80	close	auto	15	30	0.02	0.00011	12470	-0.0546822								0				robustness
7	80	close	auto	30	1	0.02	0.00011	12470	-0.0237705								0				robustness
7	80	close	auto	30	7	0.02	0.00011	12470	-0.080447								0				robustness
7	80	close	auto	30	30	0.02	0.00011	12470	-0.109364								0				robustness
7	80	close	reverse	3	1	0.005	0	12470	0.00230958								0				robustness
7	80	close	reverse	3	1	0.005	0.00011	12470	0.000858283								0				robustness
7	80	close	reverse	3	1	0.005	0.0005	12470	-0.00428723								0				robustness
7	80	close	reverse	3	1	0.02	0	12470	0.00230958								0				robustness
7	80	close	reverse	3	1	0.02	0.0005	12470	-0.00428723								0				robustness
7	80	close	reverse	3	7	0.005	0	12470	0.00440738								0				robustness
7	80	close	reverse	3	7	0.005	0.00011	12470	0.000234278								0				robustness
7	80	close	reverse	3	7	0.005	0.0005	12470	-0.0145613								0				robustness
7	80	close	reverse	3	7	0.02	0	12470	0.00440738								0				robustness
7	80	close	reverse	3	7	0.02	0.0005	12470	-0.0145613								0				robustness
7	80	close	reverse	3	30	0.005	0	12470	0.00351609								0				robustness
7	80	close	reverse	3	30	0.005	0.00011	12470	-0.00146708								0				robustness
7	80	close	reverse	3	30	0.005	0.0005	12470	-0.0191347								0				robustness
7	80	close	reverse	3	30	0.02	0	12470	0.00351609								0				robustness
7	80	close	reverse	3	30	0.02	0.0005	12470	-0.0191347								0				robustness
7	80	close	reverse	5	1	0.005	0	12470	0.0038493								0				robustness
7	80	close	reverse	5	1	0.005	0.00011	12470	0.00143047								0				robustness
7	80	close	reverse	5	1	0.005	0.0005	12470	-0.00714538								0				robustness
7	80	close	reverse	5	1	0.02	0	12470	0.0038493								0				robustness
7	80	close	reverse	5	1	0.02	0.0005	12470	-0.00714538								0				robustness
7	80	close	reverse	5	7	0.005	0	12470	0.00734563								0				robustness
7	80	close	reverse	5	7	0.005	0.00011	12470	0.000390463								0				robustness
7	80	close	reverse	5	7	0.005	0.0005	12470	-0.0242688								0				robustness
7	80	close	reverse	5	7	0.02	0	12470	0.00734563								0				robustness
7	80	close	reverse	5	7	0.02	0.0005	12470	-0.0242688								0				robustness
7	80	close	reverse	5	30	0.005	0	12470	0.00586015								0				robustness
7	80	close	reverse	5	30	0.005	0.00011	12470	-0.00244513								0				robustness
7	80	close	reverse	5	30	0.005	0.0005	12470	-0.0318911								0				robustness
7	80	close	reverse	5	30	0.02	0	12470	0.00586015								0				robustness
7	80	close	reverse	5	30	0.02	0.0005	12470	-0.0318911								0				robustness
7	80	close	reverse	10	1	0.005	0	12470	0.0076986								0				robustness
7	80	close	reverse	10	1	0.005	0.00011	12470	0.00286094								0				robustness
7	80	close	reverse	10	1	0.005	0.0005	12470	-0.0142908								0				robustness
7	80	close	reverse	10	1	0.02	0	12470	0.0076986								0				robustness
7	80	close	reverse	10	1	0.02	0.0005	12470	-0.0142908								0				robustness
7	80	close	reverse	10	7	0.005	0	12470	0.0146913								0				robustness
7	80	close	reverse	10	7	0.005	0.00011	12470	0.000780925								0				robustness
7	80	close	reverse	10	7	0.005	0.0005	12470	-0.0485375								0				robustness
7	80	close	reverse	10	7	0.02	0	12470	0.0146913								0				robustness
7	80	close	reverse	10	7	0.02	0.0005	12470	-0.0485375								0				robustness
7	80	close	reverse	10	30	0.005	0	12470	0.0117203								0				robustness
7	80	close	reverse	10	30	0.005	0.00011	12470	-0.00489025								0				robustness
7	80	close	reverse	10	30	0.005	0.0005	12470	-0.0637822								0				robustness
7	80	close	reverse	10	30	0.02	0	12470	0.0117203								0				robustness
7	80	close	reverse	10	30	0.02	0.0005	12470	-0.0637822								0				robustness
7	80	close	reverse	15	1	0.005	0	12470	0.0115479								0				robustness
7	80	close	reverse	15	1	0.005	0.00011	12470	0.00429142								0				robustness
7	80	close	reverse	15	1	0.005	0.0005	12470	-0.0214361								0				robustness
7	80	close	reverse	15	1	0.02	0	12470	0.0115479								0				robustness
7	80	close	reverse	15	1	0.02	0.0005	12470	-0.0214361								0				robustness
7	80	close	reverse	15	7	0.005	0	12470	0.0220369								0				robustness
7	80	close	reverse	15	7	0.005	0.00011	12470	0.00117139								0				robustness
7	80	close	reverse	15	7	0.005	0.0005	12470	-0.0728063								0				robustness
7	80	close	reverse	15	7	0.02	0	12470	0.0220369								0				robustness
7	80	close	reverse	15	7	0.02	0.0005	12470	-0.0728063								0				robustness
7	80	close	reverse	15	30	0.005	0	12470	0.0175805								0				robustness
7	80	close	reverse	15	30	0.005	0.00011	12470	-0.00733538								0				robustness
7	80	close	reverse	15	30	0.005	0.0005	12470	-0.0956733								0				robustness
7	80	close	reverse	15	30	0.02	0	12470	0.0175805								0				robustness
7	80	close	reverse	15	30	0.02	0.0005	12470	-0.0956733								0				robustness
7	80	close	reverse	30	1	0.005	0	12470	0.0230958								0				robustness
7	80	close	reverse	30	1	0.005	0.00011	12470	0.00858283								0				robustness
7	80	close	reverse	30	1	0.005	0.0005	12470	-0.0428723								0				robustness
7	80	close	reverse	30	1	0.02	0	12470	0.0230958								0				robustness
7	80	close	reverse	30	1	0.02	0.0005	12470	-0.0428723								0				robustness
7	80	close	reverse	30	7	0.005	0	12470	0.0440738								0				robustness
7	80	close	reverse	30	7	0.005	0.00011	12470	0.00234278								0				robustness
7	80	close	reverse	30	7	0.005	0.0005	12470	-0.145613								0				robustness
7	80	close	reverse	30	7	0.02	0	12470	0.0440738								0				robustness
7	80	close	reverse	30	7	0.02	0.0005	12470	-0.145613								0				robustness
7	80	close	reverse	30	30	0.005	0	12470	0.0351609								0				robustness
7	80	close	reverse	30	30	0.005	0.00011	12470	-0.0146708								0				robustness
7	80	close	reverse	30	30	0.005	0.0005	12470	-0.191347								0				robustness
7	80	close	reverse	30	30	0.02	0	12470	0.0351609								0				robustness
7	80	close	reverse	30	30	0.02	0.0005	12470	-0.191347								0				robustness
7	80	hold	auto	3	1	0.02	0.00011	12470	-0.00299453								0				robustness
7	80	hold	auto	3	7	0.02	0.00011	12470	-0.0152079								0.00120289				robustness
7	80	hold	auto	3	30	0.02	0.00011	12470	-0.0510407								0.0210104				robustness
7	80	hold	auto	5	1	0.02	0.00011	12470	-0.00511841								0.00032077				robustness
7	80	hold	auto	5	7	0.02	0.00011	12470	-0.0258895								0.0063352				robustness
7	80	hold	auto	5	30	0.02	0.00011	12470	-0.0794653								0.0536488				robustness
7	80	hold	auto	10	1	0.02	0.00011	12470	-0.0103416								0.00184443				robustness
7	80	hold	auto	10	7	0.02	0.00011	12470	-0.0538738								0.0394547				robustness
7	80	hold	auto	10	30	0.02	0.00011	12470	-0.166068								0.229431				robustness
7	80	hold	auto	15	1	0.02	0.00011	12470	-0.0163565								0.00721732				robustness
7	80	hold	auto	15	7	0.02	0.00011	12470	-0.0887615								0.10417				robustness
7	80	hold	auto	15	30	0.02	0.00011	12470	-0.26035								0.415156				robustness
7	80	hold	auto	30	1	0.02	0.00011	12470	-0.0368909								0.0376103				robustness
7	80	hold	auto	30	7	0.02	0.00011	12470	-0.19739								0.321091				robustness
7	80	hold	auto	30	30	0.02	0.00011	12470	-0.453564								0.701123				robustness
7	80	hold	reverse	3	1	0.005	0	12470	0.00242924								0				robustness
7	80	hold	reverse	3	1	0.005	0.00011	12470	0.000799198								0				robustness
7	80	hold	reverse	3	1	0.005	0.0005	12470	-0.00498003								0				robustness
7	80	hold	reverse	3	1	0.02	0	12470	0.00242924								0				robustness
7	80	hold	reverse	3	1	0.02	0.0005	12470	-0.00498003								0				robustness
7	80	hold	reverse	3	7	0.005	0	12470	0.00852625								0.000882117				robustness
7	80	hold	reverse	3	7	0.005	0.00011	12470	0.0010697								0.00096231				robustness
7	80	hold	reverse	3	7	0.005	0.0005	12470	-0.025296								0.00096231				robustness
7	80	hold	reverse	3	7	0.02	0	12470	0.00848816								0.0010425				robustness
7	80	hold	reverse	3	7	0.02	0.0005	12470	-0.0253513								0.00120289				robustness
7	80	hold	reverse	3	30	0.005	0	12470	0.00814221								0.0182037				robustness
7	80	hold	reverse	3	30	0.005	0.00011	12470	-0.0107506								0.0186848				robustness
7	80	hold	reverse	3	30	0.005	0.0005	12470	-0.0774353								0.0202085				robustness
7	80	hold	reverse	3	30	0.02	0	12470	0.00777062								0.0193264				robustness
7	80	hold	reverse	3	30	0.02	0.0005	12470	-0.0778145								0.0214916				robustness
7	80	hold	reverse	5	1	0.005	0	12470	0.00391879								0.00032077				robustness
7	80	hold	reverse	5	1	0.005	0.00011	12470	0.00120264								0.00032077				robustness
7	80	hold	reverse	5	1	0.005	0.0005	12470	-0.00842733								0.00032077				robustness
7	80	hold	reverse	5	1	0.02	0	12470	0.00391879								0.00032077				robustness
7	80	hold	reverse	5	1	0.02	0.0005	12470	-0.00842733								0.00032077				robustness
7	80	hold	reverse	5	7	0.005	0	12470	0.013738								0.00545309				robustness
7	80	hold	reverse	5	7	0.005	0.00011	12470	0.00135649								0.00553328				robustness
7	80	hold	reverse	5	7	0.005	0.0005	12470	-0.0426762								0.00609463				robustness
7	80	hold	reverse	5	7	0.02	0	12470	0.0136388								0.00577386				robustness
7	80	hold	reverse	5	7	0.02	0.0005	12470	-0.0428267								0.00649559				robustness
7	80	hold	reverse	5	30	0.005	0	12470	0.0192415								0.0457899				robustness
7	80	hold	reverse	5	30	0.005	0.00011	12470	-0.0124702								0.0479551				robustness
7	80	hold	reverse	5	30	0.005	0.0005	12470	-0.123201								0.0531676				robustness
7	80	hold	reverse	5	30	0.02	0	12470	0.0175934								0.0495589				robustness
7	80	hold	reverse	5	30	0.02	0.0005	12470	-0.124787								0.0569366				robustness
7	80	hold	reverse	10	1	0.005	0	12470	0.00782606								0.00144346				robustness
7	80	hold	reverse	10	1	0.005	0.00011	12470	0.00240033								0.00144346				robustness
7	80	hold	reverse	10	1	0.005	0.0005	12470	-0.0168364								0.00144346				robustness
7	80	hold	reverse	10	1	0.02	0	12470	0.00775321								0.00168404				robustness
7	80	hold	reverse	10	1	0.02	0.0005	12470	-0.0169548								0.00184443				robustness
7	80	hold	reverse	10	7	0.005	0	12470	0.0276252								0.0290297				robustness
7	80	hold	reverse	10	7	0.005	0.00011	12470	0.00286407								0.0300722				robustness
7	80	hold	reverse	10	7	0.005	0.0005	12470	-0.0853416								0.0355253				robustness
7	80	hold	reverse	10	7	0.02	0	12470	0.0253783								0.0340016				robustness
7	80	hold	reverse	10	7	0.02	0.0005	12470	-0.0879995								0.0423416				robustness
7	80	hold	reverse	10	30	0.005	0	12470	0.0369828								0.181315				robustness
7	80	hold	reverse	10	30	0.005	0.00011	12470	-0.0242122								0.190056				robustness
7	80	hold	reverse	10	30	0.005	0.0005	12470	-0.242324								0.227747				robustness
7	80	hold	reverse	10	30	0.02	0	12470	0.0255406								0.198316				robustness
7	80	hold	reverse	10	30	0.02	0.0005	12470	-0.254962								0.249559				robustness
7	80	hold	reverse	15	1	0.005	0	12470	0.0119499								0.00376905				robustness
7	80	hold	reverse	15	1	0.005	0.00011	12470	0.00374756								0.00400962				robustness
7	80	hold	reverse	15	1	0.005	0.0005	12470	-0.0253624								0.00537289				robustness
7	80	hold	reverse	15	1	0.02	0	12470	0.01119								0.00585405				robustness
7	80	hold	reverse	15	1	0.02	0.0005	12470	-0.0263026								0.00737771				robustness
7	80	hold	reverse	15	7	0.005	0	12470	0.0400639								0.0732157				robustness
7	80	hold	reverse	15	7	0.005	0.00011	12470	0.0032488								0.0761828				robustness
7	80	hold	reverse	15	7	0.005	0.0005	12470	-0.129821								0.0925421				robustness
7	80	hold	reverse	15	7	0.02	0	12470	0.0325049								0.0865277				robustness
7	80	hold	reverse	15	7	0.02	0.0005	12470	-0.139876								0.111387				robustness
7	80	hold	reverse	15	30	0.005	0	12470	0.0556887								0.315798				robustness
7	80	hold	reverse	15	30	0.005	0.00011	12470	-0.0337562								0.332478				robustness
7	80	hold	reverse	15	30	0.005	0.0005	12470	-0.355781								0.4166				robustness
7	80	hold	reverse	15	30	0.02	0	12470	0.0244827								0.347073				robustness
7	80	hold	reverse	15	30	0.02	0.0005	12470	-0.388062								0.455253				robustness
7	80	hold	reverse	30	1	0.005	0	12470	0.0227471								0.0222133				robustness
7	80	hold	reverse	30	1	0.005	0.00011	12470	0.00629979								0.0238172				robustness
7	80	hold	reverse	30	1	0.005	0.0005	12470	-0.0512518								0.0284683				robustness
7	80	hold	reverse	30	1	0.02	0	12470	0.0177118								0.0314354				robustness
7	80	hold	reverse	30	1	0.02	0.0005	12470	-0.0568389								0.0390537				robustness
7	80	hold	reverse	30	7	0.005	0	12470	0.0728056								0.219326				robustness
7	80	hold	reverse	30	7	0.005	0.00011	12470	0.00080169								0.231596				robustness
7	80	hold	reverse	30	7	0.005	0.0005	12470	-0.247903								0.288051				robustness
7	80	hold	reverse	30	7	0.02	0	12470	0.030214								0.264555				robustness
7	80	hold	reverse	30	7	0.02	0.0005	12470	-0.293906								0.346913				robustness
7	80	hold	reverse	30	30	0.005	0	12470	0.0739124								0.556536				robustness
7	80	hold	reverse	30	30	0.005	0.00011	12470	-0.0773105								0.584202				robustness
7	80	hold	reverse	30	30	0.005	0.0005	12470	-0.560462								0.702165				robustness
7	80	hold	reverse	30	30	0.02	0	12470	-0.0152903								0.603609				robustness
7	80	hold	reverse	30	30	0.02	0.0005	12470	-0.629331								0.752847				robustness
7	80	recover	auto	3	1	0.02	0.00011	12470	-0.00256463								0				robustness
7	80	recover	auto	3	7	0.02	0.00011	12470	-0.0101621								8.01925e-05				robustness
7	80	recover	auto	3	30	0.02	0.00011	12470	-0.0219403								0.00673617				robustness
7	80	recover	auto	5	1	0.02	0.00011	12470	-0.00427246								0.000160385				robustness
7	80	recover	auto	5	7	0.02	0.00011	12470	-0.0172026								0.00248597				robustness
7	80	recover	auto	5	30	0.02	0.00011	12470	-0.0339766								0.0156375				robustness
7	80	recover	auto	10	1	0.02	0.00011	12470	-0.00886167								0.00136327				robustness
7	80	recover	auto	10	7	0.02	0.00011	12470	-0.0359645								0.0182839				robustness
7	80	recover	auto	10	30	0.02	0.00011	12470	-0.0662747								0.0722534				robustness
7	80	recover	auto	15	1	0.02	0.00011	12470	-0.013512								0.00392943				robustness
7	80	recover	auto	15	7	0.02	0.00011	12470	-0.057059								0.0522855				robustness
7	80	recover	auto	15	30	0.02	0.00011	12470	-0.102585								0.150922				robustness
7	80	recover	auto	30	1	0.02	0.00011	12470	-0.0313712								0.0276664				robustness
7	80	recover	auto	30	7	0.02	0.00011	12470	-0.131073								0.200642				robustness
7	80	recover	auto	30	30	0.02	0.00011	12470	-0.210039								0.35413				robustness
7	80	recover	reverse	3	1	0.005	0	12470	0.00206769								0				robustness
7	80	recover	reverse	3	1	0.005	0.00011	12470	0.000627793								0				robustness
7	80	recover	reverse	3	1	0.005	0.0005	12470	-0.00447729								0				robustness
7	80	recover	reverse	3	1	0.02	0	12470	0.00206769								0				robustness
7	80	recover	reverse	3	1	0.02	0.0005	12470	-0.00447729								0				robustness
7	80	recover	reverse	3	7	0.005	0	12470	0.00198418								8.01925e-05				robustness
7	80	recover	reverse	3	7	0.005	0.00011	12470	-0.00215503								8.01925e-05				robustness
7	80	recover	reverse	3	7	0.005	0.0005	12470	-0.0168304								8.01925e-05				robustness
7	80	recover	reverse	3	7	0.02	0	12470	0.00198418								8.01925e-05				robustness
7	80	recover	reverse	3	7	0.02	0.0005	12470	-0.0168304								8.01925e-05				robustness
7	80	recover	reverse	3	30	0.005	0	12470	-0.00805522								0.0064154				robustness
7	80	recover	reverse	3	30	0.005	0.00011	12470	-0.01299								0.0064154				robustness
7	80	recover	reverse	3	30	0.005	0.0005	12470	-0.030486								0.0064154				robustness
7	80	recover	reverse	3	30	0.02	0	12470	-0.00805522								0.0064154				robustness
7	80	recover	reverse	3	30	0.02	0.0005	12470	-0.0306022								0.00689655				robustness
7	80	recover	reverse	5	1	0.005	0	12470	0.00344746								0.000160385				robustness
7	80	recover	reverse	5	1	0.005	0.00011	12470	0.00104777								0.000160385				robustness
7	80	recover	reverse	5	1	0.005	0.0005	12470	-0.00746024								0.000160385				robustness
7	80	recover	reverse	5	1	0.02	0	12470	0.00344746								0.000160385				robustness
7	80	recover	reverse	5	1	0.02	0.0005	12470	-0.00746024								0.000160385				robustness
7	80	recover	reverse	5	7	0.005	0	12470	0.00313124								0.00224539				robustness
7	80	recover	reverse	5	7	0.005	0.00011	12470	-0.00375912								0.00224539				robustness
7	80	recover	reverse	5	7	0.005	0.0005	12470	-0.0282545								0.00232558				robustness
7	80	recover	reverse	5	7	0.02	0	12470	0.00308899								0.00240577				robustness
7	80	recover	reverse	5	7	0.02	0.0005	12470	-0.0283395								0.00264635				robustness
7	80	recover	reverse	5	30	0.005	0	12470	-0.0105058								0.0141139				robustness
7	80	recover	reverse	5	30	0.005	0.00011	12470	-0.0187471								0.0142743				robustness
7	80	recover	reverse	5	30	0.005	0.0005	12470	-0.0480225								0.0153168				robustness
7	80	recover	reverse	5	30	0.02	0	12470	-0.0108482								0.0150762				robustness
7	80	recover	reverse	5	30	0.02	0.0005	12470	-0.0483719								0.0162791				robustness
7	80	recover	reverse	10	1	0.005	0	12470	0.00665742								0.00112269				robustness
7	80	recover	reverse	10	1	0.005	0.00011	12470	0.00186192								0.00112269				robustness
7	80	recover	reverse	10	1	0.005	0.0005	12470	-0.0151403								0.00112269				robustness
7	80	recover	reverse	10	1	0.02	0	12470	0.00660121								0.00128308				robustness
7	80	recover	reverse	10	1	0.02	0.0005	12470	-0.0152329								0.00136327				robustness
7	80	recover	reverse	10	7	0.005	0	12470	0.00553339								0.0149158				robustness
7	80	recover	reverse	10	7	0.005	0.00011	12470	-0.00825128								0.0152366				robustness
7	80	recover	reverse	10	7	0.005	0.0005	12470	-0.0571216								0.0165998				robustness
7	80	recover	reverse	10	7	0.02	0	12470	0.00500497								0.0161989				robustness
7	80	recover	reverse	10	7	0.02	0.0005	12470	-0.0582047								0.0192462				robustness
7	80	recover	reverse	10	30	0.005	0	12470	-0.0169618								0.0624699				robustness
7	80	recover	reverse	10	30	0.005	0.00011	12470	-0.033498								0.0638332				robustness
7	80	recover	reverse	10	30	0.005	0.0005	12470	-0.0917476								0.0696071				robustness
7	80	recover	reverse	10	30	0.02	0	12470	-0.0193618								0.0668003				robustness
7	80	recover	reverse	10	30	0.02	0.0005	12470	-0.0953579								0.076664				robustness
7	80	recover	reverse	15	1	0.005	0	12470	0.0101162								0.00272654				robustness
7	80	recover	reverse	15	1	0.005	0.00011	12470	0.00290247								0.00280674				robustness
7	80	recover	reverse	15	1	0.005	0.0005	12470	-0.0227254								0.00312751				robustness
7	80	recover	reverse	15	1	0.02	0	12470	0.00987996								0.00336808				robustness
7	80	recover	reverse	15	1	0.02	0.0005	12470	-0.0231082								0.00408982				robustness
7	80	recover	reverse	15	7	0.005	0	12470	0.00775849								0.0403368				robustness
7	80	recover	reverse	15	7	0.005	0.00011	12470	-0.0127967								0.0411387				robustness
7	80	recover	reverse	15	7	0.005	0.0005	12470	-0.0861658								0.046672				robustness
7	80	recover	reverse	15	7	0.02	0	12470	0.00455392								0.0469928				robustness
7	80	recover	reverse	15	7	0.02	0.0005	12470	-0.0910251								0.055814				robustness
7	80	recover	reverse	15	30	0.005	0	12470	-0.0246505								0.128148				robustness
7	80	recover	reverse	15	30	0.005	0.00011	12470	-0.0493102								0.131836				robustness
7	80	recover	reverse	15	30	0.005	0.0005	12470	-0.135809								0.14563				robustness
7	80	recover	reverse	15	30	0.02	0	12470	-0.0322829								0.139054				robustness
7	80	recover	reverse	15	30	0.02	0.0005	12470	-0.145988								0.160064				robustness
7	80	recover	reverse	30	1	0.005	0	12470	0.019289								0.01668				robustness
7	80	recover	reverse	30	1	0.005	0.00011	12470	0.00482982								0.017482				robustness
7	80	recover	reverse	30	1	0.005	0.0005	12470	-0.04686								0.021251				robustness
7	80	recover	reverse	30	1	0.02	0	12470	0.0155133								0.0238172				robustness
7	80	recover	reverse	30	1	0.02	0.0005	12470	-0.0506173								0.0288693				robustness
7	80	recover	reverse	30	7	0.005	0	12470	0.014396								0.14571				robustness
7	80	recover	reverse	30	7	0.005	0.00011	12470	-0.0264673								0.150922				robustness
7	80	recover	reverse	30	7	0.005	0.0005	12470	-0.173252								0.178749				robustness
7	80	recover	reverse	30	7	0.02	0	12470	-0.0088274								0.177065				robustness
7	80	recover	reverse	30	7	0.02	0.0005	12470	-0.197168								0.214675				robustness
7	80	recover	reverse	30	30	0.005	0	12470	-0.0325806								0.288853				robustness
7	80	recover	reverse	30	30	0.005	0.00011	12470	-0.081321								0.298957				robustness
7	80	recover	reverse	30	30	0.005	0.0005	12470	-0.254098								0.340176				robustness
7	80	recover	reverse	30	30	0.02	0	12470	-0.0685545								0.322213				robustness
7	80	recover	reverse	30	30	0.02	0.0005	12470	-0.292598								0.378508				robustness
10	40	close	auto	3	1	0.02	0.00011	12470	-0.000604864								0				robustness
10	40	close	auto	3	7	0.02	0.00011	12470	-0.00365212								0				robustness
10	40	close	auto	3	30	0.02	0.00011	12470	-0.00791875								0				robustness
10	40	close	auto	5	1	0.02	0.00011	12470	-0.00100811								0				robustness
10	40	close	auto	5	7	0.02	0.00011	12470	-0.00608687								0				robustness
10	40	close	auto	5	30	0.02	0.00011	12470	-0.0131979								0				robustness
10	40	close	auto	10	1	0.02	0.00011	12470	-0.00201621								0				robustness
10	40	close	auto	10	7	0.02	0.00011	12470	-0.0121737								0				robustness
10	40	close	auto	10	30	0.02	0.00011	12470	-0.0263958								0				robustness
10	40	close	auto	15	1	0.02	0.00011	12470	-0.00302432								0				robustness
10	40	close	auto	15	7	0.02	0.00011	12470	-0.0182606								0				robustness
10	40	close	auto	15	30	0.02	0.00011	12470	-0.0395938								0				robustness
10	40	close	auto	30	1	0.02	0.00011	12470	-0.00604864								0				robustness
10	40	close	auto	30	7	0.02	0.00011	12470	-0.0365212								0				robustness
10	40	close	auto	30	30	0.02	0.00011	12470	-0.0791875								0				robustness
10	40	close	reverse	3	1	0.005	0	12470	0.000808041								0				robustness
10	40	close	reverse	3	1	0.005	0.00011	12470	0.000442348								0				robustness
10	40	close	reverse	3	1	0.005	0.0005	12470	-0.000854201								0				robustness
10	40	close	reverse	3	1	0.02	0	12470	0.000808041								0				robustness
10	40	close	reverse	3	1	0.02	0.0005	12470	-0.000854201								0				robustness
10	40	close	reverse	3	7	0.005	0	12470	0.00120374								0				robustness
10	40	close	reverse	3	7	0.005	0.00011	12470	-0.000247392								0				robustness
10	40	close	reverse	3	7	0.005	0.0005	12470	-0.0053923								0				robustness
10	40	close	reverse	3	7	0.02	0	12470	0.00120374								0				robustness
10	40	close	reverse	3	7	0.02	0.0005	12470	-0.0053923								0				robustness
10	40	close	reverse	3	30	0.005	0	12470	-0.000876422								0				robustness
10	40	close	reverse	3	30	0.005	0.00011	12470	-0.0030653								0				robustness
10	40	close	reverse	3	30	0.005	0.0005	12470	-0.0108259								0				robustness
10	40	close	reverse	3	30	0.02	0	12470	-0.000876422								0				robustness
10	40	close	reverse	3	30	0.02	0.0005	12470	-0.0108259								0				robustness
10	40	close	reverse	5	1	0.005	0	12470	0.00134673								0				robustness
10	40	close	reverse	5	1	0.005	0.00011	12470	0.000737246								0				robustness
10	40	close	reverse	5	1	0.005	0.0005	12470	-0.00142367								0				robustness
10	40	close	reverse	5	1	0.02	0	12470	0.00134673								0				robustness
10	40	close	reverse	5	1	0.02	0.0005	12470	-0.00142367								0				robustness
10	40	close	reverse	5	7	0.005	0	12470	0.00200623								0				robustness
10	40	close	reverse	5	7	0.005	0.00011	12470	-0.000412321								0				robustness
10	40	close	reverse	5	7	0.005	0.0005	12470	-0.00898717								0				robustness
10	40	close	reverse	5	7	0.02	0	12470	0.00200623								0				robustness
10	40	close	reverse	5	7	0.02	0.0005	12470	-0.00898717								0				robustness
10	40	close	reverse	5	30	0.005	0	12470	-0.0014607								0				robustness
10	40	close	reverse	5	30	0.005	0.00011	12470	-0.00510883								0				robustness
10	40	close	reverse	5	30	0.005	0.0005	12470	-0.0180431								0				robustness
10	40	close	reverse	5	30	0.02	0	12470	-0.0014607								0				robustness
10	40	close	reverse	5	30	0.02	0.0005	12470	-0.0180431								0				robustness
10	40	close	reverse	10	1	0.005	0	12470	0.00269347								0				robustness
10	40	close	reverse	10	1	0.005	0.00011	12470	0.00147449								0				robustness
10	40	close	reverse	10	1	0.005	0.0005	12470	-0.00284734								0				robustness
10	40	close	reverse	10	1	0.02	0	12470	0.00269347								0				robustness
10	40	close	reverse	10	1	0.02	0.0005	12470	-0.00284734								0				robustness
10	40	close	reverse	10	7	0.005	0	12470	0.00401245								0				robustness
10	40	close	reverse	10	7	0.005	0.00011	12470	-0.000824641								0				robustness
10	40	close	reverse	10	7	0.005	0.0005	12470	-0.0179743								0				robustness
10	40	close	reverse	10	7	0.02	0	12470	0.00401245								0				robustness
10	40	close	reverse	10	7	0.02	0.0005	12470	-0.0179743								0				robustness
10	40	close	reverse	10	30	0.005	0	12470	-0.00292141								0				robustness
10	40	close	reverse	10	30	0.005	0.00011	12470	-0.0102177								0				robustness
10	40	close	reverse	10	30	0.005	0.0005	12470	-0.0360862								0				robustness
10	40	close	reverse	10	30	0.02	0	12470	-0.00292141								0				robustness
10	40	close	reverse	10	30	0.02	0.0005	12470	-0.0360862								0				robustness
10	40	close	reverse	15	1	0.005	0	12470	0.0040402								0				robustness
10	40	close	reverse	15	1	0.005	0.00011	12470	0.00221174								0				robustness
10	40	close	reverse	15	1	0.005	0.0005	12470	-0.00427101								0				robustness
10	40	close	reverse	15	1	0.02	0	12470	0.0040402								0				robustness
10	40	close	reverse	15	1	0.02	0.0005	12470	-0.00427101								0				robustness
10	40	close	reverse	15	7	0.005	0	12470	0.00601868								0				robustness
10	40	close	reverse	15	7	0.005	0.00011	12470	-0.00123696								0				robustness
10	40	close	reverse	15	7	0.005	0.0005	12470	-0.0269615								0				robustness
10	40	close	reverse	15	7	0.02	0	12470	0.00601868								0				robustness
10	40	close	reverse	15	7	0.02	0.0005	12470	-0.0269615								0				robustness
10	40	close	reverse	15	30	0.005	0	12470	-0.00438211								0				robustness
10	40	close	reverse	15	30	0.005	0.00011	12470	-0.0153265								0				robustness
10	40	close	reverse	15	30	0.005	0.0005	12470	-0.0541293								0				robustness
10	40	close	reverse	15	30	0.02	0	12470	-0.00438211								0				robustness
10	40	close	reverse	15	30	0.02	0.0005	12470	-0.0541293								0				robustness
10	40	close	reverse	30	1	0.005	0	12470	0.00808041								0				robustness
10	40	close	reverse	30	1	0.005	0.00011	12470	0.00442348								0				robustness
10	40	close	reverse	30	1	0.005	0.0005	12470	-0.00854201								0				robustness
10	40	close	reverse	30	1	0.02	0	12470	0.00808041								0				robustness
10	40	close	reverse	30	1	0.02	0.0005	12470	-0.00854201								0				robustness
10	40	close	reverse	30	7	0.005	0	12470	0.0120374								0				robustness
10	40	close	reverse	30	7	0.005	0.00011	12470	-0.00247392								0				robustness
10	40	close	reverse	30	7	0.005	0.0005	12470	-0.053923								0				robustness
10	40	close	reverse	30	7	0.02	0	12470	0.0120374								0				robustness
10	40	close	reverse	30	7	0.02	0.0005	12470	-0.053923								0				robustness
10	40	close	reverse	30	30	0.005	0	12470	-0.00876422								0				robustness
10	40	close	reverse	30	30	0.005	0.00011	12470	-0.030653								0				robustness
10	40	close	reverse	30	30	0.005	0.0005	12470	-0.108259								0				robustness
10	40	close	reverse	30	30	0.02	0	12470	-0.00876422								0				robustness
10	40	close	reverse	30	30	0.02	0.0005	12470	-0.108259								0				robustness
10	40	hold	auto	3	1	0.02	0.00011	12470	-0.000789211								0				robustness
10	40	hold	auto	3	7	0.02	0.00011	12470	-0.00520871								0.00096231				robustness
10	40	hold	auto	3	30	0.02	0.00011	12470	-0.0273593								0.0203689				robustness
10	40	hold	auto	5	1	0.02	0.00011	12470	-0.00145386								0.00032077				robustness
10	40	hold	auto	5	7	0.02	0.00011	12470	-0.00936367								0.00601443				robustness
10	40	hold	auto	5	30	0.02	0.00011	12470	-0.040632								0.0509222				robustness
10	40	hold	auto	10	1	0.02	0.00011	12470	-0.00297678								0.00144346				robustness
10	40	hold	auto	10	7	0.02	0.00011	12470	-0.0201647								0.0327185				robustness
10	40	hold	auto	10	30	0.02	0.00011	12470	-0.0875641								0.198396				robustness
10	40	hold	auto	15	1	0.02	0.00011	12470	-0.00459854								0.00433039				robustness
10	40	hold	auto	15	7	0.02	0.00011	12470	-0.0347101								0.0809944				robustness
10	40	hold	auto	15	30	0.02	0.00011	12470	-0.141518								0.354771				robustness
10	40	hold	auto	30	1	0.02	0.00011	12470	-0.0139219								0.025822				robustness
10	40	hold	auto	30	7	0.02	0.00011	12470	-0.0987259								0.248516				robustness
10	40	hold	auto	30	30	0.02	0.00011	12470	-0.303302								0.631516				robustness
10	40	hold	reverse	3	1	0.005	0	12470	0.000785712								0				robustness
10	40	hold	reverse	3	1	0.005	0.00011	12470	0.000401372								0				robustness
10	40	hold	reverse	3	1	0.005	0.0005	12470	-0.000961289								0				robustness
10	40	hold	reverse	3	1	0.02	0	12470	0.000785712								0				robustness
10	40	hold	reverse	3	1	0.02	0.0005	12470	-0.000961289								0				robustness
10	40	hold	reverse	3	7	0.005	0	12470	0.00220905								0.000801925				robustness
10	40	hold	reverse	3	7	0.005	0.00011	12470	0.000224032								0.000801925				robustness
10	40	hold	reverse	3	7	0.005	0.0005	12470	-0.0068333								0.000882117				robustness
10	40	hold	reverse	3	7	0.02	0	12470	0.00216528								0.00096231				robustness
10	40	hold	reverse	3	7	0.02	0.0005	12470	-0.00685646								0.00096231				robustness
10	40	hold	reverse	3	30	0.005	0	12470	-0.00705314								0.0180433				robustness
10	40	hold	reverse	3	30	0.005	0.00011	12470	-0.0124936								0.0182037				robustness
10	40	hold	reverse	3	30	0.005	0.0005	12470	-0.0318211								0.0188452				robustness
10	40	hold	reverse	3	30	0.02	0	12470	-0.00749205								0.0194868				robustness
10	40	hold	reverse	3	30	0.02	0.0005	12470	-0.0322158								0.0202887				robustness
10	40	hold	reverse	5	1	0.005	0	12470	0.00123367								0.000240577				robustness
10	40	hold	reverse	5	1	0.005	0.00011	12470	0.00059342								0.000240577				robustness
10	40	hold	reverse	5	1	0.005	0.0005	12470	-0.00167657								0.000240577				robustness
10	40	hold	reverse	5	1	0.02	0	12470	0.00123367								0.000240577				robustness
10	40	hold	reverse	5	1	0.02	0.0005	12470	-0.0017432								0.00032077				robustness
10	40	hold	reverse	5	7	0.005	0	12470	0.00317449								0.00521251				robustness
10	40	hold	reverse	5	7	0.005	0.00011	12470	-0.000146689								0.0052927				robustness
10	40	hold	reverse	5	7	0.005	0.0005	12470	-0.0118961								0.00537289				robustness
10	40	hold	reverse	5	7	0.02	0	12470	0.00304762								0.00569366				robustness
10	40	hold	reverse	5	7	0.02	0.0005	12470	-0.0121286								0.00601443				robustness
10	40	hold	reverse	5	30	0.005	0	12470	-0.00614566								0.0450682				robustness
10	40	hold	reverse	5	30	0.005	0.00011	12470	-0.0152017								0.0455493				robustness
10	40	hold	reverse	5	30	0.005	0.0005	12470	-0.0473669								0.0473136				robustness
10	40	hold	reverse	5	30	0.02	0	12470	-0.00763169								0.0486768				robustness
10	40	hold	reverse	5	30	0.02	0.0005	12470	-0.0487523								0.051243				robustness
10	40	hold	reverse	10	1	0.005	0	12470	0.00239256								0.0010425				robustness
10	40	hold	reverse	10	1	0.005	0.00011	12470	0.00111463								0.0010425				robustness
10	40	hold	reverse	10	1	0.005	0.0005	12470	-0.00341619								0.0010425				robustness
10	40	hold	reverse	10	1	0.02	0	12470	0.00226241								0.00136327				robustness
10	40	hold	reverse	10	1	0.02	0.0005	12470	-0.00357537								0.00144346				robustness
10	40	hold	reverse	10	7	0.005	0	12470	0.00635945								0.0267041				robustness
10	40	hold	reverse	10	7	0.005	0.00011	12470	-0.000224683								0.0269447				robustness
10	40	hold	reverse	10	7	0.005	0.0005	12470	-0.023586								0.027907				robustness
10	40	hold	reverse	10	7	0.02	0	12470	0.00442266								0.0309543				robustness
10	40	hold	reverse	10	7	0.02	0.0005	12470	-0.0255622								0.0324779				robustness
10	40	hold	reverse	10	30	0.005	0	12470	-0.0118948								0.172414				robustness
10	40	hold	reverse	10	30	0.005	0.00011	12470	-0.0292664								0.174579				robustness
10	40	hold	reverse	10	30	0.005	0.0005	12470	-0.0921387								0.183721				robustness
10	40	hold	reverse	10	30	0.02	0	12470	-0.0228644								0.18741				robustness
10	40	hold	reverse	10	30	0.02	0.0005	12470	-0.105006								0.201844				robustness
10	40	hold	reverse	15	1	0.005	0	12470	0.00366369								0.00312751				robustness
10	40	hold	reverse	15	1	0.005	0.00011	12470	0.00175655								0.00312751				robustness
10	40	hold	reverse	15	1	0.005	0.0005	12470	-0.0050375								0.0032077				robustness
10	40	hold	reverse	15	1	0.02	0	12470	0.00341703								0.00376905				robustness
10	40	hold	reverse	15	1	0.02	0.0005	12470	-0.00537101								0.00408982				robustness
10	40	hold	reverse	15	7	0.005	0	12470	0.00786447								0.0659182				robustness
10	40	hold	reverse	15	7	0.005	0.00011	12470	-0.00199566								0.0663994				robustness
10	40	hold	reverse	15	7	0.005	0.0005	12470	-0.0366248								0.0696872				robustness
10	40	hold	reverse	15	7	0.02	0	12470	0.00235687								0.0760225				robustness
10	40	hold	reverse	15	7	0.02	0.0005	12470	-0.0428136								0.0810746				robustness
10	40	hold	reverse	15	30	0.005	0	12470	-0.0218763								0.307217				robustness
10	40	hold	reverse	15	30	0.005	0.00011	12470	-0.0481808								0.31235				robustness
10	40	hold	reverse	15	30	0.005	0.0005	12470	-0.139138								0.331997				robustness
10	40	hold	reverse	15	30	0.02	0	12470	-0.0466342								0.3332				robustness
10	40	hold	reverse	15	30	0.02	0.0005	12470	-0.167116								0.36239				robustness
10	40	hold	reverse	30	1	0.005	0	12470	0.00590109								0.0163593				robustness
10	40	hold	reverse	30	1	0.005	0.00011	12470	0.00202357								0.01668				robustness
10	40	hold	reverse	30	1	0.005	0.0005	12470	-0.0116007								0.0176423				robustness
10	40	hold	reverse	30	1	0.02	0	12470	0.00183635								0.0230152				robustness
10	40	hold	reverse	30	1	0.02	0.0005	12470	-0.0158435								0.0251002				robustness
10	40	hold	reverse	30	7	0.005	0	12470	0.00794551								0.192542				robustness
10	40	hold	reverse	30	7	0.005	0.00011	12470	-0.0110635								0.19599				robustness
10	40	hold	reverse	30	7	0.005	0.0005	12470	-0.0781397								0.208581				robustness
10	40	hold	reverse	30	7	0.02	0	12470	-0.0293013								0.231917				robustness
10	40	hold	reverse	30	7	0.02	0.0005	12470	-0.117345								0.252927				robustness
10	40	hold	reverse	30	30	0.005	0	12470	-0.0626983								0.545148				robustness
10	40	hold	reverse	30	30	0.005	0.00011	12470	-0.105187								0.553248				robustness
10	40	hold	reverse	30	30	0.005	0.0005	12470	-0.258419								0.587089				robustness
10	40	hold	reverse	30	30	0.02	0	12470	-0.158653								0.597033				robustness
10	40	hold	reverse	30	30	0.02	0.0005	12470	-0.345745								0.642261				robustness
10	40	recover	auto	3	1	0.02	0.00011	12470	-0.000723569								0				robustness
10	40	recover	auto	3	7	0.02	0.00011	12470	-0.00480454								0.00032077				robustness
10	40	recover	auto	3	30	0.02	0.00011	12470	-0.0202716								0.00874098				robustness
10	40	recover	auto	5	1	0.02	0.00011	12470	-0.00136861								0.00032077				robustness
10	40	recover	auto	5	7	0.02	0.00011	12470	-0.00865002								0.00352847				robustness
10	40	recover	auto	5	30	0.02	0.00011	12470	-0.0313411								0.021652				robustness
10	40	recover	auto	10	1	0.02	0.00011	12470	-0.00264969								0.00096231				robustness
10	40	recover	auto	10	7	0.02	0.00011	12470	-0.0177199								0.0182037				robustness
10	40	recover	auto	10	30	0.02	0.00011	12470	-0.0574634								0.0858861				robustness
10	40	recover	auto	15	1	0.02	0.00011	12470	-0.0040705								0.00312751				robustness
10	40	recover	auto	15	7	0.02	0.00011	12470	-0.0293079								0.0501203				robustness
10	40	recover	auto	15	30	0.02	0.00011	12470	-0.0910603								0.178909				robustness
10	40	recover	auto	30	1	0.02	0.00011	12470	-0.012054								0.0215718				robustness
10	40	recover	auto	30	7	0.02	0.00011	12470	-0.0818518								0.192542				robustness
10	40	recover	auto	30	30	0.02	0.00011	12470	-0.201276								0.417081				robustness
10	40	recover	reverse	3	1	0.005	0	12470	0.000670048								0				robustness
10	40	recover	reverse	3	1	0.005	0.00011	12470	0.000309481								0				robustness
10	40	recover	reverse	3	1	0.005	0.0005	12470	-0.000968895								0				robustness
10	40	recover	reverse	3	1	0.02	0	12470	0.000670048								0				robustness
10	40	recover	reverse	3	1	0.02	0.0005	12470	-0.000968895								0				robustness
10	40	recover	reverse	3	7	0.005	0	12470	-0.000142047								0.00032077				robustness
10	40	recover	reverse	3	7	0.005	0.00011	12470	-0.00156264								0.00032077				robustness
10	40	recover	reverse	3	7	0.005	0.0005	12470	-0.00659928								0.00032077				robustness
10	40	recover	reverse	3	7	0.02	0	12470	-0.000142047								0.00032077				robustness
10	40	recover	reverse	3	7	0.02	0.0005	12470	-0.00659928								0.00032077				robustness
10	40	recover	reverse	3	30	0.005	0	12470	-0.0137477								0.0085004				robustness
10	40	recover	reverse	3	30	0.005	0.00011	12470	-0.0158916								0.0085004				robustness
10	40	recover	reverse	3	30	0.005	0.0005	12470	-0.0234928								0.0085004				robustness
10	40	recover	reverse	3	30	0.02	0	12470	-0.0137925								0.00866079				robustness
10	40	recover	reverse	3	30	0.02	0.0005	12470	-0.023545								0.00874098				robustness
10	40	recover	reverse	5	1	0.005	0	12470	0.00101779								0.000240577				robustness
10	40	recover	reverse	5	1	0.005	0.00011	12470	0.000417048								0.000240577				robustness
10	40	recover	reverse	5	1	0.005	0.0005	12470	-0.00171286								0.000240577				robustness
10	40	recover	reverse	5	1	0.02	0	12470	0.00101779								0.000240577				robustness
10	40	recover	reverse	5	1	0.02	0.0005	12470	-0.00177949								0.00032077				robustness
10	40	recover	reverse	5	7	0.005	0	12470	-0.000679666								0.0032077				robustness
10	40	recover	reverse	5	7	0.005	0.00011	12470	-0.00304259								0.0032077				robustness
10	40	recover	reverse	5	7	0.005	0.0005	12470	-0.0114202								0.0032077				robustness
10	40	recover	reverse	5	7	0.02	0	12470	-0.00070934								0.00328789				robustness
10	40	recover	reverse	5	7	0.02	0.0005	12470	-0.0115795								0.00344828				robustness
10	40	recover	reverse	5	30	0.005	0	12470	-0.0199845								0.0198075				robustness
10	40	recover	reverse	5	30	0.005	0.00011	12470	-0.0235721								0.0199679				robustness
10	40	recover	reverse	5	30	0.005	0.0005	12470	-0.0363621								0.0205293				robustness
10	40	recover	reverse	5	30	0.02	0	12470	-0.0204354								0.0210906				robustness
10	40	recover	reverse	5	30	0.02	0.0005	12470	-0.03686								0.0220529				robustness
10	40	recover	reverse	10	1	0.005	0	12470	0.00207189								0.000801925				robustness
10	40	recover	reverse	10	1	0.005	0.00011	12470	0.000871686								0.000801925				robustness
10	40	recover	reverse	10	1	0.005	0.0005	12470	-0.00345541								0.000882117				robustness
10	40	recover	reverse	10	1	0.02	0	12470	0.00199951								0.000882117				robustness
10	40	recover	reverse	10	1	0.02	0.0005	12470	-0.00345541								0.000882117				robustness
10	40	recover	reverse	10	7	0.005	0	12470	-0.0012495								0.015397				robustness
10	40	recover	reverse	10	7	0.005	0.00011	12470	-0.00592627								0.015397				robustness
10	40	recover	reverse	10	7	0.005	0.0005	12470	-0.022757								0.0158781				robustness
10	40	recover	reverse	10	7	0.02	0	12470	-0.00218773								0.0176423				robustness
10	40	recover	reverse	10	7	0.02	0.0005	12470	-0.0237131								0.0183641				robustness
10	40	recover	reverse	10	30	0.005	0	12470	-0.0317								0.0755413				robustness
10	40	recover	reverse	10	30	0.005	0.00011	12470	-0.0388501								0.0761828				robustness
10	40	recover	reverse	10	30	0.005	0.0005	12470	-0.0648025								0.0801123				robustness
10	40	recover	reverse	10	30	0.02	0	12470	-0.0359788								0.0837209				robustness
10	40	recover	reverse	10	30	0.02	0.0005	12470	-0.0683731								0.0875702				robustness
10	40	recover	reverse	15	1	0.005	0	12470	0.00329123								0.0021652				robustness
10	40	recover	reverse	15	1	0.005	0.00011	12470	0.00149597								0.0021652				robustness
10	40	recover	reverse	15	1	0.005	0.0005	12470	-0.00490214								0.00224539				robustness
10	40	recover	reverse	15	1	0.02	0	12470	0.00298899								0.00272654				robustness
10	40	recover	reverse	15	1	0.02	0.0005	12470	-0.00530294								0.00304731				robustness
10	40	recover	reverse	15	7	0.005	0	12470	-0.00286466								0.0419407				robustness
10	40	recover	reverse	15	7	0.005	0.00011	12470	-0.0100192								0.0424218				robustness
10	40	recover	reverse	15	7	0.005	0.0005	12470	-0.0349809								0.0437851				robustness
10	40	recover	reverse	15	7	0.02	0	12470	-0.00610329								0.0482759				robustness
10	40	recover	reverse	15	7	0.02	0.0005	12470	-0.0384845								0.0509222				robustness
10	40	recover	reverse	15	30	0.005	0	12470	-0.0476171								0.157017				robustness
10	40	recover	reverse	15	30	0.005	0.00011	12470	-0.0584519								0.159022				robustness
10	40	recover	reverse	15	30	0.005	0.0005	12470	-0.0969215								0.167281				robustness
10	40	recover	reverse	15	30	0.02	0	12470	-0.0582775								0.172093				robustness
10	40	recover	reverse	15	30	0.02	0.0005	12470	-0.107969								0.18324				robustness
10	40	recover	reverse	30	1	0.005	0	12470	0.00488541								0.014595				robustness
10	40	recover	reverse	30	1	0.005	0.00011	12470	0.00131676								0.0147554				robustness
10	40	recover	reverse	30	1	0.005	0.0005	12470	-0.0116936								0.0156375				robustness
10	40	recover	reverse	30	1	0.02	0	12470	0.00223176								0.0192462				robustness
10	40	recover	reverse	30	1	0.02	0.0005	12470	-0.0146839								0.0211708				robustness
10	40	recover	reverse	30	7	0.005	0	12470	-0.011166								0.152285				robustness
10	40	recover	reverse	30	7	0.005	0.00011	12470	-0.0248946								0.15397				robustness
10	40	recover	reverse	30	7	0.005	0.0005	12470	-0.0755313								0.163432				robustness
10	40	recover	reverse	30	7	0.02	0	12470	-0.0335287								0.182197				robustness
10	40	recover	reverse	30	7	0.02	0.0005	12470	-0.0995337								0.195349				robustness
10	40	recover	reverse	30	30	0.005	0	12470	-0.0877938								0.357819				robustness
10	40	recover	reverse	30	30	0.005	0.00011	12470	-0.108159								0.362149				robustness
10	40	recover	reverse	30	30	0.005	0.0005	12470	-0.185338								0.381796				robustness
10	40	recover	reverse	30	30	0.02	0	12470	-0.132682								0.398236				robustness
10	40	recover	reverse	30	30	0.02	0.0005	12470	-0.232652								0.426464				robustness
10	80	close	auto	3	1	0.02	0.00011	12470	-0.0013952								0				robustness
10	80	close	auto	3	7	0.02	0.00011	12470	-0.00651159								0				robustness
10	80	close	auto	3	30	0.02	0.00011	12470	-0.0120867								0				robustness
10	80	close	auto	5	1	0.02	0.00011	12470	-0.00232533								0				robustness
10	80	close	auto	5	7	0.02	0.00011	12470	-0.0108526								0				robustness
10	80	close	auto	5	30	0.02	0.00011	12470	-0.0201445								0				robustness
10	80	close	auto	10	1	0.02	0.00011	12470	-0.00465066								0				robustness
10	80	close	auto	10	7	0.02	0.00011	12470	-0.0217053								0				robustness
10	80	close	auto	10	30	0.02	0.00011	12470	-0.0402891								0				robustness
10	80	close	auto	15	1	0.02	0.00011	12470	-0.00697599								0				robustness
10	80	close	auto	15	7	0.02	0.00011	12470	-0.0325579								0				robustness
10	80	close	auto	15	30	0.02	0.00011	12470	-0.0604336								0				robustness
10	80	close	auto	30	1	0.02	0.00011	12470	-0.013952								0				robustness
10	80	close	auto	30	7	0.02	0.00011	12470	-0.0651159								0				robustness
10	80	close	auto	30	30	0.02	0.00011	12470	-0.120867								0				robustness
10	80	close	reverse	3	1	0.005	0	12470	0.00158101								0				robustness
10	80	close	reverse	3	1	0.005	0.00011	12470	0.000787338								0				robustness
10	80	close	reverse	3	1	0.005	0.0005	12470	-0.00202658								0				robustness
10	80	close	reverse	3	1	0.02	0	12470	0.00158101								0				robustness
10	80	close	reverse	3	1	0.02	0.0005	12470	-0.00202658								0				robustness
10	80	close	reverse	3	7	0.005	0	12470	0.00385337								0				robustness
10	80	close	reverse	3	7	0.005	0.00011	12470	0.000775397								0				robustness
10	80	close	reverse	3	7	0.005	0.0005	12470	-0.0101374								0				robustness
10	80	close	reverse	3	7	0.02	0	12470	0.00385337								0				robustness
10	80	close	reverse	3	7	0.02	0.0005	12470	-0.0101374								0				robustness
10	80	close	reverse	3	30	0.005	0	12470	0.002577								0				robustness
10	80	close	reverse	3	30	0.005	0.00011	12470	-0.00200136								0				robustness
10	80	close	reverse	3	30	0.005	0.0005	12470	-0.0182337								0				robustness
10	80	close	reverse	3	30	0.02	0	12470	0.002577								0				robustness
10	80	close	reverse	3	30	0.02	0.0005	12470	-0.0182337								0				robustness
10	80	close	reverse	5	1	0.005	0	12470	0.00263501								0				robustness
10	80	close	reverse	5	1	0.005	0.00011	12470	0.00131223								0				robustness
10	80	close	reverse	5	1	0.005	0.0005	12470	-0.00337763								0				robustness
10	80	close	reverse	5	1	0.02	0	12470	0.00263501								0				robustness
10	80	close	reverse	5	1	0.02	0.0005	12470	-0.00337763								0				robustness
10	80	close	reverse	5	7	0.005	0	12470	0.00642228								0				robustness
10	80	close	reverse	5	7	0.005	0.00011	12470	0.00129233								0				robustness
10	80	close	reverse	5	7	0.005	0.0005	12470	-0.0168957								0				robustness
10	80	close	reverse	5	7	0.02	0	12470	0.00642228								0				robustness
10	80	close	reverse	5	7	0.02	0.0005	12470	-0.0168957								0				robustness
10	80	close	reverse	5	30	0.005	0	12470	0.004295								0				robustness
10	80	close	reverse	5	30	0.005	0.00011	12470	-0.0033356								0				robustness
10	80	close	reverse	5	30	0.005	0.0005	12470	-0.0303896								0				robustness
10	80	close	reverse	5	30	0.02	0	12470	0.004295								0				robustness
10	80	close	reverse	5	30	0.02	0.0005	12470	-0.0303896								0				robustness
10	80	close	reverse	10	1	0.005	0	12470	0.00527002								0				robustness
10	80	close	reverse	10	1	0.005	0.00011	12470	0.00262446								0				robustness
10	80	close	reverse	10	1	0.005	0.0005	12470	-0.00675526								0				robustness
10	80	close	reverse	10	1	0.02	0	12470	0.00527002								0				robustness
10	80	close	reverse	10	1	0.02	0.0005	12470	-0.00675526								0				robustness
10	80	close	reverse	10	7	0.005	0	12470	0.0128446								0				robustness
10	80	close	reverse	10	7	0.005	0.00011	12470	0.00258466								0				robustness
10	80	close	reverse	10	7	0.005	0.0005	12470	-0.0337913								0				robustness
10	80	close	reverse	10	7	0.02	0	12470	0.0128446								0				robustness
10	80	close	reverse	10	7	0.02	0.0005	12470	-0.0337913								0				robustness
10	80	close	reverse	10	30	0.005	0	12470	0.00859								0				robustness
10	80	close	reverse	10	30	0.005	0.00011	12470	-0.00667121								0				robustness
10	80	close	reverse	10	30	0.005	0.0005	12470	-0.0607791								0				robustness
10	80	close	reverse	10	30	0.02	0	12470	0.00859								0				robustness
10	80	close	reverse	10	30	0.02	0.0005	12470	-0.0607791								0				robustness
10	80	close	reverse	15	1	0.005	0	12470	0.00790503								0				robustness
10	80	close	reverse	15	1	0.005	0.00011	12470	0.00393669								0				robustness
10	80	close	reverse	15	1	0.005	0.0005	12470	-0.0101329								0				robustness
10	80	close	reverse	15	1	0.02	0	12470	0.00790503								0				robustness
10	80	close	reverse	15	1	0.02	0.0005	12470	-0.0101329								0				robustness
10	80	close	reverse	15	7	0.005	0	12470	0.0192668								0				robustness
10	80	close	reverse	15	7	0.005	0.00011	12470	0.00387699								0				robustness
10	80	close	reverse	15	7	0.005	0.0005	12470	-0.050687								0				robustness
10	80	close	reverse	15	7	0.02	0	12470	0.0192668								0				robustness
10	80	close	reverse	15	7	0.02	0.0005	12470	-0.050687								0				robustness
10	80	close	reverse	15	30	0.005	0	12470	0.012885								0				robustness
10	80	close	reverse	15	30	0.005	0.00011	12470	-0.0100068								0				robustness
10	80	close	reverse	15	30	0.005	0.0005	12470	-0.0911687								0				robustness
10	80	close	reverse	15	30	0.02	0	12470	0.012885								0				robustness
10	80	close	reverse	15	30	0.02	0.0005	12470	-0.0911687								0				robustness
10	80	close	reverse	30	1	0.005	0	12470	0.0158101								0				robustness
10	80	close	reverse	30	1	0.005	0.00011	12470	0.00787338								0				robustness
10	80	close	reverse	30	1	0.005	0.0005	12470	-0.0202658								0				robustness
10	80	close	reverse	30	1	0.02	0	12470	0.0158101								0				robustness
10	80	close	reverse	30	1	0.02	0.0005	12470	-0.0202658								0				robustness
10	80	close	reverse	30	7	0.005	0	12470	0.0385337								0				robustness
10	80	close	reverse	30	7	0.005	0.00011	12470	0.00775397								0				robustness
10	80	close	reverse	30	7	0.005	0.0005	12470	-0.101374								0				robustness
10	80	close	reverse	30	7	0.02	0	12470	0.0385337								0				robustness
10	80	close	reverse	30	7	0.02	0.0005	12470	-0.101374								0				robustness
10	80	close	reverse	30	30	0.005	0	12470	0.02577								0				robustness
10	80	close	reverse	30	30	0.005	0.00011	12470	-0.0200136								0				robustness
10	80	close	reverse	30	30	0.005	0.0005	12470	-0.182337								0				robustness
10	80	close	reverse	30	30	0.02	0	12470	0.02577								0				robustness
10	80	close	reverse	30	30	0.02	0.0005	12470	-0.182337								0				robustness
10	80	hold	auto	3	1	0.02	0.00011	12470	-0.00165296								0				robustness
10	80	hold	auto	3	7	0.02	0.00011	12470	-0.00944131								0.00096231				robustness
10	80	hold	auto	3	30	0.02	0.00011	12470	-0.0387644								0.0204491				robustness
10	80	hold	auto	5	1	0.02	0.00011	12470	-0.00289143								0.00032077				robustness
10	80	hold	auto	5	7	0.02	0.00011	12470	-0.0163846								0.00601443				robustness
10	80	hold	auto	5	30	0.02	0.00011	12470	-0.0596309								0.0519647				robustness
10	80	hold	auto	10	1	0.02	0.00011	12470	-0.0058393								0.00144346				robustness
10	80	hold	auto	10	7	0.02	0.00011	12470	-0.0340743								0.0332799				robustness
10	80	hold	auto	10	30	0.02	0.00011	12470	-0.12482								0.205293				robustness
10	80	hold	auto	15	1	0.02	0.00011	12470	-0.00895435								0.00457097				robustness
10	80	hold	auto	15	7	0.02	0.00011	12470	-0.0565351								0.0842021				robustness
10	80	hold	auto	15	30	0.02	0.00011	12470	-0.197523								0.37097				robustness
10	80	hold	auto	30	1	0.02	0.00011	12470	-0.0223245								0.0268645				robustness
10	80	hold	auto	30	7	0.02	0.00011	12470	-0.137348								0.258861				robustness
10	80	hold	auto	30	30	0.02	0.00011	12470	-0.378993								0.650281				robustness
10	80	hold	reverse	3	1	0.005	0	12470	0.00158858								0				robustness
10	80	hold	reverse	3	1	0.005	0.00011	12470	0.000747619								0				robustness
10	80	hold	reverse	3	1	0.005	0.0005	12470	-0.00223396								0				robustness
10	80	hold	reverse	3	1	0.02	0	12470	0.00158858								0				robustness
10	80	hold	reverse	3	1	0.02	0.0005	12470	-0.00223396								0				robustness
10	80	hold	reverse	3	7	0.005	0	12470	0.00617979								0.000801925				robustness
10	80	hold	reverse	3	7	0.005	0.00011	12470	0.00185748								0.000801925				robustness
10	80	hold	reverse	3	7	0.005	0.0005	12470	-0.0134862								0.000882117				robustness
10	80	hold	reverse	3	7	0.02	0	12470	0.00613517								0.00096231				robustness
10	80	hold	reverse	3	7	0.02	0.0005	12470	-0.0135093								0.00096231				robustness
10	80	hold	reverse	3	30	0.005	0	12470	0.00254234								0.0178027				robustness
10	80	hold	reverse	3	30	0.005	0.00011	12470	-0.00914891								0.0180433				robustness
10	80	hold	reverse	3	30	0.005	0.0005	12470	-0.0507706								0.0192462				robustness
10	80	hold	reverse	3	30	0.02	0	12470	0.00221795								0.0190056				robustness
10	80	hold	reverse	3	30	0.02	0.0005	12470	-0.0510828								0.0204491				robustness
10	80	hold	reverse	5	1	0.005	0	12470	0.00257483								0.000240577				robustness
10	80	hold	reverse	5	1	0.005	0.00011	12470	0.00117359								0.000240577				robustness
10	80	hold	reverse	5	1	0.005	0.0005	12470	-0.00386029								0.00032077				robustness
10	80	hold	reverse	5	1	0.02	0	12470	0.00250844								0.00032077				robustness
10	80	hold	reverse	5	1	0.02	0.0005	12470	-0.00386029								0.00032077				robustness
10	80	hold	reverse	5	7	0.005	0	12470	0.00978498								0.00521251				robustness
10	80	hold	reverse	5	7	0.005	0.00011	12470	0.00260473								0.00521251				robustness
10	80	hold	reverse	5	7	0.005	0.0005	12470	-0.0229988								0.00545309				robustness
10	80	hold	reverse	5	7	0.02	0	12470	0.00962892								0.00561347				robustness
10	80	hold	reverse	5	7	0.02	0.0005	12470	-0.0231621								0.00601443				robustness
10	80	hold	reverse	5	30	0.005	0	12470	0.00995248								0.0440257				robustness
10	80	hold	reverse	5	30	0.005	0.00011	12470	-0.00969958								0.0453087				robustness
10	80	hold	reverse	5	30	0.005	0.0005	12470	-0.0786922								0.0488372				robustness
10	80	hold	reverse	5	30	0.02	0	12470	0.00832879								0.0477947				robustness
10	80	hold	reverse	5	30	0.02	0.0005	12470	-0.0803265								0.0530072				robustness
10	80	hold	reverse	10	1	0.005	0	12470	0.00508498								0.0010425				robustness
10	80	hold	reverse	10	1	0.005	0.00011	12470	0.00228677								0.0010425				robustness
10	80	hold	reverse	10	1	0.005	0.0005	12470	-0.00769049								0.00120289				robustness
10	80	hold	reverse	10	1	0.02	0	12470	0.00497493								0.00136327				robustness
10	80	hold	reverse	10	1	0.02	0.0005	12470	-0.00778382								0.00144346				robustness
10	80	hold	reverse	10	7	0.005	0	12470	0.0196412								0.0263031				robustness
10	80	hold	reverse	10	7	0.005	0.00011	12470	0.00538228								0.0267041				robustness
10	80	hold	reverse	10	7	0.005	0.0005	12470	-0.0458519								0.0295108				robustness
10	80	hold	reverse	10	7	0.02	0	12470	0.018008								0.029992				robustness
10	80	hold	reverse	10	7	0.02	0.0005	12470	-0.0477624								0.0339214				robustness
10	80	hold	reverse	10	30	0.005	0	12470	0.0187192								0.168966				robustness
10	80	hold	reverse	10	30	0.005	0.00011	12470	-0.0188807								0.173857				robustness
10	80	hold	reverse	10	30	0.005	0.0005	12470	-0.154611								0.195188				robustness
10	80	hold	reverse	10	30	0.02	0	12470	0.00818391								0.183962				robustness
10	80	hold	reverse	10	30	0.02	0.0005	12470	-0.166079								0.213392				robustness
10	80	hold	reverse	15	1	0.005	0	12470	0.00767957								0.0032077				robustness
10	80	hold	reverse	15	1	0.005	0.00011	12470	0.00350247								0.0032077				robustness
10	80	hold	reverse	15	1	0.005	0.0005	12470	-0.0115019								0.00360866				robustness
10	80	hold	reverse	15	1	0.02	0	12470	0.00738753								0.00392943				robustness
10	80	hold	reverse	15	1	0.02	0.0005	12470	-0.0118246								0.00441059				robustness
10	80	hold	reverse	15	7	0.005	0	12470	0.0278993								0.0635124				robustness
10	80	hold	reverse	15	7	0.005	0.00011	12470	0.00649128								0.0655172				robustness
10	80	hold	reverse	15	7	0.005	0.0005	12470	-0.0693076								0.0727346				robustness
10	80	hold	reverse	15	7	0.02	0	12470	0.0222791								0.0740176				robustness
10	80	hold	reverse	15	7	0.02	0.0005	12470	-0.0773063								0.0866079				robustness
10	80	hold	reverse	15	30	0.005	0	12470	0.024799								0.299038				robustness
10	80	hold	reverse	15	30	0.005	0.00011	12470	-0.0296306								0.308982				robustness
10	80	hold	reverse	15	30	0.005	0.0005	12470	-0.228149								0.354531				robustness
10	80	hold	reverse	15	30	0.02	0	12470	-0.000967425								0.325421				robustness
10	80	hold	reverse	15	30	0.02	0.0005	12470	-0.259531								0.389334				robustness
10	80	hold	reverse	30	1	0.005	0	12470	0.0139666								0.0164395				robustness
10	80	hold	reverse	30	1	0.005	0.00011	12470	0.00546589								0.0168404				robustness
10	80	hold	reverse	30	1	0.005	0.0005	12470	-0.0238946								0.018765				robustness
10	80	hold	reverse	30	1	0.02	0	12470	0.00998857								0.0226945				robustness
10	80	hold	reverse	30	1	0.02	0.0005	12470	-0.0283694								0.0266239				robustness
10	80	hold	reverse	30	7	0.005	0	12470	0.0460951								0.187169				robustness
10	80	hold	reverse	30	7	0.005	0.00011	12470	0.00475713								0.193184				robustness
10	80	hold	reverse	30	7	0.005	0.0005	12470	-0.139013								0.22069				robustness
10	80	hold	reverse	30	7	0.02	0	12470	0.00969766								0.224459				robustness
10	80	hold	reverse	30	7	0.02	0.0005	12470	-0.180157								0.270409				robustness
10	80	hold	reverse	30	30	0.005	0	12470	0.0179699								0.530152				robustness
10	80	hold	reverse	30	30	0.005	0.00011	12470	-0.0810113								0.549399				robustness
10	80	hold	reverse	30	30	0.005	0.0005	12470	-0.394119								0.623336				robustness
10	80	hold	reverse	30	30	0.02	0	12470	-0.0770329								0.581155				robustness
10	80	hold	reverse	30	30	0.02	0.0005	12470	-0.471723								0.676504				robustness
10	80	recover	auto	3	1	0.02	0.00011	12470	-0.00150832								0				robustness
10	80	recover	auto	3	7	0.02	0.00011	12470	-0.0076305								0.00032077				robustness
10	80	recover	auto	3	30	0.02	0.00011	12470	-0.0242574								0.00858059				robustness
10	80	recover	auto	5	1	0.02	0.00011	12470	-0.00267585								0.00032077				robustness
10	80	recover	auto	5	7	0.02	0.00011	12470	-0.0133728								0.00352847				robustness
10	80	recover	auto	5	30	0.02	0.00011	12470	-0.038002								0.0214916				robustness
10	80	recover	auto	10	1	0.02	0.00011	12470	-0.00526363								0.00096231				robustness
10	80	recover	auto	10	7	0.02	0.00011	12470	-0.0271439								0.0182839				robustness
10	80	recover	auto	10	30	0.02	0.00011	12470	-0.07102								0.0858861				robustness
10	80	recover	auto	15	1	0.02	0.00011	12470	-0.00796637								0.00312751				robustness
10	80	recover	auto	15	7	0.02	0.00011	12470	-0.0434368								0.0502807				robustness
10	80	recover	auto	15	30	0.02	0.00011	12470	-0.112169								0.180353				robustness
10	80	recover	auto	30	1	0.02	0.00011	12470	-0.0200732								0.0223737				robustness
10	80	recover	auto	30	7	0.02	0.00011	12470	-0.110692								0.197273				robustness
10	80	recover	auto	30	30	0.02	0.00011	12470	-0.242926								0.426464				robustness
10	80	recover	reverse	3	1	0.005	0	12470	0.00144335								0				robustness
10	80	recover	reverse	3	1	0.005	0.00011	12470	0.000654752								0				robustness
10	80	recover	reverse	3	1	0.005	0.0005	12470	-0.00214117								0				robustness
10	80	recover	reverse	3	1	0.02	0	12470	0.00144335								0				robustness
10	80	recover	reverse	3	1	0.02	0.0005	12470	-0.00214117								0				robustness
10	80	recover	reverse	3	7	0.005	0	12470	0.00252265								0.000240577				robustness
10	80	recover	reverse	3	7	0.005	0.00011	12470	-0.00052436								0.000240577				robustness
10	80	recover	reverse	3	7	0.005	0.0005	12470	-0.0113274								0.000240577				robustness
10	80	recover	reverse	3	7	0.02	0	12470	0.0024977								0.00032077				robustness
10	80	recover	reverse	3	7	0.02	0.0005	12470	-0.0113517								0.00032077				robustness
10	80	recover	reverse	3	30	0.005	0	12470	-0.0102234								0.00834002				robustness
10	80	recover	reverse	3	30	0.005	0.00011	12470	-0.0147396								0.00834002				robustness
10	80	recover	reverse	3	30	0.005	0.0005	12470	-0.0307515								0.00834002				robustness
10	80	recover	reverse	3	30	0.02	0	12470	-0.0102842								0.00858059				robustness
10	80	recover	reverse	3	30	0.02	0.0005	12470	-0.0308091								0.00858059				robustness
10	80	recover	reverse	5	1	0.005	0	12470	0.00230785								0.000240577				robustness
10	80	recover	reverse	5	1	0.005	0.00011	12470	0.000993776								0.000240577				robustness
10	80	recover	reverse	5	1	0.005	0.0005	12470	-0.00373107								0.00032077				robustness
10	80	recover	reverse	5	1	0.02	0	12470	0.00224147								0.00032077				robustness
10	80	recover	reverse	5	1	0.02	0.0005	12470	-0.00373107								0.00032077				robustness
10	80	recover	reverse	5	7	0.005	0	12470	0.00365024								0.0032077				robustness
10	80	recover	reverse	5	7	0.005	0.00011	12470	-0.00142898								0.00328789				robustness
10	80	recover	reverse	5	7	0.005	0.0005	12470	-0.0195306								0.00344828				robustness
10	80	recover	reverse	5	7	0.02	0	12470	0.00357023								0.00336808				robustness
10	80	recover	reverse	5	7	0.02	0.0005	12470	-0.0196392								0.00360866				robustness
10	80	recover	reverse	5	30	0.005	0	12470	-0.0144073								0.0198877				robustness
10	80	recover	reverse	5	30	0.005	0.00011	12470	-0.0219177								0.0200481				robustness
10	80	recover	reverse	5	30	0.005	0.0005	12470	-0.0486574								0.0209302				robustness
10	80	recover	reverse	5	30	0.02	0	12470	-0.0146146								0.0204491				robustness
10	80	recover	reverse	5	30	0.02	0.0005	12470	-0.049091								0.0221331				robustness
10	80	recover	reverse	10	1	0.005	0	12470	0.00458966								0.000882117				robustness
10	80	recover	reverse	10	1	0.005	0.00011	12470	0.00196368								0.000882117				robustness
10	80	recover	reverse	10	1	0.005	0.0005	12470	-0.00734663								0.000882117				robustness
10	80	recover	reverse	10	1	0.02	0	12470	0.00458966								0.000882117				robustness
10	80	recover	reverse	10	1	0.02	0.0005	12470	-0.00734663								0.000882117				robustness
10	80	recover	reverse	10	7	0.005	0	12470	0.00751682								0.0149158				robustness
10	80	recover	reverse	10	7	0.005	0.00011	12470	-0.00251987								0.0149158				robustness
10	80	recover	reverse	10	7	0.005	0.0005	12470	-0.0387065								0.0165196				robustness
10	80	recover	reverse	10	7	0.02	0	12470	0.00656355								0.017482				robustness
10	80	recover	reverse	10	7	0.02	0.0005	12470	-0.0395574								0.0188452				robustness
10	80	recover	reverse	10	30	0.005	0	12470	-0.0202105								0.0732157				robustness
10	80	recover	reverse	10	30	0.005	0.00011	12470	-0.0352239								0.0747394				robustness
10	80	recover	reverse	10	30	0.005	0.0005	12470	-0.0891071								0.0818765				robustness
10	80	recover	reverse	10	30	0.02	0	12470	-0.0244818								0.0810746				robustness
10	80	recover	reverse	10	30	0.02	0.0005	12470	-0.0924958								0.0888532				robustness
10	80	recover	reverse	15	1	0.005	0	12470	0.00709997								0.00224539				robustness
10	80	recover	reverse	15	1	0.005	0.00011	12470	0.00317057								0.00224539				robustness
10	80	recover	reverse	15	1	0.005	0.0005	12470	-0.0108467								0.00248597				robustness
10	80	recover	reverse	15	1	0.02	0	12470	0.00685232								0.00272654				robustness
10	80	recover	reverse	15	1	0.02	0.0005	12470	-0.0110983								0.00304731				robustness
10	80	recover	reverse	15	7	0.005	0	12470	0.00983612								0.0409783				robustness
10	80	recover	reverse	15	7	0.005	0.00011	12470	-0.00529251								0.0420209				robustness
10	80	recover	reverse	15	7	0.005	0.0005	12470	-0.0587055								0.0450682				robustness
10	80	recover	reverse	15	7	0.02	0	12470	0.00711139								0.0468324				robustness
10	80	recover	reverse	15	7	0.02	0.0005	12470	-0.062099								0.0519647				robustness
10	80	recover	reverse	15	30	0.005	0	12470	-0.0307111								0.152446				robustness
10	80	recover	reverse	15	30	0.005	0.00011	12470	-0.0539381								0.157338				robustness
10	80	recover	reverse	15	30	0.005	0.0005	12470	-0.132793								0.171451				robustness
10	80	recover	reverse	15	30	0.02	0	12470	-0.0411747								0.167602				robustness
10	80	recover	reverse	15	30	0.02	0.0005	12470	-0.145067								0.188532				robustness
10	80	recover	reverse	30	1	0.005	0	12470	0.0124339								0.0148356				robustness
10	80	recover	reverse	30	1	0.005	0.00011	12470	0.00460073								0.0150762				robustness
10	80	recover	reverse	30	1	0.005	0.0005	12470	-0.0231475								0.0163593				robustness
10	80	recover	reverse	30	1	0.02	0	12470	0.0101038								0.0190858				robustness
10	80	recover	reverse	30	1	0.02	0.0005	12470	-0.0262315								0.0220529				robustness
10	80	recover	reverse	30	7	0.005	0	12470	0.0150363								0.146993				robustness
10	80	recover	reverse	30	7	0.005	0.00011	12470	-0.0150284								0.151564				robustness
10	80	recover	reverse	30	7	0.005	0.0005	12470	-0.121976								0.170249				robustness
10	80	recover	reverse	30	7	0.02	0	12470	-0.00650329								0.176744				robustness
10	80	recover	reverse	30	7	0.02	0.0005	12470	-0.147541								0.204812				robustness
10	80	recover	reverse	30	30	0.005	0	12470	-0.053108								0.348035				robustness
10	80	recover	reverse	30	30	0.005	0.00011	12470	-0.097056								0.357097				robustness
10	80	recover	reverse	30	30	0.005	0.0005	12470	-0.257543								0.40008				robustness
10	80	recover	reverse	30	30	0.02	0	12470	-0.0959738								0.386528				robustness
10	80	recover	reverse	30	30	0.02	0.0005	12470	-0.307436								0.448115				robustness
