pair	ts	grade	bbw_pct_now	amp_24h	win4h	bucket
ETH/USDT	2023-01-01 17:15:00+00:00	A	0.19895833333333332	0.026055892345613185	2023-01-01 16:00:00+00:00	[0.10,0.25)
BTC/USDT	2023-01-02 03:45:00+00:00	B	0.615625	0.010790460174505544	2023-01-02 00:00:00+00:00	[0.50,0.75)
ETH/USDT	2023-01-02 07:00:00+00:00	B	0.6298611111111111	0.014999130845066835	2023-01-02 04:00:00+00:00	[0.50,0.75)
BTC/USDT	2023-01-03 14:30:00+00:00	A	0.18055555555555555	0.018723516000811746	2023-01-03 12:00:00+00:00	[0.10,0.25)
AVAX/USDT	2023-01-03 16:00:00+00:00	B	0.7881944444444444	0.07832898172323763	2023-01-03 16:00:00+00:00	[0.75,1.00]
LTC/USDT	2023-01-04 01:00:00+00:00	A	0.48055555555555557	0.04810591165290341	2023-01-04 00:00:00+00:00	[0.25,0.50)
AVAX/USDT	2023-01-04 07:30:00+00:00	B	0.815625	0.05108877721943059	2023-01-04 04:00:00+00:00	[0.75,1.00]
LINK/USDT	2023-01-04 13:45:00+00:00	A	0.1388888888888889	0.03374655647382915	2023-01-04 12:00:00+00:00	[0.10,0.25)
ETH/USDT	2023-01-04 17:30:00+00:00	B	0.6975694444444445	0.019705056735065094	2023-01-04 16:00:00+00:00	[0.50,0.75)
DOGE/USDT	2023-01-05 05:45:00+00:00	B	0.8184027777777778	0.06597222222222222	2023-01-05 04:00:00+00:00	[0.75,1.00]
ETH/USDT	2023-01-05 11:45:00+00:00	A	0.32743055555555556	0.015924707980667405	2023-01-05 08:00:00+00:00	[0.25,0.50)
DOGE/USDT	2023-01-06 13:30:00+00:00	B	0.49583333333333335	0.03400786958965719	2023-01-06 12:00:00+00:00	[0.25,0.50)
BTC/USDT	2023-01-06 19:30:00+00:00	B	0.8086805555555555	0.009144778041662287	2023-01-06 16:00:00+00:00	[0.75,1.00]
LINK/USDT	2023-01-07 00:45:00+00:00	A	0.33645833333333336	0.019703574542284295	2023-01-07 00:00:00+00:00	[0.25,0.50)
ADA/USDT	2023-01-08 00:00:00+00:00	A	0.2378472222222222	0.09352517985611518	2023-01-08 00:00:00+00:00	[0.10,0.25)
SOL/USDT	2023-01-08 08:45:00+00:00	A	0.5520833333333334	0.2637766348273328	2023-01-08 08:00:00+00:00	[0.50,0.75)
BNB/USDT	2023-01-08 15:30:00+00:00	B	0.74375	0.06502835538752359	2023-01-08 12:00:00+00:00	[0.50,0.75)
BNB/USDT	2023-01-08 23:00:00+00:00	B	0.9215277777777777	0.04457435147972228	2023-01-08 20:00:00+00:00	[0.75,1.00]
ADA/USDT	2023-01-09 00:45:00+00:00	B	0.9868055555555556	0.11413914716255198	2023-01-09 00:00:00+00:00	[0.75,1.00]
DOGE/USDT	2023-01-09 09:30:00+00:00	B	0.6746527777777778	0.07757941716986103	2023-01-09 08:00:00+00:00	[0.50,0.75)
XRP/USDT	2023-01-11 04:30:00+00:00	B	0.7131944444444445	0.07601351351351358	2023-01-11 04:00:00+00:00	[0.50,0.75)
ETH/USDT	2023-01-11 18:00:00+00:00	B	0.8222222222222222	0.07280906240457588	2023-01-11 16:00:00+00:00	[0.75,1.00]
ADA/USDT	2023-01-11 23:30:00+00:00	B	0.8048611111111111	0.06127527216174182	2023-01-11 20:00:00+00:00	[0.75,1.00]
SOL/USDT	2023-01-12 00:30:00+00:00	B	0.8774305555555556	0.08763505402160869	2023-01-12 00:00:00+00:00	[0.75,1.00]
ADA/USDT	2023-01-12 13:30:00+00:00	B	0.7270833333333333	0.047169811320754755	2023-01-12 12:00:00+00:00	[0.50,0.75)
BTC/USDT	2023-01-12 17:30:00+00:00	B	0.9836805555555556	0.04240977368229738	2023-01-12 16:00:00+00:00	[0.75,1.00]
AVAX/USDT	2023-01-13 09:00:00+00:00	B	0.95625	0.19839307787391836	2023-01-13 08:00:00+00:00	[0.75,1.00]
BTC/USDT	2023-01-13 15:00:00+00:00	B	0.9038194444444444	0.11487016903478423	2023-01-13 12:00:00+00:00	[0.75,1.00]
SOL/USDT	2023-01-13 21:15:00+00:00	B	0.8791666666666667	0.4039436619718309	2023-01-13 20:00:00+00:00	[0.75,1.00]
ETH/USDT	2023-01-14 00:30:00+00:00	B	0.9961805555555555	0.03948994567316366	2023-01-14 00:00:00+00:00	[0.75,1.00]
SOL/USDT	2023-01-14 05:30:00+00:00	B	0.9746527777777778	0.15497690046199084	2023-01-14 04:00:00+00:00	[0.75,1.00]
DOGE/USDT	2023-01-16 01:00:00+00:00	B	0.7861111111111111	0.0777255531353893	2023-01-16 00:00:00+00:00	[0.75,1.00]
SOL/USDT	2023-01-16 06:30:00+00:00	B	0.8121527777777777	0.11092851273623662	2023-01-16 04:00:00+00:00	[0.75,1.00]
AVAX/USDT	2023-01-17 00:15:00+00:00	B	0.7086805555555555	0.09351256575102287	2023-01-17 00:00:00+00:00	[0.50,0.75)
ETH/USDT	2023-01-17 14:00:00+00:00	B	0.8256944444444444	0.030217999937085138	2023-01-17 12:00:00+00:00	[0.75,1.00]
LTC/USDT	2023-01-17 16:15:00+00:00	B	0.8371527777777777	0.07929366775390842	2023-01-17 16:00:00+00:00	[0.75,1.00]
DOGE/USDT	2023-01-18 01:00:00+00:00	B	0.8423611111111111	0.13915066899360107	2023-01-18 00:00:00+00:00	[0.75,1.00]
ETH/USDT	2023-01-18 13:30:00+00:00	B	0.5649305555555556	0.06839463724582642	2023-01-18 12:00:00+00:00	[0.50,0.75)
ETH/USDT	2023-01-20 14:30:00+00:00	B	0.615625	0.07794344538837282	2023-01-20 12:00:00+00:00	[0.50,0.75)
BNB/USDT	2023-01-20 16:30:00+00:00	B	0.746875	0.06427350427350412	2023-01-20 16:00:00+00:00	[0.50,0.75)
ADA/USDT	2023-01-20 20:00:00+00:00	B	0.9375	0.09926884139482563	2023-01-20 20:00:00+00:00	[0.75,1.00]
ADA/USDT	2023-01-21 15:30:00+00:00	B	0.9260416666666667	0.06308224647324993	2023-01-21 12:00:00+00:00	[0.75,1.00]
ADA/USDT	2023-01-22 08:30:00+00:00	B	0.9524305555555556	0.04801453412924984	2023-01-22 08:00:00+00:00	[0.75,1.00]
ETH/USDT	2023-01-22 14:45:00+00:00	B	0.7559027777777778	0.04785358993248147	2023-01-22 12:00:00+00:00	[0.75,1.00]
DOGE/USDT	2023-01-22 16:15:00+00:00	B	0.9295138888888889	0.08310156858382473	2023-01-22 16:00:00+00:00	[0.75,1.00]
XRP/USDT	2023-01-23 07:45:00+00:00	B	0.7243055555555555	0.049323017408123726	2023-01-23 04:00:00+00:00	[0.50,0.75)
LTC/USDT	2023-01-23 11:00:00+00:00	B	0.8954861111111111	0.046301400066144895	2023-01-23 08:00:00+00:00	[0.75,1.00]
AVAX/USDT	2023-01-24 00:45:00+00:00	B	0.8489583333333334	0.12520413718018492	2023-01-24 00:00:00+00:00	[0.75,1.00]
SOL/USDT	2023-01-25 12:00:00+00:00	A	0.48680555555555555	0.11480235492010094	2023-01-25 12:00:00+00:00	[0.25,0.50)
BTC/USDT	2023-01-25 20:00:00+00:00	B	0.8333333333333334	0.04478250758831429	2023-01-25 20:00:00+00:00	[0.75,1.00]
ADA/USDT	2023-01-26 00:45:00+00:00	B	0.9548611111111112	0.043185932247220046	2023-01-26 00:00:00+00:00	[0.75,1.00]
LINK/USDT	2023-01-27 08:15:00+00:00	B	0.9295138888888889	0.05616755065959476	2023-01-27 08:00:00+00:00	[0.75,1.00]
AVAX/USDT	2023-01-27 19:45:00+00:00	B	0.9420138888888889	0.13995837669094682	2023-01-27 16:00:00+00:00	[0.75,1.00]
ADA/USDT	2023-01-27 21:30:00+00:00	B	0.40381944444444445	0.051759834368530065	2023-01-27 20:00:00+00:00	[0.25,0.50)
LTC/USDT	2023-01-28 03:45:00+00:00	A	0.22951388888888888	0.1081413554014762	2023-01-28 00:00:00+00:00	[0.10,0.25)
SOL/USDT	2023-01-28 05:00:00+00:00	A	0.3388888888888889	0.05277888844462216	2023-01-28 04:00:00+00:00	[0.25,0.50)
BTC/USDT	2023-01-29 00:30:00+00:00	A	0.34444444444444444	0.039335879543793646	2023-01-29 00:00:00+00:00	[0.25,0.50)
BTC/USDT	2023-01-29 10:00:00+00:00	B	0.6024305555555556	0.036705182921227014	2023-01-29 08:00:00+00:00	[0.50,0.75)
BNB/USDT	2023-01-29 14:45:00+00:00	B	0.6388888888888888	0.051475204017577	2023-01-29 12:00:00+00:00	[0.50,0.75)
SOL/USDT	2023-01-29 16:45:00+00:00	B	0.4222222222222222	0.12105473431881746	2023-01-29 16:00:00+00:00	[0.25,0.50)
XRP/USDT	2023-01-30 00:30:00+00:00	A	0.15520833333333334	0.08685220729366605	2023-01-30 00:00:00+00:00	[0.10,0.25)
DOGE/USDT	2023-01-30 14:45:00+00:00	B	0.5125	0.12727065006283558	2023-01-30 12:00:00+00:00	[0.50,0.75)
DOGE/USDT	2023-01-31 02:00:00+00:00	B	0.9892361111111111	0.08546376505387704	2023-01-31 00:00:00+00:00	[0.75,1.00]
SOL/USDT	2023-01-31 13:30:00+00:00	A	0.22847222222222222	0.05474906677727086	2023-01-31 12:00:00+00:00	[0.10,0.25)
DOGE/USDT	2023-01-31 16:30:00+00:00	B	0.7944444444444444	0.10166280782993042	2023-01-31 16:00:00+00:00	[0.75,1.00]
AVAX/USDT	2023-02-01 19:30:00+00:00	B	0.7930555555555555	0.16963830871115632	2023-02-01 16:00:00+00:00	[0.75,1.00]
ETH/USDT	2023-02-02 00:30:00+00:00	B	0.9131944444444444	0.05183974124396501	2023-02-02 00:00:00+00:00	[0.75,1.00]
ETH/USDT	2023-02-02 18:15:00+00:00	B	0.8048611111111111	0.04793802903123261	2023-02-02 16:00:00+00:00	[0.75,1.00]
ETH/USDT	2023-02-03 14:45:00+00:00	B	0.6673611111111111	0.03182195588606902	2023-02-03 12:00:00+00:00	[0.50,0.75)
ETH/USDT	2023-02-04 13:00:00+00:00	B	0.6486111111111111	0.035255268096833145	2023-02-04 12:00:00+00:00	[0.50,0.75)
LINK/USDT	2023-02-04 17:30:00+00:00	A	0.13993055555555556	0.06310481123074828	2023-02-04 16:00:00+00:00	[0.10,0.25)
BNB/USDT	2023-02-05 08:30:00+00:00	B	0.6697916666666667	0.05093833780160865	2023-02-05 08:00:00+00:00	[0.50,0.75)
ETH/USDT	2023-02-06 15:45:00+00:00	B	0.5850694444444444	0.03247402987246891	2023-02-06 12:00:00+00:00	[0.50,0.75)
LTC/USDT	2023-02-07 02:45:00+00:00	B	0.7368055555555556	0.03631199918855866	2023-02-07 00:00:00+00:00	[0.50,0.75)
BTC/USDT	2023-02-07 17:45:00+00:00	A	0.6583333333333333	0.03376509475615608	2023-02-07 16:00:00+00:00	[0.50,0.75)
LTC/USDT	2023-02-08 07:00:00+00:00	A	0.128125	0.06644453155625246	2023-02-08 04:00:00+00:00	[0.10,0.25)
AVAX/USDT	2023-02-11 14:45:00+00:00	B	0.3861111111111111	0.032668881506090805	2023-02-11 12:00:00+00:00	[0.25,0.50)
BTC/USDT	2023-02-11 21:45:00+00:00	A	0.2920138888888889	0.017719840392676496	2023-02-11 20:00:00+00:00	[0.25,0.50)
SOL/USDT	2023-02-12 05:45:00+00:00	A	0.021527777777777778	0.10235463719365685	2023-02-12 04:00:00+00:00	[0.00,0.05)
DOGE/USDT	2023-02-12 09:00:00+00:00	A	0.5159722222222223	0.07374208198876533	2023-02-12 08:00:00+00:00	[0.50,0.75)
BTC/USDT	2023-02-12 14:30:00+00:00	A	0.28923611111111114	0.029936668226532636	2023-02-12 12:00:00+00:00	[0.25,0.50)
ETH/USDT	2023-02-12 16:30:00+00:00	B	0.5583333333333333	0.05466999883460437	2023-02-12 16:00:00+00:00	[0.50,0.75)
DOGE/USDT	2023-02-13 04:15:00+00:00	B	0.9180555555555555	0.08238833603332564	2023-02-13 04:00:00+00:00	[0.75,1.00]
SOL/USDT	2023-02-14 09:45:00+00:00	A	0.5072916666666667	0.06946386946386957	2023-02-14 08:00:00+00:00	[0.50,0.75)
AVAX/USDT	2023-02-14 14:45:00+00:00	A	0.5857638888888889	0.05094130675526034	2023-02-14 12:00:00+00:00	[0.50,0.75)
DOGE/USDT	2023-02-15 03:15:00+00:00	A	0.7885416666666667	0.07124593212459317	2023-02-15 00:00:00+00:00	[0.75,1.00]
ADA/USDT	2023-02-15 23:45:00+00:00	B	0.9475694444444445	0.08377088305489265	2023-02-15 20:00:00+00:00	[0.75,1.00]
AVAX/USDT	2023-02-16 00:00:00+00:00	B	0.8930555555555556	0.09464816650148662	2023-02-16 00:00:00+00:00	[0.75,1.00]
ETH/USDT	2023-02-16 15:30:00+00:00	B	0.7149305555555555	0.0657526237319847	2023-02-16 12:00:00+00:00	[0.50,0.75)
DOGE/USDT	2023-02-16 16:30:00+00:00	B	0.8503472222222223	0.079344262295082	2023-02-16 16:00:00+00:00	[0.75,1.00]
BTC/USDT	2023-02-17 14:30:00+00:00	B	0.7729166666666667	0.054165296467116056	2023-02-17 12:00:00+00:00	[0.75,1.00]
LINK/USDT	2023-02-17 17:00:00+00:00	A	0.6569444444444444	0.11638448206905748	2023-02-17 16:00:00+00:00	[0.50,0.75)
LINK/USDT	2023-02-18 12:00:00+00:00	B	0.7333333333333333	0.06231568149762787	2023-02-18 12:00:00+00:00	[0.50,0.75)
DOGE/USDT	2023-02-18 16:30:00+00:00	A	0.6795138888888889	0.02814551118033141	2023-02-18 16:00:00+00:00	[0.50,0.75)
SOL/USDT	2023-02-19 05:15:00+00:00	B	0.38263888888888886	0.14195183776932824	2023-02-19 04:00:00+00:00	[0.25,0.50)
AVAX/USDT	2023-02-19 14:45:00+00:00	B	0.5600694444444444	0.11662531017369734	2023-02-19 12:00:00+00:00	[0.50,0.75)
SOL/USDT	2023-02-20 02:15:00+00:00	B	0.9253472222222222	0.060899922420481	2023-02-20 00:00:00+00:00	[0.75,1.00]
BNB/USDT	2023-02-20 07:45:00+00:00	A	0.030208333333333334	0.022088987062164722	2023-02-20 04:00:00+00:00	[0.00,0.05)
AVAX/USDT	2023-02-20 13:00:00+00:00	B	0.7923611111111111	0.06685499058380406	2023-02-20 12:00:00+00:00	[0.75,1.00]
AVAX/USDT	2023-02-21 17:15:00+00:00	B	0.7392361111111111	0.10043457267020771	2023-02-21 16:00:00+00:00	[0.50,0.75)
DOGE/USDT	2023-02-22 09:30:00+00:00	B	0.8239583333333333	0.05775672865888882	2023-02-22 08:00:00+00:00	[0.75,1.00]
SOL/USDT	2023-02-22 19:00:00+00:00	B	0.5506944444444445	0.051314142678347954	2023-02-22 16:00:00+00:00	[0.50,0.75)
BTC/USDT	2023-02-23 02:30:00+00:00	B	0.8819444444444444	0.04041100970672788	2023-02-23 00:00:00+00:00	[0.75,1.00]
AVAX/USDT	2023-02-25 07:00:00+00:00	A	0.375	0.06357758620689655	2023-02-25 04:00:00+00:00	[0.25,0.50)
ETH/USDT	2023-02-26 18:30:00+00:00	A	0.58125	0.030820947901146364	2023-02-26 16:00:00+00:00	[0.50,0.75)
DOGE/USDT	2023-02-28 00:30:00+00:00	B	0.56875	0.03929704661947767	2023-02-28 00:00:00+00:00	[0.50,0.75)
DOGE/USDT	2023-02-28 18:45:00+00:00	A	0.14548611111111112	0.03571428571428569	2023-02-28 16:00:00+00:00	[0.10,0.25)
BNB/USDT	2023-03-01 04:45:00+00:00	B	0.6923611111111111	0.026814911706998	2023-03-01 04:00:00+00:00	[0.50,0.75)
SOL/USDT	2023-03-05 00:30:00+00:00	B	0.8885416666666667	0.045028142589118074	2023-03-05 00:00:00+00:00	[0.75,1.00]
AVAX/USDT	2023-03-06 13:00:00+00:00	A	0.48194444444444445	0.03406326034063252	2023-03-06 12:00:00+00:00	[0.25,0.50)
DOGE/USDT	2023-03-07 00:30:00+00:00	A	0.3940972222222222	0.04814962196577788	2023-03-07 00:00:00+00:00	[0.25,0.50)
XRP/USDT	2023-03-07 12:00:00+00:00	B	0.5010416666666667	0.05005353319057815	2023-03-07 12:00:00+00:00	[0.50,0.75)
XRP/USDT	2023-03-08 13:00:00+00:00	B	0.9795138888888889	0.04515640766902112	2023-03-08 12:00:00+00:00	[0.75,1.00]
BNB/USDT	2023-03-10 13:30:00+00:00	B	0.9243055555555556	0.04455807158509857	2023-03-10 12:00:00+00:00	[0.75,1.00]
BNB/USDT	2023-03-11 01:30:00+00:00	B	0.7204861111111112	0.040285204991087384	2023-03-11 00:00:00+00:00	[0.50,0.75)
ADA/USDT	2023-03-12 17:15:00+00:00	B	0.6774305555555555	0.14290343486714202	2023-03-12 16:00:00+00:00	[0.50,0.75)
ETH/USDT	2023-03-12 22:15:00+00:00	B	0.9440972222222223	0.08390173465316438	2023-03-12 20:00:00+00:00	[0.75,1.00]
BNB/USDT	2023-03-13 04:00:00+00:00	B	0.8875	0.07125890736342043	2023-03-13 04:00:00+00:00	[0.75,1.00]
LINK/USDT	2023-03-13 14:00:00+00:00	B	0.6267361111111112	0.07915087187263083	2023-03-13 12:00:00+00:00	[0.50,0.75)
LTC/USDT	2023-03-14 12:30:00+00:00	B	0.9600694444444444	0.09322820037105743	2023-03-14 12:00:00+00:00	[0.75,1.00]
BNB/USDT	2023-03-16 14:15:00+00:00	B	0.965625	0.04674046740467401	2023-03-16 12:00:00+00:00	[0.75,1.00]
BTC/USDT	2023-03-16 19:15:00+00:00	B	0.5857638888888889	0.09391434650426729	2023-03-16 16:00:00+00:00	[0.50,0.75)
DOGE/USDT	2023-03-16 23:30:00+00:00	B	0.8847222222222222	0.07924168030551022	2023-03-16 20:00:00+00:00	[0.75,1.00]
LINK/USDT	2023-03-17 01:30:00+00:00	B	0.6684027777777778	0.0844194312796209	2023-03-17 00:00:00+00:00	[0.50,0.75)
BTC/USDT	2023-03-17 06:30:00+00:00	B	0.6927083333333334	0.07175523677265029	2023-03-17 04:00:00+00:00	[0.50,0.75)
XRP/USDT	2023-03-17 13:30:00+00:00	B	0.9118055555555555	0.05821917808219166	2023-03-17 12:00:00+00:00	[0.75,1.00]
AVAX/USDT	2023-03-17 22:15:00+00:00	B	0.8145833333333333	0.08187134502923968	2023-03-17 20:00:00+00:00	[0.75,1.00]
ETH/USDT	2023-03-18 00:45:00+00:00	B	0.9541666666666667	0.05142062322696983	2023-03-18 00:00:00+00:00	[0.75,1.00]
BTC/USDT	2023-03-19 15:00:00+00:00	B	0.6822916666666666	0.04909953995028573	2023-03-19 12:00:00+00:00	[0.50,0.75)
LTC/USDT	2023-03-19 16:30:00+00:00	B	0.7552083333333334	0.06858407079646019	2023-03-19 16:00:00+00:00	[0.75,1.00]
SOL/USDT	2023-03-20 02:00:00+00:00	B	0.7354166666666667	0.11247803163444633	2023-03-20 00:00:00+00:00	[0.50,0.75)
SOL/USDT	2023-03-20 07:30:00+00:00	B	0.8357638888888889	0.09654871122761034	2023-03-20 04:00:00+00:00	[0.75,1.00]
XRP/USDT	2023-03-21 12:30:00+00:00	B	0.8586805555555556	0.24867323730098556	2023-03-21 12:00:00+00:00	[0.75,1.00]
BTC/USDT	2023-03-21 16:30:00+00:00	B	0.6194444444444445	0.02950386567694608	2023-03-21 16:00:00+00:00	[0.50,0.75)
ADA/USDT	2023-03-21 20:00:00+00:00	B	0.9729166666666667	0.1015729138896295	2023-03-21 20:00:00+00:00	[0.75,1.00]
BNB/USDT	2023-03-22 06:45:00+00:00	B	0.5267361111111111	0.06936245572609209	2023-03-22 04:00:00+00:00	[0.50,0.75)
LINK/USDT	2023-03-22 12:15:00+00:00	B	0.7527777777777778	0.09445316588173724	2023-03-22 12:00:00+00:00	[0.75,1.00]
LTC/USDT	2023-03-22 18:15:00+00:00	B	0.7659722222222223	0.18836363636363643	2023-03-22 16:00:00+00:00	[0.75,1.00]
DOGE/USDT	2023-03-23 09:15:00+00:00	B	0.8201388888888889	0.05431226279282817	2023-03-23 08:00:00+00:00	[0.75,1.00]
BTC/USDT	2023-03-26 08:30:00+00:00	A	0.16805555555555557	0.020527184366406295	2023-03-26 08:00:00+00:00	[0.10,0.25)
ETH/USDT	2023-03-26 13:30:00+00:00	A	0.33368055555555554	0.028787514603375124	2023-03-26 12:00:00+00:00	[0.25,0.50)
BNB/USDT	2023-03-26 20:00:00+00:00	A	0.22291666666666668	0.07275494672754958	2023-03-26 20:00:00+00:00	[0.10,0.25)
XRP/USDT	2023-03-27 03:00:00+00:00	B	0.7079861111111111	0.08855196660074709	2023-03-27 00:00:00+00:00	[0.50,0.75)
DOGE/USDT	2023-03-27 13:00:00+00:00	B	0.8857638888888889	0.06792403059878663	2023-03-27 12:00:00+00:00	[0.75,1.00]
DOGE/USDT	2023-03-28 18:45:00+00:00	A	0.31875	0.051698267630609765	2023-03-28 16:00:00+00:00	[0.25,0.50)
BNB/USDT	2023-03-29 06:15:00+00:00	A	0.29375	0.03416640303701346	2023-03-29 04:00:00+00:00	[0.25,0.50)
ADA/USDT	2023-03-29 08:00:00+00:00	B	0.7204861111111112	0.045653856074284224	2023-03-29 08:00:00+00:00	[0.50,0.75)
BTC/USDT	2023-03-30 02:15:00+00:00	A	0.6027777777777777	0.05200272317887414	2023-03-30 00:00:00+00:00	[0.50,0.75)
BNB/USDT	2023-03-30 07:45:00+00:00	B	0.41458333333333336	0.02028526148969882	2023-03-30 04:00:00+00:00	[0.25,0.50)
LINK/USDT	2023-03-31 07:30:00+00:00	A	0.23368055555555556	0.03940820443846673	2023-03-31 04:00:00+00:00	[0.10,0.25)
BTC/USDT	2023-03-31 12:30:00+00:00	B	0.48819444444444443	0.027783322250318078	2023-03-31 12:00:00+00:00	[0.25,0.50)
XRP/USDT	2023-03-31 20:30:00+00:00	B	0.4388888888888889	0.12317905218513732	2023-03-31 20:00:00+00:00	[0.25,0.50)
LTC/USDT	2023-04-01 01:45:00+00:00	A	0.6614583333333334	0.032121998702141455	2023-04-01 00:00:00+00:00	[0.50,0.75)
XRP/USDT	2023-04-01 11:30:00+00:00	B	0.8208333333333333	0.03578299345902282	2023-04-01 08:00:00+00:00	[0.75,1.00]
AVAX/USDT	2023-04-01 21:00:00+00:00	A	0.2652777777777778	0.04430734716769505	2023-04-01 20:00:00+00:00	[0.25,0.50)
XRP/USDT	2023-04-02 13:15:00+00:00	B	0.3927083333333333	0.049846035411855345	2023-04-02 12:00:00+00:00	[0.25,0.50)
ADA/USDT	2023-04-03 07:45:00+00:00	B	0.9503472222222222	0.07448695211553087	2023-04-03 04:00:00+00:00	[0.75,1.00]
DOGE/USDT	2023-04-03 17:30:00+00:00	B	0.9965277777777778	0.2049675287683718	2023-04-03 16:00:00+00:00	[0.75,1.00]
ETH/USDT	2023-04-04 11:00:00+00:00	B	0.8083333333333333	0.039212844420825455	2023-04-04 08:00:00+00:00	[0.75,1.00]
BTC/USDT	2023-04-05 00:30:00+00:00	A	0.3232638888888889	0.034119463502305464	2023-04-05 00:00:00+00:00	[0.25,0.50)
LTC/USDT	2023-04-05 07:30:00+00:00	A	0.0763888888888889	0.04098880202831181	2023-04-05 04:00:00+00:00	[0.05,0.10)
ETH/USDT	2023-04-05 12:45:00+00:00	A	0.13819444444444445	0.03709658954905448	2023-04-05 12:00:00+00:00	[0.10,0.25)
AVAX/USDT	2023-04-06 14:15:00+00:00	B	0.634375	0.05118326912493119	2023-04-06 12:00:00+00:00	[0.50,0.75)
BTC/USDT	2023-04-08 05:45:00+00:00	A	0.3263888888888889	0.009966269759481892	2023-04-08 04:00:00+00:00	[0.25,0.50)
BTC/USDT	2023-04-09 18:45:00+00:00	A	0.10972222222222222	0.04927868833741511	2023-04-09 16:00:00+00:00	[0.10,0.25)
SOL/USDT	2023-04-10 10:00:00+00:00	A	0.00625	0.1279527559055119	2023-04-10 08:00:00+00:00	[0.00,0.05)
BTC/USDT	2023-04-10 16:30:00+00:00	B	0.5704861111111111	0.06552319885261039	2023-04-10 16:00:00+00:00	[0.50,0.75)
XRP/USDT	2023-04-10 22:00:00+00:00	A	0.08402777777777778	0.033598757040201946	2023-04-10 20:00:00+00:00	[0.05,0.10)
BNB/USDT	2023-04-11 01:45:00+00:00	B	0.9059027777777777	0.04129152437131329	2023-04-11 00:00:00+00:00	[0.75,1.00]
SOL/USDT	2023-04-11 04:15:00+00:00	B	0.7836805555555556	0.10279069767441865	2023-04-11 04:00:00+00:00	[0.75,1.00]
SOL/USDT	2023-04-11 14:00:00+00:00	B	0.790625	0.09447799827437452	2023-04-11 12:00:00+00:00	[0.75,1.00]
BTC/USDT	2023-04-11 19:15:00+00:00	A	0.4288194444444444	0.027896441938023563	2023-04-11 16:00:00+00:00	[0.25,0.50)
BTC/USDT	2023-04-12 12:30:00+00:00	A	0.41215277777777776	0.024343812656920743	2023-04-12 12:00:00+00:00	[0.25,0.50)
DOGE/USDT	2023-04-12 22:00:00+00:00	A	0.28055555555555556	0.07319711538461536	2023-04-12 20:00:00+00:00	[0.25,0.50)
BNB/USDT	2023-04-13 08:30:00+00:00	B	0.37916666666666665	0.0474258970358814	2023-04-13 08:00:00+00:00	[0.25,0.50)
SOL/USDT	2023-04-13 12:45:00+00:00	B	0.8215277777777777	0.05113863363963234	2023-04-13 12:00:00+00:00	[0.75,1.00]
ADA/USDT	2023-04-13 20:00:00+00:00	B	0.84375	0.05001179523472516	2023-04-13 20:00:00+00:00	[0.75,1.00]
XRP/USDT	2023-04-14 00:30:00+00:00	A	0.140625	0.06742658423493032	2023-04-14 00:00:00+00:00	[0.10,0.25)
XRP/USDT	2023-04-14 05:45:00+00:00	B	0.6597222222222222	0.06553990610328626	2023-04-14 04:00:00+00:00	[0.50,0.75)
AVAX/USDT	2023-04-14 23:15:00+00:00	B	0.6809027777777777	0.027589796980739257	2023-04-14 20:00:00+00:00	[0.50,0.75)
BNB/USDT	2023-04-15 14:30:00+00:00	B	0.4267361111111111	0.048685782556750164	2023-04-15 12:00:00+00:00	[0.25,0.50)
SOL/USDT	2023-04-16 02:45:00+00:00	B	0.5138888888888888	0.07972199509403119	2023-04-16 00:00:00+00:00	[0.50,0.75)
DOGE/USDT	2023-04-16 04:15:00+00:00	B	0.5472222222222223	0.04178706379195376	2023-04-16 04:00:00+00:00	[0.50,0.75)
LTC/USDT	2023-04-16 09:15:00+00:00	A	0.5677083333333334	0.061266028902910746	2023-04-16 08:00:00+00:00	[0.50,0.75)
DOGE/USDT	2023-04-16 16:45:00+00:00	A	0.20243055555555556	0.07566666666666678	2023-04-16 16:00:00+00:00	[0.10,0.25)
AVAX/USDT	2023-04-16 20:30:00+00:00	B	0.6986111111111111	0.08895705521472404	2023-04-16 20:00:00+00:00	[0.50,0.75)
AVAX/USDT	2023-04-17 02:45:00+00:00	B	0.9152777777777777	0.05169937769267601	2023-04-17 00:00:00+00:00	[0.75,1.00]
AVAX/USDT	2023-04-17 13:45:00+00:00	B	0.9194444444444444	0.06158218853623862	2023-04-17 12:00:00+00:00	[0.75,1.00]
LTC/USDT	2023-04-18 11:30:00+00:00	A	0.3704861111111111	0.09183673469387743	2023-04-18 08:00:00+00:00	[0.25,0.50)
DOGE/USDT	2023-04-18 15:30:00+00:00	B	0.49201388888888886	0.11108760050782912	2023-04-18 12:00:00+00:00	[0.25,0.50)
BNB/USDT	2023-04-21 07:45:00+00:00	B	0.9472222222222222	0.047619047619047755	2023-04-21 04:00:00+00:00	[0.75,1.00]
SOL/USDT	2023-04-23 07:30:00+00:00	B	0.6506944444444445	0.0606060606060606	2023-04-23 04:00:00+00:00	[0.50,0.75)
BTC/USDT	2023-04-24 00:45:00+00:00	B	0.6788194444444444	0.03801781462476477	2023-04-24 00:00:00+00:00	[0.50,0.75)
BTC/USDT	2023-04-24 13:30:00+00:00	B	0.7916666666666666	0.02810335675671183	2023-04-24 12:00:00+00:00	[0.75,1.00]
AVAX/USDT	2023-04-25 07:00:00+00:00	B	0.6815972222222222	0.05318527177089422	2023-04-25 04:00:00+00:00	[0.50,0.75)
LTC/USDT	2023-04-25 08:45:00+00:00	B	0.5135416666666667	0.03882180340819318	2023-04-25 08:00:00+00:00	[0.50,0.75)
ADA/USDT	2023-04-25 17:30:00+00:00	A	0.371875	0.09833506763787721	2023-04-25 16:00:00+00:00	[0.25,0.50)
DOGE/USDT	2023-04-25 20:00:00+00:00	B	0.48541666666666666	0.11070482915143104	2023-04-25 20:00:00+00:00	[0.25,0.50)
LINK/USDT	2023-04-26 06:00:00+00:00	A	0.19270833333333334	0.10978454782489362	2023-04-26 04:00:00+00:00	[0.10,0.25)
BTC/USDT	2023-04-26 08:15:00+00:00	A	0.5951388888888889	0.09773203070481508	2023-04-26 08:00:00+00:00	[0.50,0.75)
ADA/USDT	2023-04-26 12:15:00+00:00	B	0.9048611111111111	0.10112085769980503	2023-04-26 12:00:00+00:00	[0.75,1.00]
ETH/USDT	2023-04-27 00:15:00+00:00	B	0.9743055555555555	0.040111008134038194	2023-04-27 00:00:00+00:00	[0.75,1.00]
LTC/USDT	2023-04-28 16:00:00+00:00	B	0.7399305555555555	0.0328633285222604	2023-04-28 16:00:00+00:00	[0.50,0.75)
XRP/USDT	2023-04-29 00:15:00+00:00	B	0.5138888888888888	0.027071709030791487	2023-04-29 00:00:00+00:00	[0.50,0.75)
AVAX/USDT	2023-04-29 13:15:00+00:00	A	0.036458333333333336	0.02607709750566878	2023-04-29 12:00:00+00:00	[0.00,0.05)
DOGE/USDT	2023-04-29 16:45:00+00:00	A	0.11736111111111111	0.018123928483957816	2023-04-29 16:00:00+00:00	[0.10,0.25)
BTC/USDT	2023-04-30 14:30:00+00:00	A	0.2777777777777778	0.05855933490786786	2023-04-30 12:00:00+00:00	[0.25,0.50)
BNB/USDT	2023-04-30 16:00:00+00:00	B	0.896875	0.03549757281553412	2023-04-30 16:00:00+00:00	[0.75,1.00]
BTC/USDT	2023-05-02 14:15:00+00:00	B	0.784375	0.026375291583889644	2023-05-02 12:00:00+00:00	[0.75,1.00]
ADA/USDT	2023-05-03 17:30:00+00:00	B	0.37916666666666665	0.04109232769830959	2023-05-03 16:00:00+00:00	[0.25,0.50)
BTC/USDT	2023-05-03 21:15:00+00:00	B	0.8399305555555555	0.024828448349380954	2023-05-03 20:00:00+00:00	[0.75,1.00]
BTC/USDT	2023-05-05 01:30:00+00:00	B	0.7739583333333333	0.03479018957583596	2023-05-05 00:00:00+00:00	[0.75,1.00]
BTC/USDT	2023-05-05 14:30:00+00:00	B	0.675	0.04406952689991552	2023-05-05 12:00:00+00:00	[0.50,0.75)
XRP/USDT	2023-05-05 16:00:00+00:00	B	0.5128472222222222	0.04170249355116085	2023-05-05 16:00:00+00:00	[0.50,0.75)
ETH/USDT	2023-05-07 14:30:00+00:00	B	0.59375	0.051142953735729295	2023-05-07 12:00:00+00:00	[0.50,0.75)
SOL/USDT	2023-05-10 12:30:00+00:00	B	0.6944444444444444	0.07426679280983918	2023-05-10 12:00:00+00:00	[0.50,0.75)
XRP/USDT	2023-05-12 04:45:00+00:00	B	0.9336805555555555	0.06596667427527958	2023-05-12 04:00:00+00:00	[0.75,1.00]
ETH/USDT	2023-05-12 19:45:00+00:00	B	0.6375	0.02084904553605855	2023-05-12 16:00:00+00:00	[0.50,0.75)
BNB/USDT	2023-05-13 21:15:00+00:00	A	0.23715277777777777	0.017019910083493937	2023-05-13 20:00:00+00:00	[0.10,0.25)
XRP/USDT	2023-05-14 03:15:00+00:00	A	0.1857638888888889	0.024189760450915865	2023-05-14 00:00:00+00:00	[0.10,0.25)
XRP/USDT	2023-05-14 15:00:00+00:00	A	0.23715277777777777	0.023992546005124564	2023-05-14 12:00:00+00:00	[0.10,0.25)
ETH/USDT	2023-05-15 01:15:00+00:00	A	0.36736111111111114	0.027756117793446732	2023-05-15 00:00:00+00:00	[0.25,0.50)
BTC/USDT	2023-05-15 06:15:00+00:00	B	0.6642361111111111	0.029495192692136005	2023-05-15 04:00:00+00:00	[0.50,0.75)
LTC/USDT	2023-05-15 14:30:00+00:00	B	0.5881944444444445	0.04356705241660998	2023-05-15 12:00:00+00:00	[0.50,0.75)
LINK/USDT	2023-05-16 06:45:00+00:00	B	0.5253472222222222	0.02540346682606096	2023-05-16 04:00:00+00:00	[0.50,0.75)
LTC/USDT	2023-05-16 15:30:00+00:00	B	0.5836805555555555	0.05389487720857867	2023-05-16 12:00:00+00:00	[0.50,0.75)
XRP/USDT	2023-05-16 21:30:00+00:00	B	0.7315972222222222	0.07210758172965456	2023-05-16 20:00:00+00:00	[0.50,0.75)
DOGE/USDT	2023-05-17 01:15:00+00:00	B	0.5965277777777778	0.04360902255639095	2023-05-17 00:00:00+00:00	[0.50,0.75)
DOGE/USDT	2023-05-17 09:30:00+00:00	B	0.6451388888888889	0.0393540507531551	2023-05-17 08:00:00+00:00	[0.50,0.75)
LTC/USDT	2023-05-17 16:45:00+00:00	B	0.7034722222222223	0.04081851296335978	2023-05-17 16:00:00+00:00	[0.50,0.75)
XRP/USDT	2023-05-18 10:00:00+00:00	B	0.8177083333333334	0.05356362046348922	2023-05-18 08:00:00+00:00	[0.75,1.00]
ETH/USDT	2023-05-18 21:30:00+00:00	B	0.8413194444444444	0.01801449745991734	2023-05-18 20:00:00+00:00	[0.75,1.00]
XRP/USDT	2023-05-19 14:45:00+00:00	A	0.625	0.03075943996605846	2023-05-19 12:00:00+00:00	[0.50,0.75)
BNB/USDT	2023-05-20 17:30:00+00:00	A	0.04826388888888889	0.011268512556342562	2023-05-20 16:00:00+00:00	[0.00,0.05)
XRP/USDT	2023-05-20 22:15:00+00:00	A	0.13541666666666666	0.033772302463891186	2023-05-20 20:00:00+00:00	[0.10,0.25)
BTC/USDT	2023-05-21 00:45:00+00:00	A	0.4059027777777778	0.02598966507879681	2023-05-21 00:00:00+00:00	[0.25,0.50)
LINK/USDT	2023-05-22 03:00:00+00:00	B	0.6305555555555555	0.026559604694255667	2023-05-22 00:00:00+00:00	[0.50,0.75)
BTC/USDT	2023-05-22 13:30:00+00:00	A	0.47465277777777776	0.026882872559698498	2023-05-22 12:00:00+00:00	[0.25,0.50)
AVAX/USDT	2023-05-22 17:30:00+00:00	B	0.6802083333333333	0.025152957171991907	2023-05-22 16:00:00+00:00	[0.50,0.75)
SOL/USDT	2023-05-23 01:30:00+00:00	B	0.546875	0.022244691607684594	2023-05-23 00:00:00+00:00	[0.50,0.75)
SOL/USDT	2023-05-23 15:00:00+00:00	A	0.184375	0.075	2023-05-23 12:00:00+00:00	[0.10,0.25)
ADA/USDT	2023-05-25 19:00:00+00:00	B	0.5256944444444445	0.03717059639389743	2023-05-25 16:00:00+00:00	[0.50,0.75)
BNB/USDT	2023-05-26 06:45:00+00:00	B	0.7618055555555555	0.017320261437908532	2023-05-26 04:00:00+00:00	[0.75,1.00]
ETH/USDT	2023-05-26 14:15:00+00:00	B	0.6527777777777778	0.014205305424985385	2023-05-26 12:00:00+00:00	[0.50,0.75)
ADA/USDT	2023-05-26 18:15:00+00:00	B	0.46770833333333334	0.01763571231744287	2023-05-26 16:00:00+00:00	[0.25,0.50)
XRP/USDT	2023-05-27 03:45:00+00:00	A	0.5815972222222222	0.02954833262980163	2023-05-27 00:00:00+00:00	[0.50,0.75)
SOL/USDT	2023-05-27 06:45:00+00:00	A	0.31145833333333334	0.06938775510204079	2023-05-27 04:00:00+00:00	[0.25,0.50)
SOL/USDT	2023-05-27 16:00:00+00:00	A	0.278125	0.06513994910941465	2023-05-27 16:00:00+00:00	[0.25,0.50)
SOL/USDT	2023-05-27 22:00:00+00:00	B	0.8847222222222222	0.056387225548902145	2023-05-27 20:00:00+00:00	[0.75,1.00]
ETH/USDT	2023-05-28 00:30:00+00:00	A	0.3572916666666667	0.04996574709393988	2023-05-28 00:00:00+00:00	[0.25,0.50)
ADA/USDT	2023-05-28 11:00:00+00:00	B	0.7618055555555555	0.031233456855479028	2023-05-28 08:00:00+00:00	[0.75,1.00]
ETH/USDT	2023-05-28 18:15:00+00:00	A	0.27291666666666664	0.044628617458953	2023-05-28 16:00:00+00:00	[0.25,0.50)
BNB/USDT	2023-05-28 21:45:00+00:00	B	0.6930555555555555	0.02150882825040125	2023-05-28 20:00:00+00:00	[0.50,0.75)
BNB/USDT	2023-05-29 11:45:00+00:00	B	0.3854166666666667	0.020628371945414153	2023-05-29 08:00:00+00:00	[0.25,0.50)
SOL/USDT	2023-05-30 01:30:00+00:00	B	0.5840277777777778	0.03550863723608438	2023-05-30 00:00:00+00:00	[0.50,0.75)
XRP/USDT	2023-05-30 04:00:00+00:00	B	0.8142361111111112	0.07122849139655855	2023-05-30 04:00:00+00:00	[0.75,1.00]
LTC/USDT	2023-05-30 10:15:00+00:00	B	0.7045138888888889	0.05341534477177083	2023-05-30 08:00:00+00:00	[0.50,0.75)
XRP/USDT	2023-05-30 15:45:00+00:00	B	0.7579861111111111	0.05607291460273428	2023-05-30 12:00:00+00:00	[0.75,1.00]
LTC/USDT	2023-06-01 14:00:00+00:00	B	0.6708333333333333	0.03615482773287968	2023-06-01 12:00:00+00:00	[0.50,0.75)
BTC/USDT	2023-06-01 16:45:00+00:00	A	0.4875	0.027129699897534627	2023-06-01 16:00:00+00:00	[0.25,0.50)
SOL/USDT	2023-06-02 04:30:00+00:00	B	0.8409722222222222	0.021936099189318114	2023-06-02 04:00:00+00:00	[0.75,1.00]
XRP/USDT	2023-06-02 18:30:00+00:00	B	0.6659722222222222	0.037447458922430385	2023-06-02 16:00:00+00:00	[0.50,0.75)
BTC/USDT	2023-06-03 15:45:00+00:00	A	0.3017361111111111	0.014784697160913346	2023-06-03 12:00:00+00:00	[0.25,0.50)
LINK/USDT	2023-06-04 02:30:00+00:00	B	0.4197916666666667	0.019057948559033193	2023-06-04 00:00:00+00:00	[0.25,0.50)
SOL/USDT	2023-06-04 06:45:00+00:00	A	0.6927083333333334	0.04201292705447831	2023-06-04 04:00:00+00:00	[0.50,0.75)
ETH/USDT	2023-06-04 13:45:00+00:00	A	0.024652777777777777	0.028230520416668924	2023-06-04 12:00:00+00:00	[0.00,0.05)
AVAX/USDT	2023-06-04 16:00:00+00:00	A	0.10069444444444445	0.09790681971640779	2023-06-04 16:00:00+00:00	[0.10,0.25)
XRP/USDT	2023-06-04 20:45:00+00:00	B	0.7819444444444444	0.10842047330764984	2023-06-04 20:00:00+00:00	[0.75,1.00]
DOGE/USDT	2023-06-06 13:45:00+00:00	B	0.8392361111111111	0.06608515671200475	2023-06-06 12:00:00+00:00	[0.75,1.00]
ETH/USDT	2023-06-06 16:45:00+00:00	B	0.9822916666666667	0.03518882199542831	2023-06-06 16:00:00+00:00	[0.75,1.00]
XRP/USDT	2023-06-09 12:00:00+00:00	B	0.6069444444444444	0.13105520090123915	2023-06-09 12:00:00+00:00	[0.50,0.75)
DOGE/USDT	2023-06-10 00:15:00+00:00	B	0.9239583333333333	0.2516659577484758	2023-06-10 00:00:00+00:00	[0.75,1.00]
XRP/USDT	2023-06-11 19:15:00+00:00	B	0.9600694444444444	0.038032166508987504	2023-06-11 16:00:00+00:00	[0.75,1.00]
ETH/USDT	2023-06-11 20:00:00+00:00	B	0.8875	0.02991122573945629	2023-06-11 20:00:00+00:00	[0.75,1.00]
BTC/USDT	2023-06-13 02:30:00+00:00	B	0.48194444444444445	0.027639256765412245	2023-06-13 00:00:00+00:00	[0.25,0.50)
XRP/USDT	2023-06-13 04:45:00+00:00	B	0.5100694444444445	0.11424248155853985	2023-06-13 04:00:00+00:00	[0.50,0.75)
XRP/USDT	2023-06-13 10:45:00+00:00	A	0.30868055555555557	0.12844036697247704	2023-06-13 08:00:00+00:00	[0.25,0.50)
BTC/USDT	2023-06-13 12:00:00+00:00	B	0.3548611111111111	0.027488808258848856	2023-06-13 12:00:00+00:00	[0.25,0.50)
BNB/USDT	2023-06-13 20:30:00+00:00	B	0.80625	0.07050479766374637	2023-06-13 20:00:00+00:00	[0.75,1.00]
SOL/USDT	2023-06-14 17:30:00+00:00	B	0.42604166666666665	0.08578912901113286	2023-06-14 16:00:00+00:00	[0.25,0.50)
BNB/USDT	2023-06-16 14:45:00+00:00	B	0.8100694444444444	0.055882352941176515	2023-06-16 12:00:00+00:00	[0.75,1.00]
AVAX/USDT	2023-06-17 05:30:00+00:00	B	0.7427083333333333	0.0348639455782313	2023-06-17 04:00:00+00:00	[0.50,0.75)
XRP/USDT	2023-06-18 19:00:00+00:00	B	0.39618055555555554	0.03625377643504524	2023-06-18 16:00:00+00:00	[0.25,0.50)
BTC/USDT	2023-06-19 17:00:00+00:00	B	0.6305555555555555	0.04246376332335751	2023-06-19 16:00:00+00:00	[0.50,0.75)
SOL/USDT	2023-06-19 23:45:00+00:00	B	0.6538194444444444	0.05962732919254663	2023-06-19 20:00:00+00:00	[0.50,0.75)
BTC/USDT	2023-06-20 17:45:00+00:00	B	0.9802083333333333	0.10872067923442222	2023-06-20 16:00:00+00:00	[0.75,1.00]
BNB/USDT	2023-06-20 23:15:00+00:00	B	0.596875	0.03930307941653156	2023-06-20 20:00:00+00:00	[0.50,0.75)
BTC/USDT	2023-06-21 01:00:00+00:00	B	0.9215277777777777	0.07347642885165206	2023-06-21 00:00:00+00:00	[0.75,1.00]
LTC/USDT	2023-06-21 05:45:00+00:00	B	0.8534722222222222	0.06486422388236689	2023-06-21 04:00:00+00:00	[0.75,1.00]
ETH/USDT	2023-06-21 14:15:00+00:00	B	0.8614583333333333	0.05237839275921795	2023-06-21 12:00:00+00:00	[0.75,1.00]
LTC/USDT	2023-06-21 16:00:00+00:00	B	0.8319444444444445	0.05632984901277578	2023-06-21 16:00:00+00:00	[0.75,1.00]
ADA/USDT	2023-06-22 01:30:00+00:00	B	0.9190972222222222	0.060840336134453804	2023-06-22 00:00:00+00:00	[0.75,1.00]
ADA/USDT	2023-06-22 07:45:00+00:00	B	0.7604166666666666	0.0598941098610192	2023-06-22 04:00:00+00:00	[0.75,1.00]
BTC/USDT	2023-06-23 14:45:00+00:00	B	0.4777777777777778	0.038965010283323005	2023-06-23 12:00:00+00:00	[0.25,0.50)
LTC/USDT	2023-06-23 16:30:00+00:00	B	0.9815972222222222	0.08220236124903457	2023-06-23 16:00:00+00:00	[0.75,1.00]
AVAX/USDT	2023-06-25 02:30:00+00:00	B	0.8163194444444445	0.04201050262565645	2023-06-25 00:00:00+00:00	[0.75,1.00]
LINK/USDT	2023-06-25 08:15:00+00:00	B	0.8225694444444445	0.055564325177584896	2023-06-25 08:00:00+00:00	[0.75,1.00]
BTC/USDT	2023-06-27 10:00:00+00:00	B	0.6486111111111111	0.027536369482424366	2023-06-27 08:00:00+00:00	[0.50,0.75)
DOGE/USDT	2023-06-28 06:00:00+00:00	A	0.46284722222222224	0.08885840573083374	2023-06-28 04:00:00+00:00	[0.25,0.50)
AVAX/USDT	2023-06-28 14:30:00+00:00	B	0.5875	0.06821705426356595	2023-06-28 12:00:00+00:00	[0.50,0.75)
SOL/USDT	2023-06-29 09:15:00+00:00	B	0.9104166666666667	0.12948793407886988	2023-06-29 08:00:00+00:00	[0.75,1.00]
BNB/USDT	2023-06-30 02:30:00+00:00	B	0.34930555555555554	0.06468085106382986	2023-06-30 00:00:00+00:00	[0.25,0.50)
ETH/USDT	2023-06-30 04:30:00+00:00	B	0.9354166666666667	0.06514405591456789	2023-06-30 04:00:00+00:00	[0.75,1.00]
LINK/USDT	2023-06-30 09:30:00+00:00	B	0.7361111111111112	0.11727899887694528	2023-06-30 08:00:00+00:00	[0.50,0.75)
SOL/USDT	2023-06-30 12:45:00+00:00	B	0.7232638888888889	0.1564766839378238	2023-06-30 12:00:00+00:00	[0.50,0.75)
LTC/USDT	2023-06-30 16:30:00+00:00	B	0.9899305555555555	0.09677718095943695	2023-06-30 16:00:00+00:00	[0.75,1.00]
DOGE/USDT	2023-07-01 01:00:00+00:00	B	0.9729166666666667	0.08160384018071448	2023-07-01 00:00:00+00:00	[0.75,1.00]
SOL/USDT	2023-07-02 04:15:00+00:00	B	0.5111111111111111	0.05099894847528911	2023-07-02 04:00:00+00:00	[0.50,0.75)
AVAX/USDT	2023-07-02 11:00:00+00:00	B	0.5996527777777778	0.05134099616858237	2023-07-02 08:00:00+00:00	[0.50,0.75)
SOL/USDT	2023-07-02 15:15:00+00:00	B	0.48993055555555554	0.04153686396677036	2023-07-02 12:00:00+00:00	[0.25,0.50)
DOGE/USDT	2023-07-02 17:30:00+00:00	B	0.74375	0.029051094890510828	2023-07-02 16:00:00+00:00	[0.50,0.75)
ETH/USDT	2023-07-02 22:15:00+00:00	B	0.8413194444444444	0.03276166249538429	2023-07-02 20:00:00+00:00	[0.75,1.00]
AVAX/USDT	2023-07-03 03:45:00+00:00	B	0.7503472222222223	0.027611940298507536	2023-07-03 00:00:00+00:00	[0.75,1.00]
BNB/USDT	2023-07-03 07:30:00+00:00	A	0.28541666666666665	0.04084901882258706	2023-07-03 04:00:00+00:00	[0.25,0.50)
XRP/USDT	2023-07-03 17:15:00+00:00	B	0.5163194444444444	0.02437026418185546	2023-07-03 16:00:00+00:00	[0.50,0.75)
ADA/USDT	2023-07-04 02:00:00+00:00	A	0.20868055555555556	0.04208416833667335	2023-07-04 00:00:00+00:00	[0.10,0.25)
SOL/USDT	2023-07-04 15:00:00+00:00	B	0.6871527777777777	0.08223350253807112	2023-07-04 12:00:00+00:00	[0.50,0.75)
DOGE/USDT	2023-07-04 16:45:00+00:00	B	0.9326388888888889	0.0877830584288509	2023-07-04 16:00:00+00:00	[0.75,1.00]
SOL/USDT	2023-07-06 18:45:00+00:00	B	0.9663194444444444	0.12716763005780332	2023-07-06 16:00:00+00:00	[0.75,1.00]
SOL/USDT	2023-07-07 12:30:00+00:00	B	0.9559027777777778	0.09034118212397882	2023-07-07 12:00:00+00:00	[0.75,1.00]
AVAX/USDT	2023-07-08 03:00:00+00:00	B	0.9173611111111111	0.07969924812030078	2023-07-08 00:00:00+00:00	[0.75,1.00]
LINK/USDT	2023-07-08 08:45:00+00:00	A	0.2517361111111111	0.02354079329248628	2023-07-08 08:00:00+00:00	[0.25,0.50)
BTC/USDT	2023-07-08 16:30:00+00:00	A	0.058333333333333334	0.013242970955940722	2023-07-08 16:00:00+00:00	[0.05,0.10)
DOGE/USDT	2023-07-08 22:45:00+00:00	B	0.4409722222222222	0.01912278039156165	2023-07-08 20:00:00+00:00	[0.25,0.50)
SOL/USDT	2023-07-09 01:00:00+00:00	B	0.5166666666666667	0.0690273419991035	2023-07-09 00:00:00+00:00	[0.50,0.75)
BNB/USDT	2023-07-10 09:15:00+00:00	B	0.9267361111111111	0.0380008261049154	2023-07-10 08:00:00+00:00	[0.75,1.00]
ETH/USDT	2023-07-10 18:30:00+00:00	A	0.5930555555555556	0.022853266342311346	2023-07-10 16:00:00+00:00	[0.50,0.75)
SOL/USDT	2023-07-11 04:00:00+00:00	B	0.7569444444444444	0.028701594533029732	2023-07-11 04:00:00+00:00	[0.75,1.00]
ETH/USDT	2023-07-12 01:00:00+00:00	A	0.3003472222222222	0.019965088948901526	2023-07-12 00:00:00+00:00	[0.25,0.50)
ETH/USDT	2023-07-12 06:15:00+00:00	A	0.12534722222222222	0.020863553103857232	2023-07-12 04:00:00+00:00	[0.10,0.25)
SOL/USDT	2023-07-12 12:30:00+00:00	A	0.45590277777777777	0.05913739439750993	2023-07-12 12:00:00+00:00	[0.25,0.50)
LINK/USDT	2023-07-12 18:15:00+00:00	B	0.4340277777777778	0.11524457812252648	2023-07-12 16:00:00+00:00	[0.25,0.50)
DOGE/USDT	2023-07-12 23:30:00+00:00	B	0.5041666666666667	0.10962484624846244	2023-07-12 20:00:00+00:00	[0.50,0.75)
ADA/USDT	2023-07-13 09:30:00+00:00	A	0.019791666666666666	0.31774081774081775	2023-07-13 08:00:00+00:00	[0.00,0.05)
DOGE/USDT	2023-07-13 15:15:00+00:00	A	0.253125	0.09876918401458755	2023-07-13 12:00:00+00:00	[0.25,0.50)
ADA/USDT	2023-07-16 10:00:00+00:00	A	0.5815972222222222	0.047926267281105994	2023-07-16 08:00:00+00:00	[0.50,0.75)
AVAX/USDT	2023-07-16 14:15:00+00:00	B	0.5993055555555555	0.0702702702702702	2023-07-16 12:00:00+00:00	[0.50,0.75)
DOGE/USDT	2023-07-17 05:30:00+00:00	B	0.8885416666666667	0.07781138300797358	2023-07-17 04:00:00+00:00	[0.75,1.00]
LINK/USDT	2023-07-17 16:45:00+00:00	B	0.8604166666666667	0.08440123729562521	2023-07-17 16:00:00+00:00	[0.75,1.00]
XRP/USDT	2023-07-19 02:30:00+00:00	B	0.9038194444444444	0.10807422266800408	2023-07-19 00:00:00+00:00	[0.75,1.00]
DOGE/USDT	2023-07-19 15:45:00+00:00	B	0.8628472222222222	0.06226335717290702	2023-07-19 12:00:00+00:00	[0.75,1.00]
AVAX/USDT	2023-07-19 17:45:00+00:00	B	0.6232638888888888	0.05099150141643064	2023-07-19 16:00:00+00:00	[0.50,0.75)
ADA/USDT	2023-07-20 00:00:00+00:00	B	0.7805555555555556	0.057272727272727184	2023-07-20 00:00:00+00:00	[0.75,1.00]
BTC/USDT	2023-07-20 05:30:00+00:00	A	0.39652777777777776	0.028080960743712552	2023-07-20 04:00:00+00:00	[0.25,0.50)
DOGE/USDT	2023-07-20 09:30:00+00:00	B	0.8569444444444444	0.06363137685134382	2023-07-20 08:00:00+00:00	[0.75,1.00]
DOGE/USDT	2023-07-21 12:30:00+00:00	B	0.7229166666666667	0.09161660294920819	2023-07-21 12:00:00+00:00	[0.50,0.75)
XRP/USDT	2023-07-21 17:00:00+00:00	A	0.4079861111111111	0.042911877394635964	2023-07-21 16:00:00+00:00	[0.25,0.50)
LINK/USDT	2023-07-22 08:30:00+00:00	A	0.32013888888888886	0.06113061372715178	2023-07-22 08:00:00+00:00	[0.25,0.50)
BTC/USDT	2023-07-23 17:45:00+00:00	A	0.5690972222222223	0.0494081874622532	2023-07-23 16:00:00+00:00	[0.50,0.75)
DOGE/USDT	2023-07-24 07:30:00+00:00	B	0.9677083333333333	0.08828947368421063	2023-07-24 04:00:00+00:00	[0.75,1.00]
XRP/USDT	2023-07-25 13:30:00+00:00	B	0.6555555555555556	0.03360387298875134	2023-07-25 12:00:00+00:00	[0.50,0.75)
DOGE/USDT	2023-07-25 16:30:00+00:00	B	0.8204861111111111	0.07120352867044741	2023-07-25 16:00:00+00:00	[0.75,1.00]
LTC/USDT	2023-07-25 22:00:00+00:00	A	0.24618055555555557	0.02781795927450762	2023-07-25 20:00:00+00:00	[0.10,0.25)
ETH/USDT	2023-07-26 03:00:00+00:00	B	0.2965277777777778	0.021279336234979736	2023-07-26 00:00:00+00:00	[0.25,0.50)
SOL/USDT	2023-07-26 12:00:00+00:00	B	0.634375	0.06594773952716715	2023-07-26 12:00:00+00:00	[0.50,0.75)
XRP/USDT	2023-07-26 18:00:00+00:00	B	0.5864583333333333	0.04430734716769485	2023-07-26 16:00:00+00:00	[0.50,0.75)
LTC/USDT	2023-07-26 20:45:00+00:00	B	0.5878472222222222	0.02665929203539819	2023-07-26 20:00:00+00:00	[0.50,0.75)
BNB/USDT	2023-07-27 05:00:00+00:00	B	0.7743055555555556	0.017291066282420702	2023-07-27 04:00:00+00:00	[0.75,1.00]
XRP/USDT	2023-07-27 15:45:00+00:00	B	0.5329861111111112	0.03686763686763696	2023-07-27 12:00:00+00:00	[0.50,0.75)
ETH/USDT	2023-07-28 14:00:00+00:00	B	0.41909722222222223	0.009127648457576758	2023-07-28 12:00:00+00:00	[0.25,0.50)
DOGE/USDT	2023-07-29 17:00:00+00:00	A	0.30972222222222223	0.05083884087442811	2023-07-29 16:00:00+00:00	[0.25,0.50)
ETH/USDT	2023-07-29 20:00:00+00:00	B	0.39375	0.020414454347837563	2023-07-29 20:00:00+00:00	[0.25,0.50)
XRP/USDT	2023-07-30 10:00:00+00:00	A	0.7253472222222223	0.06570841889117049	2023-07-30 08:00:00+00:00	[0.50,0.75)
AVAX/USDT	2023-07-30 14:45:00+00:00	A	0.15625	0.036786786786786804	2023-07-30 12:00:00+00:00	[0.10,0.25)
XRP/USDT	2023-07-31 19:30:00+00:00	B	0.6083333333333333	0.0666291026905198	2023-07-31 16:00:00+00:00	[0.50,0.75)
BNB/USDT	2023-08-01 07:00:00+00:00	B	0.9142361111111111	0.025809094633347036	2023-08-01 04:00:00+00:00	[0.75,1.00]
LTC/USDT	2023-08-01 12:30:00+00:00	A	0.3055555555555556	0.05038972444834782	2023-08-01 12:00:00+00:00	[0.25,0.50)
ETH/USDT	2023-08-03 17:00:00+00:00	B	0.8163194444444445	0.01656688131285938	2023-08-03 16:00:00+00:00	[0.75,1.00]
SOL/USDT	2023-08-04 12:30:00+00:00	A	0.05520833333333333	0.046793760831889165	2023-08-04 12:00:00+00:00	[0.05,0.10)
ADA/USDT	2023-08-06 02:00:00+00:00	A	0.12881944444444443	0.01763907734056982	2023-08-06 00:00:00+00:00	[0.10,0.25)
SOL/USDT	2023-08-06 08:15:00+00:00	A	0.3815972222222222	0.035178035178035194	2023-08-06 08:00:00+00:00	[0.25,0.50)
DOGE/USDT	2023-08-06 20:45:00+00:00	B	0.3267361111111111	0.05662378994828266	2023-08-06 20:00:00+00:00	[0.25,0.50)
ADA/USDT	2023-08-07 01:15:00+00:00	A	0.31180555555555556	0.048523922633186216	2023-08-07 00:00:00+00:00	[0.25,0.50)
ADA/USDT	2023-08-07 12:00:00+00:00	A	0.315625	0.04540833615723492	2023-08-07 12:00:00+00:00	[0.25,0.50)
BNB/USDT	2023-08-08 15:30:00+00:00	B	0.47604166666666664	0.01837484687627603	2023-08-08 12:00:00+00:00	[0.25,0.50)
ETH/USDT	2023-08-08 16:30:00+00:00	B	0.7163194444444444	0.0144330453563715	2023-08-08 16:00:00+00:00	[0.50,0.75)
SOL/USDT	2023-08-09 10:45:00+00:00	B	0.5135416666666667	0.03580048270313745	2023-08-09 08:00:00+00:00	[0.50,0.75)
LINK/USDT	2023-08-09 12:30:00+00:00	B	0.95	0.04315816197004314	2023-08-09 12:00:00+00:00	[0.75,1.00]
DOGE/USDT	2023-08-10 02:15:00+00:00	B	0.6284722222222222	0.023765756302521087	2023-08-10 00:00:00+00:00	[0.50,0.75)
ETH/USDT	2023-08-10 12:30:00+00:00	A	0.04479166666666667	0.012477353118799123	2023-08-10 12:00:00+00:00	[0.00,0.05)
DOGE/USDT	2023-08-10 16:30:00+00:00	B	0.7055555555555556	0.026932084309133523	2023-08-10 16:00:00+00:00	[0.50,0.75)
BTC/USDT	2023-08-11 14:00:00+00:00	A	0.38263888888888886	0.010339503401607164	2023-08-11 12:00:00+00:00	[0.25,0.50)
LTC/USDT	2023-08-12 00:45:00+00:00	B	0.6204861111111111	0.008576533650982715	2023-08-12 00:00:00+00:00	[0.50,0.75)
DOGE/USDT	2023-08-12 09:00:00+00:00	A	0.24409722222222222	0.017982799061767085	2023-08-12 08:00:00+00:00	[0.10,0.25)
SOL/USDT	2023-08-12 22:00:00+00:00	A	0.3402777777777778	0.03551476456504392	2023-08-12 20:00:00+00:00	[0.25,0.50)
ETH/USDT	2023-08-13 18:30:00+00:00	A	0.25104166666666666	0.014833160666494006	2023-08-13 16:00:00+00:00	[0.25,0.50)
BTC/USDT	2023-08-14 14:30:00+00:00	B	0.653125	0.014826059661427882	2023-08-14 12:00:00+00:00	[0.50,0.75)
XRP/USDT	2023-08-19 15:00:00+00:00	A	0.7565972222222223	0.0887081154367617	2023-08-19 12:00:00+00:00	[0.75,1.00]
XRP/USDT	2023-08-20 09:45:00+00:00	B	0.9034722222222222	0.07637721755368823	2023-08-20 08:00:00+00:00	[0.75,1.00]
ETH/USDT	2023-08-20 20:00:00+00:00	B	0.8413194444444444	0.026875348164653676	2023-08-20 20:00:00+00:00	[0.75,1.00]
LTC/USDT	2023-08-21 00:30:00+00:00	B	0.7951388888888888	0.045852187028657496	2023-08-21 00:00:00+00:00	[0.75,1.00]
SOL/USDT	2023-08-21 05:30:00+00:00	B	0.2142361111111111	0.06154558074965286	2023-08-21 04:00:00+00:00	[0.10,0.25)
BNB/USDT	2023-08-22 18:30:00+00:00	B	0.9180555555555555	0.0675934803451583	2023-08-22 16:00:00+00:00	[0.75,1.00]
DOGE/USDT	2023-08-22 22:30:00+00:00	B	0.8357638888888889	0.05056627851331961	2023-08-22 20:00:00+00:00	[0.75,1.00]
DOGE/USDT	2023-08-23 07:45:00+00:00	B	0.7184027777777777	0.029098873591989993	2023-08-23 04:00:00+00:00	[0.50,0.75)
ADA/USDT	2023-08-23 16:15:00+00:00	B	0.9159722222222222	0.034677723332076846	2023-08-23 16:00:00+00:00	[0.75,1.00]
ADA/USDT	2023-08-25 01:45:00+00:00	A	0.8232638888888889	0.04474852071005918	2023-08-25 00:00:00+00:00	[0.75,1.00]
AVAX/USDT	2023-08-25 22:45:00+00:00	B	0.3815972222222222	0.011916583912611816	2023-08-25 20:00:00+00:00	[0.25,0.50)
DOGE/USDT	2023-08-27 07:00:00+00:00	A	0.42986111111111114	0.027887190798802704	2023-08-27 04:00:00+00:00	[0.25,0.50)
SOL/USDT	2023-08-27 08:30:00+00:00	A	0.23368055555555556	0.03463414634146346	2023-08-27 08:00:00+00:00	[0.10,0.25)
ETH/USDT	2023-08-27 14:00:00+00:00	A	0.328125	0.025720618164469387	2023-08-27 12:00:00+00:00	[0.25,0.50)
BTC/USDT	2023-08-29 14:00:00+00:00	B	0.7083333333333334	0.07487628865979375	2023-08-29 12:00:00+00:00	[0.50,0.75)
ETH/USDT	2023-08-31 11:15:00+00:00	A	0.3645833333333333	0.0578044807230815	2023-08-31 08:00:00+00:00	[0.25,0.50)
ADA/USDT	2023-09-01 00:15:00+00:00	B	0.5871527777777777	0.028838659392049736	2023-09-01 00:00:00+00:00	[0.50,0.75)
DOGE/USDT	2023-09-02 14:30:00+00:00	A	0.5996527777777778	0.03689290161892897	2023-09-02 12:00:00+00:00	[0.50,0.75)
ETH/USDT	2023-09-03 12:15:00+00:00	A	0.09097222222222222	0.013664641822604044	2023-09-03 12:00:00+00:00	[0.05,0.10)
XRP/USDT	2023-09-03 16:00:00+00:00	A	0.3190972222222222	0.03248167954050312	2023-09-03 16:00:00+00:00	[0.25,0.50)
SOL/USDT	2023-09-04 00:30:00+00:00	B	0.6444444444444445	0.045408678102926446	2023-09-04 00:00:00+00:00	[0.50,0.75)
BNB/USDT	2023-09-04 13:15:00+00:00	B	0.7840277777777778	0.01387604070305273	2023-09-04 12:00:00+00:00	[0.75,1.00]
DOGE/USDT	2023-09-05 06:30:00+00:00	B	0.7510416666666667	0.019381056580181386	2023-09-05 04:00:00+00:00	[0.75,1.00]
SOL/USDT	2023-09-05 13:45:00+00:00	B	0.8423611111111111	0.052605210420841715	2023-09-05 12:00:00+00:00	[0.75,1.00]
LINK/USDT	2023-09-06 01:00:00+00:00	A	0.6944444444444444	0.041091492776885924	2023-09-06 00:00:00+00:00	[0.50,0.75)
ETH/USDT	2023-09-06 17:45:00+00:00	B	0.8940972222222222	0.019529470365623188	2023-09-06 16:00:00+00:00	[0.75,1.00]
BTC/USDT	2023-09-07 20:45:00+00:00	B	0.6840277777777778	0.030694160057678506	2023-09-07 20:00:00+00:00	[0.50,0.75)
ADA/USDT	2023-09-10 20:00:00+00:00	B	0.6204861111111111	0.054195102368526635	2023-09-10 20:00:00+00:00	[0.50,0.75)
DOGE/USDT	2023-09-12 10:15:00+00:00	B	0.7184027777777777	0.027589545014520864	2023-09-12 08:00:00+00:00	[0.50,0.75)
DOGE/USDT	2023-09-13 07:30:00+00:00	B	0.3090277777777778	0.020973291823693205	2023-09-13 04:00:00+00:00	[0.25,0.50)
BTC/USDT	2023-09-14 00:45:00+00:00	B	0.7756944444444445	0.02766458034839006	2023-09-14 00:00:00+00:00	[0.75,1.00]
DOGE/USDT	2023-09-14 13:15:00+00:00	A	0.37222222222222223	0.018437651625424472	2023-09-14 12:00:00+00:00	[0.25,0.50)
XRP/USDT	2023-09-15 02:00:00+00:00	B	0.6083333333333333	0.0427591770875354	2023-09-15 00:00:00+00:00	[0.50,0.75)
ETH/USDT	2023-09-15 21:00:00+00:00	A	0.5440972222222222	0.016473324967096113	2023-09-15 20:00:00+00:00	[0.50,0.75)
AVAX/USDT	2023-09-16 02:00:00+00:00	B	0.8784722222222222	0.041972717733473094	2023-09-16 00:00:00+00:00	[0.75,1.00]
BNB/USDT	2023-09-18 01:15:00+00:00	B	0.5729166666666666	0.02850574712643686	2023-09-18 00:00:00+00:00	[0.50,0.75)
BNB/USDT	2023-09-18 09:00:00+00:00	A	0.5784722222222223	0.02834933699131238	2023-09-18 08:00:00+00:00	[0.50,0.75)
LTC/USDT	2023-09-18 12:15:00+00:00	B	0.9621527777777777	0.04326347305389223	2023-09-18 12:00:00+00:00	[0.75,1.00]
DOGE/USDT	2023-09-19 00:00:00+00:00	B	0.29409722222222223	0.02156420984872858	2023-09-19 00:00:00+00:00	[0.25,0.50)
ADA/USDT	2023-09-20 14:15:00+00:00	B	0.6104166666666667	0.042010208087946664	2023-09-20 12:00:00+00:00	[0.50,0.75)
XRP/USDT	2023-09-22 17:00:00+00:00	A	0.27743055555555557	0.017133956386292896	2023-09-22 16:00:00+00:00	[0.25,0.50)
LINK/USDT	2023-09-23 00:00:00+00:00	B	0.7861111111111111	0.04745617785378369	2023-09-23 00:00:00+00:00	[0.75,1.00]
DOGE/USDT	2023-09-23 14:15:00+00:00	A	0.07152777777777777	0.011665586519766775	2023-09-23 12:00:00+00:00	[0.05,0.10)
AVAX/USDT	2023-09-24 12:00:00+00:00	B	0.47847222222222224	0.04888888888888903	2023-09-24 12:00:00+00:00	[0.25,0.50)
ETH/USDT	2023-09-24 17:45:00+00:00	B	0.4201388888888889	0.022945711210672588	2023-09-24 16:00:00+00:00	[0.25,0.50)
LINK/USDT	2023-09-25 01:00:00+00:00	B	0.9038194444444444	0.05566379070414688	2023-09-25 00:00:00+00:00	[0.75,1.00]
LINK/USDT	2023-09-25 12:15:00+00:00	B	0.4253472222222222	0.04793207340454665	2023-09-25 12:00:00+00:00	[0.25,0.50)
BNB/USDT	2023-09-25 16:00:00+00:00	B	0.7552083333333334	0.019980970504281582	2023-09-25 16:00:00+00:00	[0.75,1.00]
LTC/USDT	2023-09-26 01:00:00+00:00	A	0.1736111111111111	0.0318441799350749	2023-09-26 00:00:00+00:00	[0.10,0.25)
XRP/USDT	2023-09-26 17:30:00+00:00	A	0.3385416666666667	0.022015073383577943	2023-09-26 16:00:00+00:00	[0.25,0.50)
SOL/USDT	2023-09-27 09:30:00+00:00	A	0.16145833333333334	0.0392875851231011	2023-09-27 08:00:00+00:00	[0.10,0.25)
LINK/USDT	2023-09-27 12:15:00+00:00	B	0.9885416666666667	0.05389452072372641	2023-09-27 12:00:00+00:00	[0.75,1.00]
ETH/USDT	2023-09-28 02:00:00+00:00	B	0.7861111111111111	0.04012376360654103	2023-09-28 00:00:00+00:00	[0.75,1.00]
ETH/USDT	2023-09-28 10:30:00+00:00	B	0.7996527777777778	0.04088559982875136	2023-09-28 08:00:00+00:00	[0.75,1.00]
LTC/USDT	2023-09-28 14:30:00+00:00	A	0.5010416666666667	0.0320631970260222	2023-09-28 12:00:00+00:00	[0.50,0.75)
LINK/USDT	2023-09-28 19:30:00+00:00	B	0.621875	0.046692607003890926	2023-09-28 16:00:00+00:00	[0.50,0.75)
LTC/USDT	2023-09-29 06:15:00+00:00	A	0.41354166666666664	0.02315308453922309	2023-09-29 04:00:00+00:00	[0.25,0.50)
XRP/USDT	2023-09-29 12:00:00+00:00	B	0.9920138888888889	0.06730229949523281	2023-09-29 12:00:00+00:00	[0.75,1.00]
SOL/USDT	2023-09-30 12:45:00+00:00	A	0.2746527777777778	0.18177387914230023	2023-09-30 12:00:00+00:00	[0.25,0.50)
DOGE/USDT	2023-09-30 16:00:00+00:00	B	0.44895833333333335	0.014790996784565871	2023-09-30 16:00:00+00:00	[0.25,0.50)
AVAX/USDT	2023-10-01 06:00:00+00:00	B	0.8131944444444444	0.04444444444444444	2023-10-01 04:00:00+00:00	[0.75,1.00]
BNB/USDT	2023-10-01 09:15:00+00:00	A	0.134375	0.03942486085343228	2023-10-01 08:00:00+00:00	[0.10,0.25)
AVAX/USDT	2023-10-01 22:15:00+00:00	B	0.8902777777777777	0.07091469681397733	2023-10-01 20:00:00+00:00	[0.75,1.00]
SOL/USDT	2023-10-03 13:15:00+00:00	B	0.8284722222222223	0.07517269402681828	2023-10-03 12:00:00+00:00	[0.75,1.00]
XRP/USDT	2023-10-03 22:45:00+00:00	B	0.9465277777777777	0.05397727272727288	2023-10-03 20:00:00+00:00	[0.75,1.00]
AVAX/USDT	2023-10-04 16:15:00+00:00	B	0.9302083333333333	0.05241935483870964	2023-10-04 16:00:00+00:00	[0.75,1.00]
DOGE/USDT	2023-10-05 13:15:00+00:00	A	0.19340277777777778	0.01273885350318476	2023-10-05 12:00:00+00:00	[0.10,0.25)
AVAX/USDT	2023-10-06 13:15:00+00:00	B	0.7222222222222222	0.15041782729805023	2023-10-06 12:00:00+00:00	[0.50,0.75)
DOGE/USDT	2023-10-06 21:30:00+00:00	A	0.13194444444444445	0.00991869918699186	2023-10-06 20:00:00+00:00	[0.10,0.25)
BTC/USDT	2023-10-08 03:15:00+00:00	B	0.4357638888888889	0.014518898538315462	2023-10-08 00:00:00+00:00	[0.25,0.50)
BNB/USDT	2023-10-10 09:45:00+00:00	B	0.9253472222222222	0.029928741092636497	2023-10-10 08:00:00+00:00	[0.75,1.00]
DOGE/USDT	2023-10-13 11:30:00+00:00	A	0.7763888888888889	0.014510071696824915	2023-10-13 08:00:00+00:00	[0.75,1.00]
ADA/USDT	2023-10-13 12:30:00+00:00	A	0.34652777777777777	0.01980598221503633	2023-10-13 12:00:00+00:00	[0.25,0.50)
BNB/USDT	2023-10-13 20:45:00+00:00	A	0.6020833333333333	0.012554321583776064	2023-10-13 20:00:00+00:00	[0.50,0.75)
DOGE/USDT	2023-10-14 12:15:00+00:00	B	0.9496527777777778	0.014760147601475995	2023-10-14 12:00:00+00:00	[0.75,1.00]
BNB/USDT	2023-10-15 01:15:00+00:00	A	0.1517361111111111	0.03235152100434567	2023-10-15 00:00:00+00:00	[0.10,0.25)
AVAX/USDT	2023-10-15 09:15:00+00:00	A	0.03680555555555556	0.05326086956521742	2023-10-15 08:00:00+00:00	[0.00,0.05)
BNB/USDT	2023-10-15 13:00:00+00:00	B	0.434375	0.03125	2023-10-15 12:00:00+00:00	[0.25,0.50)
BTC/USDT	2023-10-15 17:15:00+00:00	B	0.42083333333333334	0.11284573266057629	2023-10-15 16:00:00+00:00	[0.25,0.50)
LTC/USDT	2023-10-15 20:30:00+00:00	A	0.2204861111111111	0.07932924862947438	2023-10-15 20:00:00+00:00	[0.10,0.25)
AVAX/USDT	2023-10-16 05:15:00+00:00	B	0.9100694444444445	0.05876180482686259	2023-10-16 04:00:00+00:00	[0.75,1.00]
LTC/USDT	2023-10-16 12:00:00+00:00	B	0.5166666666666667	0.057913839356162254	2023-10-16 12:00:00+00:00	[0.50,0.75)
BTC/USDT	2023-10-18 04:45:00+00:00	B	0.8194444444444444	0.026454262197397046	2023-10-18 04:00:00+00:00	[0.75,1.00]
DOGE/USDT	2023-10-18 22:45:00+00:00	A	0.49201388888888886	0.027371642298537918	2023-10-18 20:00:00+00:00	[0.25,0.50)
XRP/USDT	2023-10-19 20:30:00+00:00	B	0.6850694444444444	0.07812500000000007	2023-10-19 20:00:00+00:00	[0.50,0.75)
LTC/USDT	2023-10-20 03:15:00+00:00	B	0.8732638888888888	0.03318972395085365	2023-10-20 00:00:00+00:00	[0.75,1.00]
ETH/USDT	2023-10-20 08:15:00+00:00	B	0.7402777777777778	0.023789571112306406	2023-10-20 08:00:00+00:00	[0.50,0.75)
LINK/USDT	2023-10-21 06:30:00+00:00	B	0.746875	0.2676367415876316	2023-10-21 04:00:00+00:00	[0.50,0.75)
AVAX/USDT	2023-10-21 11:15:00+00:00	B	0.603125	0.06092436974789917	2023-10-21 08:00:00+00:00	[0.50,0.75)
LTC/USDT	2023-10-21 13:30:00+00:00	B	0.6111111111111112	0.03509043128767975	2023-10-21 12:00:00+00:00	[0.50,0.75)
BTC/USDT	2023-10-21 17:30:00+00:00	B	0.7833333333333333	0.02460509944252077	2023-10-21 16:00:00+00:00	[0.75,1.00]
ETH/USDT	2023-10-22 05:45:00+00:00	B	0.7576388888888889	0.05157860118395092	2023-10-22 04:00:00+00:00	[0.75,1.00]
LINK/USDT	2023-10-22 22:30:00+00:00	B	0.9149305555555556	0.12906834825061025	2023-10-22 20:00:00+00:00	[0.75,1.00]
ADA/USDT	2023-10-23 01:15:00+00:00	B	0.9836805555555556	0.08330220395965629	2023-10-23 00:00:00+00:00	[0.75,1.00]
XRP/USDT	2023-10-23 07:30:00+00:00	B	0.6805555555555556	0.06836638338054771	2023-10-23 04:00:00+00:00	[0.50,0.75)
DOGE/USDT	2023-10-23 08:30:00+00:00	B	0.8857638888888889	0.1031496062992126	2023-10-23 08:00:00+00:00	[0.75,1.00]
XRP/USDT	2023-10-23 15:15:00+00:00	B	0.7642361111111111	0.10725610893490019	2023-10-23 12:00:00+00:00	[0.75,1.00]
BTC/USDT	2023-10-23 16:30:00+00:00	B	0.8767361111111112	0.14516295936436482	2023-10-23 16:00:00+00:00	[0.75,1.00]
BTC/USDT	2023-10-23 22:15:00+00:00	B	0.9864583333333333	0.1009321464848672	2023-10-23 20:00:00+00:00	[0.75,1.00]
XRP/USDT	2023-10-24 12:15:00+00:00	B	0.9822916666666667	0.09018383628165114	2023-10-24 12:00:00+00:00	[0.75,1.00]
SOL/USDT	2023-10-25 12:00:00+00:00	B	0.9715277777777778	0.06869772998805249	2023-10-25 12:00:00+00:00	[0.75,1.00]
DOGE/USDT	2023-10-26 01:30:00+00:00	B	0.9361111111111111	0.08366647629925762	2023-10-26 00:00:00+00:00	[0.75,1.00]
AVAX/USDT	2023-10-26 04:45:00+00:00	B	0.9784722222222222	0.09909909909909922	2023-10-26 04:00:00+00:00	[0.75,1.00]
XRP/USDT	2023-10-26 08:45:00+00:00	B	0.8340277777777778	0.0421183579171851	2023-10-26 08:00:00+00:00	[0.75,1.00]
LINK/USDT	2023-10-27 04:00:00+00:00	B	0.8184027777777778	0.07917783735478098	2023-10-27 04:00:00+00:00	[0.75,1.00]
XRP/USDT	2023-10-27 15:45:00+00:00	B	0.5878472222222222	0.04020191094285197	2023-10-27 12:00:00+00:00	[0.50,0.75)
SOL/USDT	2023-10-29 05:30:00+00:00	B	0.43645833333333334	0.0402999062792877	2023-10-29 04:00:00+00:00	[0.25,0.50)
SOL/USDT	2023-10-29 13:30:00+00:00	A	0.11180555555555556	0.09569230769230767	2023-10-29 12:00:00+00:00	[0.10,0.25)
AVAX/USDT	2023-10-29 17:15:00+00:00	B	0.9138888888888889	0.05531167690956971	2023-10-29 16:00:00+00:00	[0.75,1.00]
LINK/USDT	2023-10-30 08:30:00+00:00	B	0.7229166666666667	0.08663234510917797	2023-10-30 08:00:00+00:00	[0.50,0.75)
BTC/USDT	2023-10-30 12:15:00+00:00	B	0.8552083333333333	0.02386376461081244	2023-10-30 12:00:00+00:00	[0.75,1.00]
SOL/USDT	2023-10-31 00:30:00+00:00	A	0.6388888888888888	0.08631284916201108	2023-10-31 00:00:00+00:00	[0.50,0.75)
LTC/USDT	2023-10-31 08:45:00+00:00	B	0.6628472222222223	0.04917325664989219	2023-10-31 08:00:00+00:00	[0.50,0.75)
ETH/USDT	2023-11-01 00:15:00+00:00	A	0.3170138888888889	0.04092320373677705	2023-11-01 00:00:00+00:00	[0.25,0.50)
SOL/USDT	2023-11-01 07:30:00+00:00	A	0.6097222222222223	0.22733077905491697	2023-11-01 04:00:00+00:00	[0.50,0.75)
ETH/USDT	2023-11-01 12:45:00+00:00	B	0.6479166666666667	0.050564799057107736	2023-11-01 12:00:00+00:00	[0.50,0.75)
AVAX/USDT	2023-11-01 18:00:00+00:00	B	0.8642361111111111	0.10104529616724739	2023-11-01 16:00:00+00:00	[0.75,1.00]
ADA/USDT	2023-11-02 00:45:00+00:00	B	0.846875	0.1010946555054734	2023-11-02 00:00:00+00:00	[0.75,1.00]
DOGE/USDT	2023-11-02 08:45:00+00:00	B	0.8704861111111111	0.06084731305089554	2023-11-02 08:00:00+00:00	[0.75,1.00]
BNB/USDT	2023-11-02 13:15:00+00:00	B	0.7003472222222222	0.034793814432989664	2023-11-02 12:00:00+00:00	[0.50,0.75)
ADA/USDT	2023-11-02 17:30:00+00:00	B	0.9621527777777777	0.05769843799808736	2023-11-02 16:00:00+00:00	[0.75,1.00]
BTC/USDT	2023-11-04 06:00:00+00:00	A	0.35347222222222224	0.018969623376653158	2023-11-04 04:00:00+00:00	[0.25,0.50)
BNB/USDT	2023-11-04 08:15:00+00:00	B	0.6899305555555556	0.05193133047210298	2023-11-04 08:00:00+00:00	[0.50,0.75)
DOGE/USDT	2023-11-05 00:30:00+00:00	B	0.7489583333333333	0.046160483175151056	2023-11-05 00:00:00+00:00	[0.50,0.75)
XRP/USDT	2023-11-05 09:30:00+00:00	B	0.4756944444444444	0.11114649681528659	2023-11-05 08:00:00+00:00	[0.25,0.50)
ADA/USDT	2023-11-05 12:15:00+00:00	B	0.9545138888888889	0.05681159420289857	2023-11-05 12:00:00+00:00	[0.75,1.00]
BTC/USDT	2023-11-05 17:00:00+00:00	B	0.7052083333333333	0.026477272727272728	2023-11-05 16:00:00+00:00	[0.50,0.75)
LINK/USDT	2023-11-06 06:30:00+00:00	B	0.8100694444444444	0.07332440734031669	2023-11-06 04:00:00+00:00	[0.75,1.00]
XRP/USDT	2023-11-06 12:15:00+00:00	B	0.9659722222222222	0.11547085201793726	2023-11-06 12:00:00+00:00	[0.75,1.00]
DOGE/USDT	2023-11-06 18:00:00+00:00	B	0.9638888888888889	0.06599317764366318	2023-11-06 16:00:00+00:00	[0.75,1.00]
ADA/USDT	2023-11-06 20:30:00+00:00	B	0.9927083333333333	0.11337990327780753	2023-11-06 20:00:00+00:00	[0.75,1.00]
LTC/USDT	2023-11-07 08:45:00+00:00	B	0.6465277777777778	0.045190880884931804	2023-11-07 08:00:00+00:00	[0.50,0.75)
SOL/USDT	2023-11-07 13:15:00+00:00	B	0.6065972222222222	0.09499880354151709	2023-11-07 12:00:00+00:00	[0.50,0.75)
SOL/USDT	2023-11-07 17:45:00+00:00	B	0.7701388888888889	0.05878252788104092	2023-11-07 16:00:00+00:00	[0.75,1.00]
LTC/USDT	2023-11-08 07:30:00+00:00	B	0.3993055555555556	0.027410336833492307	2023-11-08 04:00:00+00:00	[0.25,0.50)
DOGE/USDT	2023-11-08 17:45:00+00:00	B	0.6986111111111111	0.13434222753219158	2023-11-08 16:00:00+00:00	[0.50,0.75)
LTC/USDT	2023-11-09 02:15:00+00:00	B	0.6607638888888889	0.11278600269179018	2023-11-09 00:00:00+00:00	[0.50,0.75)
BNB/USDT	2023-11-09 04:00:00+00:00	B	0.8791666666666667	0.07171314741035857	2023-11-09 04:00:00+00:00	[0.75,1.00]
SOL/USDT	2023-11-09 08:30:00+00:00	B	0.3625	0.1675952752395811	2023-11-09 08:00:00+00:00	[0.25,0.50)
ADA/USDT	2023-11-09 12:00:00+00:00	B	0.8364583333333333	0.1182539682539683	2023-11-09 12:00:00+00:00	[0.75,1.00]
SOL/USDT	2023-11-10 11:45:00+00:00	B	0.9680555555555556	0.17889546351084812	2023-11-10 08:00:00+00:00	[0.75,1.00]
SOL/USDT	2023-11-10 18:00:00+00:00	B	0.9506944444444444	0.2038798731579929	2023-11-10 16:00:00+00:00	[0.75,1.00]
DOGE/USDT	2023-11-11 01:30:00+00:00	B	0.8565972222222222	0.09688761557494469	2023-11-11 00:00:00+00:00	[0.75,1.00]
LINK/USDT	2023-11-11 15:30:00+00:00	B	0.9739583333333334	0.07405398891299114	2023-11-11 12:00:00+00:00	[0.75,1.00]
ADA/USDT	2023-11-11 16:00:00+00:00	B	0.9295138888888889	0.06253177427554654	2023-11-11 16:00:00+00:00	[0.75,1.00]
LTC/USDT	2023-11-11 20:30:00+00:00	B	0.4979166666666667	0.06176431688930038	2023-11-11 20:00:00+00:00	[0.25,0.50)
BTC/USDT	2023-11-13 01:15:00+00:00	B	0.34791666666666665	0.030267695158198105	2023-11-13 00:00:00+00:00	[0.25,0.50)
ETH/USDT	2023-11-13 14:45:00+00:00	B	0.6885416666666667	0.046800105980682655	2023-11-13 12:00:00+00:00	[0.50,0.75)
XRP/USDT	2023-11-13 20:45:00+00:00	B	0.9857638888888889	0.21549058195108234	2023-11-13 20:00:00+00:00	[0.75,1.00]
SOL/USDT	2023-11-15 11:15:00+00:00	B	0.6729166666666667	0.12375672590901686	2023-11-15 08:00:00+00:00	[0.50,0.75)
BNB/USDT	2023-11-15 13:45:00+00:00	B	0.9736111111111111	0.03353057199211045	2023-11-15 12:00:00+00:00	[0.75,1.00]
BTC/USDT	2023-11-15 18:00:00+00:00	B	0.9170138888888889	0.04871055996364384	2023-11-15 16:00:00+00:00	[0.75,1.00]
AVAX/USDT	2023-11-16 06:45:00+00:00	B	0.9791666666666666	0.16702172986791658	2023-11-16 04:00:00+00:00	[0.75,1.00]
ADA/USDT	2023-11-16 08:30:00+00:00	B	0.990625	0.1253379208650774	2023-11-16 08:00:00+00:00	[0.75,1.00]
LINK/USDT	2023-11-19 03:45:00+00:00	B	0.7097222222222223	0.08807261381364352	2023-11-19 00:00:00+00:00	[0.50,0.75)
SOL/USDT	2023-11-19 06:30:00+00:00	B	0.6975694444444445	0.050033134526176325	2023-11-19 04:00:00+00:00	[0.50,0.75)
BTC/USDT	2023-11-19 18:15:00+00:00	A	0.34618055555555555	0.029206823781050627	2023-11-19 16:00:00+00:00	[0.25,0.50)
LTC/USDT	2023-11-19 23:00:00+00:00	A	0.05659722222222222	0.03406671398154707	2023-11-19 20:00:00+00:00	[0.05,0.10)
DOGE/USDT	2023-11-20 11:45:00+00:00	A	0.2	0.07568891610532767	2023-11-20 08:00:00+00:00	[0.10,0.25)
ETH/USDT	2023-11-20 15:00:00+00:00	B	0.7347222222222223	0.05590909090909096	2023-11-20 12:00:00+00:00	[0.50,0.75)
BNB/USDT	2023-11-20 17:30:00+00:00	B	0.971875	0.12509712509712506	2023-11-20 16:00:00+00:00	[0.75,1.00]
XRP/USDT	2023-11-21 09:15:00+00:00	B	0.2503472222222222	0.07026675341574498	2023-11-21 08:00:00+00:00	[0.25,0.50)
LTC/USDT	2023-11-21 12:45:00+00:00	B	0.59375	0.09505703422053231	2023-11-21 12:00:00+00:00	[0.50,0.75)
AVAX/USDT	2023-11-21 16:15:00+00:00	B	0.8413194444444444	0.14685946678716674	2023-11-21 16:00:00+00:00	[0.75,1.00]
SOL/USDT	2023-11-22 18:15:00+00:00	A	0.3753472222222222	0.06491663710535657	2023-11-22 16:00:00+00:00	[0.25,0.50)
LTC/USDT	2023-11-23 06:30:00+00:00	A	0.2378472222222222	0.03408277244737233	2023-11-23 04:00:00+00:00	[0.10,0.25)
SOL/USDT	2023-11-23 12:00:00+00:00	A	0.4041666666666667	0.05733019502353727	2023-11-23 12:00:00+00:00	[0.25,0.50)
LINK/USDT	2023-11-23 16:45:00+00:00	A	0.22291666666666668	0.04692791485244317	2023-11-23 16:00:00+00:00	[0.10,0.25)
ADA/USDT	2023-11-23 23:45:00+00:00	A	0.2767361111111111	0.03640588690937258	2023-11-23 20:00:00+00:00	[0.25,0.50)
DOGE/USDT	2023-11-24 01:00:00+00:00	A	0.121875	0.027340190079416803	2023-11-24 00:00:00+00:00	[0.10,0.25)
AVAX/USDT	2023-11-24 09:00:00+00:00	A	0.32534722222222223	0.056083650190114055	2023-11-24 08:00:00+00:00	[0.25,0.50)
DOGE/USDT	2023-11-24 22:15:00+00:00	A	0.24375	0.020785513899515332	2023-11-24 20:00:00+00:00	[0.10,0.25)
XRP/USDT	2023-11-25 23:45:00+00:00	A	0.024652777777777777	0.04993577392421308	2023-11-25 20:00:00+00:00	[0.00,0.05)
ETH/USDT	2023-11-26 06:45:00+00:00	A	0.24409722222222222	0.028028617232550766	2023-11-26 04:00:00+00:00	[0.10,0.25)
BTC/USDT	2023-11-26 20:45:00+00:00	B	0.6159722222222223	0.027694589073220928	2023-11-26 20:00:00+00:00	[0.50,0.75)
DOGE/USDT	2023-11-27 00:15:00+00:00	B	0.778125	0.06198608475648326	2023-11-27 00:00:00+00:00	[0.75,1.00]
DOGE/USDT	2023-11-27 05:45:00+00:00	B	0.8034722222222223	0.061887634875356506	2023-11-27 04:00:00+00:00	[0.75,1.00]
DOGE/USDT	2023-11-28 14:00:00+00:00	B	0.5368055555555555	0.0543478260869565	2023-11-28 12:00:00+00:00	[0.50,0.75)
BTC/USDT	2023-11-28 16:00:00+00:00	B	0.7065972222222222	0.023767249199892454	2023-11-28 16:00:00+00:00	[0.50,0.75)
AVAX/USDT	2023-11-29 00:15:00+00:00	A	0.03888888888888889	0.04176668266922696	2023-11-29 00:00:00+00:00	[0.00,0.05)
SOL/USDT	2023-11-29 08:15:00+00:00	B	0.5409722222222222	0.05304420350291909	2023-11-29 08:00:00+00:00	[0.50,0.75)
DOGE/USDT	2023-11-29 12:00:00+00:00	B	0.6677083333333333	0.041997314125259415	2023-11-29 12:00:00+00:00	[0.50,0.75)
AVAX/USDT	2023-12-01 01:15:00+00:00	A	0.4684027777777778	0.04102096627165005	2023-12-01 00:00:00+00:00	[0.25,0.50)
LTC/USDT	2023-12-01 09:15:00+00:00	A	0.14305555555555555	0.022215933210697713	2023-12-01 08:00:00+00:00	[0.10,0.25)
ADA/USDT	2023-12-01 16:15:00+00:00	A	0.12361111111111112	0.02472670484122855	2023-12-01 16:00:00+00:00	[0.10,0.25)
ETH/USDT	2023-12-02 18:00:00+00:00	A	0.33819444444444446	0.030951348702192155	2023-12-02 16:00:00+00:00	[0.25,0.50)
AVAX/USDT	2023-12-03 00:45:00+00:00	A	0.32534722222222223	0.05022026431718064	2023-12-03 00:00:00+00:00	[0.25,0.50)
ETH/USDT	2023-12-03 21:45:00+00:00	B	0.6222222222222222	0.04246655031995348	2023-12-03 20:00:00+00:00	[0.50,0.75)
BTC/USDT	2023-12-04 01:15:00+00:00	B	0.9395833333333333	0.04807007364789996	2023-12-04 00:00:00+00:00	[0.75,1.00]
LINK/USDT	2023-12-04 04:00:00+00:00	B	0.515625	0.07969757064947951	2023-12-04 04:00:00+00:00	[0.50,0.75)
XRP/USDT	2023-12-04 08:15:00+00:00	B	0.6503472222222222	0.09332084893882658	2023-12-04 08:00:00+00:00	[0.50,0.75)
SOL/USDT	2023-12-05 15:45:00+00:00	A	0.08159722222222222	0.10613517060367464	2023-12-05 12:00:00+00:00	[0.05,0.10)
ETH/USDT	2023-12-05 16:30:00+00:00	B	0.7513888888888889	0.03763157894736837	2023-12-05 16:00:00+00:00	[0.75,1.00]
SOL/USDT	2023-12-06 00:00:00+00:00	A	0.4354166666666667	0.0830527497194165	2023-12-06 00:00:00+00:00	[0.25,0.50)
DOGE/USDT	2023-12-06 05:45:00+00:00	B	0.9350694444444444	0.12196346115237912	2023-12-06 04:00:00+00:00	[0.75,1.00]
SOL/USDT	2023-12-06 08:30:00+00:00	B	0.6541666666666667	0.07927762473217029	2023-12-06 08:00:00+00:00	[0.50,0.75)
AVAX/USDT	2023-12-07 09:45:00+00:00	B	0.7472222222222222	0.0724585436193222	2023-12-07 08:00:00+00:00	[0.50,0.75)
SOL/USDT	2023-12-07 17:15:00+00:00	B	0.8034722222222223	0.14548693586698333	2023-12-07 16:00:00+00:00	[0.75,1.00]
BNB/USDT	2023-12-08 03:15:00+00:00	B	0.615625	0.05254237288135596	2023-12-08 00:00:00+00:00	[0.50,0.75)
ADA/USDT	2023-12-08 09:00:00+00:00	B	0.9329861111111111	0.32657242368367134	2023-12-08 08:00:00+00:00	[0.75,1.00]
XRP/USDT	2023-12-08 12:00:00+00:00	B	0.7670138888888889	0.0807462914818779	2023-12-08 12:00:00+00:00	[0.75,1.00]
LTC/USDT	2023-12-08 16:00:00+00:00	B	0.7104166666666667	0.03834693613162337	2023-12-08 16:00:00+00:00	[0.50,0.75)
DOGE/USDT	2023-12-08 21:00:00+00:00	B	0.8746527777777777	0.06398983978116451	2023-12-08 20:00:00+00:00	[0.75,1.00]
AVAX/USDT	2023-12-09 00:00:00+00:00	B	0.9059027777777777	0.11528742893240677	2023-12-09 00:00:00+00:00	[0.75,1.00]
XRP/USDT	2023-12-09 05:15:00+00:00	B	0.9493055555555555	0.06412103746397693	2023-12-09 04:00:00+00:00	[0.75,1.00]
SOL/USDT	2023-12-10 15:00:00+00:00	B	0.7256944444444444	0.145020774695081	2023-12-10 12:00:00+00:00	[0.50,0.75)
AVAX/USDT	2023-12-10 19:00:00+00:00	B	0.7347222222222223	0.1843092010383617	2023-12-10 16:00:00+00:00	[0.50,0.75)
ADA/USDT	2023-12-10 20:30:00+00:00	B	0.8267361111111111	0.16984515077424606	2023-12-10 20:00:00+00:00	[0.75,1.00]
DOGE/USDT	2023-12-11 01:45:00+00:00	B	0.5802083333333333	0.1289021227547786	2023-12-11 00:00:00+00:00	[0.50,0.75)
BNB/USDT	2023-12-11 12:00:00+00:00	B	0.9069444444444444	0.07365319865319865	2023-12-11 12:00:00+00:00	[0.75,1.00]
BNB/USDT	2023-12-12 14:45:00+00:00	B	0.8159722222222222	0.05178501373087492	2023-12-12 12:00:00+00:00	[0.75,1.00]
LTC/USDT	2023-12-12 23:15:00+00:00	B	0.49722222222222223	0.07433920704845803	2023-12-12 20:00:00+00:00	[0.25,0.50)
ADA/USDT	2023-12-13 13:30:00+00:00	B	0.925	0.13182488932611908	2023-12-13 12:00:00+00:00	[0.75,1.00]
ETH/USDT	2023-12-13 19:30:00+00:00	B	0.8371527777777777	0.04088388461333391	2023-12-13 16:00:00+00:00	[0.75,1.00]
LTC/USDT	2023-12-14 10:45:00+00:00	A	0.175	0.037997014520287656	2023-12-14 08:00:00+00:00	[0.10,0.25)
LINK/USDT	2023-12-14 17:00:00+00:00	B	0.7868055555555555	0.061723551719628664	2023-12-14 16:00:00+00:00	[0.75,1.00]
SOL/USDT	2023-12-15 07:15:00+00:00	B	0.5381944444444444	0.10843216473348094	2023-12-15 04:00:00+00:00	[0.50,0.75)
AVAX/USDT	2023-12-15 10:00:00+00:00	B	0.7753472222222222	0.09619578386236972	2023-12-15 08:00:00+00:00	[0.75,1.00]
AVAX/USDT	2023-12-16 15:15:00+00:00	B	0.76875	0.10266756332660834	2023-12-16 12:00:00+00:00	[0.75,1.00]
LTC/USDT	2023-12-17 06:00:00+00:00	A	0.25763888888888886	0.05162707675408473	2023-12-17 04:00:00+00:00	[0.25,0.50)
XRP/USDT	2023-12-17 10:00:00+00:00	B	0.453125	0.05610030541713558	2023-12-17 08:00:00+00:00	[0.25,0.50)
LINK/USDT	2023-12-18 08:15:00+00:00	A	0.2829861111111111	0.06738218778875545	2023-12-18 08:00:00+00:00	[0.25,0.50)
BTC/USDT	2023-12-19 01:45:00+00:00	B	0.8104166666666667	0.038921860538349465	2023-12-19 00:00:00+00:00	[0.75,1.00]
BNB/USDT	2023-12-19 10:30:00+00:00	A	0.821875	0.03503184713375801	2023-12-19 08:00:00+00:00	[0.75,1.00]
SOL/USDT	2023-12-20 02:15:00+00:00	B	0.6611111111111111	0.1490044099959908	2023-12-20 00:00:00+00:00	[0.50,0.75)
AVAX/USDT	2023-12-20 06:30:00+00:00	B	0.7857638888888889	0.10129620739318289	2023-12-20 04:00:00+00:00	[0.75,1.00]
SOL/USDT	2023-12-20 09:45:00+00:00	B	0.8256944444444444	0.14119004873044358	2023-12-20 08:00:00+00:00	[0.75,1.00]
XRP/USDT	2023-12-20 13:00:00+00:00	B	0.5645833333333333	0.031810108186662266	2023-12-20 12:00:00+00:00	[0.50,0.75)
AVAX/USDT	2023-12-20 17:30:00+00:00	B	0.5100694444444445	0.09961599277162855	2023-12-20 16:00:00+00:00	[0.50,0.75)
AVAX/USDT	2023-12-21 08:30:00+00:00	B	0.6177083333333333	0.09759792252759154	2023-12-21 08:00:00+00:00	[0.50,0.75)
ETH/USDT	2023-12-21 12:00:00+00:00	B	0.9402777777777778	0.0571488860363291	2023-12-21 12:00:00+00:00	[0.75,1.00]
SOL/USDT	2023-12-21 17:15:00+00:00	B	0.9243055555555556	0.09941393531582371	2023-12-21 16:00:00+00:00	[0.75,1.00]
BTC/USDT	2023-12-22 01:30:00+00:00	B	0.365625	0.022334500449875755	2023-12-22 00:00:00+00:00	[0.25,0.50)
ETH/USDT	2023-12-22 07:30:00+00:00	B	0.8739583333333333	0.03417782967501545	2023-12-22 04:00:00+00:00	[0.75,1.00]
XRP/USDT	2023-12-22 08:30:00+00:00	A	0.321875	0.027875680871515495	2023-12-22 08:00:00+00:00	[0.25,0.50)
LTC/USDT	2023-12-22 17:30:00+00:00	B	0.8621527777777778	0.046559538524927904	2023-12-22 16:00:00+00:00	[0.75,1.00]
LINK/USDT	2023-12-23 10:15:00+00:00	A	0.1951388888888889	0.0496170714145448	2023-12-23 08:00:00+00:00	[0.10,0.25)
SOL/USDT	2023-12-23 18:30:00+00:00	B	0.8350694444444444	0.17268757443429922	2023-12-23 16:00:00+00:00	[0.75,1.00]
AVAX/USDT	2023-12-23 22:15:00+00:00	B	0.6381944444444444	0.07791095890410961	2023-12-23 20:00:00+00:00	[0.50,0.75)
AVAX/USDT	2023-12-24 03:45:00+00:00	B	0.5527777777777778	0.07503607503607505	2023-12-24 00:00:00+00:00	[0.50,0.75)
DOGE/USDT	2023-12-24 09:30:00+00:00	B	0.4722222222222222	0.049385332768122056	2023-12-24 08:00:00+00:00	[0.25,0.50)
ETH/USDT	2023-12-25 12:45:00+00:00	A	0.440625	0.037614882409997004	2023-12-25 12:00:00+00:00	[0.25,0.50)
ADA/USDT	2023-12-25 16:00:00+00:00	B	0.5795138888888889	0.06589521054323375	2023-12-25 16:00:00+00:00	[0.50,0.75)
ADA/USDT	2023-12-25 22:30:00+00:00	B	0.5225694444444444	0.11417260490894687	2023-12-25 20:00:00+00:00	[0.50,0.75)
BNB/USDT	2023-12-26 07:45:00+00:00	B	0.9274305555555555	0.11208791208791197	2023-12-26 04:00:00+00:00	[0.75,1.00]
BNB/USDT	2023-12-27 10:15:00+00:00	B	0.9375	0.10272399081063327	2023-12-27 08:00:00+00:00	[0.75,1.00]
LTC/USDT	2023-12-27 12:45:00+00:00	B	0.94375	0.037846273897776	2023-12-27 12:00:00+00:00	[0.75,1.00]
ETH/USDT	2023-12-27 16:15:00+00:00	B	0.9857638888888889	0.047061896716621775	2023-12-27 16:00:00+00:00	[0.75,1.00]
LTC/USDT	2023-12-28 18:45:00+00:00	B	0.6538194444444444	0.05408606395578365	2023-12-28 16:00:00+00:00	[0.50,0.75)
BTC/USDT	2023-12-31 07:15:00+00:00	B	0.4756944444444444	0.01981957369813261	2023-12-31 04:00:00+00:00	[0.25,0.50)
DOGE/USDT	2024-01-01 15:00:00+00:00	A	0.20347222222222222	0.04090159428257285	2024-01-01 12:00:00+00:00	[0.10,0.25)
SOL/USDT	2024-01-01 16:00:00+00:00	A	0.4684027777777778	0.10105692564435384	2024-01-01 16:00:00+00:00	[0.25,0.50)
ETH/USDT	2024-01-01 20:00:00+00:00	B	0.6746527777777778	0.04595836250917986	2024-01-01 20:00:00+00:00	[0.50,0.75)
LINK/USDT	2024-01-02 00:00:00+00:00	A	0.04479166666666667	0.06717184690470071	2024-01-02 00:00:00+00:00	[0.00,0.05)
DOGE/USDT	2024-01-02 07:30:00+00:00	A	0.13784722222222223	0.0429088586030665	2024-01-02 04:00:00+00:00	[0.10,0.25)
XRP/USDT	2024-01-02 09:45:00+00:00	B	0.4736111111111111	0.02838325231299985	2024-01-02 08:00:00+00:00	[0.25,0.50)
BNB/USDT	2024-01-03 09:30:00+00:00	B	0.9277777777777778	0.12187028657616886	2024-01-03 08:00:00+00:00	[0.75,1.00]
BTC/USDT	2024-01-04 20:30:00+00:00	B	0.5881944444444445	0.05142424016837778	2024-01-04 20:00:00+00:00	[0.50,0.75)
LINK/USDT	2024-01-05 07:00:00+00:00	A	0.578125	0.10134436401240955	2024-01-05 04:00:00+00:00	[0.50,0.75)
ETH/USDT	2024-01-05 23:00:00+00:00	B	0.6503472222222222	0.02673601646105007	2024-01-05 20:00:00+00:00	[0.50,0.75)
BTC/USDT	2024-01-07 00:30:00+00:00	A	0.24305555555555555	0.02057283281001119	2024-01-07 00:00:00+00:00	[0.10,0.25)
AVAX/USDT	2024-01-07 06:00:00+00:00	B	0.40729166666666666	0.13089887640449438	2024-01-07 04:00:00+00:00	[0.25,0.50)
XRP/USDT	2024-01-07 08:15:00+00:00	A	0.2989583333333333	0.06624715958748459	2024-01-07 08:00:00+00:00	[0.25,0.50)
ETH/USDT	2024-01-07 13:15:00+00:00	A	0.14479166666666668	0.04821105987101694	2024-01-07 12:00:00+00:00	[0.10,0.25)
XRP/USDT	2024-01-08 00:45:00+00:00	B	0.9829861111111111	0.0647394841613294	2024-01-08 00:00:00+00:00	[0.75,1.00]
BTC/USDT	2024-01-08 06:15:00+00:00	B	0.7336805555555556	0.08171056565821293	2024-01-08 04:00:00+00:00	[0.50,0.75)
ETH/USDT	2024-01-08 11:45:00+00:00	B	0.3701388888888889	0.05283828957292874	2024-01-08 08:00:00+00:00	[0.25,0.50)
DOGE/USDT	2024-01-09 17:15:00+00:00	B	0.9267361111111111	0.10089824043312415	2024-01-09 16:00:00+00:00	[0.75,1.00]
ETH/USDT	2024-01-09 21:00:00+00:00	B	0.6649305555555556	0.12193604253967436	2024-01-09 20:00:00+00:00	[0.50,0.75)
XRP/USDT	2024-01-10 15:45:00+00:00	B	0.9128472222222223	0.11074119502365522	2024-01-10 12:00:00+00:00	[0.75,1.00]
ADA/USDT	2024-01-10 20:45:00+00:00	B	0.8996527777777777	0.16930618401206635	2024-01-10 20:00:00+00:00	[0.75,1.00]
BTC/USDT	2024-01-11 14:30:00+00:00	B	0.9732638888888889	0.07596616938799489	2024-01-11 12:00:00+00:00	[0.75,1.00]
LINK/USDT	2024-01-14 02:45:00+00:00	A	0.06701388888888889	0.0839489126682776	2024-01-14 00:00:00+00:00	[0.05,0.10)
DOGE/USDT	2024-01-14 06:45:00+00:00	A	0.2503472222222222	0.05296064729680035	2024-01-14 04:00:00+00:00	[0.25,0.50)
SOL/USDT	2024-01-14 16:15:00+00:00	B	0.7916666666666666	0.09313052011776246	2024-01-14 16:00:00+00:00	[0.75,1.00]
XRP/USDT	2024-01-14 21:45:00+00:00	B	0.8138888888888889	0.041441136671177214	2024-01-14 20:00:00+00:00	[0.75,1.00]
BNB/USDT	2024-01-15 03:15:00+00:00	B	0.8434027777777777	0.04133031966419119	2024-01-15 00:00:00+00:00	[0.75,1.00]
LINK/USDT	2024-01-15 13:15:00+00:00	B	0.5357638888888889	0.06587689607621913	2024-01-15 12:00:00+00:00	[0.50,0.75)
BTC/USDT	2024-01-15 18:15:00+00:00	B	0.8243055555555555	0.032069700621002874	2024-01-15 16:00:00+00:00	[0.75,1.00]
SOL/USDT	2024-01-16 01:00:00+00:00	A	0.16145833333333334	0.05362545644235786	2024-01-16 00:00:00+00:00	[0.10,0.25)
DOGE/USDT	2024-01-16 09:00:00+00:00	B	0.6340277777777777	0.028849665246500268	2024-01-16 08:00:00+00:00	[0.50,0.75)
ETH/USDT	2024-01-16 15:15:00+00:00	B	0.6489583333333333	0.03189451715461576	2024-01-16 12:00:00+00:00	[0.50,0.75)
BNB/USDT	2024-01-17 11:30:00+00:00	A	0.39479166666666665	0.029702970297029736	2024-01-17 08:00:00+00:00	[0.25,0.50)
LINK/USDT	2024-01-17 15:00:00+00:00	B	0.7322916666666667	0.08059883898564003	2024-01-17 12:00:00+00:00	[0.50,0.75)
AVAX/USDT	2024-01-17 20:15:00+00:00	A	0.1920138888888889	0.10270568746548865	2024-01-17 20:00:00+00:00	[0.10,0.25)
SOL/USDT	2024-01-18 00:00:00+00:00	A	0.1763888888888889	0.10922566803198754	2024-01-18 00:00:00+00:00	[0.10,0.25)
ADA/USDT	2024-01-18 15:30:00+00:00	A	0.20381944444444444	0.06950844854070651	2024-01-18 12:00:00+00:00	[0.10,0.25)
BTC/USDT	2024-01-19 18:45:00+00:00	B	0.9298611111111111	0.017713322400837294	2024-01-19 16:00:00+00:00	[0.75,1.00]
DOGE/USDT	2024-01-20 17:00:00+00:00	A	0.06979166666666667	0.13947071365859767	2024-01-20 16:00:00+00:00	[0.05,0.10)
SOL/USDT	2024-01-20 21:00:00+00:00	B	0.32395833333333335	0.024421593830334203	2024-01-20 20:00:00+00:00	[0.25,0.50)
BNB/USDT	2024-01-21 19:15:00+00:00	A	0.04131944444444444	0.044264339152119664	2024-01-21 16:00:00+00:00	[0.00,0.05)
LTC/USDT	2024-01-21 20:15:00+00:00	A	0.1232638888888889	0.08481954781631783	2024-01-21 20:00:00+00:00	[0.10,0.25)
SOL/USDT	2024-01-22 13:00:00+00:00	B	0.41631944444444446	0.12041066845218175	2024-01-22 12:00:00+00:00	[0.25,0.50)
AVAX/USDT	2024-01-23 15:00:00+00:00	B	0.6211805555555555	0.11973546815175778	2024-01-23 12:00:00+00:00	[0.50,0.75)
LINK/USDT	2024-01-24 17:30:00+00:00	B	0.1798611111111111	0.05320044918585059	2024-01-24 16:00:00+00:00	[0.10,0.25)
BNB/USDT	2024-01-25 10:15:00+00:00	B	0.6649305555555556	0.038422305338320334	2024-01-25 08:00:00+00:00	[0.50,0.75)
BNB/USDT	2024-01-26 10:00:00+00:00	B	0.48368055555555556	0.031857813547954396	2024-01-26 08:00:00+00:00	[0.25,0.50)
XRP/USDT	2024-01-26 18:00:00+00:00	B	0.8197916666666667	0.018222806687957997	2024-01-26 16:00:00+00:00	[0.75,1.00]
LTC/USDT	2024-01-27 18:15:00+00:00	B	0.48715277777777777	0.017641870038223886	2024-01-27 16:00:00+00:00	[0.25,0.50)
AVAX/USDT	2024-01-27 23:00:00+00:00	A	0.24409722222222222	0.11281588447653429	2024-01-27 20:00:00+00:00	[0.10,0.25)
ADA/USDT	2024-01-28 01:15:00+00:00	A	0.2170138888888889	0.03490968134767617	2024-01-28 00:00:00+00:00	[0.10,0.25)
DOGE/USDT	2024-01-28 04:00:00+00:00	A	0.2815972222222222	0.04090965270053155	2024-01-28 04:00:00+00:00	[0.25,0.50)
SOL/USDT	2024-01-28 10:30:00+00:00	B	0.6708333333333333	0.060425703621507065	2024-01-28 08:00:00+00:00	[0.50,0.75)
LINK/USDT	2024-01-29 01:00:00+00:00	B	0.6486111111111111	0.055551773435904346	2024-01-29 00:00:00+00:00	[0.50,0.75)
DOGE/USDT	2024-01-29 09:30:00+00:00	B	0.7378472222222222	0.03758838853740219	2024-01-29 08:00:00+00:00	[0.50,0.75)
ADA/USDT	2024-01-29 15:45:00+00:00	A	0.5548611111111111	0.08057062487442228	2024-01-29 12:00:00+00:00	[0.50,0.75)
ETH/USDT	2024-01-29 16:15:00+00:00	B	0.7447916666666666	0.03601655027474342	2024-01-29 16:00:00+00:00	[0.50,0.75)
LINK/USDT	2024-01-30 15:15:00+00:00	B	0.546875	0.05060334760607236	2024-01-30 12:00:00+00:00	[0.50,0.75)
LTC/USDT	2024-01-30 17:00:00+00:00	B	0.5118055555555555	0.044023323615160294	2024-01-30 16:00:00+00:00	[0.50,0.75)
ADA/USDT	2024-01-30 21:45:00+00:00	A	0.3079861111111111	0.0615735461801596	2024-01-30 20:00:00+00:00	[0.25,0.50)
LINK/USDT	2024-01-31 02:15:00+00:00	A	0.46631944444444445	0.06179633143580003	2024-01-31 00:00:00+00:00	[0.25,0.50)
LTC/USDT	2024-01-31 08:15:00+00:00	A	0.6663194444444445	0.0629501584557763	2024-01-31 08:00:00+00:00	[0.50,0.75)
SOL/USDT	2024-01-31 15:30:00+00:00	B	0.5118055555555555	0.09512508652229808	2024-01-31 12:00:00+00:00	[0.50,0.75)
LINK/USDT	2024-02-01 13:15:00+00:00	B	0.7711805555555555	0.1579307768924302	2024-02-01 12:00:00+00:00	[0.75,1.00]
SOL/USDT	2024-02-02 00:15:00+00:00	A	0.2503472222222222	0.04543622808784999	2024-02-02 00:00:00+00:00	[0.25,0.50)
AVAX/USDT	2024-02-02 07:45:00+00:00	A	0.3420138888888889	0.08340498710232169	2024-02-02 04:00:00+00:00	[0.25,0.50)
ADA/USDT	2024-02-02 08:30:00+00:00	A	0.38819444444444445	0.03507404520654719	2024-02-02 08:00:00+00:00	[0.25,0.50)
LINK/USDT	2024-02-02 15:00:00+00:00	A	0.5482638888888889	0.0751609032398822	2024-02-02 12:00:00+00:00	[0.50,0.75)
XRP/USDT	2024-02-03 10:15:00+00:00	A	0.7524305555555556	0.034821085032704896	2024-02-03 08:00:00+00:00	[0.75,1.00]
AVAX/USDT	2024-02-03 17:45:00+00:00	A	0.3173611111111111	0.03262955854126693	2024-02-03 16:00:00+00:00	[0.25,0.50)
LTC/USDT	2024-02-03 20:30:00+00:00	A	0.08090277777777778	0.03439731817519311	2024-02-03 20:00:00+00:00	[0.05,0.10)
BNB/USDT	2024-02-04 14:00:00+00:00	A	0.275	0.020138659623638054	2024-02-04 12:00:00+00:00	[0.25,0.50)
LINK/USDT	2024-02-04 21:15:00+00:00	B	0.43159722222222224	0.10718136726331678	2024-02-04 20:00:00+00:00	[0.25,0.50)
BTC/USDT	2024-02-05 07:30:00+00:00	B	0.575	0.02877538140314014	2024-02-05 04:00:00+00:00	[0.50,0.75)
LINK/USDT	2024-02-05 09:45:00+00:00	A	0.5944444444444444	0.054700943838973747	2024-02-05 08:00:00+00:00	[0.50,0.75)
BTC/USDT	2024-02-05 13:15:00+00:00	B	0.440625	0.02856384858237588	2024-02-05 12:00:00+00:00	[0.25,0.50)
XRP/USDT	2024-02-05 17:00:00+00:00	B	0.6409722222222223	0.03169014084507041	2024-02-05 16:00:00+00:00	[0.50,0.75)
ETH/USDT	2024-02-06 13:15:00+00:00	A	0.26319444444444445	0.026202420852635352	2024-02-06 12:00:00+00:00	[0.25,0.50)
AVAX/USDT	2024-02-07 16:15:00+00:00	A	0.15243055555555557	0.04147465437788012	2024-02-07 16:00:00+00:00	[0.10,0.25)
BTC/USDT	2024-02-07 20:15:00+00:00	B	0.8694444444444445	0.035486992710960376	2024-02-07 20:00:00+00:00	[0.75,1.00]
BNB/USDT	2024-02-08 02:30:00+00:00	B	0.6347222222222222	0.03516624040920716	2024-02-08 00:00:00+00:00	[0.50,0.75)
SOL/USDT	2024-02-08 13:45:00+00:00	A	0.2923611111111111	0.05071973722345667	2024-02-08 12:00:00+00:00	[0.25,0.50)
ETH/USDT	2024-02-09 11:45:00+00:00	B	0.7569444444444444	0.0213446788111217	2024-02-09 08:00:00+00:00	[0.75,1.00]
LINK/USDT	2024-02-09 13:45:00+00:00	B	0.3614583333333333	0.04224137931034477	2024-02-09 12:00:00+00:00	[0.25,0.50)
BTC/USDT	2024-02-09 18:15:00+00:00	B	0.8645833333333334	0.026736408331972564	2024-02-09 16:00:00+00:00	[0.75,1.00]
SOL/USDT	2024-02-09 21:30:00+00:00	A	0.38090277777777776	0.038741598207617675	2024-02-09 20:00:00+00:00	[0.25,0.50)
AVAX/USDT	2024-02-10 20:45:00+00:00	B	0.49930555555555556	0.04773806548362919	2024-02-10 20:00:00+00:00	[0.25,0.50)
ADA/USDT	2024-02-11 00:30:00+00:00	B	0.9204861111111111	0.053625512203812606	2024-02-11 00:00:00+00:00	[0.75,1.00]
LINK/USDT	2024-02-11 05:30:00+00:00	B	0.9350694444444444	0.04558671332117674	2024-02-11 04:00:00+00:00	[0.75,1.00]
XRP/USDT	2024-02-11 09:15:00+00:00	A	0.35104166666666664	0.040015029118917876	2024-02-11 08:00:00+00:00	[0.25,0.50)
SOL/USDT	2024-02-12 00:15:00+00:00	A	0.3684027777777778	0.10510895440395522	2024-02-12 00:00:00+00:00	[0.25,0.50)
LINK/USDT	2024-02-12 12:00:00+00:00	B	0.6506944444444445	0.049223925342101474	2024-02-12 12:00:00+00:00	[0.50,0.75)
ETH/USDT	2024-02-12 17:15:00+00:00	B	0.9944444444444445	0.03702134543241636	2024-02-12 16:00:00+00:00	[0.75,1.00]
BTC/USDT	2024-02-14 08:45:00+00:00	B	0.8888888888888888	0.0369098467236692	2024-02-14 08:00:00+00:00	[0.75,1.00]
AVAX/USDT	2024-02-14 14:30:00+00:00	A	0.16631944444444444	0.06305230475280632	2024-02-14 12:00:00+00:00	[0.10,0.25)
DOGE/USDT	2024-02-14 17:00:00+00:00	B	0.9416666666666667	0.05006373855603203	2024-02-14 16:00:00+00:00	[0.75,1.00]
BNB/USDT	2024-02-15 01:45:00+00:00	B	0.8631944444444445	0.08522559716897679	2024-02-15 00:00:00+00:00	[0.75,1.00]
BNB/USDT	2024-02-15 13:30:00+00:00	B	0.8958333333333334	0.049615055603079654	2024-02-15 12:00:00+00:00	[0.75,1.00]
XRP/USDT	2024-02-15 21:00:00+00:00	B	0.9670138888888888	0.04743362831858396	2024-02-15 20:00:00+00:00	[0.75,1.00]
ADA/USDT	2024-02-18 00:00:00+00:00	B	0.9829861111111111	0.044987146529563024	2024-02-18 00:00:00+00:00	[0.75,1.00]
BTC/USDT	2024-02-18 22:00:00+00:00	A	0.4204861111111111	0.015551146446140465	2024-02-18 20:00:00+00:00	[0.25,0.50)
BNB/USDT	2024-02-19 00:15:00+00:00	B	0.7145833333333333	0.017504234895539213	2024-02-19 00:00:00+00:00	[0.50,0.75)
DOGE/USDT	2024-02-19 07:00:00+00:00	B	0.4461805555555556	0.07299607299607307	2024-02-19 04:00:00+00:00	[0.25,0.50)
SOL/USDT	2024-02-19 13:00:00+00:00	A	0.5090277777777777	0.060168155543878124	2024-02-19 12:00:00+00:00	[0.50,0.75)
LINK/USDT	2024-02-19 16:15:00+00:00	A	0.28923611111111114	0.09013452914798212	2024-02-19 16:00:00+00:00	[0.25,0.50)
DOGE/USDT	2024-02-20 00:15:00+00:00	B	0.8402777777777778	0.09798554850010947	2024-02-20 00:00:00+00:00	[0.75,1.00]
XRP/USDT	2024-02-20 04:00:00+00:00	B	0.9364583333333333	0.05611888111888096	2024-02-20 04:00:00+00:00	[0.75,1.00]
BTC/USDT	2024-02-20 11:00:00+00:00	B	0.6510416666666666	0.04253767887678785	2024-02-20 08:00:00+00:00	[0.50,0.75)
ADA/USDT	2024-02-20 13:30:00+00:00	B	0.853125	0.09412132582864297	2024-02-20 12:00:00+00:00	[0.75,1.00]
BNB/USDT	2024-02-21 07:45:00+00:00	B	0.8427083333333333	0.08074361820199785	2024-02-21 04:00:00+00:00	[0.75,1.00]
BNB/USDT	2024-02-21 12:30:00+00:00	B	0.9364583333333333	0.06098219104155429	2024-02-21 12:00:00+00:00	[0.75,1.00]
LTC/USDT	2024-02-22 10:30:00+00:00	B	0.803125	0.02817306310191186	2024-02-22 08:00:00+00:00	[0.75,1.00]
DOGE/USDT	2024-02-23 14:45:00+00:00	B	0.6166666666666667	0.034299231224127896	2024-02-23 12:00:00+00:00	[0.50,0.75)
ADA/USDT	2024-02-24 21:45:00+00:00	A	0.10277777777777777	0.03369656328583404	2024-02-24 20:00:00+00:00	[0.10,0.25)
LINK/USDT	2024-02-25 12:15:00+00:00	A	0.12743055555555555	0.03925464504349703	2024-02-25 12:00:00+00:00	[0.10,0.25)
SOL/USDT	2024-02-25 20:00:00+00:00	A	0.2378472222222222	0.09748367268536295	2024-02-25 20:00:00+00:00	[0.10,0.25)
SOL/USDT	2024-02-26 01:15:00+00:00	A	0.06701388888888889	0.11518173971420342	2024-02-26 00:00:00+00:00	[0.05,0.10)
BNB/USDT	2024-02-26 13:00:00+00:00	B	0.8677083333333333	0.03575957392848077	2024-02-26 12:00:00+00:00	[0.75,1.00]
LTC/USDT	2024-02-27 01:45:00+00:00	B	0.9076388888888889	0.05065869889990479	2024-02-27 00:00:00+00:00	[0.75,1.00]
DOGE/USDT	2024-02-27 13:45:00+00:00	B	0.9791666666666666	0.06736756149841783	2024-02-27 12:00:00+00:00	[0.75,1.00]
ETH/USDT	2024-02-28 08:45:00+00:00	B	0.8868055555555555	0.09730007235433816	2024-02-28 08:00:00+00:00	[0.75,1.00]
LINK/USDT	2024-02-28 14:00:00+00:00	B	0.8788194444444445	0.12222998602515461	2024-02-28 12:00:00+00:00	[0.75,1.00]
SOL/USDT	2024-02-28 16:00:00+00:00	B	0.8298611111111112	0.24144519715129417	2024-02-28 16:00:00+00:00	[0.75,1.00]
ETH/USDT	2024-03-01 08:30:00+00:00	B	0.7003472222222222	0.023420349267167854	2024-03-01 08:00:00+00:00	[0.50,0.75)
XRP/USDT	2024-03-02 01:15:00+00:00	B	0.9555555555555556	0.05672951885565677	2024-03-02 00:00:00+00:00	[0.75,1.00]
LINK/USDT	2024-03-02 16:45:00+00:00	B	0.7267361111111111	0.1071080817916262	2024-03-02 16:00:00+00:00	[0.50,0.75)
DOGE/USDT	2024-03-03 11:45:00+00:00	B	0.9618055555555556	0.24448373408769442	2024-03-03 08:00:00+00:00	[0.75,1.00]
BTC/USDT	2024-03-03 12:00:00+00:00	B	0.5017361111111112	0.05785161145207421	2024-03-03 12:00:00+00:00	[0.50,0.75)
ETH/USDT	2024-03-03 16:30:00+00:00	B	0.5194444444444445	0.04361771475710563	2024-03-03 16:00:00+00:00	[0.50,0.75)
ADA/USDT	2024-03-04 05:30:00+00:00	B	0.8690972222222222	0.07414646859525664	2024-03-04 04:00:00+00:00	[0.75,1.00]
ETH/USDT	2024-03-04 08:00:00+00:00	A	0.4017361111111111	0.080089276297599	2024-03-04 08:00:00+00:00	[0.25,0.50)
BTC/USDT	2024-03-04 14:30:00+00:00	B	0.7753472222222222	0.054409073724007606	2024-03-04 12:00:00+00:00	[0.75,1.00]
LINK/USDT	2024-03-05 04:00:00+00:00	B	0.8149305555555556	0.2187454448277537	2024-03-05 04:00:00+00:00	[0.75,1.00]
SOL/USDT	2024-03-05 14:30:00+00:00	B	0.7899305555555556	0.27755702722590136	2024-03-05 12:00:00+00:00	[0.75,1.00]
BNB/USDT	2024-03-06 10:15:00+00:00	B	0.9777777777777777	0.05209063302966599	2024-03-06 08:00:00+00:00	[0.75,1.00]
XRP/USDT	2024-03-07 03:30:00+00:00	B	0.6951388888888889	0.04196028187059578	2024-03-07 00:00:00+00:00	[0.50,0.75)
SOL/USDT	2024-03-07 11:15:00+00:00	B	0.7513888888888889	0.07137887853068052	2024-03-07 08:00:00+00:00	[0.75,1.00]
BNB/USDT	2024-03-07 13:00:00+00:00	B	0.8993055555555556	0.10822998872604284	2024-03-07 12:00:00+00:00	[0.75,1.00]
LTC/USDT	2024-03-07 18:45:00+00:00	B	0.7232638888888889	0.07036827195467416	2024-03-07 16:00:00+00:00	[0.50,0.75)
ETH/USDT	2024-03-08 01:00:00+00:00	B	0.7739583333333333	0.04420444715819468	2024-03-08 00:00:00+00:00	[0.75,1.00]
SOL/USDT	2024-03-08 14:45:00+00:00	B	0.7746527777777777	0.06790611814345998	2024-03-08 12:00:00+00:00	[0.75,1.00]
DOGE/USDT	2024-03-09 16:15:00+00:00	B	0.7201388888888889	0.10595796421747428	2024-03-09 16:00:00+00:00	[0.50,0.75)
ETH/USDT	2024-03-10 01:00:00+00:00	A	0.13923611111111112	0.0614799233917222	2024-03-10 00:00:00+00:00	[0.10,0.25)
BNB/USDT	2024-03-10 07:30:00+00:00	B	0.8055555555555556	0.07777109641210667	2024-03-10 04:00:00+00:00	[0.75,1.00]
LINK/USDT	2024-03-10 21:30:00+00:00	A	0.3298611111111111	0.13992342499129828	2024-03-10 20:00:00+00:00	[0.25,0.50)
AVAX/USDT	2024-03-11 10:00:00+00:00	B	0.9947916666666666	0.11697048611111113	2024-03-11 08:00:00+00:00	[0.75,1.00]
AVAX/USDT	2024-03-11 14:15:00+00:00	B	0.9222222222222223	0.10682431030906447	2024-03-11 12:00:00+00:00	[0.75,1.00]
LTC/USDT	2024-03-11 16:30:00+00:00	B	0.9902777777777778	0.10692483784814963	2024-03-11 16:00:00+00:00	[0.75,1.00]
DOGE/USDT	2024-03-11 21:15:00+00:00	B	0.5840277777777778	0.158157602663707	2024-03-11 20:00:00+00:00	[0.50,0.75)
BNB/USDT	2024-03-12 14:30:00+00:00	B	0.7875	0.15038989974006683	2024-03-12 12:00:00+00:00	[0.75,1.00]
LINK/USDT	2024-03-13 23:00:00+00:00	B	0.5635416666666667	0.10009629272989892	2024-03-13 20:00:00+00:00	[0.50,0.75)
AVAX/USDT	2024-03-14 00:30:00+00:00	B	0.8208333333333333	0.1572753209700428	2024-03-14 00:00:00+00:00	[0.75,1.00]
ADA/USDT	2024-03-14 07:30:00+00:00	B	0.690625	0.1450529578920175	2024-03-14 04:00:00+00:00	[0.50,0.75)
SOL/USDT	2024-03-15 01:15:00+00:00	B	0.9850694444444444	0.13296398891966751	2024-03-15 00:00:00+00:00	[0.75,1.00]
BNB/USDT	2024-03-15 23:45:00+00:00	B	0.9888888888888889	0.12328117591275485	2024-03-15 20:00:00+00:00	[0.75,1.00]
SOL/USDT	2024-03-16 05:30:00+00:00	B	0.8774305555555556	0.11017434296122813	2024-03-16 04:00:00+00:00	[0.75,1.00]
AVAX/USDT	2024-03-17 08:45:00+00:00	B	0.9086805555555556	0.15089188205314888	2024-03-17 08:00:00+00:00	[0.75,1.00]
SOL/USDT	2024-03-18 09:30:00+00:00	B	0.5604166666666667	0.19431279620853084	2024-03-18 08:00:00+00:00	[0.50,0.75)
LTC/USDT	2024-03-18 22:00:00+00:00	B	0.7336805555555556	0.12109744560075697	2024-03-18 20:00:00+00:00	[0.50,0.75)
LTC/USDT	2024-03-20 12:30:00+00:00	A	0.20381944444444444	0.10040357099180622	2024-03-20 12:00:00+00:00	[0.10,0.25)
AVAX/USDT	2024-03-20 18:45:00+00:00	B	0.8840277777777777	0.09650850492390332	2024-03-20 16:00:00+00:00	[0.75,1.00]
DOGE/USDT	2024-03-22 03:30:00+00:00	B	0.5371527777777778	0.1248970802457408	2024-03-22 00:00:00+00:00	[0.50,0.75)
AVAX/USDT	2024-03-22 12:30:00+00:00	B	0.6673611111111111	0.10779175401816901	2024-03-22 12:00:00+00:00	[0.50,0.75)
LTC/USDT	2024-03-23 09:45:00+00:00	A	0.41354166666666664	0.03912891580295795	2024-03-23 08:00:00+00:00	[0.25,0.50)
SOL/USDT	2024-03-23 14:30:00+00:00	A	0.11944444444444445	0.04093567251461989	2024-03-23 12:00:00+00:00	[0.10,0.25)
XRP/USDT	2024-03-24 05:30:00+00:00	B	0.5670138888888889	0.023222748815165773	2024-03-24 04:00:00+00:00	[0.50,0.75)
ADA/USDT	2024-03-24 08:00:00+00:00	B	0.42465277777777777	0.048124999999999904	2024-03-24 08:00:00+00:00	[0.25,0.50)
LTC/USDT	2024-03-24 13:45:00+00:00	A	0.22604166666666667	0.029886094507725176	2024-03-24 12:00:00+00:00	[0.10,0.25)
SOL/USDT	2024-03-24 22:00:00+00:00	B	0.8611111111111112	0.07428323197219813	2024-03-24 20:00:00+00:00	[0.75,1.00]
BNB/USDT	2024-03-25 03:30:00+00:00	B	0.6715277777777777	0.04130808950086059	2024-03-25 00:00:00+00:00	[0.50,0.75)
ADA/USDT	2024-03-25 04:30:00+00:00	A	0.22569444444444445	0.05086829568157372	2024-03-25 04:00:00+00:00	[0.10,0.25)
AVAX/USDT	2024-03-25 09:45:00+00:00	A	0.3371527777777778	0.05609756097560974	2024-03-25 08:00:00+00:00	[0.25,0.50)
BTC/USDT	2024-03-25 13:45:00+00:00	A	0.45416666666666666	0.057125941397976124	2024-03-25 12:00:00+00:00	[0.25,0.50)
XRP/USDT	2024-03-25 19:30:00+00:00	B	0.5638888888888889	0.050860362418151346	2024-03-25 16:00:00+00:00	[0.50,0.75)
LTC/USDT	2024-03-26 18:00:00+00:00	B	0.8065972222222222	0.10152838427947596	2024-03-26 16:00:00+00:00	[0.75,1.00]
LTC/USDT	2024-03-27 01:30:00+00:00	A	0.28368055555555555	0.06032171581769446	2024-03-27 00:00:00+00:00	[0.25,0.50)
SOL/USDT	2024-03-27 13:00:00+00:00	A	0.37083333333333335	0.05888847994111146	2024-03-27 12:00:00+00:00	[0.25,0.50)
DOGE/USDT	2024-03-28 12:00:00+00:00	B	0.9399305555555556	0.09352191849131877	2024-03-28 12:00:00+00:00	[0.75,1.00]
XRP/USDT	2024-03-28 16:45:00+00:00	A	0.2743055555555556	0.05837563451776641	2024-03-28 16:00:00+00:00	[0.25,0.50)
BNB/USDT	2024-03-29 04:15:00+00:00	A	0.6465277777777778	0.030227948463825496	2024-03-29 04:00:00+00:00	[0.50,0.75)
LTC/USDT	2024-03-29 08:45:00+00:00	B	0.4732638888888889	0.15603799185888742	2024-03-29 08:00:00+00:00	[0.25,0.50)
ADA/USDT	2024-03-29 12:00:00+00:00	B	0.6961805555555556	0.04085041761579353	2024-03-29 12:00:00+00:00	[0.50,0.75)
SOL/USDT	2024-03-30 00:45:00+00:00	B	0.5378472222222223	0.044103251069091666	2024-03-30 00:00:00+00:00	[0.50,0.75)
XRP/USDT	2024-03-30 14:30:00+00:00	A	0.1482638888888889	0.03070591959480844	2024-03-30 12:00:00+00:00	[0.10,0.25)
BTC/USDT	2024-03-31 01:00:00+00:00	A	0.08368055555555555	0.022883420441782865	2024-03-31 00:00:00+00:00	[0.05,0.10)
LINK/USDT	2024-03-31 04:30:00+00:00	A	0.08993055555555556	0.019932168014610042	2024-03-31 04:00:00+00:00	[0.05,0.10)
AVAX/USDT	2024-03-31 18:30:00+00:00	A	0.021875	0.07477678571428578	2024-03-31 16:00:00+00:00	[0.00,0.05)
SOL/USDT	2024-03-31 23:15:00+00:00	A	0.18194444444444444	0.08704473475851149	2024-03-31 20:00:00+00:00	[0.10,0.25)
XRP/USDT	2024-04-01 00:00:00+00:00	A	0.04131944444444444	0.060240963855421735	2024-04-01 00:00:00+00:00	[0.00,0.05)
LINK/USDT	2024-04-02 06:45:00+00:00	B	0.8475694444444445	0.05653170359052719	2024-04-02 04:00:00+00:00	[0.75,1.00]
SOL/USDT	2024-04-03 06:15:00+00:00	B	0.6475694444444444	0.06189605641159569	2024-04-03 04:00:00+00:00	[0.50,0.75)
LTC/USDT	2024-04-04 02:00:00+00:00	B	0.7642361111111111	0.07985355234514144	2024-04-04 00:00:00+00:00	[0.75,1.00]
LTC/USDT	2024-04-04 08:30:00+00:00	B	0.875	0.07515960533952405	2024-04-04 08:00:00+00:00	[0.75,1.00]
BTC/USDT	2024-04-04 14:00:00+00:00	B	0.7659722222222223	0.04967342793036393	2024-04-04 12:00:00+00:00	[0.75,1.00]
AVAX/USDT	2024-04-06 14:30:00+00:00	A	0.13506944444444444	0.042045214451721845	2024-04-06 12:00:00+00:00	[0.10,0.25)
ETH/USDT	2024-04-06 20:45:00+00:00	A	0.11666666666666667	0.022583744582370304	2024-04-06 20:00:00+00:00	[0.10,0.25)
DOGE/USDT	2024-04-07 00:30:00+00:00	B	0.5090277777777777	0.07844881724931968	2024-04-07 00:00:00+00:00	[0.50,0.75)
XRP/USDT	2024-04-07 13:30:00+00:00	A	0.05590277777777778	0.03967989329776599	2024-04-07 12:00:00+00:00	[0.05,0.10)
LINK/USDT	2024-04-07 18:45:00+00:00	A	0.11527777777777778	0.06341381435213703	2024-04-07 16:00:00+00:00	[0.10,0.25)
ETH/USDT	2024-04-07 23:30:00+00:00	B	0.6375	0.0939494089601696	2024-04-07 20:00:00+00:00	[0.50,0.75)
XRP/USDT	2024-04-08 06:15:00+00:00	A	0.10590277777777778	0.05415405314497123	2024-04-08 04:00:00+00:00	[0.10,0.25)
BTC/USDT	2024-04-08 08:45:00+00:00	B	0.9475694444444445	0.04476128279235222	2024-04-08 08:00:00+00:00	[0.75,1.00]
XRP/USDT	2024-04-08 16:00:00+00:00	B	0.6715277777777777	0.06739585008846719	2024-04-08 16:00:00+00:00	[0.50,0.75)
XRP/USDT	2024-04-09 11:45:00+00:00	B	0.7177083333333333	0.06760653636654922	2024-04-09 08:00:00+00:00	[0.50,0.75)
BNB/USDT	2024-04-10 16:00:00+00:00	B	0.7569444444444444	0.044206296048225006	2024-04-10 16:00:00+00:00	[0.75,1.00]
LTC/USDT	2024-04-11 17:15:00+00:00	B	0.5076388888888889	0.15394114015229463	2024-04-11 16:00:00+00:00	[0.50,0.75)
BTC/USDT	2024-04-12 03:15:00+00:00	B	0.5048611111111111	0.08659221028287793	2024-04-12 00:00:00+00:00	[0.50,0.75)
BNB/USDT	2024-04-12 04:30:00+00:00	B	0.5961805555555556	0.11208010335917308	2024-04-12 04:00:00+00:00	[0.50,0.75)
ETH/USDT	2024-04-14 22:00:00+00:00	B	0.7506944444444444	0.08103739061256957	2024-04-14 20:00:00+00:00	[0.75,1.00]
DOGE/USDT	2024-04-15 19:00:00+00:00	B	0.8041666666666667	0.11674808969059262	2024-04-15 16:00:00+00:00	[0.75,1.00]
SOL/USDT	2024-04-18 14:00:00+00:00	B	0.8847222222222222	0.13316473988439312	2024-04-18 12:00:00+00:00	[0.75,1.00]
BNB/USDT	2024-04-19 06:45:00+00:00	B	0.9340277777777778	0.027772800573373946	2024-04-19 04:00:00+00:00	[0.75,1.00]
ETH/USDT	2024-04-21 02:15:00+00:00	A	0.26805555555555555	0.0253892238178546	2024-04-21 00:00:00+00:00	[0.25,0.50)
BNB/USDT	2024-04-22 03:00:00+00:00	A	0.4236111111111111	0.03343516632722324	2024-04-22 00:00:00+00:00	[0.25,0.50)
SOL/USDT	2024-04-22 06:00:00+00:00	B	0.8416666666666667	0.05029413666041762	2024-04-22 04:00:00+00:00	[0.75,1.00]
XRP/USDT	2024-04-22 15:30:00+00:00	A	0.29097222222222224	0.06305637982195851	2024-04-22 12:00:00+00:00	[0.25,0.50)
LTC/USDT	2024-04-22 17:15:00+00:00	A	0.09965277777777778	0.029329282542650045	2024-04-22 16:00:00+00:00	[0.05,0.10)
BNB/USDT	2024-04-23 10:15:00+00:00	B	0.465625	0.028702640642939148	2024-04-23 08:00:00+00:00	[0.25,0.50)
AVAX/USDT	2024-04-23 13:45:00+00:00	A	0.26666666666666666	0.04725019364833477	2024-04-23 12:00:00+00:00	[0.25,0.50)
LTC/USDT	2024-04-23 19:45:00+00:00	A	0.1579861111111111	0.04882017900732306	2024-04-23 16:00:00+00:00	[0.10,0.25)
AVAX/USDT	2024-04-24 04:45:00+00:00	B	0.5805555555555556	0.11021437578814622	2024-04-24 04:00:00+00:00	[0.50,0.75)
LTC/USDT	2024-04-26 12:00:00+00:00	A	0.3909722222222222	0.04296740006911651	2024-04-26 12:00:00+00:00	[0.25,0.50)
BNB/USDT	2024-04-28 02:45:00+00:00	B	0.36666666666666664	0.02493765586034913	2024-04-28 00:00:00+00:00	[0.25,0.50)
BNB/USDT	2024-04-28 14:30:00+00:00	A	0.16215277777777778	0.04388714733542323	2024-04-28 12:00:00+00:00	[0.10,0.25)
LINK/USDT	2024-04-29 04:15:00+00:00	B	0.39375	0.035141492622425004	2024-04-29 04:00:00+00:00	[0.25,0.50)
AVAX/USDT	2024-04-29 13:00:00+00:00	B	0.35104166666666664	0.09946555819477439	2024-04-29 12:00:00+00:00	[0.25,0.50)
BTC/USDT	2024-04-30 00:45:00+00:00	B	0.8923611111111112	0.08396407556519049	2024-04-30 00:00:00+00:00	[0.75,1.00]
DOGE/USDT	2024-05-01 18:00:00+00:00	B	0.8767361111111112	0.08038684719535781	2024-05-01 16:00:00+00:00	[0.75,1.00]
ADA/USDT	2024-05-02 12:30:00+00:00	B	0.6986111111111111	0.036697247706422104	2024-05-02 12:00:00+00:00	[0.50,0.75)
SOL/USDT	2024-05-03 12:30:00+00:00	A	0.5805555555555556	0.05917285259809103	2024-05-03 12:00:00+00:00	[0.50,0.75)
DOGE/USDT	2024-05-04 12:45:00+00:00	B	0.9763888888888889	0.09370832828221604	2024-05-04 12:00:00+00:00	[0.75,1.00]
BTC/USDT	2024-05-05 13:15:00+00:00	A	0.06145833333333333	0.033689855949279736	2024-05-05 12:00:00+00:00	[0.05,0.10)
XRP/USDT	2024-05-06 00:30:00+00:00	A	0.06284722222222222	0.08579492003762931	2024-05-06 00:00:00+00:00	[0.05,0.10)
LTC/USDT	2024-05-06 07:15:00+00:00	B	0.8295138888888889	0.05119290252967266	2024-05-06 04:00:00+00:00	[0.75,1.00]
DOGE/USDT	2024-05-06 08:15:00+00:00	B	0.6159722222222223	0.09465976067154847	2024-05-06 08:00:00+00:00	[0.50,0.75)
XRP/USDT	2024-05-06 15:45:00+00:00	B	0.9309027777777777	0.06971755452270295	2024-05-06 12:00:00+00:00	[0.75,1.00]
ADA/USDT	2024-05-07 08:15:00+00:00	A	0.1753472222222222	0.04490424829407875	2024-05-07 08:00:00+00:00	[0.10,0.25)
ADA/USDT	2024-05-08 13:45:00+00:00	A	0.25243055555555555	0.05800359712230214	2024-05-08 12:00:00+00:00	[0.25,0.50)
BNB/USDT	2024-05-09 02:15:00+00:00	A	0.3940972222222222	0.028067226890756188	2024-05-09 00:00:00+00:00	[0.25,0.50)
AVAX/USDT	2024-05-09 04:30:00+00:00	A	0.10590277777777778	0.05821025195482204	2024-05-09 04:00:00+00:00	[0.10,0.25)
BTC/USDT	2024-05-09 15:00:00+00:00	B	0.5888888888888889	0.04491046364854669	2024-05-09 12:00:00+00:00	[0.50,0.75)
BNB/USDT	2024-05-12 15:45:00+00:00	A	0.021875	0.02502519314746385	2024-05-12 12:00:00+00:00	[0.00,0.05)
ADA/USDT	2024-05-13 06:45:00+00:00	B	0.7135416666666666	0.05753923129406411	2024-05-13 04:00:00+00:00	[0.50,0.75)
LINK/USDT	2024-05-13 08:00:00+00:00	B	0.8302083333333333	0.04265646833860411	2024-05-13 08:00:00+00:00	[0.75,1.00]
LTC/USDT	2024-05-14 07:15:00+00:00	B	0.44513888888888886	0.03547151155604999	2024-05-14 04:00:00+00:00	[0.25,0.50)
AVAX/USDT	2024-05-14 08:15:00+00:00	B	0.6940972222222223	0.05659806295399508	2024-05-14 08:00:00+00:00	[0.50,0.75)
DOGE/USDT	2024-05-15 12:30:00+00:00	B	0.4270833333333333	0.06422561135945307	2024-05-15 12:00:00+00:00	[0.25,0.50)
LINK/USDT	2024-05-16 18:30:00+00:00	B	0.8222222222222222	0.1941238938053098	2024-05-16 16:00:00+00:00	[0.75,1.00]
ADA/USDT	2024-05-17 04:30:00+00:00	B	0.4777777777777778	0.05977209202322091	2024-05-17 04:00:00+00:00	[0.25,0.50)
LTC/USDT	2024-05-17 15:15:00+00:00	A	0.2878472222222222	0.024591142413751967	2024-05-17 12:00:00+00:00	[0.25,0.50)
XRP/USDT	2024-05-17 16:00:00+00:00	B	0.6270833333333333	0.019292604501607902	2024-05-17 16:00:00+00:00	[0.50,0.75)
BTC/USDT	2024-05-19 02:45:00+00:00	A	0.044097222222222225	0.027417138199784235	2024-05-19 00:00:00+00:00	[0.00,0.05)
LINK/USDT	2024-05-19 05:15:00+00:00	A	0.428125	0.055141758769822156	2024-05-19 04:00:00+00:00	[0.25,0.50)
BTC/USDT	2024-05-19 10:30:00+00:00	A	0.2642361111111111	0.02583270898133133	2024-05-19 08:00:00+00:00	[0.25,0.50)
BNB/USDT	2024-05-20 04:30:00+00:00	B	0.5881944444444445	0.07381855812349099	2024-05-20 04:00:00+00:00	[0.50,0.75)
LTC/USDT	2024-05-20 16:00:00+00:00	A	0.26006944444444446	0.06978408684241912	2024-05-20 16:00:00+00:00	[0.25,0.50)
DOGE/USDT	2024-05-21 13:30:00+00:00	B	0.9076388888888889	0.07493886106905784	2024-05-21 12:00:00+00:00	[0.75,1.00]
SOL/USDT	2024-05-22 05:45:00+00:00	A	0.5243055555555556	0.05168044077134984	2024-05-22 04:00:00+00:00	[0.50,0.75)
LTC/USDT	2024-05-23 00:30:00+00:00	A	0.33402777777777776	0.08572088724584105	2024-05-23 00:00:00+00:00	[0.25,0.50)
AVAX/USDT	2024-05-23 09:45:00+00:00	A	0.19722222222222222	0.1021425012456403	2024-05-23 08:00:00+00:00	[0.10,0.25)
XRP/USDT	2024-05-23 13:30:00+00:00	B	0.6045138888888889	0.08670302802332128	2024-05-23 12:00:00+00:00	[0.50,0.75)
LINK/USDT	2024-05-24 03:45:00+00:00	B	0.9753472222222223	0.06186038534103237	2024-05-24 00:00:00+00:00	[0.75,1.00]
DOGE/USDT	2024-05-24 05:45:00+00:00	B	0.8670138888888889	0.10961861357639717	2024-05-24 04:00:00+00:00	[0.75,1.00]
DOGE/USDT	2024-05-24 15:00:00+00:00	B	0.8958333333333334	0.04659117716442568	2024-05-24 12:00:00+00:00	[0.75,1.00]
DOGE/USDT	2024-05-25 23:30:00+00:00	A	0.353125	0.05495714616631919	2024-05-25 20:00:00+00:00	[0.25,0.50)
LINK/USDT	2024-05-26 02:30:00+00:00	A	0.29270833333333335	0.058255186132423906	2024-05-26 00:00:00+00:00	[0.25,0.50)
BNB/USDT	2024-05-26 14:45:00+00:00	A	0.1361111111111111	0.014072847682119206	2024-05-26 12:00:00+00:00	[0.10,0.25)
DOGE/USDT	2024-05-27 09:45:00+00:00	A	0.25069444444444444	0.0624925319631975	2024-05-27 08:00:00+00:00	[0.25,0.50)
XRP/USDT	2024-05-27 13:00:00+00:00	B	0.46493055555555557	0.037099494097807835	2024-05-27 12:00:00+00:00	[0.25,0.50)
SOL/USDT	2024-05-28 13:15:00+00:00	B	0.7489583333333333	0.04590448625180901	2024-05-28 12:00:00+00:00	[0.50,0.75)
DOGE/USDT	2024-05-29 03:30:00+00:00	B	0.5420138888888889	0.05187064794051689	2024-05-29 00:00:00+00:00	[0.50,0.75)
LTC/USDT	2024-05-30 13:00:00+00:00	B	0.8385416666666666	0.0245862884160758	2024-05-30 12:00:00+00:00	[0.75,1.00]
BNB/USDT	2024-05-30 18:15:00+00:00	B	0.39895833333333336	0.018157587872730266	2024-05-30 16:00:00+00:00	[0.25,0.50)
ETH/USDT	2024-05-31 10:00:00+00:00	A	0.3645833333333333	0.03340631063977362	2024-05-31 08:00:00+00:00	[0.25,0.50)
BNB/USDT	2024-06-01 15:00:00+00:00	A	0.059027777777777776	0.021084337349397627	2024-06-01 12:00:00+00:00	[0.05,0.10)
BNB/USDT	2024-06-01 20:15:00+00:00	A	0.10625	0.020687354020687318	2024-06-01 20:00:00+00:00	[0.10,0.25)
SOL/USDT	2024-06-02 11:45:00+00:00	A	0.17465277777777777	0.03330322192110811	2024-06-02 08:00:00+00:00	[0.10,0.25)
BNB/USDT	2024-06-03 01:00:00+00:00	B	0.7024305555555556	0.05456936226166984	2024-06-03 00:00:00+00:00	[0.50,0.75)
BNB/USDT	2024-06-03 06:00:00+00:00	B	0.8267361111111111	0.03666450356911082	2024-06-03 04:00:00+00:00	[0.75,1.00]
BTC/USDT	2024-06-03 13:30:00+00:00	B	0.8041666666666667	0.025547240319374793	2024-06-03 12:00:00+00:00	[0.75,1.00]
XRP/USDT	2024-06-04 08:15:00+00:00	A	0.31180555555555556	0.027538726333906995	2024-06-04 08:00:00+00:00	[0.25,0.50)
BTC/USDT	2024-06-04 15:45:00+00:00	B	0.9229166666666667	0.023264248704663294	2024-06-04 12:00:00+00:00	[0.75,1.00]
BNB/USDT	2024-06-05 01:15:00+00:00	B	0.9958333333333333	0.03778620592779898	2024-06-05 00:00:00+00:00	[0.75,1.00]
DOGE/USDT	2024-06-05 06:30:00+00:00	A	0.1361111111111111	0.02168087697929359	2024-06-05 04:00:00+00:00	[0.10,0.25)
BTC/USDT	2024-06-05 15:15:00+00:00	B	0.6006944444444444	0.014788191307758334	2024-06-05 12:00:00+00:00	[0.50,0.75)
ETH/USDT	2024-06-05 17:45:00+00:00	B	0.5347222222222222	0.01827682358178874	2024-06-05 16:00:00+00:00	[0.50,0.75)
DOGE/USDT	2024-06-06 11:00:00+00:00	A	0.029513888888888888	0.04594876835186429	2024-06-06 08:00:00+00:00	[0.00,0.05)
ADA/USDT	2024-06-07 10:00:00+00:00	B	0.8229166666666666	0.13763029142735583	2024-06-07 08:00:00+00:00	[0.75,1.00]
BTC/USDT	2024-06-09 12:30:00+00:00	A	0.043402777777777776	0.00985006641261841	2024-06-09 12:00:00+00:00	[0.00,0.05)
BTC/USDT	2024-06-09 18:00:00+00:00	A	0.253125	0.01467163360431162	2024-06-09 16:00:00+00:00	[0.25,0.50)
ETH/USDT	2024-06-09 21:45:00+00:00	A	0.04895833333333333	0.02025993883792055	2024-06-09 20:00:00+00:00	[0.00,0.05)
XRP/USDT	2024-06-10 01:30:00+00:00	A	0.1798611111111111	0.025364489714399818	2024-06-10 00:00:00+00:00	[0.10,0.25)
ADA/USDT	2024-06-10 09:45:00+00:00	B	0.8663194444444444	0.05854853072128226	2024-06-10 08:00:00+00:00	[0.75,1.00]
SOL/USDT	2024-06-10 15:00:00+00:00	B	0.5069444444444444	0.07849234979475062	2024-06-10 12:00:00+00:00	[0.50,0.75)
LTC/USDT	2024-06-11 07:45:00+00:00	B	0.7572916666666667	0.05467955239064086	2024-06-11 04:00:00+00:00	[0.75,1.00]
BTC/USDT	2024-06-12 12:30:00+00:00	B	0.9288194444444444	0.04363451030489364	2024-06-12 12:00:00+00:00	[0.75,1.00]
AVAX/USDT	2024-06-14 08:00:00+00:00	B	0.8236111111111111	0.08895131086142327	2024-06-14 08:00:00+00:00	[0.75,1.00]
ETH/USDT	2024-06-14 21:15:00+00:00	B	0.8663194444444444	0.03773763848773547	2024-06-14 20:00:00+00:00	[0.75,1.00]
XRP/USDT	2024-06-15 19:15:00+00:00	B	0.9	0.03523253472921273	2024-06-15 16:00:00+00:00	[0.75,1.00]
AVAX/USDT	2024-06-16 00:00:00+00:00	A	0.06597222222222222	0.027152317880794714	2024-06-16 00:00:00+00:00	[0.05,0.10)
BTC/USDT	2024-06-16 09:15:00+00:00	A	0.10208333333333333	0.015952968546427457	2024-06-16 08:00:00+00:00	[0.10,0.25)
BTC/USDT	2024-06-16 22:00:00+00:00	A	0.115625	0.03249980781625163	2024-06-16 20:00:00+00:00	[0.10,0.25)
XRP/USDT	2024-06-17 07:45:00+00:00	B	0.9048611111111111	0.10470470470470473	2024-06-17 04:00:00+00:00	[0.75,1.00]
XRP/USDT	2024-06-17 14:15:00+00:00	B	0.9756944444444444	0.10110187512081967	2024-06-17 12:00:00+00:00	[0.75,1.00]
BTC/USDT	2024-06-17 17:30:00+00:00	B	0.8451388888888889	0.045700158612884144	2024-06-17 16:00:00+00:00	[0.75,1.00]
LTC/USDT	2024-06-19 17:15:00+00:00	A	0.3625	0.02837165523732687	2024-06-19 16:00:00+00:00	[0.25,0.50)
ETH/USDT	2024-06-20 05:00:00+00:00	B	0.509375	0.03910141615517642	2024-06-20 04:00:00+00:00	[0.50,0.75)
LTC/USDT	2024-06-20 10:45:00+00:00	B	0.4621527777777778	0.03866220735785954	2024-06-20 08:00:00+00:00	[0.25,0.50)
LINK/USDT	2024-06-21 07:15:00+00:00	A	0.315625	0.05965593784683693	2024-06-21 04:00:00+00:00	[0.25,0.50)
LTC/USDT	2024-06-23 15:00:00+00:00	B	0.4545138888888889	0.08713082988106369	2024-06-23 12:00:00+00:00	[0.25,0.50)
AVAX/USDT	2024-06-23 18:30:00+00:00	B	0.8579861111111111	0.1033239887865438	2024-06-23 16:00:00+00:00	[0.75,1.00]
ETH/USDT	2024-06-25 14:15:00+00:00	A	0.4423611111111111	0.01894416595453524	2024-06-25 12:00:00+00:00	[0.25,0.50)
BNB/USDT	2024-06-26 01:30:00+00:00	A	0.31875	0.029709771595397682	2024-06-26 00:00:00+00:00	[0.25,0.50)
ADA/USDT	2024-06-26 12:00:00+00:00	B	0.46284722222222224	0.04248282879674381	2024-06-26 12:00:00+00:00	[0.25,0.50)
ETH/USDT	2024-06-26 19:30:00+00:00	B	0.6336805555555556	0.03405464816697007	2024-06-26 16:00:00+00:00	[0.50,0.75)
ETH/USDT	2024-06-27 12:00:00+00:00	B	0.7885416666666667	0.020176963323346675	2024-06-27 12:00:00+00:00	[0.75,1.00]
LINK/USDT	2024-06-27 17:30:00+00:00	B	0.7722222222222223	0.03608855576375873	2024-06-27 16:00:00+00:00	[0.75,1.00]
XRP/USDT	2024-06-28 07:45:00+00:00	A	0.17395833333333333	0.02490581833403102	2024-06-28 04:00:00+00:00	[0.10,0.25)
LTC/USDT	2024-06-28 08:30:00+00:00	B	0.8121527777777777	0.029878869448183028	2024-06-28 08:00:00+00:00	[0.75,1.00]
ETH/USDT	2024-06-28 12:15:00+00:00	B	0.5604166666666667	0.032163160763885944	2024-06-28 12:00:00+00:00	[0.50,0.75)
LTC/USDT	2024-06-29 13:30:00+00:00	A	0.33368055555555554	0.03554249064671313	2024-06-29 12:00:00+00:00	[0.25,0.50)
LTC/USDT	2024-06-29 20:00:00+00:00	B	0.7701388888888889	0.03674436981430273	2024-06-29 20:00:00+00:00	[0.75,1.00]
AVAX/USDT	2024-06-30 07:00:00+00:00	B	0.8763888888888889	0.07351916376306618	2024-06-30 04:00:00+00:00	[0.75,1.00]
ETH/USDT	2024-06-30 17:15:00+00:00	A	0.2482638888888889	0.03417886607757796	2024-06-30 16:00:00+00:00	[0.10,0.25)
ADA/USDT	2024-06-30 20:15:00+00:00	A	0.3506944444444444	0.060668380462724956	2024-06-30 20:00:00+00:00	[0.25,0.50)
DOGE/USDT	2024-07-01 01:00:00+00:00	B	0.8246527777777778	0.03552257657088731	2024-07-01 00:00:00+00:00	[0.75,1.00]
XRP/USDT	2024-07-01 07:15:00+00:00	A	0.1326388888888889	0.019795790789747882	2024-07-01 04:00:00+00:00	[0.10,0.25)
ADA/USDT	2024-07-01 09:30:00+00:00	B	0.459375	0.03311752988047803	2024-07-01 08:00:00+00:00	[0.25,0.50)
LINK/USDT	2024-07-02 05:00:00+00:00	B	0.7822916666666667	0.045071002263840296	2024-07-02 04:00:00+00:00	[0.75,1.00]
SOL/USDT	2024-07-02 12:30:00+00:00	B	0.7125	0.0912343470483006	2024-07-02 12:00:00+00:00	[0.50,0.75)
SOL/USDT	2024-07-02 18:00:00+00:00	B	0.7201388888888889	0.09300171980420692	2024-07-02 16:00:00+00:00	[0.50,0.75)
DOGE/USDT	2024-07-06 16:30:00+00:00	B	0.8180555555555555	0.08223359367986355	2024-07-06 16:00:00+00:00	[0.75,1.00]
BNB/USDT	2024-07-08 04:30:00+00:00	B	0.9666666666666667	0.06673346693386788	2024-07-08 04:00:00+00:00	[0.75,1.00]
LINK/USDT	2024-07-08 08:15:00+00:00	B	0.9524305555555556	0.066941769830353	2024-07-08 08:00:00+00:00	[0.75,1.00]
DOGE/USDT	2024-07-10 04:00:00+00:00	B	0.6086805555555556	0.03857812069440626	2024-07-10 04:00:00+00:00	[0.50,0.75)
ETH/USDT	2024-07-10 16:00:00+00:00	B	0.6322916666666667	0.051590779196037204	2024-07-10 16:00:00+00:00	[0.50,0.75)
XRP/USDT	2024-07-11 11:15:00+00:00	A	0.5746527777777778	0.08728400531679217	2024-07-11 08:00:00+00:00	[0.50,0.75)
SOL/USDT	2024-07-11 12:30:00+00:00	A	0.28229166666666666	0.07507278524885633	2024-07-11 12:00:00+00:00	[0.25,0.50)
XRP/USDT	2024-07-12 07:45:00+00:00	B	0.8861111111111111	0.12427058569267344	2024-07-12 04:00:00+00:00	[0.75,1.00]
AVAX/USDT	2024-07-12 22:15:00+00:00	B	0.5607638888888888	0.031225905936777126	2024-07-12 20:00:00+00:00	[0.50,0.75)
XRP/USDT	2024-07-13 05:00:00+00:00	B	0.990625	0.1260869565217393	2024-07-13 04:00:00+00:00	[0.75,1.00]
AVAX/USDT	2024-07-13 08:00:00+00:00	A	0.34375	0.031022596706242772	2024-07-13 08:00:00+00:00	[0.25,0.50)
ADA/USDT	2024-07-13 15:15:00+00:00	B	0.6458333333333334	0.050479083898107055	2024-07-13 12:00:00+00:00	[0.50,0.75)
ADA/USDT	2024-07-13 19:45:00+00:00	B	0.8826388888888889	0.04626094767572425	2024-07-13 16:00:00+00:00	[0.75,1.00]
ETH/USDT	2024-07-13 22:30:00+00:00	A	0.209375	0.032111537709858175	2024-07-13 20:00:00+00:00	[0.10,0.25)
DOGE/USDT	2024-07-14 23:00:00+00:00	B	0.8607638888888889	0.08813383925491543	2024-07-14 20:00:00+00:00	[0.75,1.00]
BNB/USDT	2024-07-15 02:15:00+00:00	B	0.665625	0.06692056583242652	2024-07-15 00:00:00+00:00	[0.50,0.75)
ADA/USDT	2024-07-15 06:45:00+00:00	B	0.45625	0.05417044424297366	2024-07-15 04:00:00+00:00	[0.25,0.50)
DOGE/USDT	2024-07-15 15:15:00+00:00	B	0.5333333333333333	0.08116063919259887	2024-07-15 12:00:00+00:00	[0.50,0.75)
LINK/USDT	2024-07-15 19:30:00+00:00	B	0.4704861111111111	0.057207589917870276	2024-07-15 16:00:00+00:00	[0.25,0.50)
BTC/USDT	2024-07-15 22:00:00+00:00	B	0.6246527777777777	0.04407471415269267	2024-07-15 20:00:00+00:00	[0.50,0.75)
DOGE/USDT	2024-07-16 00:00:00+00:00	B	0.9177083333333333	0.06384318664882305	2024-07-16 00:00:00+00:00	[0.75,1.00]
ADA/USDT	2024-07-16 13:30:00+00:00	A	0.15486111111111112	0.044107512060647815	2024-07-16 12:00:00+00:00	[0.10,0.25)
AVAX/USDT	2024-07-16 16:15:00+00:00	B	0.96875	0.05808695652173919	2024-07-16 16:00:00+00:00	[0.75,1.00]
ADA/USDT	2024-07-17 13:45:00+00:00	A	0.4930555555555556	0.04818481848184825	2024-07-17 12:00:00+00:00	[0.25,0.50)
SOL/USDT	2024-07-19 06:00:00+00:00	B	0.8916666666666667	0.08037767824718557	2024-07-19 04:00:00+00:00	[0.75,1.00]
BTC/USDT	2024-07-19 13:30:00+00:00	B	0.5913194444444444	0.04264144900471052	2024-07-19 12:00:00+00:00	[0.50,0.75)
XRP/USDT	2024-07-19 16:30:00+00:00	B	0.9315972222222222	0.06201416479530151	2024-07-19 16:00:00+00:00	[0.75,1.00]
AVAX/USDT	2024-07-20 17:30:00+00:00	B	0.6559027777777777	0.10700592540955037	2024-07-20 16:00:00+00:00	[0.50,0.75)
LINK/USDT	2024-07-21 09:30:00+00:00	B	0.65	0.08494586098498075	2024-07-21 08:00:00+00:00	[0.50,0.75)
AVAX/USDT	2024-07-21 14:15:00+00:00	A	0.4534722222222222	0.1108877721943048	2024-07-21 12:00:00+00:00	[0.25,0.50)
BTC/USDT	2024-07-21 16:45:00+00:00	B	0.5072916666666667	0.03993175829706609	2024-07-21 16:00:00+00:00	[0.50,0.75)
XRP/USDT	2024-07-22 07:30:00+00:00	B	0.7291666666666666	0.05232654412982275	2024-07-22 04:00:00+00:00	[0.50,0.75)
ETH/USDT	2024-07-23 08:15:00+00:00	B	0.6875	0.043542653179902774	2024-07-23 08:00:00+00:00	[0.50,0.75)
BTC/USDT	2024-07-23 14:30:00+00:00	B	0.6809027777777777	0.02820244998032354	2024-07-23 12:00:00+00:00	[0.50,0.75)
BNB/USDT	2024-07-24 01:00:00+00:00	A	0.11875	0.04568006843455953	2024-07-24 00:00:00+00:00	[0.10,0.25)
ADA/USDT	2024-07-24 07:15:00+00:00	A	0.346875	0.07497589199614275	2024-07-24 04:00:00+00:00	[0.25,0.50)
XRP/USDT	2024-07-24 08:45:00+00:00	B	0.6538194444444444	0.06269337241491628	2024-07-24 08:00:00+00:00	[0.50,0.75)
AVAX/USDT	2024-07-26 02:15:00+00:00	A	0.24895833333333334	0.05057803468208087	2024-07-26 00:00:00+00:00	[0.10,0.25)
AVAX/USDT	2024-07-26 15:45:00+00:00	B	0.6260416666666667	0.04235211760588033	2024-07-26 12:00:00+00:00	[0.50,0.75)
AVAX/USDT	2024-07-26 23:00:00+00:00	A	0.234375	0.06696738376127688	2024-07-26 20:00:00+00:00	[0.10,0.25)
BNB/USDT	2024-07-27 03:45:00+00:00	B	0.33541666666666664	0.03463648834019192	2024-07-27 00:00:00+00:00	[0.25,0.50)
DOGE/USDT	2024-07-27 09:00:00+00:00	A	0.12430555555555556	0.0790096082779008	2024-07-27 08:00:00+00:00	[0.10,0.25)
ETH/USDT	2024-07-27 12:00:00+00:00	A	0.1326388888888889	0.04146314067048974	2024-07-27 12:00:00+00:00	[0.10,0.25)
SOL/USDT	2024-07-27 21:00:00+00:00	B	0.6881944444444444	0.03040413280955715	2024-07-27 20:00:00+00:00	[0.50,0.75)
XRP/USDT	2024-07-28 08:30:00+00:00	B	0.37083333333333335	0.032067094227922976	2024-07-28 08:00:00+00:00	[0.25,0.50)
LINK/USDT	2024-07-29 00:00:00+00:00	B	0.3770833333333333	0.04014869888475844	2024-07-29 00:00:00+00:00	[0.25,0.50)
XRP/USDT	2024-07-29 07:15:00+00:00	A	0.10416666666666667	0.03324054363844784	2024-07-29 04:00:00+00:00	[0.10,0.25)
BTC/USDT	2024-07-29 13:00:00+00:00	A	0.25069444444444444	0.05895095289753086	2024-07-29 12:00:00+00:00	[0.25,0.50)
XRP/USDT	2024-07-30 09:30:00+00:00	A	0.06631944444444444	0.0935788949726232	2024-07-30 08:00:00+00:00	[0.05,0.10)
ETH/USDT	2024-07-31 06:00:00+00:00	B	0.5069444444444444	0.06438452817445008	2024-07-31 04:00:00+00:00	[0.50,0.75)
SOL/USDT	2024-08-07 02:15:00+00:00	B	0.9065972222222223	0.0903774587985114	2024-08-07 00:00:00+00:00	[0.75,1.00]
XRP/USDT	2024-08-07 19:45:00+00:00	A	0.8982638888888889	0.24311152764761	2024-08-07 16:00:00+00:00	[0.75,1.00]
BTC/USDT	2024-08-08 01:30:00+00:00	B	0.9121527777777778	0.1076394495640016	2024-08-08 00:00:00+00:00	[0.75,1.00]
SOL/USDT	2024-08-08 12:30:00+00:00	A	0.3267361111111111	0.06980156957825559	2024-08-08 12:00:00+00:00	[0.25,0.50)
BNB/USDT	2024-08-10 18:30:00+00:00	B	0.7027777777777777	0.036218070911170415	2024-08-10 16:00:00+00:00	[0.50,0.75)
DOGE/USDT	2024-08-11 03:15:00+00:00	B	0.9236111111111112	0.09896963123644252	2024-08-11 00:00:00+00:00	[0.75,1.00]
SOL/USDT	2024-08-11 09:15:00+00:00	A	0.28368055555555555	0.10532672260361062	2024-08-11 08:00:00+00:00	[0.25,0.50)
ADA/USDT	2024-08-12 07:30:00+00:00	A	0.165625	0.04609398383717457	2024-08-12 04:00:00+00:00	[0.10,0.25)
ETH/USDT	2024-08-12 10:15:00+00:00	B	0.8368055555555556	0.05996952380952384	2024-08-12 08:00:00+00:00	[0.75,1.00]
ETH/USDT	2024-08-12 23:15:00+00:00	B	0.8208333333333333	0.04741577075403493	2024-08-12 20:00:00+00:00	[0.75,1.00]
SOL/USDT	2024-08-13 16:30:00+00:00	A	0.19409722222222223	0.05806887238352461	2024-08-13 16:00:00+00:00	[0.10,0.25)
AVAX/USDT	2024-08-14 09:15:00+00:00	A	0.021875	0.06255835667600372	2024-08-14 08:00:00+00:00	[0.00,0.05)
DOGE/USDT	2024-08-14 12:15:00+00:00	A	0.10416666666666667	0.05227655986509264	2024-08-14 12:00:00+00:00	[0.10,0.25)
LTC/USDT	2024-08-14 17:45:00+00:00	B	0.6097222222222223	0.05123428039124355	2024-08-14 16:00:00+00:00	[0.50,0.75)
LTC/USDT	2024-08-15 11:15:00+00:00	B	0.7840277777777778	0.04809160305343509	2024-08-15 08:00:00+00:00	[0.75,1.00]
ADA/USDT	2024-08-16 07:15:00+00:00	B	0.7222222222222222	0.07472989195678265	2024-08-16 04:00:00+00:00	[0.50,0.75)
AVAX/USDT	2024-08-16 20:15:00+00:00	B	0.7097222222222223	0.02176015473887811	2024-08-16 20:00:00+00:00	[0.50,0.75)
LTC/USDT	2024-08-17 11:00:00+00:00	B	0.4305555555555556	0.015306880665775019	2024-08-17 08:00:00+00:00	[0.25,0.50)
BNB/USDT	2024-08-17 15:00:00+00:00	B	0.6413194444444444	0.025464684014869975	2024-08-17 12:00:00+00:00	[0.50,0.75)
SOL/USDT	2024-08-18 00:30:00+00:00	A	0.13194444444444445	0.04720609832855444	2024-08-18 00:00:00+00:00	[0.10,0.25)
LINK/USDT	2024-08-18 09:45:00+00:00	A	0.075	0.04621435594886929	2024-08-18 08:00:00+00:00	[0.05,0.10)
AVAX/USDT	2024-08-18 13:15:00+00:00	B	0.6704861111111111	0.04775280898876419	2024-08-18 12:00:00+00:00	[0.50,0.75)
XRP/USDT	2024-08-19 06:30:00+00:00	A	0.1076388888888889	0.07742048234882909	2024-08-19 04:00:00+00:00	[0.10,0.25)
BNB/USDT	2024-08-19 17:00:00+00:00	B	0.8065972222222222	0.04699453551912581	2024-08-19 16:00:00+00:00	[0.75,1.00]
BNB/USDT	2024-08-20 00:15:00+00:00	B	0.7555555555555555	0.029463655610444485	2024-08-20 00:00:00+00:00	[0.75,1.00]
BTC/USDT	2024-08-20 05:15:00+00:00	B	0.5388888888888889	0.044195674932931965	2024-08-20 04:00:00+00:00	[0.50,0.75)
AVAX/USDT	2024-08-20 17:45:00+00:00	B	0.6777777777777778	0.06442953020134233	2024-08-20 16:00:00+00:00	[0.50,0.75)
BTC/USDT	2024-08-21 13:45:00+00:00	A	0.3857638888888889	0.043840441863569564	2024-08-21 12:00:00+00:00	[0.25,0.50)
ADA/USDT	2024-08-21 16:45:00+00:00	B	0.7989583333333333	0.041288191577208956	2024-08-21 16:00:00+00:00	[0.75,1.00]
BNB/USDT	2024-08-22 11:45:00+00:00	B	0.6243055555555556	0.030173152751585847	2024-08-22 08:00:00+00:00	[0.50,0.75)
AVAX/USDT	2024-08-22 13:00:00+00:00	B	0.8451388888888889	0.10350448247758758	2024-08-22 12:00:00+00:00	[0.75,1.00]
LTC/USDT	2024-08-22 17:45:00+00:00	A	0.11944444444444445	0.031653543307086585	2024-08-22 16:00:00+00:00	[0.10,0.25)
ETH/USDT	2024-08-23 05:00:00+00:00	A	0.04791666666666667	0.06265966345393033	2024-08-23 04:00:00+00:00	[0.00,0.05)
DOGE/USDT	2024-08-23 12:45:00+00:00	B	0.4534722222222222	0.08194752402069465	2024-08-23 12:00:00+00:00	[0.25,0.50)
BNB/USDT	2024-08-23 21:45:00+00:00	B	0.6545138888888888	0.039778449144007945	2024-08-23 20:00:00+00:00	[0.50,0.75)
ETH/USDT	2024-08-24 16:15:00+00:00	A	0.5194444444444445	0.03157243087082122	2024-08-24 16:00:00+00:00	[0.50,0.75)
LINK/USDT	2024-08-26 06:15:00+00:00	B	0.6246527777777777	0.0724165988608624	2024-08-26 04:00:00+00:00	[0.50,0.75)
ETH/USDT	2024-08-28 09:45:00+00:00	B	0.8114583333333333	0.04061393152302236	2024-08-28 08:00:00+00:00	[0.75,1.00]
DOGE/USDT	2024-08-29 23:00:00+00:00	B	0.3375	0.05499204455051704	2024-08-29 20:00:00+00:00	[0.25,0.50)
DOGE/USDT	2024-08-30 09:45:00+00:00	B	0.5895833333333333	0.06049926578560944	2024-08-30 08:00:00+00:00	[0.50,0.75)
BNB/USDT	2024-08-30 12:30:00+00:00	B	0.5329861111111112	0.03944700460829489	2024-08-30 12:00:00+00:00	[0.50,0.75)
LTC/USDT	2024-08-30 19:45:00+00:00	B	0.9097222222222222	0.03823529411764715	2024-08-30 16:00:00+00:00	[0.75,1.00]
LTC/USDT	2024-08-31 06:30:00+00:00	A	0.2861111111111111	0.03918022905364669	2024-08-31 04:00:00+00:00	[0.25,0.50)
AVAX/USDT	2024-09-01 09:30:00+00:00	B	0.5232638888888889	0.06419973250111463	2024-09-01 08:00:00+00:00	[0.50,0.75)
SOL/USDT	2024-09-01 15:30:00+00:00	B	0.5065972222222223	0.06993791607450077	2024-09-01 12:00:00+00:00	[0.50,0.75)
ETH/USDT	2024-09-01 19:00:00+00:00	B	0.675	0.05578500005997105	2024-09-01 16:00:00+00:00	[0.50,0.75)
BTC/USDT	2024-09-02 08:15:00+00:00	A	0.4184027777777778	0.03281317458115046	2024-09-02 08:00:00+00:00	[0.25,0.50)
BTC/USDT	2024-09-02 20:45:00+00:00	A	0.296875	0.037999220233251994	2024-09-02 20:00:00+00:00	[0.25,0.50)
LINK/USDT	2024-09-03 19:45:00+00:00	B	0.5868055555555556	0.0666666666666666	2024-09-03 16:00:00+00:00	[0.50,0.75)
LTC/USDT	2024-09-03 20:00:00+00:00	A	0.42256944444444444	0.06402439024390238	2024-09-03 20:00:00+00:00	[0.25,0.50)
LTC/USDT	2024-09-05 06:45:00+00:00	B	0.8204861111111111	0.06175985609353906	2024-09-05 04:00:00+00:00	[0.75,1.00]
ETH/USDT	2024-09-06 12:30:00+00:00	B	0.6899305555555556	0.10637595392729664	2024-09-06 12:00:00+00:00	[0.50,0.75)
LINK/USDT	2024-09-07 07:15:00+00:00	B	0.846875	0.043129388164493625	2024-09-07 04:00:00+00:00	[0.75,1.00]
AVAX/USDT	2024-09-08 07:00:00+00:00	B	0.8614583333333333	0.0553872782345304	2024-09-08 04:00:00+00:00	[0.75,1.00]
LINK/USDT	2024-09-08 09:00:00+00:00	B	0.42951388888888886	0.06660231660231673	2024-09-08 08:00:00+00:00	[0.25,0.50)
ETH/USDT	2024-09-08 22:15:00+00:00	A	0.7263888888888889	0.046645965667263506	2024-09-08 20:00:00+00:00	[0.50,0.75)
DOGE/USDT	2024-09-09 01:30:00+00:00	B	0.5892361111111111	0.09224902082044939	2024-09-09 00:00:00+00:00	[0.50,0.75)
LINK/USDT	2024-09-09 07:15:00+00:00	A	0.7163194444444444	0.05094339622641518	2024-09-09 04:00:00+00:00	[0.50,0.75)
AVAX/USDT	2024-09-09 08:45:00+00:00	B	0.9059027777777777	0.047914085088806284	2024-09-09 08:00:00+00:00	[0.75,1.00]
XRP/USDT	2024-09-09 16:15:00+00:00	B	0.35381944444444446	0.02043111527647614	2024-09-09 16:00:00+00:00	[0.25,0.50)
LTC/USDT	2024-09-09 21:15:00+00:00	B	0.4059027777777778	0.023875263927237274	2024-09-09 20:00:00+00:00	[0.25,0.50)
AVAX/USDT	2024-09-10 19:30:00+00:00	B	0.6631944444444444	0.07046292503072507	2024-09-10 16:00:00+00:00	[0.50,0.75)
BNB/USDT	2024-09-12 01:45:00+00:00	B	0.9503472222222222	0.026793907138924617	2024-09-12 00:00:00+00:00	[0.75,1.00]
XRP/USDT	2024-09-12 12:45:00+00:00	A	0.9934027777777777	0.04730549298215213	2024-09-12 12:00:00+00:00	[0.75,1.00]
LTC/USDT	2024-09-12 16:30:00+00:00	B	0.5458333333333333	0.04166666666666677	2024-09-12 16:00:00+00:00	[0.50,0.75)
LINK/USDT	2024-09-12 23:30:00+00:00	A	0.1625	0.08534322820037106	2024-09-12 20:00:00+00:00	[0.10,0.25)
DOGE/USDT	2024-09-13 05:00:00+00:00	A	0.44895833333333335	0.056773196871680955	2024-09-13 04:00:00+00:00	[0.25,0.50)
DOGE/USDT	2024-09-13 09:15:00+00:00	B	0.8579861111111111	0.04532551097653296	2024-09-13 08:00:00+00:00	[0.75,1.00]
DOGE/USDT	2024-09-13 14:30:00+00:00	B	0.8295138888888889	0.03477207047636802	2024-09-13 12:00:00+00:00	[0.75,1.00]
XRP/USDT	2024-09-14 11:30:00+00:00	B	0.8666666666666667	0.030969707226264992	2024-09-14 08:00:00+00:00	[0.75,1.00]
XRP/USDT	2024-09-14 21:00:00+00:00	B	0.5079861111111111	0.04166666666666656	2024-09-14 20:00:00+00:00	[0.50,0.75)
XRP/USDT	2024-09-16 16:45:00+00:00	B	0.7798611111111111	0.03211880504230714	2024-09-16 16:00:00+00:00	[0.75,1.00]
BTC/USDT	2024-09-17 14:00:00+00:00	B	0.6517361111111111	0.0336694492002922	2024-09-17 12:00:00+00:00	[0.50,0.75)
DOGE/USDT	2024-09-18 17:45:00+00:00	B	0.4184027777777778	0.07145677062771415	2024-09-18 16:00:00+00:00	[0.25,0.50)
LTC/USDT	2024-09-19 11:30:00+00:00	A	0.18645833333333334	0.024423752098916323	2024-09-19 08:00:00+00:00	[0.10,0.25)
BNB/USDT	2024-09-19 12:00:00+00:00	A	0.5836805555555555	0.03912889518413602	2024-09-19 12:00:00+00:00	[0.50,0.75)
AVAX/USDT	2024-09-20 02:45:00+00:00	B	0.7527777777777778	0.07445632141540728	2024-09-20 00:00:00+00:00	[0.75,1.00]
LTC/USDT	2024-09-20 19:45:00+00:00	B	0.6538194444444444	0.033125664792584816	2024-09-20 16:00:00+00:00	[0.50,0.75)
SOL/USDT	2024-09-21 14:30:00+00:00	B	0.490625	0.04886058981233239	2024-09-21 12:00:00+00:00	[0.25,0.50)
BNB/USDT	2024-09-22 20:00:00+00:00	B	0.7142361111111111	0.06711864406779665	2024-09-22 20:00:00+00:00	[0.50,0.75)
AVAX/USDT	2024-09-23 03:00:00+00:00	B	0.821875	0.048045894585873064	2024-09-23 00:00:00+00:00	[0.75,1.00]
BNB/USDT	2024-09-23 15:45:00+00:00	B	0.5635416666666667	0.029137529137529136	2024-09-23 12:00:00+00:00	[0.50,0.75)
BTC/USDT	2024-09-24 19:45:00+00:00	B	0.8270833333333333	0.028276930035522087	2024-09-24 16:00:00+00:00	[0.75,1.00]
LINK/USDT	2024-09-24 22:00:00+00:00	B	0.8958333333333334	0.04128819157720892	2024-09-24 20:00:00+00:00	[0.75,1.00]
XRP/USDT	2024-09-26 07:30:00+00:00	A	0.3503472222222222	0.02381357373703013	2024-09-26 04:00:00+00:00	[0.25,0.50)
LINK/USDT	2024-09-26 10:15:00+00:00	B	0.4548611111111111	0.05515004055150052	2024-09-26 08:00:00+00:00	[0.25,0.50)
AVAX/USDT	2024-09-26 13:00:00+00:00	B	0.8663194444444444	0.06271777003484323	2024-09-26 12:00:00+00:00	[0.75,1.00]
ETH/USDT	2024-09-27 14:00:00+00:00	B	0.4041666666666667	0.029406922973316735	2024-09-27 12:00:00+00:00	[0.25,0.50)
BNB/USDT	2024-09-28 02:45:00+00:00	A	0.46944444444444444	0.03916788558426788	2024-09-28 00:00:00+00:00	[0.25,0.50)
XRP/USDT	2024-09-28 07:30:00+00:00	B	0.9177083333333333	0.0603363006923839	2024-09-28 04:00:00+00:00	[0.75,1.00]
BTC/USDT	2024-09-28 18:00:00+00:00	A	0.044097222222222225	0.008389840632545347	2024-09-28 16:00:00+00:00	[0.00,0.05)
BTC/USDT	2024-09-28 23:45:00+00:00	A	0.022916666666666665	0.009780436697136193	2024-09-28 20:00:00+00:00	[0.00,0.05)
BNB/USDT	2024-10-04 12:45:00+00:00	A	0.15694444444444444	0.035784930767847674	2024-10-04 12:00:00+00:00	[0.10,0.25)
BNB/USDT	2024-10-05 07:15:00+00:00	B	0.7763888888888889	0.014747690120824572	2024-10-05 04:00:00+00:00	[0.75,1.00]
DOGE/USDT	2024-10-06 13:00:00+00:00	A	0.07465277777777778	0.05436663327565798	2024-10-06 12:00:00+00:00	[0.05,0.10)
BNB/USDT	2024-10-06 23:15:00+00:00	A	0.1625	0.030712530712530713	2024-10-06 20:00:00+00:00	[0.10,0.25)
XRP/USDT	2024-10-07 00:30:00+00:00	A	0.3659722222222222	0.032234022731507536	2024-10-07 00:00:00+00:00	[0.25,0.50)
AVAX/USDT	2024-10-07 14:00:00+00:00	B	0.5836805555555555	0.05809280233832663	2024-10-07 12:00:00+00:00	[0.50,0.75)
XRP/USDT	2024-10-10 12:45:00+00:00	B	0.7989583333333333	0.03848298940323489	2024-10-10 12:00:00+00:00	[0.75,1.00]
ADA/USDT	2024-10-11 00:00:00+00:00	B	0.5534722222222223	0.0491803278688524	2024-10-11 00:00:00+00:00	[0.50,0.75)
AVAX/USDT	2024-10-11 08:00:00+00:00	A	0.08888888888888889	0.1038812785388128	2024-10-11 08:00:00+00:00	[0.05,0.10)
ETH/USDT	2024-10-11 19:00:00+00:00	B	0.478125	0.021324359213763282	2024-10-11 16:00:00+00:00	[0.25,0.50)
SOL/USDT	2024-10-13 09:45:00+00:00	A	0.15034722222222222	0.06236457204767069	2024-10-13 08:00:00+00:00	[0.10,0.25)
ETH/USDT	2024-10-13 22:00:00+00:00	B	0.5972222222222222	0.08053141286225823	2024-10-13 20:00:00+00:00	[0.50,0.75)
AVAX/USDT	2024-10-14 03:15:00+00:00	B	0.7395833333333334	0.04039375424304145	2024-10-14 00:00:00+00:00	[0.50,0.75)
LINK/USDT	2024-10-14 13:45:00+00:00	B	0.3315972222222222	0.054102795311091044	2024-10-14 12:00:00+00:00	[0.25,0.50)
BNB/USDT	2024-10-14 16:00:00+00:00	B	0.8909722222222223	0.03752535496957392	2024-10-14 16:00:00+00:00	[0.75,1.00]
DOGE/USDT	2024-10-15 00:15:00+00:00	B	0.7586805555555556	0.07712385282478741	2024-10-15 00:00:00+00:00	[0.75,1.00]
LTC/USDT	2024-10-15 13:45:00+00:00	B	0.8982638888888889	0.11475651022509926	2024-10-15 12:00:00+00:00	[0.75,1.00]
DOGE/USDT	2024-10-16 09:15:00+00:00	B	0.9916666666666667	0.06930614825351666	2024-10-16 08:00:00+00:00	[0.75,1.00]
XRP/USDT	2024-10-16 13:30:00+00:00	B	0.440625	0.038510677130863306	2024-10-16 12:00:00+00:00	[0.25,0.50)
BNB/USDT	2024-10-16 20:00:00+00:00	B	0.8555555555555555	0.03505291005290994	2024-10-16 20:00:00+00:00	[0.75,1.00]
ETH/USDT	2024-10-17 15:30:00+00:00	A	0.34270833333333334	0.0306517936425062	2024-10-17 12:00:00+00:00	[0.25,0.50)
LTC/USDT	2024-10-17 19:45:00+00:00	B	0.7597222222222222	0.040805148569081254	2024-10-17 16:00:00+00:00	[0.75,1.00]
DOGE/USDT	2024-10-18 00:15:00+00:00	B	0.9770833333333333	0.07192695961995252	2024-10-18 00:00:00+00:00	[0.75,1.00]
LTC/USDT	2024-10-18 19:45:00+00:00	B	0.6270833333333333	0.0433070866141732	2024-10-18 16:00:00+00:00	[0.50,0.75)
LTC/USDT	2024-10-19 10:00:00+00:00	B	0.765625	0.023605433205855286	2024-10-19 08:00:00+00:00	[0.75,1.00]
BTC/USDT	2024-10-19 21:15:00+00:00	A	0.078125	0.011705366559406492	2024-10-19 20:00:00+00:00	[0.05,0.10)
SOL/USDT	2024-10-20 05:00:00+00:00	A	0.2309027777777778	0.08852540891497052	2024-10-20 04:00:00+00:00	[0.10,0.25)
ADA/USDT	2024-10-20 13:30:00+00:00	B	0.5680555555555555	0.050042170368287835	2024-10-20 12:00:00+00:00	[0.50,0.75)
SOL/USDT	2024-10-20 20:30:00+00:00	A	0.32083333333333336	0.06647737793963325	2024-10-20 20:00:00+00:00	[0.25,0.50)
LTC/USDT	2024-10-21 00:15:00+00:00	A	0.2829861111111111	0.05689747718733239	2024-10-21 00:00:00+00:00	[0.25,0.50)
XRP/USDT	2024-10-21 06:00:00+00:00	A	0.3392361111111111	0.0387891970273699	2024-10-21 04:00:00+00:00	[0.25,0.50)
BNB/USDT	2024-10-21 08:00:00+00:00	B	0.7284722222222222	0.03318620238679083	2024-10-21 08:00:00+00:00	[0.50,0.75)
SOL/USDT	2024-10-22 14:45:00+00:00	B	0.8899305555555556	0.04031499764927136	2024-10-22 12:00:00+00:00	[0.75,1.00]
SOL/USDT	2024-10-23 18:45:00+00:00	B	0.7857638888888889	0.049726035468096376	2024-10-23 16:00:00+00:00	[0.75,1.00]
DOGE/USDT	2024-10-24 00:45:00+00:00	B	0.6388888888888888	0.05287888351216769	2024-10-24 00:00:00+00:00	[0.50,0.75)
ETH/USDT	2024-10-25 09:00:00+00:00	B	0.8555555555555555	0.07270871008717597	2024-10-25 08:00:00+00:00	[0.75,1.00]
BTC/USDT	2024-10-25 13:45:00+00:00	B	0.590625	0.046465888137676874	2024-10-25 12:00:00+00:00	[0.50,0.75)
SOL/USDT	2024-10-27 12:45:00+00:00	B	0.3541666666666667	0.031004664922061765	2024-10-27 12:00:00+00:00	[0.25,0.50)
DOGE/USDT	2024-10-27 16:00:00+00:00	B	0.8347222222222223	0.07644599303135895	2024-10-27 16:00:00+00:00	[0.75,1.00]
BTC/USDT	2024-10-27 22:00:00+00:00	B	0.4548611111111111	0.03886169807449957	2024-10-27 20:00:00+00:00	[0.25,0.50)
XRP/USDT	2024-10-28 07:00:00+00:00	A	0.39791666666666664	0.029326644800308686	2024-10-28 04:00:00+00:00	[0.25,0.50)
DOGE/USDT	2024-10-28 14:30:00+00:00	B	0.7677083333333333	0.15306599052512168	2024-10-28 12:00:00+00:00	[0.75,1.00]
BTC/USDT	2024-10-28 19:00:00+00:00	B	0.7628472222222222	0.06023988877189274	2024-10-28 16:00:00+00:00	[0.75,1.00]
ETH/USDT	2024-10-28 21:30:00+00:00	B	0.6375	0.05777840837432207	2024-10-28 20:00:00+00:00	[0.50,0.75)
LTC/USDT	2024-10-29 01:30:00+00:00	B	0.6177083333333333	0.03983228511530391	2024-10-29 00:00:00+00:00	[0.50,0.75)
BNB/USDT	2024-10-29 15:15:00+00:00	A	0.20104166666666667	0.029730617608410028	2024-10-29 12:00:00+00:00	[0.10,0.25)
ADA/USDT	2024-10-30 00:30:00+00:00	B	0.7864583333333334	0.03703703703703698	2024-10-30 00:00:00+00:00	[0.75,1.00]
ETH/USDT	2024-10-30 14:00:00+00:00	B	0.8173611111111111	0.05668016194331984	2024-10-30 12:00:00+00:00	[0.75,1.00]
AVAX/USDT	2024-10-31 23:15:00+00:00	B	0.4798611111111111	0.05202541699761725	2024-10-31 20:00:00+00:00	[0.25,0.50)
BNB/USDT	2024-11-01 13:30:00+00:00	B	0.465625	0.032446351931330435	2024-11-01 12:00:00+00:00	[0.25,0.50)
DOGE/USDT	2024-11-05 00:00:00+00:00	B	0.934375	0.11916273945773907	2024-11-05 00:00:00+00:00	[0.75,1.00]
BNB/USDT	2024-11-05 04:15:00+00:00	B	0.38680555555555557	0.05863671433441599	2024-11-05 04:00:00+00:00	[0.25,0.50)
SOL/USDT	2024-11-05 12:30:00+00:00	A	0.2826388888888889	0.15797181036060765	2024-11-05 12:00:00+00:00	[0.25,0.50)
LTC/USDT	2024-11-06 02:15:00+00:00	B	0.9819444444444444	0.06049509301303641	2024-11-06 00:00:00+00:00	[0.75,1.00]
ADA/USDT	2024-11-08 16:00:00+00:00	B	0.9649305555555555	0.06945975744211681	2024-11-08 16:00:00+00:00	[0.75,1.00]
ETH/USDT	2024-11-09 05:30:00+00:00	B	0.7322916666666667	0.0746092666235087	2024-11-09 04:00:00+00:00	[0.50,0.75)
ETH/USDT	2024-11-09 19:00:00+00:00	B	0.7197916666666667	0.0606726953353718	2024-11-09 16:00:00+00:00	[0.50,0.75)
ADA/USDT	2024-11-09 21:00:00+00:00	B	0.5618055555555556	0.4858681022880216	2024-11-09 20:00:00+00:00	[0.50,0.75)
XRP/USDT	2024-11-10 01:00:00+00:00	B	0.9652777777777778	0.09978843441466852	2024-11-10 00:00:00+00:00	[0.75,1.00]
LINK/USDT	2024-11-10 04:00:00+00:00	B	0.8701388888888889	0.08409250175192708	2024-11-10 04:00:00+00:00	[0.75,1.00]
DOGE/USDT	2024-11-10 09:15:00+00:00	B	0.7163194444444444	0.30029241005212526	2024-11-10 08:00:00+00:00	[0.50,0.75)
ADA/USDT	2024-11-10 12:15:00+00:00	B	0.9524305555555556	0.18998048145738453	2024-11-10 12:00:00+00:00	[0.75,1.00]
DOGE/USDT	2024-11-10 16:15:00+00:00	B	0.8743055555555556	0.3041150494353042	2024-11-10 16:00:00+00:00	[0.75,1.00]
LTC/USDT	2024-11-11 14:45:00+00:00	B	0.5819444444444445	0.19007201646090535	2024-11-11 12:00:00+00:00	[0.50,0.75)
BNB/USDT	2024-11-11 16:30:00+00:00	B	0.9732638888888889	0.08985457334731764	2024-11-11 16:00:00+00:00	[0.75,1.00]
BNB/USDT	2024-11-11 23:00:00+00:00	B	0.8326388888888889	0.08919553089988032	2024-11-11 20:00:00+00:00	[0.75,1.00]
DOGE/USDT	2024-11-12 00:45:00+00:00	B	0.9798611111111111	0.27076348045951754	2024-11-12 00:00:00+00:00	[0.75,1.00]
ADA/USDT	2024-11-12 08:00:00+00:00	B	0.9725694444444445	0.2093420235878337	2024-11-12 08:00:00+00:00	[0.75,1.00]
LINK/USDT	2024-11-13 13:30:00+00:00	B	0.8399305555555555	0.09616775126536516	2024-11-13 12:00:00+00:00	[0.75,1.00]
BNB/USDT	2024-11-14 07:30:00+00:00	B	0.9430555555555555	0.0824793337255023	2024-11-14 04:00:00+00:00	[0.75,1.00]
XRP/USDT	2024-11-14 13:30:00+00:00	B	0.896875	0.24257224257224266	2024-11-14 12:00:00+00:00	[0.75,1.00]
XRP/USDT	2024-11-14 21:30:00+00:00	B	0.9920138888888889	0.1932187086689913	2024-11-14 20:00:00+00:00	[0.75,1.00]
ADA/USDT	2024-11-15 06:00:00+00:00	B	0.9006944444444445	0.2810248198558847	2024-11-15 04:00:00+00:00	[0.75,1.00]
LTC/USDT	2024-11-15 11:45:00+00:00	B	0.9375	0.10858019591644048	2024-11-15 08:00:00+00:00	[0.75,1.00]
ADA/USDT	2024-11-15 12:45:00+00:00	B	0.9607638888888889	0.22627625325770345	2024-11-15 12:00:00+00:00	[0.75,1.00]
ETH/USDT	2024-11-15 20:15:00+00:00	B	0.5569444444444445	0.05341757048830807	2024-11-15 20:00:00+00:00	[0.50,0.75)
DOGE/USDT	2024-11-16 06:15:00+00:00	A	0.38298611111111114	0.13257107540173046	2024-11-16 04:00:00+00:00	[0.25,0.50)
XRP/USDT	2024-11-16 13:30:00+00:00	B	0.9732638888888889	0.23961976504349394	2024-11-16 12:00:00+00:00	[0.75,1.00]
SOL/USDT	2024-11-17 03:45:00+00:00	B	0.8197916666666667	0.10435018295161944	2024-11-17 00:00:00+00:00	[0.75,1.00]
BNB/USDT	2024-11-17 07:15:00+00:00	B	0.984375	0.05604761016843814	2024-11-17 04:00:00+00:00	[0.75,1.00]
DOGE/USDT	2024-11-18 02:30:00+00:00	B	0.690625	0.0625601539942253	2024-11-18 00:00:00+00:00	[0.50,0.75)
DOGE/USDT	2024-11-18 06:45:00+00:00	A	0.22430555555555556	0.09448798121322464	2024-11-18 04:00:00+00:00	[0.10,0.25)
BTC/USDT	2024-11-18 15:30:00+00:00	B	0.8538194444444445	0.033958083096604856	2024-11-18 12:00:00+00:00	[0.75,1.00]
ADA/USDT	2024-11-20 01:00:00+00:00	B	0.8923611111111112	0.1267551204431277	2024-11-20 00:00:00+00:00	[0.75,1.00]
ADA/USDT	2024-11-20 08:30:00+00:00	B	0.8059027777777777	0.101580688641098	2024-11-20 08:00:00+00:00	[0.75,1.00]
BNB/USDT	2024-11-20 13:45:00+00:00	B	0.43368055555555557	0.05241348052704846	2024-11-20 12:00:00+00:00	[0.25,0.50)
BTC/USDT	2024-11-21 03:15:00+00:00	B	0.6774305555555555	0.040231680809263114	2024-11-21 00:00:00+00:00	[0.50,0.75)
LTC/USDT	2024-11-21 04:30:00+00:00	B	0.8819444444444444	0.08324637681159429	2024-11-21 04:00:00+00:00	[0.75,1.00]
BTC/USDT	2024-11-21 11:00:00+00:00	B	0.5666666666666667	0.038877404871473766	2024-11-21 08:00:00+00:00	[0.50,0.75)
ETH/USDT	2024-11-21 12:00:00+00:00	A	0.6923611111111111	0.06606900028317068	2024-11-21 12:00:00+00:00	[0.50,0.75)
XRP/USDT	2024-11-21 18:00:00+00:00	B	0.8159722222222222	0.2974601808006887	2024-11-21 16:00:00+00:00	[0.75,1.00]
ADA/USDT	2024-11-22 00:00:00+00:00	B	0.8447916666666667	0.28462546147433593	2024-11-22 00:00:00+00:00	[0.75,1.00]
LINK/USDT	2024-11-22 16:45:00+00:00	B	0.9232638888888889	0.20558375634517767	2024-11-22 16:00:00+00:00	[0.75,1.00]
ADA/USDT	2024-11-22 22:00:00+00:00	B	0.7552083333333334	0.1614173228346456	2024-11-22 20:00:00+00:00	[0.75,1.00]
BNB/USDT	2024-11-23 01:30:00+00:00	B	0.8888888888888888	0.06624124513618669	2024-11-23 00:00:00+00:00	[0.75,1.00]
ETH/USDT	2024-11-23 08:15:00+00:00	A	0.4152777777777778	0.045549975300510546	2024-11-23 08:00:00+00:00	[0.25,0.50)
ETH/USDT	2024-11-23 13:45:00+00:00	B	0.8180555555555555	0.0629135698960417	2024-11-23 12:00:00+00:00	[0.75,1.00]
LINK/USDT	2024-11-23 16:00:00+00:00	B	0.9534722222222223	0.12300933552992852	2024-11-23 16:00:00+00:00	[0.75,1.00]
LINK/USDT	2024-11-25 08:30:00+00:00	B	0.6572916666666667	0.12405200433369443	2024-11-25 08:00:00+00:00	[0.50,0.75)
BTC/USDT	2024-11-27 15:30:00+00:00	B	0.8524305555555556	0.02687223922875453	2024-11-27 12:00:00+00:00	[0.75,1.00]
XRP/USDT	2024-11-27 20:15:00+00:00	B	0.4215277777777778	0.05910290237467012	2024-11-27 20:00:00+00:00	[0.25,0.50)
LTC/USDT	2024-11-29 13:00:00+00:00	B	0.5472222222222223	0.0737378888322285	2024-11-29 12:00:00+00:00	[0.50,0.75)
DOGE/USDT	2024-11-29 19:45:00+00:00	B	0.44930555555555557	0.054477216734590536	2024-11-29 16:00:00+00:00	[0.25,0.50)
XRP/USDT	2024-11-30 00:00:00+00:00	B	0.8076388888888889	0.10479122778588017	2024-11-30 00:00:00+00:00	[0.75,1.00]
BNB/USDT	2024-11-30 07:00:00+00:00	B	0.7986111111111112	0.047880209812155475	2024-11-30 04:00:00+00:00	[0.75,1.00]
LINK/USDT	2024-11-30 14:15:00+00:00	B	0.5	0.05344367325146811	2024-11-30 12:00:00+00:00	[0.50,0.75)
ETH/USDT	2024-12-01 13:30:00+00:00	A	0.05555555555555555	0.05131148512823831	2024-12-01 12:00:00+00:00	[0.05,0.10)
DOGE/USDT	2024-12-01 16:00:00+00:00	A	0.35555555555555557	0.1439950840938574	2024-12-01 16:00:00+00:00	[0.25,0.50)
XRP/USDT	2024-12-01 23:30:00+00:00	B	0.965625	0.2941924172693405	2024-12-01 20:00:00+00:00	[0.75,1.00]
BNB/USDT	2024-12-02 01:15:00+00:00	A	0.25	0.0590609890192653	2024-12-02 00:00:00+00:00	[0.25,0.50)
LINK/USDT	2024-12-02 09:30:00+00:00	B	0.859375	0.36948984645864275	2024-12-02 08:00:00+00:00	[0.75,1.00]
XRP/USDT	2024-12-02 14:30:00+00:00	B	0.9663194444444444	0.25178564607921766	2024-12-02 12:00:00+00:00	[0.75,1.00]
LINK/USDT	2024-12-02 21:00:00+00:00	B	1.0	0.14519194222729	2024-12-02 20:00:00+00:00	[0.75,1.00]
AVAX/USDT	2024-12-03 13:15:00+00:00	B	0.5052083333333334	0.13592599584670573	2024-12-03 12:00:00+00:00	[0.50,0.75)
SOL/USDT	2024-12-03 21:15:00+00:00	B	0.9461805555555556	0.06940076498087552	2024-12-03 20:00:00+00:00	[0.75,1.00]
ETH/USDT	2024-12-04 00:45:00+00:00	B	0.6329861111111111	0.06999163025783672	2024-12-04 00:00:00+00:00	[0.50,0.75)
LINK/USDT	2024-12-04 14:15:00+00:00	B	0.8357638888888889	0.14046692607003888	2024-12-04 12:00:00+00:00	[0.75,1.00]
BTC/USDT	2024-12-04 19:45:00+00:00	B	0.8479166666666667	0.07159248815240954	2024-12-04 16:00:00+00:00	[0.75,1.00]
LTC/USDT	2024-12-04 20:45:00+00:00	B	0.896875	0.1671452319782379	2024-12-04 20:00:00+00:00	[0.75,1.00]
SOL/USDT	2024-12-05 02:30:00+00:00	B	0.8722222222222222	0.09360108917631042	2024-12-05 00:00:00+00:00	[0.75,1.00]
SOL/USDT	2024-12-06 01:15:00+00:00	B	0.9743055555555555	0.06536053979351276	2024-12-06 00:00:00+00:00	[0.75,1.00]
XRP/USDT	2024-12-06 16:30:00+00:00	B	0.6670138888888889	0.0985027580772261	2024-12-06 16:00:00+00:00	[0.50,0.75)
DOGE/USDT	2024-12-07 06:45:00+00:00	A	0.14027777777777778	0.10398770232389906	2024-12-07 04:00:00+00:00	[0.10,0.25)
SOL/USDT	2024-12-07 14:30:00+00:00	A	0.08541666666666667	0.04299428949764138	2024-12-07 12:00:00+00:00	[0.05,0.10)
AVAX/USDT	2024-12-07 18:45:00+00:00	A	0.19895833333333332	0.05393641180923545	2024-12-07 16:00:00+00:00	[0.10,0.25)
LINK/USDT	2024-12-08 11:15:00+00:00	B	0.6472222222222223	0.10133333333333334	2024-12-08 08:00:00+00:00	[0.50,0.75)
AVAX/USDT	2024-12-08 15:15:00+00:00	A	0.22881944444444444	0.10486031381553777	2024-12-08 12:00:00+00:00	[0.10,0.25)
XRP/USDT	2024-12-08 18:15:00+00:00	B	0.45034722222222223	0.11350449391330734	2024-12-08 16:00:00+00:00	[0.25,0.50)
AVAX/USDT	2024-12-08 22:00:00+00:00	B	0.49236111111111114	0.2586908284023669	2024-12-08 20:00:00+00:00	[0.25,0.50)
LINK/USDT	2024-12-09 03:00:00+00:00	B	0.6805555555555556	0.28708133971291866	2024-12-09 00:00:00+00:00	[0.50,0.75)
AVAX/USDT	2024-12-11 13:30:00+00:00	B	0.5788194444444444	0.14691331469133143	2024-12-11 12:00:00+00:00	[0.50,0.75)
XRP/USDT	2024-12-12 04:15:00+00:00	B	0.41041666666666665	0.07147498375568558	2024-12-12 04:00:00+00:00	[0.25,0.50)
AVAX/USDT	2024-12-12 13:15:00+00:00	B	0.7072916666666667	0.09031639501438148	2024-12-12 12:00:00+00:00	[0.50,0.75)
BTC/USDT	2024-12-12 16:00:00+00:00	B	0.7239583333333334	0.0325852311421402	2024-12-12 16:00:00+00:00	[0.50,0.75)
XRP/USDT	2024-12-13 12:15:00+00:00	A	0.19722222222222222	0.07208980857035141	2024-12-13 12:00:00+00:00	[0.10,0.25)
BTC/USDT	2024-12-14 01:00:00+00:00	A	0.20277777777777778	0.020021711388843993	2024-12-14 00:00:00+00:00	[0.10,0.25)
XRP/USDT	2024-12-14 05:30:00+00:00	A	0.2791666666666667	0.07045110987349822	2024-12-14 04:00:00+00:00	[0.25,0.50)
BTC/USDT	2024-12-15 01:30:00+00:00	B	0.3486111111111111	0.050191407869780866	2024-12-15 00:00:00+00:00	[0.25,0.50)
BTC/USDT	2024-12-15 12:30:00+00:00	B	0.6065972222222222	0.0404324373322353	2024-12-15 12:00:00+00:00	[0.50,0.75)
BTC/USDT	2024-12-15 23:00:00+00:00	A	0.1597222222222222	0.04303424903181703	2024-12-15 20:00:00+00:00	[0.10,0.25)
XRP/USDT	2024-12-16 16:00:00+00:00	A	0.3284722222222222	0.11736419576999871	2024-12-16 16:00:00+00:00	[0.25,0.50)
SOL/USDT	2024-12-17 12:30:00+00:00	B	0.9385416666666667	0.06794017735033299	2024-12-17 12:00:00+00:00	[0.75,1.00]
LTC/USDT	2024-12-17 17:15:00+00:00	B	0.8677083333333333	0.1368565878925218	2024-12-17 16:00:00+00:00	[0.75,1.00]
LTC/USDT	2024-12-21 20:00:00+00:00	A	0.2604166666666667	0.07162453458749757	2024-12-21 20:00:00+00:00	[0.25,0.50)
BNB/USDT	2024-12-23 02:15:00+00:00	B	0.4388888888888889	0.07073453923246144	2024-12-23 00:00:00+00:00	[0.25,0.50)
SOL/USDT	2024-12-24 13:30:00+00:00	A	0.3128472222222222	0.04363001745200698	2024-12-24 12:00:00+00:00	[0.25,0.50)
AVAX/USDT	2024-12-24 16:15:00+00:00	B	0.875	0.04057623049219682	2024-12-24 16:00:00+00:00	[0.75,1.00]
BNB/USDT	2024-12-26 06:45:00+00:00	A	0.38784722222222223	0.05172703118444974	2024-12-26 04:00:00+00:00	[0.25,0.50)
BNB/USDT	2024-12-27 05:15:00+00:00	A	0.11423611111111111	0.047654708584760334	2024-12-27 04:00:00+00:00	[0.10,0.25)
LINK/USDT	2024-12-27 09:00:00+00:00	B	0.44479166666666664	0.11087510620220914	2024-12-27 08:00:00+00:00	[0.25,0.50)
BNB/USDT	2024-12-28 10:45:00+00:00	A	0.15902777777777777	0.04159307161985079	2024-12-28 08:00:00+00:00	[0.10,0.25)
ETH/USDT	2024-12-28 17:15:00+00:00	B	0.37395833333333334	0.024323093422657014	2024-12-28 16:00:00+00:00	[0.25,0.50)
ADA/USDT	2024-12-29 13:00:00+00:00	A	0.18333333333333332	0.06786979627989373	2024-12-29 12:00:00+00:00	[0.10,0.25)
ETH/USDT	2024-12-30 00:15:00+00:00	B	0.36041666666666666	0.039214816392201444	2024-12-30 00:00:00+00:00	[0.25,0.50)
XRP/USDT	2024-12-30 17:30:00+00:00	B	0.6302083333333334	0.06557770838337729	2024-12-30 16:00:00+00:00	[0.50,0.75)
ADA/USDT	2024-12-31 13:15:00+00:00	A	0.15347222222222223	0.04700365965233306	2024-12-31 12:00:00+00:00	[0.10,0.25)
XRP/USDT	2025-01-01 12:15:00+00:00	B	0.45729166666666665	0.1385391594149232	2025-01-01 12:00:00+00:00	[0.25,0.50)
AVAX/USDT	2025-01-01 18:30:00+00:00	B	0.2972222222222222	0.1086601307189543	2025-01-01 16:00:00+00:00	[0.25,0.50)
XRP/USDT	2025-01-02 00:00:00+00:00	B	0.5454861111111111	0.045532538187905425	2025-01-02 00:00:00+00:00	[0.50,0.75)
AVAX/USDT	2025-01-02 04:30:00+00:00	B	0.35868055555555556	0.05212059274399589	2025-01-02 04:00:00+00:00	[0.25,0.50)
ETH/USDT	2025-01-02 09:45:00+00:00	B	0.5527777777777778	0.025432892631093246	2025-01-02 08:00:00+00:00	[0.50,0.75)
BTC/USDT	2025-01-02 14:45:00+00:00	A	0.17777777777777778	0.0185022099810512	2025-01-02 12:00:00+00:00	[0.10,0.25)
ADA/USDT	2025-01-03 03:45:00+00:00	B	0.9006944444444445	0.11051606621226868	2025-01-03 00:00:00+00:00	[0.75,1.00]
ADA/USDT	2025-01-03 08:15:00+00:00	B	0.78125	0.07529122075954153	2025-01-03 08:00:00+00:00	[0.75,1.00]
DOGE/USDT	2025-01-03 13:00:00+00:00	B	0.9347222222222222	0.10103555210986827	2025-01-03 12:00:00+00:00	[0.75,1.00]
BNB/USDT	2025-01-03 16:15:00+00:00	B	0.39375	0.019644658670552605	2025-01-03 16:00:00+00:00	[0.25,0.50)
DOGE/USDT	2025-01-04 03:00:00+00:00	A	0.4239583333333333	0.057308501359601936	2025-01-04 00:00:00+00:00	[0.25,0.50)
SOL/USDT	2025-01-05 03:30:00+00:00	A	0.06979166666666667	0.03480055020632739	2025-01-05 00:00:00+00:00	[0.05,0.10)
BTC/USDT	2025-01-05 20:15:00+00:00	A	0.22465277777777778	0.046302647303089105	2025-01-05 20:00:00+00:00	[0.10,0.25)
AVAX/USDT	2025-01-06 02:00:00+00:00	B	0.5576388888888889	0.051311550851357496	2025-01-06 00:00:00+00:00	[0.50,0.75)
AVAX/USDT	2025-01-06 09:00:00+00:00	A	0.27534722222222224	0.03729656419529834	2025-01-06 08:00:00+00:00	[0.25,0.50)
DOGE/USDT	2025-01-06 14:45:00+00:00	A	0.2204861111111111	0.057518951034624004	2025-01-06 12:00:00+00:00	[0.10,0.25)
XRP/USDT	2025-01-07 10:45:00+00:00	A	0.10451388888888889	0.0821086912273559	2025-01-07 08:00:00+00:00	[0.10,0.25)
XRP/USDT	2025-01-10 17:45:00+00:00	B	0.7041666666666667	0.08123404255319151	2025-01-10 16:00:00+00:00	[0.50,0.75)
ADA/USDT	2025-01-11 16:45:00+00:00	A	0.1597222222222222	0.10427638508531702	2025-01-11 16:00:00+00:00	[0.10,0.25)
BTC/USDT	2025-01-11 21:45:00+00:00	B	0.45625	0.01831573709753328	2025-01-11 20:00:00+00:00	[0.25,0.50)
SOL/USDT	2025-01-12 15:15:00+00:00	B	0.5145833333333333	0.12136330217414146	2025-01-12 12:00:00+00:00	[0.50,0.75)
ETH/USDT	2025-01-13 00:15:00+00:00	B	0.6892361111111112	0.12682864813979605	2025-01-13 00:00:00+00:00	[0.50,0.75)
XRP/USDT	2025-01-14 16:45:00+00:00	B	0.46597222222222223	0.16455744599502967	2025-01-14 16:00:00+00:00	[0.25,0.50)
BNB/USDT	2025-01-15 00:15:00+00:00	A	0.06145833333333333	0.038361239757748425	2025-01-15 00:00:00+00:00	[0.05,0.10)
DOGE/USDT	2025-01-15 13:30:00+00:00	B	0.765625	0.06990514830856961	2025-01-15 12:00:00+00:00	[0.75,1.00]
LTC/USDT	2025-01-15 22:30:00+00:00	B	0.6246527777777777	0.20968781655769417	2025-01-15 20:00:00+00:00	[0.50,0.75)
LTC/USDT	2025-01-16 15:00:00+00:00	B	0.8680555555555556	0.17895164567249083	2025-01-16 12:00:00+00:00	[0.75,1.00]
ADA/USDT	2025-01-16 16:00:00+00:00	B	0.8715277777777778	0.057318048520394564	2025-01-16 16:00:00+00:00	[0.75,1.00]
BTC/USDT	2025-01-17 01:30:00+00:00	B	0.6697916666666667	0.050028587455031776	2025-01-17 00:00:00+00:00	[0.50,0.75)
ETH/USDT	2025-01-17 20:15:00+00:00	B	0.6027777777777777	0.0855588016268545	2025-01-17 20:00:00+00:00	[0.50,0.75)
SOL/USDT	2025-01-18 02:45:00+00:00	A	0.33784722222222224	0.23130967393262483	2025-01-18 00:00:00+00:00	[0.25,0.50)
ETH/USDT	2025-01-19 13:45:00+00:00	B	0.8743055555555556	0.0948767008748882	2025-01-19 12:00:00+00:00	[0.75,1.00]
DOGE/USDT	2025-01-21 11:15:00+00:00	B	0.9517361111111111	0.12132629992464207	2025-01-21 08:00:00+00:00	[0.75,1.00]
BNB/USDT	2025-01-22 04:30:00+00:00	B	0.44166666666666665	0.028846567215510932	2025-01-22 04:00:00+00:00	[0.25,0.50)
SOL/USDT	2025-01-22 13:15:00+00:00	B	0.7833333333333333	0.1131031345942462	2025-01-22 12:00:00+00:00	[0.75,1.00]
SOL/USDT	2025-01-22 19:30:00+00:00	B	0.6645833333333333	0.113481650503898	2025-01-22 16:00:00+00:00	[0.50,0.75)
DOGE/USDT	2025-01-22 22:30:00+00:00	B	0.3548611111111111	0.06669964547778055	2025-01-22 20:00:00+00:00	[0.25,0.50)
LINK/USDT	2025-01-23 13:30:00+00:00	A	0.33402777777777776	0.07648494711147286	2025-01-23 12:00:00+00:00	[0.25,0.50)
SOL/USDT	2025-01-23 20:15:00+00:00	B	0.7302083333333333	0.10394082886549526	2025-01-23 20:00:00+00:00	[0.50,0.75)
BNB/USDT	2025-01-24 05:45:00+00:00	B	0.6569444444444444	0.01972931895491061	2025-01-24 04:00:00+00:00	[0.50,0.75)
LTC/USDT	2025-01-24 14:30:00+00:00	B	0.71875	0.09100624794475508	2025-01-24 12:00:00+00:00	[0.50,0.75)
DOGE/USDT	2025-01-25 15:00:00+00:00	A	0.31180555555555556	0.03113016016241821	2025-01-25 12:00:00+00:00	[0.25,0.50)
ADA/USDT	2025-01-26 18:00:00+00:00	A	0.03159722222222222	0.14357178589294642	2025-01-26 16:00:00+00:00	[0.00,0.05)
LINK/USDT	2025-01-27 12:45:00+00:00	B	0.7347222222222223	0.08054841473864606	2025-01-27 12:00:00+00:00	[0.50,0.75)
XRP/USDT	2025-01-28 15:15:00+00:00	B	0.50625	0.06308082230357646	2025-01-28 12:00:00+00:00	[0.50,0.75)
BNB/USDT	2025-01-29 04:00:00+00:00	B	0.9045138888888888	0.029198262534049977	2025-01-29 04:00:00+00:00	[0.75,1.00]
LINK/USDT	2025-01-29 19:30:00+00:00	B	0.7215277777777778	0.08804763930242451	2025-01-29 16:00:00+00:00	[0.50,0.75)
LTC/USDT	2025-01-30 04:15:00+00:00	B	0.9704861111111112	0.07649313318428616	2025-01-30 04:00:00+00:00	[0.75,1.00]
BTC/USDT	2025-01-30 14:45:00+00:00	A	0.3211805555555556	0.023860804374447812	2025-01-30 12:00:00+00:00	[0.25,0.50)
ETH/USDT	2025-01-31 11:00:00+00:00	B	0.5649305555555556	0.0646655611169891	2025-01-31 08:00:00+00:00	[0.50,0.75)
BTC/USDT	2025-01-31 15:15:00+00:00	A	0.24965277777777778	0.04374026838458155	2025-01-31 12:00:00+00:00	[0.10,0.25)
LINK/USDT	2025-02-01 02:15:00+00:00	B	0.7711805555555555	0.1230709876543209	2025-02-01 00:00:00+00:00	[0.75,1.00]
BNB/USDT	2025-02-06 12:30:00+00:00	A	0.4354166666666667	0.03500341997264027	2025-02-06 12:00:00+00:00	[0.25,0.50)
BTC/USDT	2025-02-07 13:30:00+00:00	B	0.45902777777777776	0.04594002318534045	2025-02-07 12:00:00+00:00	[0.25,0.50)
DOGE/USDT	2025-02-09 01:00:00+00:00	A	0.1076388888888889	0.07959905660377366	2025-02-09 00:00:00+00:00	[0.10,0.25)
BNB/USDT	2025-02-09 07:00:00+00:00	B	0.8090277777777778	0.08249996025247625	2025-02-09 04:00:00+00:00	[0.75,1.00]
AVAX/USDT	2025-02-09 08:45:00+00:00	B	0.3954861111111111	0.08777429467084634	2025-02-09 08:00:00+00:00	[0.25,0.50)
LTC/USDT	2025-02-10 00:00:00+00:00	B	0.8541666666666666	0.1373115464475942	2025-02-10 00:00:00+00:00	[0.75,1.00]
SOL/USDT	2025-02-10 13:45:00+00:00	A	0.29305555555555557	0.05394131185270426	2025-02-10 12:00:00+00:00	[0.25,0.50)
ADA/USDT	2025-02-10 22:15:00+00:00	A	0.10104166666666667	0.16645596291613998	2025-02-10 20:00:00+00:00	[0.10,0.25)
ETH/USDT	2025-02-11 00:30:00+00:00	A	0.4170138888888889	0.061588127091536424	2025-02-11 00:00:00+00:00	[0.25,0.50)
BNB/USDT	2025-02-11 04:30:00+00:00	B	0.8013888888888889	0.034107596835573	2025-02-11 04:00:00+00:00	[0.75,1.00]
ETH/USDT	2025-02-12 13:15:00+00:00	A	0.23958333333333334	0.09343584345276128	2025-02-12 12:00:00+00:00	[0.10,0.25)
ETH/USDT	2025-02-12 22:15:00+00:00	B	0.7715277777777778	0.06595187812494345	2025-02-12 20:00:00+00:00	[0.75,1.00]
BNB/USDT	2025-02-13 13:15:00+00:00	B	0.8163194444444445	0.1017431028058021	2025-02-13 12:00:00+00:00	[0.75,1.00]
LTC/USDT	2025-02-13 19:00:00+00:00	B	0.8954861111111111	0.07545560294687867	2025-02-13 16:00:00+00:00	[0.75,1.00]
DOGE/USDT	2025-02-13 21:30:00+00:00	B	0.371875	0.10453081876724937	2025-02-13 20:00:00+00:00	[0.25,0.50)
DOGE/USDT	2025-02-14 08:00:00+00:00	A	0.16701388888888888	0.08090200655046498	2025-02-14 08:00:00+00:00	[0.10,0.25)
LINK/USDT	2025-02-14 14:45:00+00:00	B	0.4204861111111111	0.051387461459403906	2025-02-14 12:00:00+00:00	[0.25,0.50)
DOGE/USDT	2025-02-14 17:30:00+00:00	B	0.7947916666666667	0.06844617288315358	2025-02-14 16:00:00+00:00	[0.75,1.00]
LTC/USDT	2025-02-16 01:15:00+00:00	B	0.7701388888888889	0.09372023155272226	2025-02-16 00:00:00+00:00	[0.75,1.00]
BNB/USDT	2025-02-16 14:30:00+00:00	B	0.7114583333333333	0.030162618422217544	2025-02-16 12:00:00+00:00	[0.50,0.75)
ADA/USDT	2025-02-17 04:45:00+00:00	B	0.6829861111111111	0.05704365079365071	2025-02-17 04:00:00+00:00	[0.50,0.75)
ETH/USDT	2025-02-17 09:30:00+00:00	B	0.7524305555555556	0.07207940301775247	2025-02-17 08:00:00+00:00	[0.75,1.00]
ETH/USDT	2025-02-17 14:00:00+00:00	B	0.7076388888888889	0.07013314397301607	2025-02-17 12:00:00+00:00	[0.50,0.75)
LTC/USDT	2025-02-19 01:00:00+00:00	B	0.7760416666666666	0.07480789513334342	2025-02-19 00:00:00+00:00	[0.75,1.00]
XRP/USDT	2025-02-19 16:15:00+00:00	B	0.5270833333333333	0.04861032545159718	2025-02-19 16:00:00+00:00	[0.50,0.75)
DOGE/USDT	2025-02-19 22:45:00+00:00	A	0.02013888888888889	0.030344827586206838	2025-02-19 20:00:00+00:00	[0.00,0.05)
LINK/USDT	2025-02-20 02:45:00+00:00	B	0.3059027777777778	0.036752605595172884	2025-02-20 00:00:00+00:00	[0.25,0.50)
AVAX/USDT	2025-02-20 10:45:00+00:00	B	0.44340277777777776	0.0701182225845904	2025-02-20 08:00:00+00:00	[0.25,0.50)
ETH/USDT	2025-02-20 14:00:00+00:00	A	0.15902777777777777	0.050053989028270074	2025-02-20 12:00:00+00:00	[0.10,0.25)
LTC/USDT	2025-02-21 02:15:00+00:00	B	0.978125	0.11951960642454046	2025-02-21 00:00:00+00:00	[0.75,1.00]
ADA/USDT	2025-02-21 09:15:00+00:00	A	0.1125	0.08496408223928659	2025-02-21 08:00:00+00:00	[0.10,0.25)
DOGE/USDT	2025-02-21 13:00:00+00:00	A	0.39652777777777776	0.10382155790122517	2025-02-21 12:00:00+00:00	[0.25,0.50)
BNB/USDT	2025-02-22 17:45:00+00:00	B	0.7097222222222223	0.046914207193213	2025-02-22 16:00:00+00:00	[0.50,0.75)
LINK/USDT	2025-02-23 03:30:00+00:00	A	0.03194444444444444	0.07550335570469788	2025-02-23 00:00:00+00:00	[0.00,0.05)
ETH/USDT	2025-02-23 07:15:00+00:00	B	0.715625	0.05902723403043733	2025-02-23 04:00:00+00:00	[0.50,0.75)
ETH/USDT	2025-02-23 23:00:00+00:00	A	0.32395833333333335	0.13631672566527542	2025-02-23 20:00:00+00:00	[0.25,0.50)
XRP/USDT	2025-02-24 00:00:00+00:00	A	0.346875	0.15130996806832608	2025-02-24 00:00:00+00:00	[0.25,0.50)
LTC/USDT	2025-02-26 09:30:00+00:00	B	0.8027777777777778	0.07928042664968565	2025-02-26 08:00:00+00:00	[0.75,1.00]
LINK/USDT	2025-02-26 22:00:00+00:00	B	0.85625	0.06414368184733804	2025-02-26 20:00:00+00:00	[0.75,1.00]
LINK/USDT	2025-02-28 13:30:00+00:00	B	0.59375	0.06412966878083158	2025-02-28 12:00:00+00:00	[0.50,0.75)
BNB/USDT	2025-03-01 14:00:00+00:00	B	0.42777777777777776	0.023661539999666626	2025-03-01 12:00:00+00:00	[0.25,0.50)
ETH/USDT	2025-03-02 09:30:00+00:00	A	0.3684027777777778	0.16807640563185164	2025-03-02 08:00:00+00:00	[0.25,0.50)
SOL/USDT	2025-03-02 15:15:00+00:00	B	0.9239583333333333	0.1846194363971556	2025-03-02 12:00:00+00:00	[0.75,1.00]
LTC/USDT	2025-03-02 16:30:00+00:00	B	0.9378472222222223	0.13834632903574462	2025-03-02 16:00:00+00:00	[0.75,1.00]
ADA/USDT	2025-03-04 14:30:00+00:00	B	0.8645833333333334	0.27497352629721145	2025-03-04 12:00:00+00:00	[0.75,1.00]
LINK/USDT	2025-03-04 21:15:00+00:00	B	0.9715277777777778	0.12532637075718014	2025-03-04 20:00:00+00:00	[0.75,1.00]
AVAX/USDT	2025-03-05 19:00:00+00:00	B	0.725	0.07980997624703086	2025-03-05 16:00:00+00:00	[0.50,0.75)
BTC/USDT	2025-03-06 01:45:00+00:00	B	0.46041666666666664	0.08943401394222686	2025-03-06 00:00:00+00:00	[0.25,0.50)
LTC/USDT	2025-03-06 04:30:00+00:00	B	0.8774305555555556	0.14319569774860993	2025-03-06 04:00:00+00:00	[0.75,1.00]
AVAX/USDT	2025-03-06 22:00:00+00:00	B	0.3996527777777778	0.08169934640522875	2025-03-06 20:00:00+00:00	[0.25,0.50)
AVAX/USDT	2025-03-07 13:30:00+00:00	B	0.36875	0.0846812559467173	2025-03-07 12:00:00+00:00	[0.25,0.50)
ETH/USDT	2025-03-08 17:15:00+00:00	B	0.41423611111111114	0.0965419108083979	2025-03-08 16:00:00+00:00	[0.25,0.50)
LTC/USDT	2025-03-10 09:15:00+00:00	B	0.48993055555555554	0.15713266034465176	2025-03-10 08:00:00+00:00	[0.25,0.50)
BNB/USDT	2025-03-12 12:30:00+00:00	A	0.19305555555555556	0.06242544023645451	2025-03-12 12:00:00+00:00	[0.10,0.25)
BNB/USDT	2025-03-13 13:00:00+00:00	A	0.8371527777777777	0.05954565166627756	2025-03-13 12:00:00+00:00	[0.75,1.00]
LINK/USDT	2025-03-14 08:15:00+00:00	A	0.8357638888888889	0.08744710860366715	2025-03-14 08:00:00+00:00	[0.75,1.00]
SOL/USDT	2025-03-14 13:45:00+00:00	A	0.3861111111111111	0.06544157556020778	2025-03-14 12:00:00+00:00	[0.25,0.50)
BNB/USDT	2025-03-15 15:30:00+00:00	A	0.18159722222222222	0.0494118428922709	2025-03-15 12:00:00+00:00	[0.10,0.25)
DOGE/USDT	2025-03-16 16:00:00+00:00	B	0.36944444444444446	0.04902824261640536	2025-03-16 16:00:00+00:00	[0.25,0.50)
BNB/USDT	2025-03-17 02:45:00+00:00	B	0.9517361111111111	0.03753042141667743	2025-03-17 00:00:00+00:00	[0.75,1.00]
DOGE/USDT	2025-03-17 18:30:00+00:00	B	0.6673611111111111	0.07664731990440413	2025-03-17 16:00:00+00:00	[0.50,0.75)
LINK/USDT	2025-03-18 07:00:00+00:00	A	0.259375	0.05815602836879422	2025-03-18 04:00:00+00:00	[0.25,0.50)
LINK/USDT	2025-03-19 10:30:00+00:00	A	0.30486111111111114	0.07268877911079741	2025-03-19 08:00:00+00:00	[0.25,0.50)
ADA/USDT	2025-03-19 13:00:00+00:00	B	0.3607638888888889	0.03919680924219498	2025-03-19 12:00:00+00:00	[0.25,0.50)
BTC/USDT	2025-03-19 18:45:00+00:00	B	0.5545138888888889	0.04436794968009838	2025-03-19 16:00:00+00:00	[0.50,0.75)
BNB/USDT	2025-03-20 09:00:00+00:00	B	0.5086805555555556	0.03343901323364729	2025-03-20 08:00:00+00:00	[0.50,0.75)
LINK/USDT	2025-03-21 18:30:00+00:00	A	0.10868055555555556	0.03832505322924066	2025-03-21 16:00:00+00:00	[0.10,0.25)
LINK/USDT	2025-03-22 16:15:00+00:00	A	0.09444444444444444	0.024390243902439	2025-03-22 16:00:00+00:00	[0.05,0.10)
DOGE/USDT	2025-03-23 06:30:00+00:00	A	0.03923611111111111	0.041163946061036155	2025-03-23 04:00:00+00:00	[0.00,0.05)
SOL/USDT	2025-03-23 10:15:00+00:00	A	0.09583333333333334	0.08087233075874607	2025-03-23 08:00:00+00:00	[0.05,0.10)
BTC/USDT	2025-03-23 23:45:00+00:00	B	0.4795138888888889	0.037711962361687876	2025-03-23 20:00:00+00:00	[0.25,0.50)
BNB/USDT	2025-03-24 00:00:00+00:00	A	0.03125	0.03507284852943521	2025-03-24 00:00:00+00:00	[0.00,0.05)
BTC/USDT	2025-03-24 04:00:00+00:00	B	0.5315972222222223	0.028314950097153353	2025-03-24 04:00:00+00:00	[0.50,0.75)
SOL/USDT	2025-03-24 10:30:00+00:00	B	0.5857638888888889	0.04788434414668561	2025-03-24 08:00:00+00:00	[0.50,0.75)
BTC/USDT	2025-03-24 14:00:00+00:00	A	0.42291666666666666	0.027790667773722317	2025-03-24 12:00:00+00:00	[0.25,0.50)
BNB/USDT	2025-03-24 16:00:00+00:00	B	0.3885416666666667	0.02237016469994313	2025-03-24 16:00:00+00:00	[0.25,0.50)
LTC/USDT	2025-03-25 13:00:00+00:00	A	0.13576388888888888	0.04094002552105481	2025-03-25 12:00:00+00:00	[0.10,0.25)
XRP/USDT	2025-03-25 17:45:00+00:00	A	0.10694444444444444	0.04075006088156508	2025-03-25 16:00:00+00:00	[0.10,0.25)
BTC/USDT	2025-03-25 20:00:00+00:00	A	0.14930555555555555	0.029493437429282697	2025-03-25 20:00:00+00:00	[0.10,0.25)
XRP/USDT	2025-03-26 01:15:00+00:00	A	0.09583333333333334	0.06065878925218523	2025-03-26 00:00:00+00:00	[0.05,0.10)
LTC/USDT	2025-03-27 10:00:00+00:00	A	0.11909722222222222	0.07400760135135126	2025-03-27 08:00:00+00:00	[0.10,0.25)
BTC/USDT	2025-03-31 12:45:00+00:00	B	0.6340277777777777	0.034418066530915	2025-03-31 12:00:00+00:00	[0.50,0.75)
ETH/USDT	2025-04-01 08:15:00+00:00	B	0.7239583333333334	0.045362159637866904	2025-04-01 08:00:00+00:00	[0.50,0.75)
ADA/USDT	2025-04-01 14:45:00+00:00	A	0.25590277777777776	0.046440082039261574	2025-04-01 12:00:00+00:00	[0.25,0.50)
AVAX/USDT	2025-04-01 23:30:00+00:00	B	0.4909722222222222	0.10797174571140247	2025-04-01 20:00:00+00:00	[0.25,0.50)
BTC/USDT	2025-04-02 13:30:00+00:00	B	0.4204861111111111	0.07847113875429028	2025-04-02 12:00:00+00:00	[0.25,0.50)
LINK/USDT	2025-04-02 20:00:00+00:00	B	0.6215277777777778	0.14767932489451474	2025-04-02 20:00:00+00:00	[0.50,0.75)
XRP/USDT	2025-04-04 13:45:00+00:00	B	0.8947916666666667	0.04640075525135712	2025-04-04 12:00:00+00:00	[0.75,1.00]
LTC/USDT	2025-04-07 13:45:00+00:00	B	0.953125	0.06219755194990043	2025-04-07 12:00:00+00:00	[0.75,1.00]
SOL/USDT	2025-04-09 07:00:00+00:00	B	0.8638888888888889	0.17377963737796373	2025-04-09 04:00:00+00:00	[0.75,1.00]
XRP/USDT	2025-04-09 17:15:00+00:00	B	0.9708333333333333	0.08417982500251445	2025-04-09 16:00:00+00:00	[0.75,1.00]
AVAX/USDT	2025-04-11 12:30:00+00:00	B	0.7399305555555555	0.03815995818086777	2025-04-11 12:00:00+00:00	[0.50,0.75)
BTC/USDT	2025-04-11 17:30:00+00:00	B	0.8697916666666666	0.031091564744539744	2025-04-11 16:00:00+00:00	[0.75,1.00]
ADA/USDT	2025-04-12 13:30:00+00:00	B	0.6951388888888889	0.04328404189772029	2025-04-12 12:00:00+00:00	[0.50,0.75)
ETH/USDT	2025-04-13 17:15:00+00:00	B	0.7618055555555555	0.08013887685509526	2025-04-13 16:00:00+00:00	[0.75,1.00]
LINK/USDT	2025-04-14 00:15:00+00:00	B	0.6979166666666666	0.05663304887509701	2025-04-14 00:00:00+00:00	[0.50,0.75)
BNB/USDT	2025-04-15 04:45:00+00:00	A	0.29965277777777777	0.025208942039817953	2025-04-15 04:00:00+00:00	[0.25,0.50)
XRP/USDT	2025-04-15 09:00:00+00:00	A	0.26944444444444443	0.06878939861040823	2025-04-15 08:00:00+00:00	[0.25,0.50)
BNB/USDT	2025-04-16 11:45:00+00:00	A	0.18229166666666666	0.018038447662732566	2025-04-16 08:00:00+00:00	[0.10,0.25)
ETH/USDT	2025-04-16 15:15:00+00:00	B	0.6222222222222222	0.04656667331074346	2025-04-16 12:00:00+00:00	[0.50,0.75)
SOL/USDT	2025-04-16 19:45:00+00:00	B	0.846875	0.05058512646281608	2025-04-16 16:00:00+00:00	[0.75,1.00]
BNB/USDT	2025-04-17 09:00:00+00:00	A	0.03263888888888889	0.015306995040191628	2025-04-17 08:00:00+00:00	[0.00,0.05)
ADA/USDT	2025-04-18 22:00:00+00:00	A	0.16319444444444445	0.025011872724394545	2025-04-18 20:00:00+00:00	[0.10,0.25)
ETH/USDT	2025-04-19 04:15:00+00:00	A	0.3958333333333333	0.02342251764136365	2025-04-19 04:00:00+00:00	[0.25,0.50)
AVAX/USDT	2025-04-19 09:00:00+00:00	B	0.5347222222222222	0.04580152671755718	2025-04-19 08:00:00+00:00	[0.50,0.75)
ETH/USDT	2025-04-19 15:15:00+00:00	A	0.26319444444444445	0.04111000744971444	2025-04-19 12:00:00+00:00	[0.25,0.50)
LINK/USDT	2025-04-20 14:45:00+00:00	B	0.4979166666666667	0.04939209726443758	2025-04-20 12:00:00+00:00	[0.25,0.50)
AVAX/USDT	2025-04-21 00:15:00+00:00	B	0.5805555555555556	0.06365914786967417	2025-04-21 00:00:00+00:00	[0.50,0.75)
LTC/USDT	2025-04-21 07:00:00+00:00	A	0.24479166666666666	0.056092357886811384	2025-04-21 04:00:00+00:00	[0.10,0.25)
AVAX/USDT	2025-04-21 08:00:00+00:00	B	0.90625	0.06851940584571153	2025-04-21 08:00:00+00:00	[0.75,1.00]
DOGE/USDT	2025-04-22 07:15:00+00:00	A	0.365625	0.1369292062519154	2025-04-22 04:00:00+00:00	[0.25,0.50)
LINK/USDT	2025-04-22 13:00:00+00:00	B	0.5836805555555555	0.1261922230374175	2025-04-22 12:00:00+00:00	[0.50,0.75)
BTC/USDT	2025-04-22 21:45:00+00:00	B	0.7420138888888889	0.02967154231207462	2025-04-22 20:00:00+00:00	[0.50,0.75)
DOGE/USDT	2025-04-23 00:15:00+00:00	B	0.9600694444444444	0.05756731662024138	2025-04-23 00:00:00+00:00	[0.75,1.00]
XRP/USDT	2025-04-24 13:30:00+00:00	B	0.5354166666666667	0.037944591752765724	2025-04-24 12:00:00+00:00	[0.50,0.75)
BTC/USDT	2025-04-24 23:30:00+00:00	A	0.14930555555555555	0.0309113110550797	2025-04-24 20:00:00+00:00	[0.10,0.25)
SOL/USDT	2025-04-25 01:00:00+00:00	B	0.48333333333333334	0.046373983739837366	2025-04-25 00:00:00+00:00	[0.25,0.50)
BTC/USDT	2025-04-25 07:45:00+00:00	A	0.26006944444444446	0.023655396595965446	2025-04-25 04:00:00+00:00	[0.25,0.50)
SOL/USDT	2025-04-25 12:00:00+00:00	A	0.24409722222222222	0.05330339961513792	2025-04-25 12:00:00+00:00	[0.10,0.25)
XRP/USDT	2025-04-26 06:30:00+00:00	A	0.259375	0.040656269719642944	2025-04-26 04:00:00+00:00	[0.25,0.50)
ETH/USDT	2025-04-26 08:15:00+00:00	A	0.4777777777777778	0.04295012032378034	2025-04-26 08:00:00+00:00	[0.25,0.50)
ADA/USDT	2025-04-27 00:15:00+00:00	A	0.1798611111111111	0.038063252169045624	2025-04-27 00:00:00+00:00	[0.10,0.25)
XRP/USDT	2025-04-27 12:30:00+00:00	A	0.6111111111111112	0.06819502167404035	2025-04-27 12:00:00+00:00	[0.50,0.75)
BTC/USDT	2025-04-28 10:30:00+00:00	B	0.30659722222222224	0.022965159248041263	2025-04-28 08:00:00+00:00	[0.25,0.50)
ETH/USDT	2025-04-29 06:15:00+00:00	A	0.228125	0.03447800455515542	2025-04-29 04:00:00+00:00	[0.10,0.25)
BTC/USDT	2025-04-29 16:30:00+00:00	A	0.1857638888888889	0.02669998327813167	2025-04-29 16:00:00+00:00	[0.10,0.25)
LTC/USDT	2025-05-01 07:30:00+00:00	A	0.0954861111111111	0.07227781047675104	2025-05-01 04:00:00+00:00	[0.05,0.10)
ETH/USDT	2025-05-01 10:15:00+00:00	A	0.44340277777777776	0.03267107928044354	2025-05-01 08:00:00+00:00	[0.25,0.50)
DOGE/USDT	2025-05-01 14:45:00+00:00	B	0.43333333333333335	0.029094115054000478	2025-05-01 12:00:00+00:00	[0.25,0.50)
LTC/USDT	2025-05-01 16:00:00+00:00	B	0.6892361111111112	0.03510351035103516	2025-05-01 16:00:00+00:00	[0.50,0.75)
LTC/USDT	2025-05-01 20:30:00+00:00	B	0.7409722222222223	0.04094732182381588	2025-05-01 20:00:00+00:00	[0.50,0.75)
AVAX/USDT	2025-05-02 00:15:00+00:00	A	0.1875	0.055606198723792265	2025-05-02 00:00:00+00:00	[0.10,0.25)
BNB/USDT	2025-05-02 11:00:00+00:00	B	0.37777777777777777	0.01109574663045827	2025-05-02 08:00:00+00:00	[0.25,0.50)
LINK/USDT	2025-05-02 14:15:00+00:00	A	0.08368055555555555	0.05016949152542374	2025-05-02 12:00:00+00:00	[0.05,0.10)
DOGE/USDT	2025-05-02 16:00:00+00:00	A	0.20833333333333334	0.038018873070419484	2025-05-02 16:00:00+00:00	[0.10,0.25)
ADA/USDT	2025-05-03 15:00:00+00:00	B	0.896875	0.06459165404214288	2025-05-03 12:00:00+00:00	[0.75,1.00]
DOGE/USDT	2025-05-06 22:00:00+00:00	B	0.45034722222222223	0.031939877876937535	2025-05-06 20:00:00+00:00	[0.25,0.50)
ETH/USDT	2025-05-07 00:15:00+00:00	B	0.9034722222222222	0.03429090928886784	2025-05-07 00:00:00+00:00	[0.75,1.00]
BNB/USDT	2025-05-07 12:00:00+00:00	A	0.25972222222222224	0.032864235688685774	2025-05-07 12:00:00+00:00	[0.25,0.50)
BTC/USDT	2025-05-08 00:45:00+00:00	B	0.7024305555555556	0.06695059149528568	2025-05-08 00:00:00+00:00	[0.50,0.75)
XRP/USDT	2025-05-08 04:00:00+00:00	B	0.9104166666666667	0.07487604057680938	2025-05-08 04:00:00+00:00	[0.75,1.00]
SOL/USDT	2025-05-08 14:30:00+00:00	A	0.2635416666666667	0.12576608784473964	2025-05-08 12:00:00+00:00	[0.25,0.50)
ETH/USDT	2025-05-08 19:45:00+00:00	B	0.9159722222222222	0.17903703318963282	2025-05-08 16:00:00+00:00	[0.75,1.00]
DOGE/USDT	2025-05-09 07:00:00+00:00	B	0.8378472222222222	0.1270795053880916	2025-05-09 04:00:00+00:00	[0.75,1.00]
AVAX/USDT	2025-05-09 08:15:00+00:00	B	0.9788194444444445	0.06871532223644897	2025-05-09 08:00:00+00:00	[0.75,1.00]
LTC/USDT	2025-05-10 00:00:00+00:00	B	0.9524305555555556	0.06244620828153392	2025-05-10 00:00:00+00:00	[0.75,1.00]
XRP/USDT	2025-05-10 10:00:00+00:00	B	0.7149305555555555	0.059096176129779764	2025-05-10 08:00:00+00:00	[0.50,0.75)
ADA/USDT	2025-05-10 17:00:00+00:00	B	0.7770833333333333	0.07913233155598645	2025-05-10 16:00:00+00:00	[0.75,1.00]
BTC/USDT	2025-05-10 23:00:00+00:00	B	0.4892361111111111	0.015766188324360195	2025-05-10 20:00:00+00:00	[0.25,0.50)
BTC/USDT	2025-05-12 01:00:00+00:00	B	0.5892361111111111	0.04869859090388362	2025-05-12 00:00:00+00:00	[0.50,0.75)
AVAX/USDT	2025-05-12 06:45:00+00:00	B	0.590625	0.1326810176125245	2025-05-12 04:00:00+00:00	[0.50,0.75)
BNB/USDT	2025-05-12 08:30:00+00:00	B	0.9888888888888889	0.07802391103425663	2025-05-12 08:00:00+00:00	[0.75,1.00]
XRP/USDT	2025-05-12 12:00:00+00:00	B	0.9284722222222223	0.09358835558763384	2025-05-12 12:00:00+00:00	[0.75,1.00]
ETH/USDT	2025-05-13 12:30:00+00:00	B	0.8597222222222223	0.08645758160114511	2025-05-13 12:00:00+00:00	[0.75,1.00]
SOL/USDT	2025-05-13 19:15:00+00:00	B	0.9194444444444444	0.06441446422647354	2025-05-13 16:00:00+00:00	[0.75,1.00]
AVAX/USDT	2025-05-14 04:45:00+00:00	B	0.6916666666666667	0.08229520573801434	2025-05-14 04:00:00+00:00	[0.50,0.75)
ADA/USDT	2025-05-15 16:45:00+00:00	B	0.9305555555555556	0.055463891356771114	2025-05-15 16:00:00+00:00	[0.75,1.00]
BTC/USDT	2025-05-16 15:00:00+00:00	A	0.26875	0.018615101322393347	2025-05-16 12:00:00+00:00	[0.25,0.50)
ADA/USDT	2025-05-17 07:00:00+00:00	B	0.9104166666666667	0.07025430259440017	2025-05-17 04:00:00+00:00	[0.75,1.00]
ETH/USDT	2025-05-18 08:15:00+00:00	B	0.6354166666666666	0.10468302107913788	2025-05-18 08:00:00+00:00	[0.50,0.75)
BNB/USDT	2025-05-18 13:30:00+00:00	A	0.20520833333333333	0.03346092110137064	2025-05-18 12:00:00+00:00	[0.10,0.25)
BTC/USDT	2025-05-18 23:45:00+00:00	B	0.978125	0.04798887334334949	2025-05-18 20:00:00+00:00	[0.75,1.00]
BTC/USDT	2025-05-20 17:00:00+00:00	B	0.825	0.04358936611731185	2025-05-20 16:00:00+00:00	[0.75,1.00]
BNB/USDT	2025-05-21 03:00:00+00:00	A	0.22916666666666666	0.05599877731927249	2025-05-21 00:00:00+00:00	[0.10,0.25)
BTC/USDT	2025-05-21 04:30:00+00:00	A	0.41944444444444445	0.05375664751389031	2025-05-21 04:00:00+00:00	[0.25,0.50)
LINK/USDT	2025-05-21 11:00:00+00:00	B	0.8458333333333333	0.07487623762376243	2025-05-21 08:00:00+00:00	[0.75,1.00]
BTC/USDT	2025-05-21 14:30:00+00:00	B	0.8229166666666666	0.053463889586040446	2025-05-21 12:00:00+00:00	[0.75,1.00]
BTC/USDT	2025-05-21 23:15:00+00:00	B	0.9434027777777778	0.025535875443554255	2025-05-21 20:00:00+00:00	[0.75,1.00]
AVAX/USDT	2025-05-22 10:00:00+00:00	B	0.8621527777777778	0.05227181342983517	2025-05-22 08:00:00+00:00	[0.75,1.00]
SOL/USDT	2025-05-23 00:00:00+00:00	A	0.42083333333333334	0.07995582551076763	2025-05-23 00:00:00+00:00	[0.25,0.50)
SOL/USDT	2025-05-23 08:30:00+00:00	B	0.8284722222222223	0.08170829975825951	2025-05-23 08:00:00+00:00	[0.75,1.00]
AVAX/USDT	2025-05-25 22:00:00+00:00	A	0.28020833333333334	0.05487269534679543	2025-05-25 20:00:00+00:00	[0.25,0.50)
BNB/USDT	2025-05-26 12:45:00+00:00	A	0.08402777777777778	0.02638120320776498	2025-05-26 12:00:00+00:00	[0.05,0.10)
ETH/USDT	2025-05-27 06:00:00+00:00	B	0.7149305555555555	0.056810272226302784	2025-05-27 04:00:00+00:00	[0.50,0.75)
XRP/USDT	2025-05-27 13:00:00+00:00	A	0.3177083333333333	0.029875554040231865	2025-05-27 12:00:00+00:00	[0.25,0.50)
AVAX/USDT	2025-05-29 00:15:00+00:00	B	0.8434027777777777	0.09324894514767937	2025-05-29 00:00:00+00:00	[0.75,1.00]
BNB/USDT	2025-06-01 14:15:00+00:00	A	0.2298611111111111	0.02168729940394323	2025-06-01 12:00:00+00:00	[0.10,0.25)
XRP/USDT	2025-06-01 16:00:00+00:00	A	0.3704861111111111	0.024133148404993077	2025-06-01 16:00:00+00:00	[0.25,0.50)
LTC/USDT	2025-06-02 07:00:00+00:00	A	0.63125	0.03588943379402584	2025-06-02 04:00:00+00:00	[0.50,0.75)
ETH/USDT	2025-06-02 13:30:00+00:00	A	0.2701388888888889	0.061344490978868293	2025-06-02 12:00:00+00:00	[0.25,0.50)
XRP/USDT	2025-06-02 22:00:00+00:00	B	0.45034722222222223	0.04482444140446858	2025-06-02 20:00:00+00:00	[0.25,0.50)
SOL/USDT	2025-06-03 01:15:00+00:00	B	0.9152777777777777	0.059164227439745906	2025-06-03 00:00:00+00:00	[0.75,1.00]
XRP/USDT	2025-06-03 11:00:00+00:00	A	0.15868055555555555	0.035369774919613975	2025-06-03 08:00:00+00:00	[0.10,0.25)
SOL/USDT	2025-06-03 14:45:00+00:00	A	0.27847222222222223	0.05821435136956921	2025-06-03 12:00:00+00:00	[0.25,0.50)
ETH/USDT	2025-06-04 15:30:00+00:00	B	0.6239583333333333	0.04384295508185674	2025-06-04 12:00:00+00:00	[0.50,0.75)
BNB/USDT	2025-06-05 08:00:00+00:00	A	0.12777777777777777	0.06791506137442868	2025-06-05 08:00:00+00:00	[0.10,0.25)
BTC/USDT	2025-06-07 12:30:00+00:00	A	0.35625	0.00886053849836094	2025-06-07 12:00:00+00:00	[0.25,0.50)
LINK/USDT	2025-06-07 22:30:00+00:00	A	0.017361111111111112	0.03093525179856113	2025-06-07 20:00:00+00:00	[0.00,0.05)
ADA/USDT	2025-06-08 12:00:00+00:00	B	0.5642361111111112	0.03456014362657093	2025-06-08 12:00:00+00:00	[0.50,0.75)
AVAX/USDT	2025-06-08 18:30:00+00:00	B	0.6930555555555555	0.05990566037735847	2025-06-08 16:00:00+00:00	[0.50,0.75)
LINK/USDT	2025-06-09 09:30:00+00:00	A	0.19027777777777777	0.06676342525399129	2025-06-09 08:00:00+00:00	[0.10,0.25)
ADA/USDT	2025-06-09 16:15:00+00:00	B	0.4045138888888889	0.05443873807776966	2025-06-09 16:00:00+00:00	[0.25,0.50)
DOGE/USDT	2025-06-09 21:00:00+00:00	A	0.3902777777777778	0.04589562024652509	2025-06-09 20:00:00+00:00	[0.25,0.50)
LINK/USDT	2025-06-10 11:15:00+00:00	A	0.6982638888888889	0.048225050234427254	2025-06-10 08:00:00+00:00	[0.50,0.75)
SOL/USDT	2025-06-10 18:45:00+00:00	A	0.8395833333333333	0.03641354071363238	2025-06-10 16:00:00+00:00	[0.75,1.00]
DOGE/USDT	2025-06-10 23:15:00+00:00	B	0.5305555555555556	0.07836879432624105	2025-06-10 20:00:00+00:00	[0.50,0.75)
BNB/USDT	2025-06-11 06:15:00+00:00	A	0.011458333333333333	0.015771602180323353	2025-06-11 04:00:00+00:00	[0.00,0.05)
XRP/USDT	2025-06-11 08:00:00+00:00	A	0.10138888888888889	0.04613719974031586	2025-06-11 08:00:00+00:00	[0.10,0.25)
BTC/USDT	2025-06-11 12:30:00+00:00	A	0.19791666666666666	0.03206857666275594	2025-06-11 12:00:00+00:00	[0.10,0.25)
AVAX/USDT	2025-06-15 14:45:00+00:00	A	0.10138888888888889	0.06259780907668228	2025-06-15 12:00:00+00:00	[0.10,0.25)
LINK/USDT	2025-06-15 22:00:00+00:00	B	0.3951388888888889	0.07541478129713423	2025-06-15 20:00:00+00:00	[0.25,0.50)
AVAX/USDT	2025-06-16 01:45:00+00:00	B	0.5399305555555556	0.0672529746508019	2025-06-16 00:00:00+00:00	[0.50,0.75)
AVAX/USDT	2025-06-16 07:00:00+00:00	B	0.7142361111111111	0.06562342251388192	2025-06-16 04:00:00+00:00	[0.50,0.75)
ETH/USDT	2025-06-16 13:45:00+00:00	B	0.3454861111111111	0.059014480896050485	2025-06-16 12:00:00+00:00	[0.25,0.50)
XRP/USDT	2025-06-16 16:00:00+00:00	B	0.9722222222222222	0.0746011953390378	2025-06-16 16:00:00+00:00	[0.75,1.00]
BTC/USDT	2025-06-20 07:15:00+00:00	A	0.36041666666666666	0.03973850256016294	2025-06-20 04:00:00+00:00	[0.25,0.50)
SOL/USDT	2025-06-23 13:30:00+00:00	B	0.5204861111111111	0.11931525971640569	2025-06-23 12:00:00+00:00	[0.50,0.75)
AVAX/USDT	2025-06-23 20:15:00+00:00	B	0.9920138888888889	0.0642978003384093	2025-06-23 20:00:00+00:00	[0.75,1.00]
LINK/USDT	2025-06-24 14:00:00+00:00	A	0.3263888888888889	0.04487658937920715	2025-06-24 12:00:00+00:00	[0.25,0.50)
BNB/USDT	2025-06-25 01:30:00+00:00	A	0.10138888888888889	0.016711840780608632	2025-06-25 00:00:00+00:00	[0.10,0.25)
SOL/USDT	2025-06-25 07:15:00+00:00	A	0.24444444444444444	0.039025383466811454	2025-06-25 04:00:00+00:00	[0.10,0.25)
LTC/USDT	2025-06-25 13:15:00+00:00	B	0.3802083333333333	0.02403000820536862	2025-06-25 12:00:00+00:00	[0.25,0.50)
ETH/USDT	2025-06-26 02:45:00+00:00	B	0.8947916666666667	0.055504752737336	2025-06-26 00:00:00+00:00	[0.75,1.00]
AVAX/USDT	2025-06-27 16:30:00+00:00	B	0.34131944444444445	0.046511627906976764	2025-06-27 16:00:00+00:00	[0.25,0.50)
XRP/USDT	2025-06-27 21:15:00+00:00	B	0.8729166666666667	0.03793520759635083	2025-06-27 20:00:00+00:00	[0.75,1.00]
ADA/USDT	2025-06-28 06:45:00+00:00	A	0.012847222222222222	0.023830695358349578	2025-06-28 04:00:00+00:00	[0.00,0.05)
LTC/USDT	2025-06-28 15:30:00+00:00	A	0.1986111111111111	0.0180953485674516	2025-06-28 12:00:00+00:00	[0.10,0.25)
SOL/USDT	2025-06-28 17:45:00+00:00	B	0.915625	0.0209633962016166	2025-06-28 16:00:00+00:00	[0.75,1.00]
BTC/USDT	2025-06-29 00:45:00+00:00	A	0.04722222222222222	0.015049603669361483	2025-06-29 00:00:00+00:00	[0.00,0.05)
BTC/USDT	2025-06-29 08:30:00+00:00	A	0.115625	0.014300811158419706	2025-06-29 08:00:00+00:00	[0.10,0.25)
DOGE/USDT	2025-06-29 22:00:00+00:00	A	0.2513888888888889	0.047129546137661474	2025-06-29 20:00:00+00:00	[0.25,0.50)
LINK/USDT	2025-06-30 14:00:00+00:00	A	0.17881944444444445	0.050262565641410344	2025-06-30 12:00:00+00:00	[0.10,0.25)
BNB/USDT	2025-06-30 16:45:00+00:00	B	0.6291666666666667	0.02181243734240668	2025-06-30 16:00:00+00:00	[0.50,0.75)
DOGE/USDT	2025-07-02 14:00:00+00:00	A	0.2708333333333333	0.08157490003075973	2025-07-02 12:00:00+00:00	[0.25,0.50)
BNB/USDT	2025-07-02 16:00:00+00:00	B	0.8079861111111111	0.012281679952982981	2025-07-02 16:00:00+00:00	[0.75,1.00]
ETH/USDT	2025-07-03 13:30:00+00:00	B	0.4576388888888889	0.0412336931859349	2025-07-03 12:00:00+00:00	[0.25,0.50)
AVAX/USDT	2025-07-04 01:30:00+00:00	A	0.10243055555555555	0.07375734901122388	2025-07-04 00:00:00+00:00	[0.10,0.25)
SOL/USDT	2025-07-06 06:00:00+00:00	A	0.013194444444444444	0.04807627290553781	2025-07-06 04:00:00+00:00	[0.00,0.05)
XRP/USDT	2025-07-06 08:30:00+00:00	B	0.38298611111111114	0.02284874398717259	2025-07-06 08:00:00+00:00	[0.25,0.50)
AVAX/USDT	2025-07-06 12:30:00+00:00	A	0.07743055555555556	0.03790412486064658	2025-07-06 12:00:00+00:00	[0.05,0.10)
AVAX/USDT	2025-07-06 22:00:00+00:00	B	0.6868055555555556	0.04308023694130322	2025-07-06 20:00:00+00:00	[0.50,0.75)
LINK/USDT	2025-07-07 06:45:00+00:00	A	0.20625	0.03877103145574259	2025-07-07 04:00:00+00:00	[0.10,0.25)
XRP/USDT	2025-07-07 13:45:00+00:00	B	0.8288194444444444	0.04488820617852875	2025-07-07 12:00:00+00:00	[0.75,1.00]
DOGE/USDT	2025-07-08 11:00:00+00:00	B	0.5416666666666666	0.030808879517366525	2025-07-08 08:00:00+00:00	[0.50,0.75)
ETH/USDT	2025-07-08 17:00:00+00:00	B	0.6211805555555555	0.032530931739752446	2025-07-08 16:00:00+00:00	[0.50,0.75)
ETH/USDT	2025-07-09 05:30:00+00:00	B	0.521875	0.07346073153427957	2025-07-09 04:00:00+00:00	[0.50,0.75)
BTC/USDT	2025-07-09 12:00:00+00:00	A	0.41805555555555557	0.03196684901754766	2025-07-09 12:00:00+00:00	[0.25,0.50)
ETH/USDT	2025-07-09 18:00:00+00:00	B	0.7447916666666666	0.04943194171644619	2025-07-09 16:00:00+00:00	[0.50,0.75)
DOGE/USDT	2025-07-09 20:30:00+00:00	B	0.9232638888888889	0.04800615181808194	2025-07-09 20:00:00+00:00	[0.75,1.00]
AVAX/USDT	2025-07-10 12:45:00+00:00	A	0.0625	0.09354346720894761	2025-07-10 12:00:00+00:00	[0.05,0.10)
XRP/USDT	2025-07-10 16:15:00+00:00	B	0.65	0.20694821233348176	2025-07-10 16:00:00+00:00	[0.50,0.75)
XRP/USDT	2025-07-10 21:15:00+00:00	B	0.7416666666666667	0.18261761110453895	2025-07-10 20:00:00+00:00	[0.50,0.75)
XRP/USDT	2025-07-11 12:45:00+00:00	B	0.9444444444444444	0.11702285544672007	2025-07-11 12:00:00+00:00	[0.75,1.00]
AVAX/USDT	2025-07-13 01:45:00+00:00	B	0.803125	0.04316888045540798	2025-07-13 00:00:00+00:00	[0.75,1.00]
BTC/USDT	2025-07-13 12:45:00+00:00	A	0.3246527777777778	0.042751834785346665	2025-07-13 12:00:00+00:00	[0.25,0.50)
AVAX/USDT	2025-07-13 18:45:00+00:00	B	0.66875	0.05032317636195752	2025-07-13 16:00:00+00:00	[0.50,0.75)
BTC/USDT	2025-07-14 02:15:00+00:00	B	0.7767361111111111	0.04498320225117117	2025-07-14 00:00:00+00:00	[0.75,1.00]
BNB/USDT	2025-07-14 07:15:00+00:00	B	0.9361111111111111	0.045781798043197354	2025-07-14 04:00:00+00:00	[0.75,1.00]
DOGE/USDT	2025-07-16 00:30:00+00:00	B	0.915625	0.12511791867335287	2025-07-16 00:00:00+00:00	[0.75,1.00]
BNB/USDT	2025-07-16 14:30:00+00:00	B	0.5618055555555556	0.04475279884175976	2025-07-16 12:00:00+00:00	[0.50,0.75)
XRP/USDT	2025-07-16 17:15:00+00:00	B	0.6645833333333333	0.10426853442579632	2025-07-16 16:00:00+00:00	[0.50,0.75)
ADA/USDT	2025-07-16 20:15:00+00:00	B	0.8072916666666666	0.10958376156217889	2025-07-16 20:00:00+00:00	[0.75,1.00]
ADA/USDT	2025-07-17 09:00:00+00:00	B	0.953125	0.13800451240912506	2025-07-17 08:00:00+00:00	[0.75,1.00]
XRP/USDT	2025-07-17 21:00:00+00:00	B	0.9538194444444444	0.09195402298850568	2025-07-17 20:00:00+00:00	[0.75,1.00]
DOGE/USDT	2025-07-18 00:30:00+00:00	B	0.9788194444444445	0.1364968039772726	2025-07-18 00:00:00+00:00	[0.75,1.00]
SOL/USDT	2025-07-18 05:00:00+00:00	B	0.8104166666666667	0.062001627339300126	2025-07-18 04:00:00+00:00	[0.75,1.00]
LTC/USDT	2025-07-18 09:45:00+00:00	B	0.8326388888888889	0.10175123484508306	2025-07-18 08:00:00+00:00	[0.75,1.00]
LTC/USDT	2025-07-19 19:00:00+00:00	B	0.9770833333333333	0.1542109256449166	2025-07-19 16:00:00+00:00	[0.75,1.00]
SOL/USDT	2025-07-20 01:00:00+00:00	B	0.6253472222222223	0.037483266398929044	2025-07-20 00:00:00+00:00	[0.50,0.75)
ETH/USDT	2025-07-20 08:30:00+00:00	B	0.6121527777777778	0.03859006958953513	2025-07-20 08:00:00+00:00	[0.50,0.75)
LINK/USDT	2025-07-20 15:30:00+00:00	B	0.7055555555555556	0.07052896725440816	2025-07-20 12:00:00+00:00	[0.50,0.75)
DOGE/USDT	2025-07-20 16:00:00+00:00	B	0.7881944444444444	0.10752442872894576	2025-07-20 16:00:00+00:00	[0.75,1.00]
BNB/USDT	2025-07-20 22:30:00+00:00	B	0.8534722222222222	0.04730681623678433	2025-07-20 20:00:00+00:00	[0.75,1.00]
XRP/USDT	2025-07-21 06:15:00+00:00	B	0.7413194444444444	0.06379402123665705	2025-07-21 04:00:00+00:00	[0.50,0.75)
ADA/USDT	2025-07-21 11:45:00+00:00	B	0.7017361111111111	0.09323059988992845	2025-07-21 08:00:00+00:00	[0.50,0.75)
SOL/USDT	2025-07-22 01:15:00+00:00	B	0.7451388888888889	0.06142198154833534	2025-07-22 00:00:00+00:00	[0.50,0.75)
BTC/USDT	2025-07-22 07:00:00+00:00	B	0.8086805555555555	0.023328214771636494	2025-07-22 04:00:00+00:00	[0.75,1.00]
BTC/USDT	2025-07-22 18:45:00+00:00	B	0.7114583333333333	0.024611285261483238	2025-07-22 16:00:00+00:00	[0.50,0.75)
BNB/USDT	2025-07-22 23:15:00+00:00	B	0.7395833333333334	0.0730977014423322	2025-07-22 20:00:00+00:00	[0.50,0.75)
ETH/USDT	2025-07-24 14:30:00+00:00	B	0.6802083333333333	0.053463441078809994	2025-07-24 12:00:00+00:00	[0.50,0.75)
AVAX/USDT	2025-07-26 18:30:00+00:00	B	0.6368055555555555	0.040824415378517685	2025-07-26 16:00:00+00:00	[0.50,0.75)
ETH/USDT	2025-07-27 05:15:00+00:00	B	0.4284722222222222	0.049681022412649614	2025-07-27 04:00:00+00:00	[0.25,0.50)
ETH/USDT	2025-07-27 10:30:00+00:00	A	0.37743055555555555	0.03913644358824021	2025-07-27 08:00:00+00:00	[0.25,0.50)
BNB/USDT	2025-07-27 15:45:00+00:00	B	0.8475694444444445	0.05957201403715437	2025-07-27 12:00:00+00:00	[0.75,1.00]
XRP/USDT	2025-07-27 16:00:00+00:00	B	0.3541666666666667	0.059101214323426236	2025-07-27 16:00:00+00:00	[0.25,0.50)
SOL/USDT	2025-07-27 22:00:00+00:00	B	0.49166666666666664	0.06641076874539907	2025-07-27 20:00:00+00:00	[0.25,0.50)
LINK/USDT	2025-07-28 00:15:00+00:00	B	0.6052083333333333	0.08212809917355371	2025-07-28 00:00:00+00:00	[0.50,0.75)
DOGE/USDT	2025-07-28 05:15:00+00:00	B	0.7586805555555556	0.10600621193174942	2025-07-28 04:00:00+00:00	[0.75,1.00]
BTC/USDT	2025-07-30 14:45:00+00:00	B	0.7243055555555555	0.026333968892555962	2025-07-30 12:00:00+00:00	[0.50,0.75)
SOL/USDT	2025-08-03 23:00:00+00:00	A	0.08506944444444445	0.052531217321769214	2025-08-03 20:00:00+00:00	[0.05,0.10)
ADA/USDT	2025-08-04 07:45:00+00:00	A	0.12430555555555556	0.03520841764467829	2025-08-04 04:00:00+00:00	[0.10,0.25)
LTC/USDT	2025-08-04 09:15:00+00:00	B	0.4440972222222222	0.13155326887252738	2025-08-04 08:00:00+00:00	[0.25,0.50)
LTC/USDT	2025-08-04 13:30:00+00:00	B	0.9909722222222223	0.10371621621621623	2025-08-04 12:00:00+00:00	[0.75,1.00]
SOL/USDT	2025-08-04 17:00:00+00:00	B	0.91875	0.05301645338208398	2025-08-04 16:00:00+00:00	[0.75,1.00]
AVAX/USDT	2025-08-04 21:30:00+00:00	B	0.625	0.065910082933217	2025-08-04 20:00:00+00:00	[0.50,0.75)
LTC/USDT	2025-08-05 02:00:00+00:00	B	0.390625	0.09173337689919939	2025-08-05 00:00:00+00:00	[0.25,0.50)
SOL/USDT	2025-08-06 14:00:00+00:00	A	0.13576388888888888	0.05752694683299019	2025-08-06 12:00:00+00:00	[0.10,0.25)
ETH/USDT	2025-08-07 01:15:00+00:00	A	0.08541666666666667	0.07806906078093338	2025-08-07 00:00:00+00:00	[0.05,0.10)
LTC/USDT	2025-08-07 04:15:00+00:00	B	0.7440972222222222	0.05758818703855616	2025-08-07 04:00:00+00:00	[0.50,0.75)
ETH/USDT	2025-08-07 10:00:00+00:00	B	0.7871527777777778	0.0496620179870708	2025-08-07 08:00:00+00:00	[0.75,1.00]
LINK/USDT	2025-08-07 13:00:00+00:00	B	0.9791666666666666	0.11267605633802817	2025-08-07 12:00:00+00:00	[0.75,1.00]
XRP/USDT	2025-08-07 21:15:00+00:00	B	0.9128472222222223	0.06583003082342576	2025-08-07 20:00:00+00:00	[0.75,1.00]
ETH/USDT	2025-08-08 03:15:00+00:00	A	0.3840277777777778	0.04720659718268517	2025-08-08 00:00:00+00:00	[0.25,0.50)
SOL/USDT	2025-08-08 13:45:00+00:00	B	0.4284722222222222	0.051167217152773815	2025-08-08 12:00:00+00:00	[0.25,0.50)
ADA/USDT	2025-08-09 05:00:00+00:00	A	0.29618055555555556	0.04699480583724961	2025-08-09 04:00:00+00:00	[0.25,0.50)
BTC/USDT	2025-08-09 09:45:00+00:00	B	0.5979166666666667	0.020269444009732927	2025-08-09 08:00:00+00:00	[0.50,0.75)
DOGE/USDT	2025-08-09 12:15:00+00:00	A	0.45069444444444445	0.07135806531216585	2025-08-09 12:00:00+00:00	[0.25,0.50)
DOGE/USDT	2025-08-09 17:30:00+00:00	B	0.5885416666666666	0.07068937418513692	2025-08-09 16:00:00+00:00	[0.50,0.75)
SOL/USDT	2025-08-10 01:30:00+00:00	B	0.6670138888888889	0.047007156798959095	2025-08-10 00:00:00+00:00	[0.50,0.75)
LINK/USDT	2025-08-10 06:45:00+00:00	B	0.9868055555555556	0.0685840707964602	2025-08-10 04:00:00+00:00	[0.75,1.00]
LTC/USDT	2025-08-10 14:30:00+00:00	B	0.6756944444444445	0.04889425010052282	2025-08-10 12:00:00+00:00	[0.50,0.75)
ETH/USDT	2025-08-11 01:30:00+00:00	B	0.8048611111111111	0.0463395277169271	2025-08-11 00:00:00+00:00	[0.75,1.00]
XRP/USDT	2025-08-11 08:15:00+00:00	A	0.284375	0.0660573703737218	2025-08-11 08:00:00+00:00	[0.25,0.50)
AVAX/USDT	2025-08-11 16:00:00+00:00	B	0.7173611111111111	0.06897993311036797	2025-08-11 16:00:00+00:00	[0.50,0.75)
AVAX/USDT	2025-08-12 12:30:00+00:00	A	0.5322916666666667	0.08859686307757524	2025-08-12 12:00:00+00:00	[0.50,0.75)
XRP/USDT	2025-08-12 20:15:00+00:00	B	0.6927083333333334	0.04022482150994989	2025-08-12 20:00:00+00:00	[0.50,0.75)
SOL/USDT	2025-08-13 02:30:00+00:00	B	0.6954861111111111	0.05565711964249446	2025-08-13 00:00:00+00:00	[0.50,0.75)
BNB/USDT	2025-08-13 07:00:00+00:00	B	0.6118055555555556	0.0329892069450962	2025-08-13 04:00:00+00:00	[0.50,0.75)
XRP/USDT	2025-08-13 13:15:00+00:00	A	0.11875	0.108186958614052	2025-08-13 12:00:00+00:00	[0.10,0.25)
ADA/USDT	2025-08-14 00:00:00+00:00	B	0.9625	0.15217157021230748	2025-08-14 00:00:00+00:00	[0.75,1.00]
BNB/USDT	2025-08-14 06:30:00+00:00	B	0.5711805555555556	0.056483442712131154	2025-08-14 04:00:00+00:00	[0.50,0.75)
LINK/USDT	2025-08-16 15:00:00+00:00	B	0.6215277777777778	0.1712732215677389	2025-08-16 12:00:00+00:00	[0.50,0.75)
LINK/USDT	2025-08-17 03:30:00+00:00	B	0.7243055555555555	0.13936535162950256	2025-08-17 00:00:00+00:00	[0.50,0.75)
BTC/USDT	2025-08-17 04:45:00+00:00	B	0.43125	0.030277081451955016	2025-08-17 04:00:00+00:00	[0.25,0.50)
XRP/USDT	2025-08-17 15:30:00+00:00	A	0.01840277777777778	0.0659249577608468	2025-08-17 12:00:00+00:00	[0.00,0.05)
LINK/USDT	2025-08-20 14:30:00+00:00	B	0.6579861111111112	0.06004709576138152	2025-08-20 12:00:00+00:00	[0.50,0.75)
BNB/USDT	2025-08-20 19:00:00+00:00	B	0.9690972222222223	0.05460600364349458	2025-08-20 16:00:00+00:00	[0.75,1.00]
SOL/USDT	2025-08-21 03:00:00+00:00	A	0.3076388888888889	0.05267054468535156	2025-08-21 00:00:00+00:00	[0.25,0.50)
AVAX/USDT	2025-08-22 14:00:00+00:00	B	0.9559027777777778	0.14075630252100832	2025-08-22 12:00:00+00:00	[0.75,1.00]
XRP/USDT	2025-08-24 01:45:00+00:00	B	0.3579861111111111	0.050234252993232795	2025-08-24 00:00:00+00:00	[0.25,0.50)
ADA/USDT	2025-08-24 14:45:00+00:00	A	0.059375	0.12135006106361726	2025-08-24 12:00:00+00:00	[0.05,0.10)
ETH/USDT	2025-08-24 17:00:00+00:00	B	0.7690972222222222	0.08965614910809756	2025-08-24 16:00:00+00:00	[0.75,1.00]
LINK/USDT	2025-08-26 12:30:00+00:00	B	0.8579861111111111	0.044887780548628506	2025-08-26 12:00:00+00:00	[0.75,1.00]
SOL/USDT	2025-08-27 02:15:00+00:00	B	0.4375	0.07656226357996675	2025-08-27 00:00:00+00:00	[0.25,0.50)
ETH/USDT	2025-08-27 13:30:00+00:00	A	0.11805555555555555	0.042429482330055154	2025-08-27 12:00:00+00:00	[0.10,0.25)
SOL/USDT	2025-08-28 08:00:00+00:00	B	0.8152777777777778	0.05023191094619672	2025-08-28 08:00:00+00:00	[0.75,1.00]
LINK/USDT	2025-08-28 13:30:00+00:00	A	0.53125	0.11659192825112105	2025-08-28 12:00:00+00:00	[0.50,0.75)
ETH/USDT	2025-08-29 12:30:00+00:00	B	0.3548611111111111	0.036491531597159024	2025-08-29 12:00:00+00:00	[0.25,0.50)
LTC/USDT	2025-08-31 09:15:00+00:00	A	0.050694444444444445	0.04144660281084961	2025-08-31 08:00:00+00:00	[0.05,0.10)
ADA/USDT	2025-09-01 07:15:00+00:00	A	0.5809027777777778	0.07711019216735575	2025-09-01 04:00:00+00:00	[0.50,0.75)
BTC/USDT	2025-09-02 02:45:00+00:00	B	0.9211805555555556	0.03073870882039184	2025-09-02 00:00:00+00:00	[0.75,1.00]
BTC/USDT	2025-09-02 14:15:00+00:00	B	0.9569444444444445	0.015434519809906106	2025-09-02 12:00:00+00:00	[0.75,1.00]
BTC/USDT	2025-09-03 14:30:00+00:00	A	0.6048611111111111	0.025514689846250813	2025-09-03 12:00:00+00:00	[0.50,0.75)
LTC/USDT	2025-09-04 20:00:00+00:00	A	0.011111111111111112	0.044881675582555104	2025-09-04 20:00:00+00:00	[0.00,0.05)
BNB/USDT	2025-09-06 03:30:00+00:00	B	0.4600694444444444	0.01426958576300382	2025-09-06 00:00:00+00:00	[0.25,0.50)
DOGE/USDT	2025-09-06 23:15:00+00:00	B	0.5065972222222223	0.06223856584693173	2025-09-06 20:00:00+00:00	[0.50,0.75)
LTC/USDT	2025-09-07 05:45:00+00:00	A	0.08194444444444444	0.025004402183483036	2025-09-07 04:00:00+00:00	[0.05,0.10)
BNB/USDT	2025-09-07 08:00:00+00:00	A	0.16979166666666667	0.018748852579401544	2025-09-07 08:00:00+00:00	[0.10,0.25)
ADA/USDT	2025-09-07 12:15:00+00:00	A	0.08923611111111111	0.04025880661394689	2025-09-07 12:00:00+00:00	[0.05,0.10)
SOL/USDT	2025-09-07 22:45:00+00:00	B	0.7267361111111111	0.055625301786576584	2025-09-07 20:00:00+00:00	[0.50,0.75)
DOGE/USDT	2025-09-08 02:45:00+00:00	B	0.5909722222222222	0.05883112967828074	2025-09-08 00:00:00+00:00	[0.50,0.75)
BTC/USDT	2025-09-08 07:15:00+00:00	A	0.20972222222222223	0.01918345390778346	2025-09-08 04:00:00+00:00	[0.10,0.25)
LINK/USDT	2025-09-08 09:00:00+00:00	A	0.15763888888888888	0.045754509458865056	2025-09-08 08:00:00+00:00	[0.10,0.25)
BTC/USDT	2025-09-08 13:00:00+00:00	B	0.29444444444444445	0.019427836336443217	2025-09-08 12:00:00+00:00	[0.25,0.50)
LINK/USDT	2025-09-09 06:00:00+00:00	B	0.525	0.042020373514431324	2025-09-09 04:00:00+00:00	[0.50,0.75)
DOGE/USDT	2025-09-09 12:00:00+00:00	A	0.5121527777777778	0.054150598741627726	2025-09-09 12:00:00+00:00	[0.50,0.75)
LTC/USDT	2025-09-10 12:30:00+00:00	A	0.10069444444444445	0.0459376372419851	2025-09-10 12:00:00+00:00	[0.10,0.25)
DOGE/USDT	2025-09-10 16:45:00+00:00	B	0.5770833333333333	0.06754032258064512	2025-09-10 16:00:00+00:00	[0.50,0.75)
DOGE/USDT	2025-09-11 03:15:00+00:00	B	0.6645833333333333	0.08872216267714651	2025-09-11 00:00:00+00:00	[0.50,0.75)
XRP/USDT	2025-09-11 09:15:00+00:00	A	0.28715277777777776	0.040422721268163896	2025-09-11 08:00:00+00:00	[0.25,0.50)
SOL/USDT	2025-09-11 12:00:00+00:00	B	0.5621527777777777	0.0749177090190916	2025-09-11 12:00:00+00:00	[0.50,0.75)
BTC/USDT	2025-09-11 22:15:00+00:00	A	0.32916666666666666	0.016731102878931255	2025-09-11 20:00:00+00:00	[0.25,0.50)
SOL/USDT	2025-09-12 00:30:00+00:00	B	0.7208333333333333	0.05436042766971531	2025-09-12 00:00:00+00:00	[0.50,0.75)
BNB/USDT	2025-09-12 17:15:00+00:00	A	0.40243055555555557	0.0318172391586714	2025-09-12 16:00:00+00:00	[0.25,0.50)
XRP/USDT	2025-09-12 20:45:00+00:00	B	0.8864583333333333	0.032211584643463236	2025-09-12 20:00:00+00:00	[0.75,1.00]
ADA/USDT	2025-09-13 00:00:00+00:00	B	0.696875	0.04297001840025972	2025-09-13 00:00:00+00:00	[0.50,0.75)
LTC/USDT	2025-09-13 08:00:00+00:00	B	0.6590277777777778	0.042480387247538005	2025-09-13 08:00:00+00:00	[0.50,0.75)
DOGE/USDT	2025-09-13 13:15:00+00:00	B	0.9534722222222223	0.08340445086325737	2025-09-13 12:00:00+00:00	[0.75,1.00]
SOL/USDT	2025-09-14 01:45:00+00:00	B	0.596875	0.042515968916554736	2025-09-14 00:00:00+00:00	[0.50,0.75)
BTC/USDT	2025-09-15 04:15:00+00:00	B	0.5274305555555555	0.020472059746242017	2025-09-15 04:00:00+00:00	[0.50,0.75)
SOL/USDT	2025-09-16 15:45:00+00:00	B	0.6256944444444444	0.03259178266537702	2025-09-16 12:00:00+00:00	[0.50,0.75)
BNB/USDT	2025-09-16 17:00:00+00:00	B	0.93125	0.01779434371512201	2025-09-16 16:00:00+00:00	[0.75,1.00]
BTC/USDT	2025-09-17 05:45:00+00:00	B	0.42743055555555554	0.027113278905081896	2025-09-17 04:00:00+00:00	[0.25,0.50)
ADA/USDT	2025-09-17 17:30:00+00:00	A	0.35208333333333336	0.08279165241190557	2025-09-17 16:00:00+00:00	[0.25,0.50)
BNB/USDT	2025-09-18 08:00:00+00:00	B	0.6725694444444444	0.027296818027854688	2025-09-18 08:00:00+00:00	[0.50,0.75)
AVAX/USDT	2025-09-18 17:00:00+00:00	B	0.5920138888888888	0.067986993792492	2025-09-18 16:00:00+00:00	[0.50,0.75)
BNB/USDT	2025-09-20 08:30:00+00:00	B	0.5940972222222223	0.08944832882833467	2025-09-20 08:00:00+00:00	[0.50,0.75)
BNB/USDT	2025-09-20 21:30:00+00:00	B	0.8809027777777778	0.04750710063713824	2025-09-20 20:00:00+00:00	[0.75,1.00]
BNB/USDT	2025-09-21 01:45:00+00:00	B	0.9878472222222222	0.05466942765465276	2025-09-21 00:00:00+00:00	[0.75,1.00]
LTC/USDT	2025-09-21 10:00:00+00:00	B	0.5489583333333333	0.12034087974520104	2025-09-21 08:00:00+00:00	[0.50,0.75)
AVAX/USDT	2025-09-23 03:30:00+00:00	B	0.9489583333333333	0.08062678062678058	2025-09-23 00:00:00+00:00	[0.75,1.00]
XRP/USDT	2025-09-24 19:45:00+00:00	B	0.7315972222222222	0.08571524535653104	2025-09-24 16:00:00+00:00	[0.50,0.75)
AVAX/USDT	2025-09-28 13:45:00+00:00	B	0.7565972222222223	0.05570934256055362	2025-09-28 12:00:00+00:00	[0.75,1.00]
ADA/USDT	2025-09-28 16:00:00+00:00	B	0.8944444444444445	0.04103150406504064	2025-09-28 16:00:00+00:00	[0.75,1.00]
ETH/USDT	2025-09-28 22:00:00+00:00	A	0.5135416666666667	0.03756746908100195	2025-09-28 20:00:00+00:00	[0.50,0.75)
DOGE/USDT	2025-09-29 13:30:00+00:00	B	0.4395833333333333	0.04459581030715847	2025-09-29 12:00:00+00:00	[0.25,0.50)
BTC/USDT	2025-10-01 08:15:00+00:00	B	0.48125	0.0379451458000368	2025-10-01 08:00:00+00:00	[0.25,0.50)
LTC/USDT	2025-10-01 22:45:00+00:00	B	0.9149305555555556	0.07609925990422285	2025-10-01 20:00:00+00:00	[0.75,1.00]
BNB/USDT	2025-10-02 06:30:00+00:00	B	0.4201388888888889	0.07617313565118558	2025-10-02 04:00:00+00:00	[0.25,0.50)
BTC/USDT	2025-10-02 16:00:00+00:00	B	0.8590277777777777	0.033710017269963886	2025-10-02 16:00:00+00:00	[0.75,1.00]
BNB/USDT	2025-10-02 20:30:00+00:00	B	0.9302083333333333	0.09318642817628635	2025-10-02 20:00:00+00:00	[0.75,1.00]
BNB/USDT	2025-10-03 03:00:00+00:00	B	0.7701388888888889	0.0981753738765621	2025-10-03 00:00:00+00:00	[0.75,1.00]
BNB/USDT	2025-10-03 13:15:00+00:00	B	0.8760416666666667	0.0648416513502051	2025-10-03 12:00:00+00:00	[0.75,1.00]
LTC/USDT	2025-10-03 17:15:00+00:00	B	0.9659722222222222	0.06099360550909983	2025-10-03 16:00:00+00:00	[0.75,1.00]
BTC/USDT	2025-10-05 02:15:00+00:00	A	0.30277777777777776	0.02773041574338166	2025-10-05 00:00:00+00:00	[0.25,0.50)
DOGE/USDT	2025-10-05 04:45:00+00:00	B	0.9572916666666667	0.0556571428571429	2025-10-05 04:00:00+00:00	[0.75,1.00]
AVAX/USDT	2025-10-05 23:45:00+00:00	A	0.0642361111111111	0.03624875290987695	2025-10-05 20:00:00+00:00	[0.05,0.10)
BNB/USDT	2025-10-06 01:15:00+00:00	B	0.7746527777777777	0.05776905905431928	2025-10-06 00:00:00+00:00	[0.75,1.00]
BNB/USDT	2025-10-06 06:00:00+00:00	B	0.8215277777777777	0.05645550251966679	2025-10-06 04:00:00+00:00	[0.75,1.00]
BNB/USDT	2025-10-06 12:00:00+00:00	B	0.8340277777777778	0.11797068990700628	2025-10-06 12:00:00+00:00	[0.75,1.00]
BTC/USDT	2025-10-06 18:45:00+00:00	B	0.796875	0.04412124384518901	2025-10-06 16:00:00+00:00	[0.75,1.00]
LINK/USDT	2025-10-07 01:00:00+00:00	A	0.21145833333333333	0.08216857263871247	2025-10-07 00:00:00+00:00	[0.10,0.25)
BNB/USDT	2025-10-07 05:15:00+00:00	B	0.9326388888888889	0.09380774491844716	2025-10-07 04:00:00+00:00	[0.75,1.00]
BNB/USDT	2025-10-07 10:30:00+00:00	B	0.98125	0.06912699211281992	2025-10-07 08:00:00+00:00	[0.75,1.00]
LTC/USDT	2025-10-08 16:45:00+00:00	B	0.5361111111111111	0.038755736868944436	2025-10-08 16:00:00+00:00	[0.50,0.75)
LTC/USDT	2025-10-09 00:45:00+00:00	A	0.16284722222222223	0.1191056568882913	2025-10-09 00:00:00+00:00	[0.10,0.25)
BTC/USDT	2025-10-09 12:30:00+00:00	B	0.9465277777777777	0.03243180285294582	2025-10-09 12:00:00+00:00	[0.75,1.00]
LTC/USDT	2025-10-10 03:15:00+00:00	B	0.9666666666666667	0.6318185266671724	2025-10-10 00:00:00+00:00	[0.75,1.00]
SOL/USDT	2025-10-10 13:30:00+00:00	B	0.6576388888888889	0.24831495781814933	2025-10-10 12:00:00+00:00	[0.50,0.75)
BNB/USDT	2025-10-12 08:30:00+00:00	B	0.9524305555555556	0.17624913284039181	2025-10-12 08:00:00+00:00	[0.75,1.00]
ADA/USDT	2025-10-12 14:45:00+00:00	B	0.7597222222222222	0.10517554479418886	2025-10-12 12:00:00+00:00	[0.75,1.00]
SOL/USDT	2025-10-13 16:45:00+00:00	B	0.9177083333333333	0.10107978404319136	2025-10-13 16:00:00+00:00	[0.75,1.00]
XRP/USDT	2025-10-17 01:00:00+00:00	B	0.8611111111111112	0.0803338110090196	2025-10-17 00:00:00+00:00	[0.75,1.00]
BTC/USDT	2025-10-19 09:45:00+00:00	B	0.5965277777777778	0.04357184310419581	2025-10-19 08:00:00+00:00	[0.50,0.75)
ETH/USDT	2025-10-19 13:45:00+00:00	B	0.7895833333333333	0.0444511017740665	2025-10-19 12:00:00+00:00	[0.75,1.00]
BTC/USDT	2025-10-20 03:45:00+00:00	B	0.86875	0.02409060238898679	2025-10-20 00:00:00+00:00	[0.75,1.00]
LINK/USDT	2025-10-20 06:15:00+00:00	B	0.9708333333333333	0.08310700706137975	2025-10-20 04:00:00+00:00	[0.75,1.00]
XRP/USDT	2025-10-20 19:30:00+00:00	B	0.8319444444444445	0.060240485733560924	2025-10-20 16:00:00+00:00	[0.75,1.00]
BTC/USDT	2025-10-21 10:45:00+00:00	A	0.3854166666666667	0.05889424805040684	2025-10-21 08:00:00+00:00	[0.25,0.50)
AVAX/USDT	2025-10-21 14:45:00+00:00	B	0.6805555555555556	0.08422590068159691	2025-10-21 12:00:00+00:00	[0.50,0.75)
LTC/USDT	2025-10-22 16:45:00+00:00	B	0.6256944444444444	0.053630100688924244	2025-10-22 16:00:00+00:00	[0.50,0.75)
BNB/USDT	2025-10-23 08:00:00+00:00	B	0.8138888888888889	0.0760743632247831	2025-10-23 08:00:00+00:00	[0.75,1.00]
BNB/USDT	2025-10-23 15:00:00+00:00	B	0.8128472222222223	0.051078940180278636	2025-10-23 12:00:00+00:00	[0.75,1.00]
ETH/USDT	2025-10-24 12:30:00+00:00	A	0.17048611111111112	0.028336090675490228	2025-10-24 12:00:00+00:00	[0.10,0.25)
DOGE/USDT	2025-10-25 01:00:00+00:00	A	0.012847222222222222	0.020737907082096	2025-10-25 00:00:00+00:00	[0.00,0.05)
ETH/USDT	2025-10-25 18:30:00+00:00	A	0.10972222222222222	0.04543194295450249	2025-10-25 16:00:00+00:00	[0.10,0.25)
AVAX/USDT	2025-10-26 08:00:00+00:00	B	0.7055555555555556	0.061285500747384175	2025-10-26 08:00:00+00:00	[0.50,0.75)
AVAX/USDT	2025-10-26 13:00:00+00:00	B	0.7552083333333334	0.04880429477794046	2025-10-26 12:00:00+00:00	[0.75,1.00]
ADA/USDT	2025-10-26 22:00:00+00:00	A	0.37881944444444443	0.04223493180818293	2025-10-26 20:00:00+00:00	[0.25,0.50)
BNB/USDT	2025-10-27 02:00:00+00:00	B	0.6371527777777778	0.044097745981123	2025-10-27 00:00:00+00:00	[0.50,0.75)
LTC/USDT	2025-10-27 15:00:00+00:00	A	0.43125	0.09788333498956582	2025-10-27 12:00:00+00:00	[0.25,0.50)
XRP/USDT	2025-10-28 13:00:00+00:00	B	0.3920138888888889	0.04467981949054568	2025-10-28 12:00:00+00:00	[0.25,0.50)
BNB/USDT	2025-10-30 10:15:00+00:00	A	0.1986111111111111	0.0726757107551162	2025-10-30 08:00:00+00:00	[0.10,0.25)
LINK/USDT	2025-10-31 01:00:00+00:00	B	0.5600694444444444	0.04068396226415102	2025-10-31 00:00:00+00:00	[0.50,0.75)
BTC/USDT	2025-10-31 14:45:00+00:00	B	0.5204861111111111	0.02306161902133168	2025-10-31 12:00:00+00:00	[0.50,0.75)
LTC/USDT	2025-11-01 06:45:00+00:00	A	0.45694444444444443	0.07069776959279718	2025-11-01 04:00:00+00:00	[0.25,0.50)
LTC/USDT	2025-11-01 15:00:00+00:00	A	0.1798611111111111	0.05801327166700177	2025-11-01 12:00:00+00:00	[0.10,0.25)
BTC/USDT	2025-11-02 04:00:00+00:00	A	0.001736111111111111	0.033931581241599666	2025-11-02 04:00:00+00:00	[0.00,0.05)
XRP/USDT	2025-11-02 11:30:00+00:00	A	0.3371527777777778	0.06733147501079659	2025-11-02 08:00:00+00:00	[0.25,0.50)
ETH/USDT	2025-11-02 23:30:00+00:00	A	0.36701388888888886	0.09162847211541415	2025-11-02 20:00:00+00:00	[0.25,0.50)
SOL/USDT	2025-11-06 13:15:00+00:00	B	0.3951388888888889	0.06583773702207027	2025-11-06 12:00:00+00:00	[0.25,0.50)
LINK/USDT	2025-11-07 15:00:00+00:00	B	0.7548611111111111	0.09230769230769237	2025-11-07 12:00:00+00:00	[0.75,1.00]
AVAX/USDT	2025-11-07 16:15:00+00:00	B	0.909375	0.08090803259604194	2025-11-07 16:00:00+00:00	[0.75,1.00]
LTC/USDT	2025-11-08 18:00:00+00:00	B	0.596875	0.1112545942187345	2025-11-08 16:00:00+00:00	[0.50,0.75)
LTC/USDT	2025-11-09 10:45:00+00:00	B	0.8472222222222222	0.12047393364928904	2025-11-09 08:00:00+00:00	[0.75,1.00]
ETH/USDT	2025-11-09 12:15:00+00:00	B	0.40902777777777777	0.0635313914355344	2025-11-09 12:00:00+00:00	[0.25,0.50)
BTC/USDT	2025-11-09 18:45:00+00:00	B	0.5354166666666667	0.024987597195172108	2025-11-09 16:00:00+00:00	[0.50,0.75)
XRP/USDT	2025-11-09 23:00:00+00:00	B	0.5399305555555556	0.099058396318034	2025-11-09 20:00:00+00:00	[0.50,0.75)
XRP/USDT	2025-11-10 03:30:00+00:00	B	0.925	0.057027463651050075	2025-11-10 00:00:00+00:00	[0.75,1.00]
SOL/USDT	2025-11-11 01:15:00+00:00	B	0.475	0.10865060098288824	2025-11-11 00:00:00+00:00	[0.25,0.50)
LINK/USDT	2025-11-12 08:30:00+00:00	A	0.346875	0.0850383631713555	2025-11-12 08:00:00+00:00	[0.25,0.50)
BNB/USDT	2025-11-14 14:30:00+00:00	B	0.8375	0.03370106646209041	2025-11-14 12:00:00+00:00	[0.75,1.00]
ETH/USDT	2025-11-15 17:45:00+00:00	B	0.33576388888888886	0.06936257966587765	2025-11-15 16:00:00+00:00	[0.25,0.50)
AVAX/USDT	2025-11-16 09:45:00+00:00	A	0.14965277777777777	0.0782828282828283	2025-11-16 08:00:00+00:00	[0.10,0.25)
LTC/USDT	2025-11-18 03:30:00+00:00	B	0.5923611111111111	0.05991179950521666	2025-11-18 00:00:00+00:00	[0.50,0.75)
LINK/USDT	2025-11-18 15:15:00+00:00	B	0.5774305555555556	0.06409322651128921	2025-11-18 12:00:00+00:00	[0.50,0.75)
SOL/USDT	2025-11-19 21:15:00+00:00	B	0.7048611111111112	0.10151267981610557	2025-11-19 20:00:00+00:00	[0.50,0.75)
SOL/USDT	2025-11-20 02:00:00+00:00	B	0.9440972222222223	0.09530107901148623	2025-11-20 00:00:00+00:00	[0.75,1.00]
BNB/USDT	2025-11-22 22:45:00+00:00	A	0.2642361111111111	0.02679829063910049	2025-11-22 20:00:00+00:00	[0.25,0.50)
SOL/USDT	2025-11-23 01:30:00+00:00	B	0.5916666666666667	0.041933740057147104	2025-11-23 00:00:00+00:00	[0.50,0.75)
ADA/USDT	2025-11-23 12:00:00+00:00	B	0.3295138888888889	0.04303675048355895	2025-11-23 12:00:00+00:00	[0.25,0.50)
DOGE/USDT	2025-11-24 02:00:00+00:00	B	0.6746527777777778	0.07541824069077169	2025-11-24 00:00:00+00:00	[0.50,0.75)
BNB/USDT	2025-11-24 05:00:00+00:00	B	0.7128472222222222	0.054091004697468935	2025-11-24 04:00:00+00:00	[0.50,0.75)
XRP/USDT	2025-11-24 13:00:00+00:00	B	0.4510416666666667	0.11346227499042517	2025-11-24 12:00:00+00:00	[0.25,0.50)
ADA/USDT	2025-11-24 17:15:00+00:00	B	0.8631944444444445	0.069860750531036	2025-11-24 16:00:00+00:00	[0.75,1.00]
DOGE/USDT	2025-11-25 23:00:00+00:00	B	0.7670138888888889	0.052913813154154304	2025-11-25 20:00:00+00:00	[0.75,1.00]
BNB/USDT	2025-11-26 17:00:00+00:00	B	0.7736111111111111	0.033713888160220876	2025-11-26 16:00:00+00:00	[0.75,1.00]
DOGE/USDT	2025-11-28 08:45:00+00:00	A	0.3729166666666667	0.04758796266074822	2025-11-28 08:00:00+00:00	[0.25,0.50)
BNB/USDT	2025-11-28 13:45:00+00:00	A	0.27534722222222224	0.03479924794464157	2025-11-28 12:00:00+00:00	[0.25,0.50)
ADA/USDT	2025-11-30 03:30:00+00:00	A	0.03854166666666667	0.10377809660449544	2025-11-30 00:00:00+00:00	[0.00,0.05)
BTC/USDT	2025-11-30 08:15:00+00:00	A	0.049305555555555554	0.07016122247073077	2025-11-30 08:00:00+00:00	[0.00,0.05)
BTC/USDT	2025-11-30 13:15:00+00:00	A	0.20833333333333334	0.07766671286458018	2025-11-30 12:00:00+00:00	[0.10,0.25)
LINK/USDT	2025-12-02 13:15:00+00:00	B	0.6427083333333333	0.18299595141700403	2025-12-02 12:00:00+00:00	[0.50,0.75)
BNB/USDT	2025-12-03 05:45:00+00:00	B	0.7003472222222222	0.044854734974495505	2025-12-03 04:00:00+00:00	[0.50,0.75)
AVAX/USDT	2025-12-03 14:30:00+00:00	B	0.375	0.07233146067415726	2025-12-03 12:00:00+00:00	[0.25,0.50)
ETH/USDT	2025-12-04 15:30:00+00:00	B	0.3663194444444444	0.04934657703422814	2025-12-04 12:00:00+00:00	[0.25,0.50)
XRP/USDT	2025-12-05 15:00:00+00:00	A	0.12013888888888889	0.03977572243254888	2025-12-05 12:00:00+00:00	[0.10,0.25)
LTC/USDT	2025-12-06 18:00:00+00:00	A	0.29965277777777777	0.04117432086734084	2025-12-06 16:00:00+00:00	[0.25,0.50)
ETH/USDT	2025-12-07 17:15:00+00:00	B	0.9375	0.05372530449600723	2025-12-07 16:00:00+00:00	[0.75,1.00]
ADA/USDT	2025-12-08 14:30:00+00:00	B	0.40694444444444444	0.0717539863325741	2025-12-08 12:00:00+00:00	[0.25,0.50)
AVAX/USDT	2025-12-09 15:00:00+00:00	B	0.3194444444444444	0.07585703865791399	2025-12-09 12:00:00+00:00	[0.25,0.50)
ADA/USDT	2025-12-09 16:00:00+00:00	B	0.9850694444444444	0.05441176470588243	2025-12-09 16:00:00+00:00	[0.75,1.00]
ETH/USDT	2025-12-10 18:30:00+00:00	B	0.6833333333333333	0.08902926981620178	2025-12-10 16:00:00+00:00	[0.50,0.75)
AVAX/USDT	2025-12-10 20:00:00+00:00	B	0.7972222222222223	0.1314363143631436	2025-12-10 20:00:00+00:00	[0.75,1.00]
BTC/USDT	2025-12-11 21:00:00+00:00	B	0.8951388888888889	0.04407244536639073	2025-12-11 20:00:00+00:00	[0.75,1.00]
BNB/USDT	2025-12-13 15:00:00+00:00	A	0.25381944444444443	0.022682753094114497	2025-12-13 12:00:00+00:00	[0.25,0.50)
AVAX/USDT	2025-12-15 01:30:00+00:00	B	0.4201388888888889	0.09035222052067379	2025-12-15 00:00:00+00:00	[0.25,0.50)
LTC/USDT	2025-12-16 15:45:00+00:00	B	0.6979166666666666	0.03952668680765358	2025-12-16 12:00:00+00:00	[0.50,0.75)
BTC/USDT	2025-12-17 14:45:00+00:00	B	0.8746527777777777	0.05633456499157806	2025-12-17 12:00:00+00:00	[0.75,1.00]
XRP/USDT	2025-12-18 13:30:00+00:00	B	0.8097222222222222	0.08497992805380326	2025-12-18 12:00:00+00:00	[0.75,1.00]
XRP/USDT	2025-12-19 03:15:00+00:00	B	0.8809027777777778	0.051917019658955094	2025-12-19 00:00:00+00:00	[0.75,1.00]
BTC/USDT	2025-12-19 07:00:00+00:00	B	0.8600694444444444	0.028971050730223463	2025-12-19 04:00:00+00:00	[0.75,1.00]
ADA/USDT	2025-12-21 08:30:00+00:00	A	0.08576388888888889	0.047913862718708046	2025-12-21 08:00:00+00:00	[0.05,0.10)
AVAX/USDT	2025-12-22 00:00:00+00:00	B	0.7184027777777777	0.03571428571428567	2025-12-22 00:00:00+00:00	[0.50,0.75)
BNB/USDT	2025-12-22 08:00:00+00:00	A	0.2746527777777778	0.0277565217391305	2025-12-22 08:00:00+00:00	[0.25,0.50)
DOGE/USDT	2025-12-24 16:30:00+00:00	B	0.41875	0.02921801131519798	2025-12-24 16:00:00+00:00	[0.25,0.50)
ADA/USDT	2025-12-25 15:15:00+00:00	A	0.058333333333333334	0.05854072398190044	2025-12-25 12:00:00+00:00	[0.05,0.10)
BTC/USDT	2025-12-26 02:15:00+00:00	B	0.8465277777777778	0.03271922878566902	2025-12-26 00:00:00+00:00	[0.75,1.00]
AVAX/USDT	2025-12-27 15:45:00+00:00	A	0.13784722222222223	0.03187250996015939	2025-12-27 12:00:00+00:00	[0.10,0.25)
ADA/USDT	2025-12-27 20:00:00+00:00	A	0.40381944444444445	0.04410143329658218	2025-12-27 20:00:00+00:00	[0.25,0.50)
BNB/USDT	2025-12-28 11:00:00+00:00	B	0.5659722222222222	0.028778242383780236	2025-12-28 08:00:00+00:00	[0.50,0.75)
BTC/USDT	2025-12-28 22:45:00+00:00	A	0.1527777777777778	0.0409508113131625	2025-12-28 20:00:00+00:00	[0.10,0.25)
DOGE/USDT	2025-12-29 01:30:00+00:00	B	0.7916666666666666	0.045939490445859855	2025-12-29 00:00:00+00:00	[0.75,1.00]
ETH/USDT	2025-12-30 08:00:00+00:00	B	0.5486111111111112	0.021760368293564217	2025-12-30 08:00:00+00:00	[0.50,0.75)
BTC/USDT	2025-12-30 14:45:00+00:00	A	0.4791666666666667	0.01702982689444356	2025-12-30 12:00:00+00:00	[0.25,0.50)
BNB/USDT	2025-12-31 05:30:00+00:00	A	0.18958333333333333	0.02246865847870625	2025-12-31 04:00:00+00:00	[0.10,0.25)
XRP/USDT	2025-12-31 11:30:00+00:00	A	0.10347222222222222	0.03760438274559863	2025-12-31 08:00:00+00:00	[0.10,0.25)
BNB/USDT	2025-12-31 14:00:00+00:00	A	0.43506944444444445	0.02199371608111968	2025-12-31 12:00:00+00:00	[0.25,0.50)
LTC/USDT	2026-01-01 15:30:00+00:00	B	0.6510416666666666	0.03328252032520331	2026-01-01 12:00:00+00:00	[0.50,0.75)
AVAX/USDT	2026-01-01 17:00:00+00:00	B	0.75	0.10150674068199837	2026-01-01 16:00:00+00:00	[0.75,1.00]
BTC/USDT	2026-01-01 22:00:00+00:00	A	0.19583333333333333	0.02916901416565707	2026-01-01 20:00:00+00:00	[0.10,0.25)
LINK/USDT	2026-01-02 03:00:00+00:00	B	0.3541666666666667	0.0557299843014128	2026-01-02 00:00:00+00:00	[0.25,0.50)
BTC/USDT	2026-01-02 09:45:00+00:00	B	0.5784722222222223	0.027963841992808	2026-01-02 08:00:00+00:00	[0.50,0.75)
LTC/USDT	2026-01-02 14:30:00+00:00	B	0.44583333333333336	0.03711980136561136	2026-01-02 12:00:00+00:00	[0.25,0.50)
BTC/USDT	2026-01-02 16:15:00+00:00	B	0.6361111111111111	0.01829753425235565	2026-01-02 16:00:00+00:00	[0.50,0.75)
AVAX/USDT	2026-01-03 03:30:00+00:00	B	0.7944444444444444	0.05126404494382025	2026-01-03 00:00:00+00:00	[0.75,1.00]
LINK/USDT	2026-01-04 00:00:00+00:00	A	0.38645833333333335	0.02398800599700152	2026-01-04 00:00:00+00:00	[0.25,0.50)
LINK/USDT	2026-01-04 12:15:00+00:00	B	0.5118055555555555	0.04212860310421288	2026-01-04 12:00:00+00:00	[0.50,0.75)
BNB/USDT	2026-01-04 16:00:00+00:00	A	0.3663194444444444	0.020634618186709072	2026-01-04 16:00:00+00:00	[0.25,0.50)
AVAX/USDT	2026-01-04 21:00:00+00:00	B	0.6506944444444445	0.04320557491289193	2026-01-04 20:00:00+00:00	[0.50,0.75)
SOL/USDT	2026-01-05 00:00:00+00:00	A	0.1840277777777778	0.04971020954079356	2026-01-05 00:00:00+00:00	[0.10,0.25)
ADA/USDT	2026-01-05 14:30:00+00:00	B	0.5902777777777778	0.08943089430894309	2026-01-05 12:00:00+00:00	[0.50,0.75)
DOGE/USDT	2026-01-05 17:45:00+00:00	B	0.9038194444444444	0.08522875816993461	2026-01-05 16:00:00+00:00	[0.75,1.00]
XRP/USDT	2026-01-05 20:00:00+00:00	B	1.0	0.09161423769714715	2026-01-05 20:00:00+00:00	[0.75,1.00]
ETH/USDT	2026-01-06 14:00:00+00:00	B	0.6197916666666666	0.03834598403751859	2026-01-06 12:00:00+00:00	[0.50,0.75)
BTC/USDT	2026-01-06 21:15:00+00:00	B	0.8340277777777778	0.03332587685128012	2026-01-06 20:00:00+00:00	[0.75,1.00]
ETH/USDT	2026-01-07 23:15:00+00:00	B	0.5152777777777777	0.040914667028278166	2026-01-07 20:00:00+00:00	[0.50,0.75)
LINK/USDT	2026-01-09 15:15:00+00:00	B	0.7010416666666667	0.029147982062780176	2026-01-09 12:00:00+00:00	[0.50,0.75)
ETH/USDT	2026-01-11 12:45:00+00:00	A	0.2267361111111111	0.025335885118298238	2026-01-11 12:00:00+00:00	[0.10,0.25)
SOL/USDT	2026-01-11 16:15:00+00:00	B	0.8652777777777778	0.049269162210338655	2026-01-11 16:00:00+00:00	[0.75,1.00]
SOL/USDT	2026-01-12 00:15:00+00:00	B	0.7222222222222222	0.04307036247334757	2026-01-12 00:00:00+00:00	[0.50,0.75)
BNB/USDT	2026-01-13 07:00:00+00:00	B	0.70625	0.053046626343939016	2026-01-13 04:00:00+00:00	[0.50,0.75)
AVAX/USDT	2026-01-13 13:30:00+00:00	A	0.20173611111111112	0.07343412526997836	2026-01-13 12:00:00+00:00	[0.10,0.25)
BNB/USDT	2026-01-13 18:00:00+00:00	B	0.9743055555555555	0.027890823088232108	2026-01-13 16:00:00+00:00	[0.75,1.00]
SOL/USDT	2026-01-13 22:00:00+00:00	B	0.7892361111111111	0.0344733800231182	2026-01-13 20:00:00+00:00	[0.75,1.00]
LTC/USDT	2026-01-14 15:15:00+00:00	B	0.9180555555555555	0.09444030776867726	2026-01-14 12:00:00+00:00	[0.75,1.00]
ADA/USDT	2026-01-15 09:30:00+00:00	A	0.22569444444444445	0.05466633834031026	2026-01-15 08:00:00+00:00	[0.10,0.25)
LTC/USDT	2026-01-16 18:15:00+00:00	B	0.8565972222222222	0.039484396200814065	2026-01-16 16:00:00+00:00	[0.75,1.00]
BNB/USDT	2026-01-17 15:15:00+00:00	A	0.06319444444444444	0.017325816312499336	2026-01-17 12:00:00+00:00	[0.05,0.10)
ETH/USDT	2026-01-18 18:15:00+00:00	B	0.5239583333333333	0.0568491745062058	2026-01-18 16:00:00+00:00	[0.50,0.75)
DOGE/USDT	2026-01-20 14:30:00+00:00	B	0.421875	0.03996840442338069	2026-01-20 12:00:00+00:00	[0.25,0.50)
XRP/USDT	2026-01-21 14:00:00+00:00	B	0.7493055555555556	0.06198132780082985	2026-01-21 12:00:00+00:00	[0.50,0.75)
ETH/USDT	2026-01-21 19:45:00+00:00	B	0.996875	0.049647200513162834	2026-01-21 16:00:00+00:00	[0.75,1.00]
AVAX/USDT	2026-01-23 04:00:00+00:00	B	0.40208333333333335	0.04136253041362529	2026-01-23 04:00:00+00:00	[0.25,0.50)
BTC/USDT	2026-01-23 15:45:00+00:00	B	0.6479166666666667	0.022874366892483382	2026-01-23 12:00:00+00:00	[0.50,0.75)
SOL/USDT	2026-01-23 16:00:00+00:00	B	0.7482638888888888	0.028482490272373404	2026-01-23 16:00:00+00:00	[0.50,0.75)
LTC/USDT	2026-01-25 09:15:00+00:00	A	0.16493055555555555	0.07445573294629891	2026-01-25 08:00:00+00:00	[0.10,0.25)
LTC/USDT	2026-01-26 14:30:00+00:00	A	0.6517361111111111	0.021273537444300765	2026-01-26 12:00:00+00:00	[0.50,0.75)
BNB/USDT	2026-01-27 15:00:00+00:00	B	0.5305555555555556	0.030720422702177775	2026-01-27 12:00:00+00:00	[0.50,0.75)
ADA/USDT	2026-01-27 16:00:00+00:00	A	0.5548611111111111	0.04438202247191006	2026-01-27 16:00:00+00:00	[0.50,0.75)
XRP/USDT	2026-01-27 20:15:00+00:00	B	0.8184027777777778	0.0250778816199377	2026-01-27 20:00:00+00:00	[0.75,1.00]
BTC/USDT	2026-01-28 11:45:00+00:00	B	0.7270833333333333	0.032149200710479574	2026-01-28 08:00:00+00:00	[0.50,0.75)
BNB/USDT	2026-01-29 07:15:00+00:00	B	0.5944444444444444	0.0786073500967118	2026-01-29 04:00:00+00:00	[0.50,0.75)
DOGE/USDT	2026-02-03 15:45:00+00:00	B	0.8517361111111111	0.07506580738858128	2026-02-03 12:00:00+00:00	[0.75,1.00]
BNB/USDT	2026-02-07 16:00:00+00:00	B	0.6913194444444445	0.02774806616131079	2026-02-07 16:00:00+00:00	[0.50,0.75)
ETH/USDT	2026-02-09 17:30:00+00:00	B	0.909375	0.07427716381785086	2026-02-09 16:00:00+00:00	[0.75,1.00]
AVAX/USDT	2026-02-11 02:15:00+00:00	B	0.5319444444444444	0.06081081081081091	2026-02-11 00:00:00+00:00	[0.50,0.75)
ETH/USDT	2026-02-11 14:00:00+00:00	B	0.6805555555555556	0.05156856678012114	2026-02-11 12:00:00+00:00	[0.50,0.75)
AVAX/USDT	2026-02-13 14:30:00+00:00	A	0.3003472222222222	0.04793756967670008	2026-02-13 12:00:00+00:00	[0.25,0.50)
LINK/USDT	2026-02-14 01:45:00+00:00	A	0.2722222222222222	0.04735062006764394	2026-02-14 00:00:00+00:00	[0.25,0.50)
DOGE/USDT	2026-02-14 09:30:00+00:00	B	0.46145833333333336	0.20357873210633945	2026-02-14 08:00:00+00:00	[0.25,0.50)
SOL/USDT	2026-02-14 16:30:00+00:00	B	0.5229166666666667	0.05230244457077895	2026-02-14 16:00:00+00:00	[0.50,0.75)
DOGE/USDT	2026-02-14 21:00:00+00:00	B	0.9628472222222222	0.13778892671564227	2026-02-14 20:00:00+00:00	[0.75,1.00]
BTC/USDT	2026-02-15 04:00:00+00:00	B	0.5204861111111111	0.042357418228031435	2026-02-15 04:00:00+00:00	[0.50,0.75)
ADA/USDT	2026-02-17 07:30:00+00:00	A	0.28194444444444444	0.04350828729281768	2026-02-17 04:00:00+00:00	[0.25,0.50)
DOGE/USDT	2026-02-17 16:00:00+00:00	B	0.7479166666666667	0.0426383061762123	2026-02-17 16:00:00+00:00	[0.50,0.75)
BNB/USDT	2026-02-18 15:30:00+00:00	B	0.6059027777777778	0.04086461082855853	2026-02-18 12:00:00+00:00	[0.50,0.75)
BTC/USDT	2026-02-20 05:30:00+00:00	A	0.22152777777777777	0.0300130304489004	2026-02-20 04:00:00+00:00	[0.10,0.25)
LTC/USDT	2026-02-20 15:15:00+00:00	B	0.7402777777777778	0.028691520467836264	2026-02-20 12:00:00+00:00	[0.50,0.75)
SOL/USDT	2026-02-21 14:15:00+00:00	A	0.29791666666666666	0.035942028985507184	2026-02-21 12:00:00+00:00	[0.25,0.50)
LTC/USDT	2026-02-21 16:15:00+00:00	B	0.525	0.054919499105545624	2026-02-21 16:00:00+00:00	[0.50,0.75)
XRP/USDT	2026-02-22 22:15:00+00:00	A	0.1232638888888889	0.06780753257912073	2026-02-22 20:00:00+00:00	[0.10,0.25)
XRP/USDT	2026-02-25 01:00:00+00:00	B	0.6052083333333333	0.10153935101539356	2026-02-25 00:00:00+00:00	[0.50,0.75)
AVAX/USDT	2026-02-25 11:15:00+00:00	B	0.9222222222222223	0.10538116591928245	2026-02-25 08:00:00+00:00	[0.75,1.00]
ADA/USDT	2026-02-25 14:00:00+00:00	B	0.9333333333333333	0.1117792713123453	2026-02-25 12:00:00+00:00	[0.75,1.00]
ADA/USDT	2026-02-25 19:45:00+00:00	B	0.8767361111111112	0.10369881109643322	2026-02-25 16:00:00+00:00	[0.75,1.00]
ETH/USDT	2026-02-25 21:30:00+00:00	B	0.5430555555555555	0.06633513308705122	2026-02-25 20:00:00+00:00	[0.50,0.75)
SOL/USDT	2026-02-28 13:45:00+00:00	B	0.6204861111111111	0.11483727261477542	2026-02-28 12:00:00+00:00	[0.50,0.75)
ETH/USDT	2026-03-01 01:45:00+00:00	A	0.5878472222222222	0.0732423622015942	2026-03-01 00:00:00+00:00	[0.50,0.75)
LINK/USDT	2026-03-01 13:45:00+00:00	A	0.2590277777777778	0.05803571428571443	2026-03-01 12:00:00+00:00	[0.25,0.50)
XRP/USDT	2026-03-02 14:30:00+00:00	B	0.40347222222222223	0.06191451990632319	2026-03-02 12:00:00+00:00	[0.25,0.50)
SOL/USDT	2026-03-03 16:00:00+00:00	B	0.75	0.10427528675703858	2026-03-03 16:00:00+00:00	[0.75,1.00]
AVAX/USDT	2026-03-04 08:45:00+00:00	B	0.8208333333333333	0.05756929637526643	2026-03-04 08:00:00+00:00	[0.75,1.00]
XRP/USDT	2026-03-04 15:15:00+00:00	B	0.7510416666666667	0.04472247183244624	2026-03-04 12:00:00+00:00	[0.75,1.00]
AVAX/USDT	2026-03-06 21:00:00+00:00	A	0.09409722222222222	0.023307436182020073	2026-03-06 20:00:00+00:00	[0.05,0.10)
LTC/USDT	2026-03-07 08:00:00+00:00	A	0.165625	0.03033105233955984	2026-03-07 08:00:00+00:00	[0.10,0.25)
XRP/USDT	2026-03-08 10:15:00+00:00	A	0.3159722222222222	0.035135135135135	2026-03-08 08:00:00+00:00	[0.25,0.50)
ETH/USDT	2026-03-09 03:00:00+00:00	B	0.725	0.04542178083014637	2026-03-09 00:00:00+00:00	[0.50,0.75)
ADA/USDT	2026-03-09 05:30:00+00:00	B	0.7947916666666667	0.04344453064390996	2026-03-09 04:00:00+00:00	[0.75,1.00]
ADA/USDT	2026-03-09 19:15:00+00:00	A	0.5149305555555556	0.07339449541284401	2026-03-09 16:00:00+00:00	[0.50,0.75)
BTC/USDT	2026-03-10 02:30:00+00:00	B	0.7868055555555555	0.03570725156096753	2026-03-10 00:00:00+00:00	[0.75,1.00]
DOGE/USDT	2026-03-10 08:00:00+00:00	A	0.3625	0.09716991283761968	2026-03-10 08:00:00+00:00	[0.25,0.50)
DOGE/USDT	2026-03-10 13:00:00+00:00	B	0.7381944444444445	0.09375973419167268	2026-03-10 12:00:00+00:00	[0.50,0.75)
AVAX/USDT	2026-03-12 23:00:00+00:00	B	0.48368055555555556	0.06577595066803688	2026-03-12 20:00:00+00:00	[0.25,0.50)
BTC/USDT	2026-03-13 00:00:00+00:00	A	0.41944444444444445	0.047170795592375456	2026-03-13 00:00:00+00:00	[0.25,0.50)
ADA/USDT	2026-03-13 05:30:00+00:00	B	0.465625	0.06756265891754452	2026-03-13 04:00:00+00:00	[0.25,0.50)
BTC/USDT	2026-03-13 08:30:00+00:00	A	0.17118055555555556	0.050000556065282135	2026-03-13 08:00:00+00:00	[0.10,0.25)
AVAX/USDT	2026-03-13 13:15:00+00:00	B	0.8524305555555556	0.07563850687622786	2026-03-13 12:00:00+00:00	[0.75,1.00]
XRP/USDT	2026-03-14 23:00:00+00:00	A	0.12916666666666668	0.045768874313823364	2026-03-14 20:00:00+00:00	[0.10,0.25)
ETH/USDT	2026-03-15 09:00:00+00:00	A	0.103125	0.09544187099848547	2026-03-15 08:00:00+00:00	[0.10,0.25)
XRP/USDT	2026-03-15 12:45:00+00:00	A	0.12534722222222222	0.05619161340169985	2026-03-15 12:00:00+00:00	[0.10,0.25)
ETH/USDT	2026-03-15 17:45:00+00:00	A	0.10104166666666667	0.10833961066340711	2026-03-15 16:00:00+00:00	[0.10,0.25)
BNB/USDT	2026-03-15 20:30:00+00:00	A	0.16354166666666667	0.03778951645672493	2026-03-15 20:00:00+00:00	[0.10,0.25)
ADA/USDT	2026-03-16 03:15:00+00:00	B	0.35	0.07467057101024901	2026-03-16 00:00:00+00:00	[0.25,0.50)
DOGE/USDT	2026-03-16 14:45:00+00:00	B	0.7072916666666667	0.06001551289509406	2026-03-16 12:00:00+00:00	[0.50,0.75)
XRP/USDT	2026-03-16 18:15:00+00:00	B	0.884375	0.07324035030814141	2026-03-16 16:00:00+00:00	[0.75,1.00]
XRP/USDT	2026-03-17 01:00:00+00:00	B	0.7295138888888889	0.07214979550102249	2026-03-17 00:00:00+00:00	[0.50,0.75)
XRP/USDT	2026-03-17 16:15:00+00:00	A	0.24965277777777778	0.06813403416557169	2026-03-17 16:00:00+00:00	[0.10,0.25)
ADA/USDT	2026-03-18 05:00:00+00:00	B	0.5878472222222222	0.08460754332313958	2026-03-18 04:00:00+00:00	[0.50,0.75)
SOL/USDT	2026-03-20 08:00:00+00:00	A	0.32222222222222224	0.02971175166297125	2026-03-20 08:00:00+00:00	[0.25,0.50)
LTC/USDT	2026-03-20 21:15:00+00:00	A	0.290625	0.018554861730597793	2026-03-20 20:00:00+00:00	[0.25,0.50)
DOGE/USDT	2026-03-21 15:45:00+00:00	A	0.11076388888888888	0.0493448858833475	2026-03-21 12:00:00+00:00	[0.10,0.25)
BTC/USDT	2026-03-23 11:00:00+00:00	B	0.9319444444444445	0.03022896275485262	2026-03-23 08:00:00+00:00	[0.75,1.00]
LTC/USDT	2026-03-24 20:15:00+00:00	A	0.2934027777777778	0.017112299465240656	2026-03-24 20:00:00+00:00	[0.25,0.50)
DOGE/USDT	2026-03-25 06:15:00+00:00	B	0.7697916666666667	0.05851555281798594	2026-03-25 04:00:00+00:00	[0.75,1.00]
BTC/USDT	2026-03-25 08:30:00+00:00	A	0.26666666666666666	0.03107361784664212	2026-03-25 08:00:00+00:00	[0.25,0.50)
BNB/USDT	2026-03-26 20:00:00+00:00	A	0.31875	0.04128440366972476	2026-03-26 20:00:00+00:00	[0.25,0.50)
ADA/USDT	2026-03-28 13:30:00+00:00	A	0.1763888888888889	0.051036682615630005	2026-03-28 12:00:00+00:00	[0.10,0.25)
XRP/USDT	2026-03-30 00:15:00+00:00	B	0.6104166666666667	0.037649700598802405	2026-03-30 00:00:00+00:00	[0.50,0.75)
ETH/USDT	2026-03-31 16:30:00+00:00	B	0.8006944444444445	0.036247660517168975	2026-03-31 16:00:00+00:00	[0.75,1.00]
XRP/USDT	2026-04-01 03:45:00+00:00	B	0.3770833333333333	0.045693939618722715	2026-04-01 00:00:00+00:00	[0.25,0.50)
AVAX/USDT	2026-04-01 05:15:00+00:00	B	0.6277777777777778	0.09040793825799341	2026-04-01 04:00:00+00:00	[0.50,0.75)
ETH/USDT	2026-04-01 17:00:00+00:00	B	0.571875	0.06893219669694088	2026-04-01 16:00:00+00:00	[0.50,0.75)
LTC/USDT	2026-04-02 14:30:00+00:00	B	0.559375	0.03196784073506895	2026-04-02 12:00:00+00:00	[0.50,0.75)
LINK/USDT	2026-04-04 15:00:00+00:00	A	0.0578125	0.03563218390804583	2026-04-04 12:00:00+00:00	[0.05,0.10)
DOGE/USDT	2026-04-04 17:15:00+00:00	B	0.6597222222222222	0.036904761904761864	2026-04-04 16:00:00+00:00	[0.50,0.75)
BTC/USDT	2026-04-05 15:15:00+00:00	A	0.37604166666666666	0.04607289571450326	2026-04-05 12:00:00+00:00	[0.25,0.50)
LINK/USDT	2026-04-05 22:45:00+00:00	A	0.4079861111111111	0.05281285878300813	2026-04-05 20:00:00+00:00	[0.25,0.50)
BNB/USDT	2026-04-06 00:00:00+00:00	B	0.9590277777777778	0.02322196493549448	2026-04-06 00:00:00+00:00	[0.75,1.00]
LINK/USDT	2026-04-07 08:30:00+00:00	A	0.28854166666666664	0.0962627406568516	2026-04-07 08:00:00+00:00	[0.25,0.50)
BNB/USDT	2026-04-07 16:30:00+00:00	B	0.7072916666666667	0.03959491989706985	2026-04-07 16:00:00+00:00	[0.50,0.75)
DOGE/USDT	2026-04-07 22:00:00+00:00	B	0.8100694444444444	0.03672770103865513	2026-04-07 20:00:00+00:00	[0.75,1.00]
DOGE/USDT	2026-04-09 15:30:00+00:00	A	0.5086805555555556	0.03306764325721675	2026-04-09 12:00:00+00:00	[0.50,0.75)
LINK/USDT	2026-04-09 22:15:00+00:00	B	0.5708333333333333	0.03296703296703285	2026-04-09 20:00:00+00:00	[0.50,0.75)
SOL/USDT	2026-04-10 12:30:00+00:00	B	0.4909722222222222	0.024723641982645886	2026-04-10 12:00:00+00:00	[0.25,0.50)
DOGE/USDT	2026-04-10 19:00:00+00:00	A	0.5326388888888889	0.03203781512605039	2026-04-10 16:00:00+00:00	[0.50,0.75)
LTC/USDT	2026-04-11 16:30:00+00:00	A	0.30416666666666664	0.04115825896922233	2026-04-11 16:00:00+00:00	[0.25,0.50)
AVAX/USDT	2026-04-13 06:15:00+00:00	B	0.5760416666666667	0.08069792802617233	2026-04-13 04:00:00+00:00	[0.50,0.75)
ADA/USDT	2026-04-13 12:45:00+00:00	A	0.2965277777777778	0.04809286898839137	2026-04-13 12:00:00+00:00	[0.25,0.50)
BTC/USDT	2026-04-13 19:15:00+00:00	B	0.6135416666666667	0.044033794353854135	2026-04-13 16:00:00+00:00	[0.50,0.75)
LINK/USDT	2026-04-13 22:00:00+00:00	B	0.8552083333333333	0.05592105263157893	2026-04-13 20:00:00+00:00	[0.75,1.00]
DOGE/USDT	2026-04-14 08:30:00+00:00	B	0.5600694444444444	0.05998304366256887	2026-04-14 08:00:00+00:00	[0.50,0.75)
SOL/USDT	2026-04-14 13:30:00+00:00	A	0.44722222222222224	0.057674632352941124	2026-04-14 12:00:00+00:00	[0.25,0.50)
LINK/USDT	2026-04-15 19:30:00+00:00	B	0.7086805555555555	0.055614973262032234	2026-04-15 16:00:00+00:00	[0.50,0.75)
DOGE/USDT	2026-04-16 03:45:00+00:00	B	0.9135416666666667	0.055555555555555476	2026-04-16 00:00:00+00:00	[0.75,1.00]
LINK/USDT	2026-04-16 13:00:00+00:00	B	0.6597222222222222	0.0648246546227419	2026-04-16 12:00:00+00:00	[0.50,0.75)
ADA/USDT	2026-04-16 18:30:00+00:00	B	0.9527777777777777	0.062087698874660514	2026-04-16 16:00:00+00:00	[0.75,1.00]
ETH/USDT	2026-04-17 12:45:00+00:00	B	0.6079861111111111	0.051210597098614155	2026-04-17 12:00:00+00:00	[0.50,0.75)
BTC/USDT	2026-04-19 13:15:00+00:00	B	0.7010416666666667	0.031967424915363626	2026-04-19 12:00:00+00:00	[0.50,0.75)
XRP/USDT	2026-04-20 07:15:00+00:00	B	0.7430555555555556	0.023497229431156685	2026-04-20 04:00:00+00:00	[0.50,0.75)
SOL/USDT	2026-04-20 15:15:00+00:00	A	0.32256944444444446	0.02204081632653062	2026-04-20 12:00:00+00:00	[0.25,0.50)
BTC/USDT	2026-04-20 18:00:00+00:00	B	0.7451388888888889	0.02458110915154128	2026-04-20 16:00:00+00:00	[0.50,0.75)
BNB/USDT	2026-04-21 10:30:00+00:00	B	0.7951388888888888	0.031195271453590266	2026-04-21 08:00:00+00:00	[0.75,1.00]
SOL/USDT	2026-04-21 14:30:00+00:00	B	0.47604166666666664	0.05786555786555776	2026-04-21 12:00:00+00:00	[0.25,0.50)
ADA/USDT	2026-04-22 02:15:00+00:00	B	0.7493055555555556	0.04572329523058731	2026-04-22 00:00:00+00:00	[0.50,0.75)
XRP/USDT	2026-04-22 05:15:00+00:00	B	0.8690972222222222	0.03508531487699576	2026-04-22 04:00:00+00:00	[0.75,1.00]
DOGE/USDT	2026-04-23 15:15:00+00:00	B	0.7013888888888888	0.03491118184618544	2026-04-23 12:00:00+00:00	[0.50,0.75)
LTC/USDT	2026-04-24 11:00:00+00:00	A	0.3267361111111111	0.012395962457942195	2026-04-24 08:00:00+00:00	[0.25,0.50)
SOL/USDT	2026-04-26 04:45:00+00:00	A	0.12465277777777778	0.025216888374783024	2026-04-26 04:00:00+00:00	[0.10,0.25)
ADA/USDT	2026-04-26 09:15:00+00:00	A	0.16006944444444443	0.03879651623119558	2026-04-26 08:00:00+00:00	[0.10,0.25)
ETH/USDT	2026-04-26 14:15:00+00:00	A	0.19756944444444444	0.04292358690888042	2026-04-26 12:00:00+00:00	[0.10,0.25)
AVAX/USDT	2026-04-26 18:30:00+00:00	A	0.3284722222222222	0.05147058823529414	2026-04-26 16:00:00+00:00	[0.25,0.50)
BTC/USDT	2026-04-26 21:45:00+00:00	A	0.21493055555555557	0.03858862464343064	2026-04-26 20:00:00+00:00	[0.10,0.25)
XRP/USDT	2026-04-27 00:45:00+00:00	A	0.37083333333333335	0.043771277704439775	2026-04-27 00:00:00+00:00	[0.25,0.50)
LINK/USDT	2026-04-27 14:30:00+00:00	A	0.1423611111111111	0.023504273504273383	2026-04-27 12:00:00+00:00	[0.10,0.25)
DOGE/USDT	2026-04-28 04:00:00+00:00	A	0.4232638888888889	0.03547516738283213	2026-04-28 04:00:00+00:00	[0.25,0.50)
LTC/USDT	2026-04-28 19:45:00+00:00	B	0.4618055555555556	0.0606060606060606	2026-04-28 16:00:00+00:00	[0.25,0.50)
XRP/USDT	2026-04-29 04:30:00+00:00	B	0.6413194444444444	0.04363089267803407	2026-04-29 04:00:00+00:00	[0.50,0.75)
LTC/USDT	2026-04-29 09:15:00+00:00	A	0.04583333333333333	0.059871703492516026	2026-04-29 08:00:00+00:00	[0.00,0.05)
BTC/USDT	2026-04-30 12:15:00+00:00	A	0.11006944444444444	0.022341832513079224	2026-04-30 12:00:00+00:00	[0.10,0.25)
ETH/USDT	2026-05-01 03:15:00+00:00	A	0.49375	0.023278612473905134	2026-05-01 00:00:00+00:00	[0.25,0.50)
ETH/USDT	2026-05-01 12:15:00+00:00	A	0.3815972222222222	0.020088598093535717	2026-05-01 12:00:00+00:00	[0.25,0.50)
LTC/USDT	2026-05-01 18:15:00+00:00	B	0.47291666666666665	0.01610017889087654	2026-05-01 16:00:00+00:00	[0.25,0.50)
LINK/USDT	2026-05-02 14:45:00+00:00	A	0.18125	0.01971522453450161	2026-05-02 12:00:00+00:00	[0.10,0.25)
AVAX/USDT	2026-05-02 21:30:00+00:00	A	0.15069444444444444	0.028230184581976087	2026-05-02 20:00:00+00:00	[0.10,0.25)
ETH/USDT	2026-05-03 22:00:00+00:00	A	0.35555555555555557	0.03820009370075389	2026-05-03 20:00:00+00:00	[0.25,0.50)
XRP/USDT	2026-05-04 01:45:00+00:00	B	0.7815972222222223	0.025126343511993814	2026-05-04 00:00:00+00:00	[0.75,1.00]
BNB/USDT	2026-05-04 04:00:00+00:00	B	0.9868055555555556	0.02989630701933819	2026-05-04 04:00:00+00:00	[0.75,1.00]
LINK/USDT	2026-05-04 08:45:00+00:00	B	0.5402777777777777	0.03936170212765968	2026-05-04 08:00:00+00:00	[0.50,0.75)
ETH/USDT	2026-05-04 14:45:00+00:00	B	0.6850694444444444	0.02677332703604206	2026-05-04 12:00:00+00:00	[0.50,0.75)
LINK/USDT	2026-05-05 10:15:00+00:00	B	0.6878472222222223	0.05900621118012407	2026-05-05 08:00:00+00:00	[0.50,0.75)
BNB/USDT	2026-05-05 13:00:00+00:00	B	0.6020833333333333	0.05757929988626319	2026-05-05 12:00:00+00:00	[0.50,0.75)
XRP/USDT	2026-05-06 07:15:00+00:00	B	0.584375	0.03758820652553627	2026-05-06 04:00:00+00:00	[0.50,0.75)
BTC/USDT	2026-05-06 08:30:00+00:00	A	0.2635416666666667	0.02600868714703956	2026-05-06 08:00:00+00:00	[0.25,0.50)
BNB/USDT	2026-05-06 12:15:00+00:00	B	0.9770833333333333	0.03443341654996043	2026-05-06 12:00:00+00:00	[0.75,1.00]
LINK/USDT	2026-05-08 14:30:00+00:00	B	0.571875	0.06487025948103778	2026-05-08 12:00:00+00:00	[0.50,0.75)
SOL/USDT	2026-05-08 17:15:00+00:00	B	0.9149305555555556	0.04262621789193987	2026-05-08 16:00:00+00:00	[0.75,1.00]
ADA/USDT	2026-05-08 21:30:00+00:00	B	0.8076388888888889	0.0324675324675325	2026-05-08 20:00:00+00:00	[0.75,1.00]
ETH/USDT	2026-05-09 17:00:00+00:00	B	0.41423611111111114	0.015735968725459515	2026-05-09 16:00:00+00:00	[0.25,0.50)
AVAX/USDT	2026-05-10 08:00:00+00:00	A	0.3871527777777778	0.05494505494505502	2026-05-10 08:00:00+00:00	[0.25,0.50)
XRP/USDT	2026-05-10 15:30:00+00:00	B	0.8059027777777777	0.049272349272349227	2026-05-10 12:00:00+00:00	[0.75,1.00]
SOL/USDT	2026-05-10 17:00:00+00:00	B	0.871875	0.04799411888258762	2026-05-10 16:00:00+00:00	[0.75,1.00]
BTC/USDT	2026-05-10 22:30:00+00:00	B	0.8284722222222223	0.02462330200757433	2026-05-10 20:00:00+00:00	[0.75,1.00]
BNB/USDT	2026-05-11 22:45:00+00:00	A	0.671875	0.03359400650687997	2026-05-11 20:00:00+00:00	[0.50,0.75)
BNB/USDT	2026-05-13 01:00:00+00:00	B	0.7534722222222222	0.032481876269402354	2026-05-13 00:00:00+00:00	[0.75,1.00]
DOGE/USDT	2026-05-13 04:30:00+00:00	B	0.7659722222222223	0.05170419151018951	2026-05-13 04:00:00+00:00	[0.75,1.00]
BNB/USDT	2026-05-14 12:45:00+00:00	B	0.6041666666666666	0.023870254330998975	2026-05-14 12:00:00+00:00	[0.50,0.75)
LTC/USDT	2026-05-14 18:00:00+00:00	B	0.9208333333333333	0.05392990813201772	2026-05-14 16:00:00+00:00	[0.75,1.00]
BNB/USDT	2026-05-15 07:15:00+00:00	B	0.8225694444444445	0.04916529611247758	2026-05-15 04:00:00+00:00	[0.75,1.00]
ETH/USDT	2026-05-20 05:00:00+00:00	B	0.3815972222222222	0.02053582355100778	2026-05-20 04:00:00+00:00	[0.25,0.50)
SOL/USDT	2026-05-20 14:30:00+00:00	B	0.47638888888888886	0.02278836040668462	2026-05-20 12:00:00+00:00	[0.25,0.50)
BTC/USDT	2026-05-21 17:00:00+00:00	B	0.5034722222222222	0.019715647049974624	2026-05-21 16:00:00+00:00	[0.50,0.75)
LINK/USDT	2026-05-23 20:30:00+00:00	B	0.9138888888888889	0.04557224236147087	2026-05-23 20:00:00+00:00	[0.75,1.00]
BTC/USDT	2026-05-24 10:15:00+00:00	A	0.37777777777777777	0.020610693940963248	2026-05-24 08:00:00+00:00	[0.25,0.50)
ADA/USDT	2026-05-25 08:45:00+00:00	B	0.7645833333333333	0.03495934959349592	2026-05-25 08:00:00+00:00	[0.75,1.00]
BNB/USDT	2026-05-25 12:00:00+00:00	A	0.29444444444444445	0.026628818599621545	2026-05-25 12:00:00+00:00	[0.25,0.50)
SOL/USDT	2026-05-26 10:15:00+00:00	A	0.5635416666666667	0.03822326125073052	2026-05-26 08:00:00+00:00	[0.50,0.75)
BTC/USDT	2026-05-26 14:15:00+00:00	B	0.8597222222222223	0.04153189393317455	2026-05-26 12:00:00+00:00	[0.75,1.00]
LTC/USDT	2026-05-28 15:30:00+00:00	B	0.7145833333333333	0.02278481012658231	2026-05-28 12:00:00+00:00	[0.50,0.75)
ETH/USDT	2026-05-29 15:00:00+00:00	B	0.7715277777777778	0.022075022401766356	2026-05-29 12:00:00+00:00	[0.75,1.00]
BNB/USDT	2026-05-29 16:30:00+00:00	B	0.846875	0.1091516469857054	2026-05-29 16:00:00+00:00	[0.75,1.00]
AVAX/USDT	2026-05-31 05:30:00+00:00	A	0.21631944444444445	0.030266210096100643	2026-05-31 04:00:00+00:00	[0.10,0.25)
DOGE/USDT	2026-06-01 03:00:00+00:00	B	0.4486111111111111	0.037311222978975475	2026-06-01 00:00:00+00:00	[0.25,0.50)
BNB/USDT	2026-06-01 09:30:00+00:00	B	0.9868055555555556	0.07734544846423994	2026-06-01 08:00:00+00:00	[0.75,1.00]
BNB/USDT	2026-06-07 01:00:00+00:00	B	0.43194444444444446	0.057989557038625066	2026-06-07 00:00:00+00:00	[0.25,0.50)
BNB/USDT	2026-06-07 05:15:00+00:00	B	0.6989583333333333	0.045591199480714606	2026-06-07 04:00:00+00:00	[0.50,0.75)
AVAX/USDT	2026-06-07 08:45:00+00:00	B	0.6545138888888888	0.06633692173407048	2026-06-07 08:00:00+00:00	[0.50,0.75)
AVAX/USDT	2026-06-07 22:00:00+00:00	B	0.9506944444444444	0.06188262638001164	2026-06-07 20:00:00+00:00	[0.75,1.00]
XRP/USDT	2026-06-09 04:30:00+00:00	B	0.6708333333333333	0.05402859833889902	2026-06-09 04:00:00+00:00	[0.50,0.75)
AVAX/USDT	2026-06-10 12:30:00+00:00	B	0.5565972222222222	0.055377574370709316	2026-06-10 12:00:00+00:00	[0.50,0.75)
ADA/USDT	2026-06-11 03:45:00+00:00	B	0.81875	0.04744744744744739	2026-06-11 00:00:00+00:00	[0.75,1.00]
BNB/USDT	2026-06-11 08:00:00+00:00	B	0.42604166666666665	0.018794491384472204	2026-06-11 08:00:00+00:00	[0.25,0.50)
BTC/USDT	2026-06-11 17:30:00+00:00	B	0.5802083333333333	0.0247052082209955	2026-06-11 16:00:00+00:00	[0.50,0.75)
BTC/USDT	2026-06-12 15:00:00+00:00	B	0.7385416666666667	0.015448331572733523	2026-06-12 12:00:00+00:00	[0.50,0.75)
ETH/USDT	2026-06-13 21:30:00+00:00	A	0.18993055555555555	0.041492620439988845	2026-06-13 20:00:00+00:00	[0.10,0.25)
XRP/USDT	2026-06-14 21:15:00+00:00	A	0.621875	0.11904556064666737	2026-06-14 20:00:00+00:00	[0.50,0.75)
LTC/USDT	2026-06-15 10:15:00+00:00	B	0.6635416666666667	0.02383555652744361	2026-06-15 08:00:00+00:00	[0.50,0.75)
ETH/USDT	2026-06-15 13:00:00+00:00	B	0.9756944444444444	0.05102365013628229	2026-06-15 12:00:00+00:00	[0.75,1.00]
XRP/USDT	2026-06-15 16:15:00+00:00	B	0.978125	0.0684304445651331	2026-06-15 16:00:00+00:00	[0.75,1.00]
BNB/USDT	2026-06-16 07:15:00+00:00	A	0.2611111111111111	0.029437495949711553	2026-06-16 04:00:00+00:00	[0.25,0.50)
BTC/USDT	2026-06-17 15:45:00+00:00	B	0.7642361111111111	0.06314895364399549	2026-06-17 12:00:00+00:00	[0.75,1.00]
BTC/USDT	2026-06-19 23:45:00+00:00	B	0.38819444444444445	0.018944222979039232	2026-06-19 20:00:00+00:00	[0.25,0.50)
ETH/USDT	2026-06-20 05:00:00+00:00	A	0.4322916666666667	0.023957911776608692	2026-06-20 04:00:00+00:00	[0.25,0.50)
BTC/USDT	2026-06-20 14:45:00+00:00	B	0.46597222222222223	0.013413468981186848	2026-06-20 12:00:00+00:00	[0.25,0.50)
XRP/USDT	2026-06-20 22:00:00+00:00	A	0.21840277777777778	0.02862595419847321	2026-06-20 20:00:00+00:00	[0.10,0.25)
LTC/USDT	2026-06-21 10:15:00+00:00	B	0.5392361111111111	0.03737284387439181	2026-06-21 08:00:00+00:00	[0.50,0.75)
DOGE/USDT	2026-06-21 17:00:00+00:00	A	0.06979166666666667	0.03524913370773084	2026-06-21 16:00:00+00:00	[0.05,0.10)
ADA/USDT	2026-06-22 01:15:00+00:00	B	0.7114583333333333	0.037700865265760164	2026-06-22 00:00:00+00:00	[0.50,0.75)
ETH/USDT	2026-06-22 11:30:00+00:00	B	0.40208333333333335	0.08178921346275968	2026-06-22 08:00:00+00:00	[0.25,0.50)
BTC/USDT	2026-06-22 13:30:00+00:00	B	0.8972222222222223	0.05633435254548237	2026-06-22 12:00:00+00:00	[0.75,1.00]
AVAX/USDT	2026-06-23 14:00:00+00:00	B	0.6805555555555556	0.04278996865203757	2026-06-23 12:00:00+00:00	[0.50,0.75)
BNB/USDT	2026-06-24 11:45:00+00:00	A	0.21979166666666666	0.058176236223460256	2026-06-24 08:00:00+00:00	[0.10,0.25)
AVAX/USDT	2026-06-26 22:30:00+00:00	B	0.6423611111111112	0.05207535610353804	2026-06-26 20:00:00+00:00	[0.50,0.75)
LTC/USDT	2026-06-27 07:15:00+00:00	A	0.07777777777777778	0.03345900094250694	2026-06-27 04:00:00+00:00	[0.05,0.10)
ETH/USDT	2026-06-27 15:00:00+00:00	B	0.528125	0.030249663961766253	2026-06-27 12:00:00+00:00	[0.50,0.75)
BTC/USDT	2026-06-28 08:30:00+00:00	B	0.40729166666666666	0.026170474423079626	2026-06-28 08:00:00+00:00	[0.25,0.50)
BTC/USDT	2026-06-29 03:00:00+00:00	B	0.6826388888888889	0.029491009805893663	2026-06-29 00:00:00+00:00	[0.50,0.75)
BNB/USDT	2026-06-29 12:00:00+00:00	A	0.3177083333333333	0.030470963807884086	2026-06-29 12:00:00+00:00	[0.25,0.50)
ETH/USDT	2026-06-29 17:00:00+00:00	B	0.7996527777777778	0.05405739809332905	2026-06-29 16:00:00+00:00	[0.75,1.00]
